{
"name": "big_boss_body2_0",
"flags": {
	"0": { "outline": [[-0.0500074,1.92716],[0.0481484,1.92716],[0.0385201,2.01746],[-0.040379,2.01746]] },
	"1": { "outline": [[-0.0682628,1.54987],[0.0682628,1.54987],[0.0682628,1.68639],[-0.0682628,1.68639]] },
	"2": { "outline": [[-0.0698652,1.26959],[0.0698652,1.26959],[0.0698652,1.40932],[-0.0698652,1.40932]] },
	"3": { "outline": [[-0.065162,-2.87836],[0.065162,-2.87836],[0.065162,-2.76481],[-0.065162,-2.76481]] }
},
"outline": [[0.992581,2.51745],[0.875806,2.98137],[0.759032,2.70741],[0.642258,2.31654],[0.525484,2.55237],[0.40871,3.19056],[0.291936,2.99378],[0.175161,2.90632],[0.0583871,2.48433],[-0.0583871,2.48064],[-0.175161,2.82258],[-0.291936,2.92243],[-0.40871,2.73049],[-0.525484,2.93929],[-0.642258,2.71736],[-0.759032,3.08507],[-0.875806,3.16443],[-0.992581,2.93177],[-1.10935,2.87794],[-1.22613,2.75302],[-1.3429,2.83113],[-1.45968,2.95838],[-1.57645,2.92681],[-1.69323,2.82301],[-1.74421,2.81814],[-1.74836,2.73914],[-2.01799,2.40329],[-2.01038,2.33871],[-2.00995,2.17742],[-1.97397,2.01613],[-2.22342,1.85484],[-1.96658,1.69355],[-1.58306,1.53226],[-1.95431,1.37097],[-2.07553,1.20968],[-2.00335,1.04839],[-1.82434,0.887097],[-2.3575,0.725806],[-2.14128,0.564516],[-1.69932,0.403226],[-1.82106,0.241935],[-1.83593,0.0806451],[-2.11413,-0.0806453],[-1.91728,-0.241935],[-1.58989,-0.403226],[-2.08669,-0.564516],[-2.04731,-0.725806],[-2.34463,-0.887097],[-1.83848,-1.04839],[-1.84546,-1.20968],[-2.00034,-1.37097],[-1.60965,-1.53226],[-1.7789,-1.69355],[-1.97121,-1.85484],[-1.79465,-2.01613],[-1.83545,-2.17742],[-2.01908,-2.33871],[-2,-2.5],[-2.09061,-2.5],[-1.9942,-2.96132],[-2.11436,-2.99929],[-2.07414,-3.17343],[-2.01064,-3.13272],[-1.83581,-3.58184],[-1.66097,-2.96847],[-1.48613,-2.82729],[-1.31129,-3.59413],[-1.13645,-3.18771],[-0.961613,-2.84128],[-0.786774,-3.21269],[-0.611935,-3.31368],[-0.437097,-3.17354],[-0.262258,-3.32179],[-0.0874194,-3.60261],[0.0874194,-3.5174],[0.262258,-3.4182],[0.437097,-3.26302],[0.611935,-3.16536],[0.786774,-3.10935],[0.961613,-2.81561],[1.13645,-3.24644],[1.31129,-3.1134],[1.48613,-3.22983],[1.66097,-3.22835],[1.83581,-3.26215],[2.01064,-3.12383],[2.05394,-3.26094],[2.11436,-2.99929],[1.9942,-2.96132],[2.09061,-2.5],[2,-2.5],[1.96535,-2.33871],[1.98935,-2.17742],[2.10274,-2.01613],[2.20581,-1.85484],[1.9324,-1.69355],[1.99291,-1.53226],[1.98594,-1.37097],[2.12724,-1.20968],[2.1606,-1.04839],[1.8684,-0.887097],[1.74443,-0.725806],[1.79455,-0.564516],[1.87159,-0.403226],[1.82637,-0.241935],[2.2725,-0.0806453],[2.24676,0.0806451],[1.99747,0.241935],[1.97035,0.403226],[2.26809,0.564516],[1.95953,0.725806],[1.71228,0.887097],[1.56345,1.04839],[2.01787,1.20968],[2.12544,1.37097],[2.21835,1.53226],[2.18659,1.69355],[2.35148,1.85484],[2.13625,2.01613],[1.92086,2.17742],[1.99224,2.33871],[2.00976,2.41353],[1.74836,2.73914],[1.74715,2.76219],[1.69323,2.74574],[1.57645,2.8002],[1.45968,2.99538],[1.3429,3.15255],[1.22613,3.19371],[1.10935,3.03365]],
"inputs": [[-0.866025,1.99339,136.332],[-0.793353,2.06952,132.373],[-0.707107,2.13837,124.992],[-0.608761,2.19874,118.242],[-0.5,2.24961,112.006],[-0.382683,2.29011,106.169],[-0.258819,2.31954,100.623],[-0.130526,2.3374,95.2654],[4.37114e-08,2.34339,90],[0.130526,2.3374,84.7346],[0.258819,2.31954,79.3768],[0.382684,2.29011,73.8306],[0.5,2.24961,67.9942],[0.608761,2.19874,61.7584],[0.707107,2.13837,55.008],[0.793353,2.06952,47.6272],[0.866025,1.99339,43.6676]],
"outputs": [[0.866025,-2.80548,323.409],[0.793353,-2.90337,319.55],[0.707107,-2.99188,311.987],[0.608761,-3.0695,304.629],[0.5,-3.13491,297.457],[0.382683,-3.18698,290.445],[0.258819,-3.22482,283.558],[0.130526,-3.24778,276.757],[1.19249e-08,-3.25548,270],[-0.130526,-3.24778,263.243],[-0.258819,-3.22482,256.442],[-0.382684,-3.18698,249.555],[-0.5,-3.13491,242.543],[-0.608761,-3.0695,235.371],[-0.707107,-2.99188,228.013],[-0.793353,-2.90337,220.45],[-0.866025,-2.80548,216.591]],
"icon": [[-0.1,-0.148037],[0.1,0.0519627]]
}