{
"name": "big_boss_body1_0",
"flags": {
	"0": { "outline": [[-0.214601,5.67159],[0.212742,5.67159],[0.170823,5.76189],[-0.172681,5.76189]] },
	"1": { "outline": [[-0.479686,5.4594],[-0.346438,5.4594],[-0.346438,5.59265],[-0.479686,5.59265]] },
	"2": { "outline": [[0.33188,5.45756],[0.457496,5.45756],[0.457496,5.58318],[0.33188,5.58318]] },
	"3": { "outline": [[-0.21313,5.49108],[0.21313,5.49108],[0.21313,5.60464],[-0.21313,5.60464]] }
},
"outline": [[1.22696,5.29717],[1.12143,5.46462],[0.976449,5.52068],[0.942672,5.59855],[0.614219,5.73054],[0.541515,5.68885],[0.396538,5.74491],[0.237922,5.74491],[0.18378,5.80797],[-0.183781,5.80797],[-0.237923,5.74491],[-0.396538,5.74491],[-0.541516,5.68885],[-0.61422,5.73054],[-0.942673,5.59855],[-0.976449,5.52068],[-1.12143,5.46462],[-1.22696,5.29717],[-1.29971,5.29514],[-1.56887,4.86835],[-1.54355,4.79482],[-1.64908,4.62737],[-1.74421,2.81814],[-1.69323,2.82301],[-1.57645,2.92681],[-1.45968,2.95838],[-1.3429,2.83113],[-1.22613,2.75302],[-1.10935,2.87794],[-0.992581,2.93177],[-0.875806,3.16443],[-0.759032,3.08507],[-0.642258,2.71736],[-0.525484,2.93929],[-0.40871,2.73049],[-0.291936,2.92243],[-0.175161,2.82258],[-0.0583871,2.48064],[0.0583871,2.48433],[0.175161,2.90632],[0.291936,2.99378],[0.40871,3.19056],[0.525484,2.55237],[0.642258,2.31654],[0.759032,2.70741],[0.875806,2.98137],[0.992581,2.51745],[1.10935,3.03365],[1.22613,3.19371],[1.3429,3.15255],[1.45968,2.99538],[1.57645,2.8002],[1.69323,2.74574],[1.74715,2.76219],[1.64908,4.62737],[1.54355,4.79482],[1.56887,4.86835],[1.29971,5.29514]],
"inputs": [[-0.866025,5.42225,136.332],[-0.793353,5.49838,132.373],[-0.707107,5.56722,124.992],[-0.608761,5.62759,118.242],[-0.5,5.67846,112.006],[-0.382683,5.71896,106.169],[-0.258819,5.74839,100.623],[-0.130526,5.76626,95.2653],[4.37114e-08,5.77225,90],[0.130526,5.76626,84.7347],[0.258819,5.74839,79.3768],[0.382684,5.71896,73.8306],[0.5,5.67846,67.9942],[0.608761,5.62759,61.7584],[0.707107,5.56722,55.0079],[0.793353,5.49838,47.6271],[0.866025,5.42225,43.6677]],
"outputs": [[0.866025,3.22959,323.409],[0.793353,3.13171,319.55],[0.707107,3.0432,311.987],[0.608761,2.96558,304.629],[0.5,2.90017,297.457],[0.382683,2.8481,290.445],[0.258819,2.81026,283.558],[0.130526,2.78729,276.757],[1.19249e-08,2.77959,270],[-0.130526,2.78729,263.243],[-0.258819,2.81026,256.442],[-0.382684,2.8481,249.555],[-0.5,2.90017,242.543],[-0.608761,2.96558,235.371],[-0.707107,3.0432,228.013],[-0.793353,3.13171,220.45],[-0.866025,3.22959,216.591]],
"icon": [[-0.1,4.23459],[0.1,4.43459]]
}