{
"name": "big_boss_assfirehig_5_0",
"flags": {
	"0": { "outline": [[-0.0500074,-8.18238],[0.0481484,-8.18238],[0.0385201,-8.09207],[-0.040379,-8.09207]] },
	"1": { "outline": [[-0.0682628,-8.79202],[0.0682628,-8.79202],[0.0682628,-8.65549],[-0.0682628,-8.65549]] },
	"2": { "outline": [[-0.0698652,-9.80426],[0.0698652,-9.80426],[0.0698652,-9.66453],[-0.0698652,-9.66453]] },
	"3": { "outline": [[-0.065162,-10.6067],[0.065162,-10.6067],[0.065162,-10.4931],[-0.065162,-10.4931]] }
},
"outline": [[0.220258,-15.1607],[0.330387,-16.8426],[0.440516,-14.9243],[0.550646,-19.3165],[0.660775,-14.1623],[0.770904,-14.4362],[0.881033,-13.1212],[0.991162,-16.1507],[1.10129,-15.7011],[1.21142,-14.486],[1.32155,-10.4399],[1.43168,-12.8191],[1.54181,-9.83641],[1.65194,-8.93954],[1.76207,-8.06975],[1.76207,-7.78487],[1.65194,-8.21977],[1.54181,-8.66821],[1.43168,-10.1596],[1.32155,-8.96993],[1.21142,-10.993],[1.10129,-11.6006],[0.991162,-11.8253],[0.881033,-10.3106],[0.770904,-10.9681],[0.660775,-10.8312],[0.550646,-13.4082],[0.440516,-11.2122],[0.330387,-12.1713],[0.220258,-11.3303],[0.110129,-10.8011],[0,-11.3567],[-0.110129,-11.604],[-0.220258,-10.9745],[-0.330387,-11.5485],[-0.440516,-13.4508],[-0.550646,-13.0513],[-0.660775,-13.6905],[-0.770904,-10.6139],[-0.881033,-11.4763],[-0.991162,-11.858],[-1.10129,-9.09292],[-1.21142,-8.37538],[-1.32155,-11.3845],[-1.43168,-9.72251],[-1.54181,-8.12192],[-1.65194,-8.3712],[-1.76207,-7.78487],[-1.76207,-8.06975],[-1.65194,-9.24239],[-1.54181,-8.74384],[-1.43168,-11.945],[-1.32155,-15.2689],[-1.21142,-9.25075],[-1.10129,-10.6858],[-0.991162,-16.216],[-0.881033,-15.4526],[-0.770904,-13.7279],[-0.660775,-19.881],[-0.550646,-18.6026],[-0.440516,-19.4017],[-0.330387,-15.5971],[-0.220258,-14.449],[-0.110129,-15.708],[0,-15.2135],[0.110129,-14.1021]],
"inputs": [[-0.866025,-8.25614,136.332],[-0.793353,-8.18001,132.373],[-0.707107,-8.11117,124.992],[-0.608761,-8.05079,118.241],[-0.5,-7.99992,112.006],[-0.382683,-7.95943,106.169],[-0.258819,-7.92999,100.623],[-0.130526,-7.91213,95.2653],[4.37114e-08,-7.90614,90],[0.130526,-7.91213,84.7347],[0.258819,-7.92999,79.3768],[0.382684,-7.95943,73.8306],[0.5,-7.99992,67.9942],[0.608761,-8.05079,61.7585],[0.707107,-8.11117,55.008],[0.793353,-8.18001,47.6271],[0.866025,-8.25614,43.6677]],
"outputs": [[0.866025,-10.5274,323.409],[0.793353,-10.6253,319.55],[0.707107,-10.7138,311.987],[0.608761,-10.7915,304.629],[0.5,-10.8569,297.457],[0.382683,-10.9089,290.445],[0.258819,-10.9468,283.558],[0.130526,-10.9697,276.757],[1.19249e-08,-10.9774,270],[-0.130526,-10.9697,263.243],[-0.258819,-10.9468,256.442],[-0.382684,-10.9089,249.555],[-0.5,-10.8569,242.543],[-0.608761,-10.7915,235.371],[-0.707107,-10.7138,228.013],[-0.793353,-10.6253,220.45],[-0.866025,-10.5274,216.591]],
"icon": [[-0.1,-9.32879],[0.1,-9.12879]]
}