{
"name": "big_boss_assfiremed_1_0",
"flags": {
	"0": { "outline": [[-0.0500074,-8.18238],[0.0481484,-8.18238],[0.0385201,-8.09207],[-0.040379,-8.09207]] },
	"1": { "outline": [[-0.0682628,-8.79202],[0.0682628,-8.79202],[0.0682628,-8.65549],[-0.0682628,-8.65549]] },
	"2": { "outline": [[-0.0698652,-9.80426],[0.0698652,-9.80426],[0.0698652,-9.66453],[-0.0698652,-9.66453]] },
	"3": { "outline": [[-0.065162,-10.6067],[0.065162,-10.6067],[0.065162,-10.4931],[-0.065162,-10.4931]] }
},
"outline": [[1.21142,-9.52598],[1.10129,-8.96213],[0.991162,-9.64378],[0.881033,-9.17772],[0.770904,-9.90782],[0.660775,-10.0629],[0.550646,-10.6496],[0.440516,-10.2352],[0.330387,-10.686],[0.220258,-10.5072],[0.110129,-10.7798],[0,-9.97612],[-0.110129,-9.66848],[-0.220258,-9.32504],[-0.330387,-9.54308],[-0.440516,-10.4953],[-0.550646,-10.7558],[-0.660775,-10.5572],[-0.770904,-9.84832],[-0.881033,-9.93176],[-0.991162,-9.95047],[-1.10129,-9.32324],[-1.21142,-8.91499],[-1.32155,-7.70466],[-1.35025,-7.69582],[-1.43565,-7.68853],[-1.54181,-8.164],[-1.65194,-7.96471],[-1.75529,-7.66225],[-1.76207,-7.67115],[-1.76207,-7.78487],[-1.65194,-8.42942],[-1.54181,-8.828],[-1.43168,-7.84147],[-1.32155,-7.90932],[-1.21142,-10.33],[-1.10129,-11.1465],[-0.991162,-12.4009],[-0.881033,-12.3635],[-0.770904,-12.1966],[-0.660775,-13.6144],[-0.550646,-14.0115],[-0.440516,-13.4906],[-0.330387,-11.5862],[-0.220258,-11.1501],[-0.110129,-11.837],[0,-12.4522],[0.110129,-14.0596],[0.220258,-13.5144],[0.330387,-13.8719],[0.440516,-12.9704],[0.550646,-13.7993],[0.660775,-12.6257],[0.770904,-12.3156],[0.881033,-10.8554],[0.991162,-11.7876],[1.10129,-10.4243],[1.21142,-11.552],[1.32155,-9.20051],[1.43168,-7.96007],[1.54181,-8.05742],[1.65194,-8.18163],[1.76207,-7.78487],[1.76207,-7.64244],[1.65194,-7.84081],[1.54181,-7.77871],[1.43168,-7.73003],[1.32155,-8.35025]],
"inputs": [[-0.866025,-8.25614,136.332],[-0.793353,-8.18001,132.373],[-0.707107,-8.11117,124.992],[-0.608761,-8.05079,118.241],[-0.5,-7.99992,112.006],[-0.382683,-7.95943,106.169],[-0.258819,-7.92999,100.623],[-0.130526,-7.91213,95.2653],[4.37114e-08,-7.90614,90],[0.130526,-7.91213,84.7347],[0.258819,-7.92999,79.3768],[0.382684,-7.95943,73.8306],[0.5,-7.99992,67.9942],[0.608761,-8.05079,61.7585],[0.707107,-8.11117,55.008],[0.793353,-8.18001,47.6271],[0.866025,-8.25614,43.6677]],
"outputs": [[0.866025,-10.5274,323.409],[0.793353,-10.6253,319.55],[0.707107,-10.7138,311.987],[0.608761,-10.7915,304.629],[0.5,-10.8569,297.457],[0.382683,-10.9089,290.445],[0.258819,-10.9468,283.558],[0.130526,-10.9697,276.757],[1.19249e-08,-10.9774,270],[-0.130526,-10.9697,263.243],[-0.258819,-10.9468,256.442],[-0.382684,-10.9089,249.555],[-0.5,-10.8569,242.543],[-0.608761,-10.7915,235.371],[-0.707107,-10.7138,228.013],[-0.793353,-10.6253,220.45],[-0.866025,-10.5274,216.591]],
"icon": [[-0.1,-9.32879],[0.1,-9.12879]]
}