{
"name": "big_boss_assfiremed_5_0",
"flags": {
	"0": { "outline": [[-0.0500074,-8.18238],[0.0481484,-8.18238],[0.0385201,-8.09207],[-0.040379,-8.09207]] },
	"1": { "outline": [[-0.0682628,-8.79202],[0.0682628,-8.79202],[0.0682628,-8.65549],[-0.0682628,-8.65549]] },
	"2": { "outline": [[-0.0698652,-9.80426],[0.0698652,-9.80426],[0.0698652,-9.66453],[-0.0698652,-9.66453]] },
	"3": { "outline": [[-0.065162,-10.6067],[0.065162,-10.6067],[0.065162,-10.4931],[-0.065162,-10.4931]] }
},
"outline": [[0.220258,-11.3303],[0.330387,-12.1713],[0.440516,-11.2122],[0.550646,-13.4082],[0.660775,-10.8312],[0.770904,-10.9681],[0.881033,-10.3106],[0.991162,-11.8253],[1.10129,-11.6006],[1.21142,-10.993],[1.32155,-8.96993],[1.43168,-10.1596],[1.54181,-8.66821],[1.65194,-8.21977],[1.76207,-7.78487],[1.76207,-7.64244],[1.65194,-7.85989],[1.54181,-8.0841],[1.43168,-8.82979],[1.32155,-8.23497],[1.21142,-9.24649],[1.10129,-9.55028],[0.991162,-9.66267],[0.881033,-8.90529],[0.770904,-9.23404],[0.660775,-9.16558],[0.550646,-10.4541],[0.440516,-9.35608],[0.330387,-9.83566],[0.220258,-9.41517],[0.110129,-9.15053],[0,-9.42837],[-0.110129,-9.552],[-0.220258,-9.23724],[-0.330387,-9.52427],[-0.440516,-10.4754],[-0.550646,-10.2756],[-0.660775,-10.5952],[-0.770904,-9.05697],[-0.881033,-9.48815],[-0.991162,-9.67901],[-1.10129,-8.29646],[-1.21142,-7.93769],[-1.32155,-9.44223],[-1.43168,-8.61125],[-1.54181,-7.81096],[-1.65194,-7.9356],[-1.75484,-7.66166],[-1.76207,-7.67115],[-1.76207,-7.78487],[-1.65194,-8.3712],[-1.54181,-8.12192],[-1.43168,-9.72251],[-1.32155,-11.3845],[-1.21142,-8.37538],[-1.10129,-9.09292],[-0.991162,-11.858],[-0.881033,-11.4763],[-0.770904,-10.6139],[-0.660775,-13.6905],[-0.550646,-13.0513],[-0.440516,-13.4508],[-0.330387,-11.5485],[-0.220258,-10.9745],[-0.110129,-11.604],[0,-11.3567],[0.110129,-10.8011]],
"inputs": [[-0.866025,-8.25614,136.332],[-0.793353,-8.18001,132.373],[-0.707107,-8.11117,124.992],[-0.608761,-8.05079,118.241],[-0.5,-7.99992,112.006],[-0.382683,-7.95943,106.169],[-0.258819,-7.92999,100.623],[-0.130526,-7.91213,95.2653],[4.37114e-08,-7.90614,90],[0.130526,-7.91213,84.7347],[0.258819,-7.92999,79.3768],[0.382684,-7.95943,73.8306],[0.5,-7.99992,67.9942],[0.608761,-8.05079,61.7585],[0.707107,-8.11117,55.008],[0.793353,-8.18001,47.6271],[0.866025,-8.25614,43.6677]],
"outputs": [[0.866025,-10.5274,323.409],[0.793353,-10.6253,319.55],[0.707107,-10.7138,311.987],[0.608761,-10.7915,304.629],[0.5,-10.8569,297.457],[0.382683,-10.9089,290.445],[0.258819,-10.9468,283.558],[0.130526,-10.9697,276.757],[1.19249e-08,-10.9774,270],[-0.130526,-10.9697,263.243],[-0.258819,-10.9468,256.442],[-0.382684,-10.9089,249.555],[-0.5,-10.8569,242.543],[-0.608761,-10.7915,235.371],[-0.707107,-10.7138,228.013],[-0.793353,-10.6253,220.45],[-0.866025,-10.5274,216.591]],
"icon": [[-0.1,-9.32879],[0.1,-9.12879]]
}