{
"name": "big_boss_body3_0",
"flags": {
	"0": { "outline": [[-0.0500074,-4.39114],[0.0481484,-4.39114],[0.0385201,-4.30084],[-0.040379,-4.30084]] },
	"1": { "outline": [[-0.0682628,-5.11562],[0.0682628,-5.11562],[0.0682628,-4.97909],[-0.0682628,-4.97909]] },
	"2": { "outline": [[-0.0698652,-5.83553],[0.0698652,-5.83553],[0.0698652,-5.6958],[-0.0698652,-5.6958]] },
	"3": { "outline": [[-0.065162,-6.72619],[0.065162,-6.72619],[0.065162,-6.61264],[-0.065162,-6.61264]] }
},
"outline": [[-0.786774,-3.21269],[-0.961613,-2.84128],[-1.13645,-3.18771],[-1.31129,-3.59413],[-1.48613,-2.82729],[-1.66097,-2.96847],[-1.83581,-3.58184],[-2.01064,-3.13272],[-2.07414,-3.17343],[-2.02049,-3.40578],[-2.00943,-4.23182],[-2.17651,-4.23636],[-2.14694,-6.71318],[-1.97625,-6.70994],[-1.96519,-7.53597],[-1.89587,-7.72488],[-1.83581,-7.76799],[-1.66097,-7.28145],[-1.48613,-7.53719],[-1.31129,-7.61264],[-1.13645,-7.7598],[-0.961613,-8.12727],[-0.786774,-7.7836],[-0.611935,-7.74815],[-0.437097,-7.88382],[-0.262258,-7.29713],[-0.0874194,-7.71525],[0.0874194,-7.82925],[0.262258,-7.27379],[0.437097,-7.63628],[0.611935,-7.65362],[0.786774,-7.56166],[0.961613,-7.82714],[1.13645,-8.00355],[1.31129,-7.48882],[1.48613,-7.63145],[1.66097,-7.54572],[1.83581,-7.47528],[1.89543,-7.72607],[1.96519,-7.53597],[1.97625,-6.70994],[2.14694,-6.71318],[2.17651,-4.23636],[2.00943,-4.23182],[2.02049,-3.40578],[2.05394,-3.26094],[2.01064,-3.12383],[1.83581,-3.26215],[1.66097,-3.22835],[1.48613,-3.22983],[1.31129,-3.1134],[1.13645,-3.24644],[0.961613,-2.81561],[0.786774,-3.10935],[0.611935,-3.16536],[0.437097,-3.26302],[0.262258,-3.4182],[0.0874194,-3.5174],[-0.0874194,-3.60261],[-0.262258,-3.32179],[-0.437097,-3.17354],[-0.611935,-3.31368]],
"inputs": [[-0.866025,-4.04772,136.332],[-0.793353,-3.97158,132.373],[-0.707107,-3.90274,124.992],[-0.608761,-3.84237,118.242],[-0.5,-3.7915,112.006],[-0.382683,-3.751,106.169],[-0.258819,-3.72157,100.623],[-0.130526,-3.7037,95.2654],[4.37114e-08,-3.69772,90],[0.130526,-3.7037,84.7346],[0.258819,-3.72157,79.3768],[0.382684,-3.751,73.8306],[0.5,-3.7915,67.9942],[0.608761,-3.84237,61.7584],[0.707107,-3.90274,55.008],[0.793353,-3.97158,47.6271],[0.866025,-4.04772,43.6676]],
"outputs": [[0.866025,-6.68526,323.409],[0.793353,-6.78314,319.549],[0.707107,-6.87165,311.987],[0.608761,-6.94927,304.629],[0.5,-7.01468,297.457],[0.382683,-7.06675,290.445],[0.258819,-7.10459,283.558],[0.130526,-7.12755,276.757],[1.19249e-08,-7.13525,270],[-0.130526,-7.12755,263.243],[-0.258819,-7.10459,256.442],[-0.382684,-7.06675,249.555],[-0.5,-7.01468,242.543],[-0.608761,-6.94927,235.371],[-0.707107,-6.87165,228.013],[-0.793353,-6.78314,220.45],[-0.866025,-6.68525,216.591]],
"icon": [[-0.1,-5.50723],[0.1,-5.30723]]
}