{
"name": "big_boss_assfiremed_0_0",
"flags": {
	"0": { "outline": [[-0.0500074,-8.18238],[0.0481484,-8.18238],[0.0385201,-8.09207],[-0.040379,-8.09207]] },
	"1": { "outline": [[-0.0682628,-8.79202],[0.0682628,-8.79202],[0.0682628,-8.65549],[-0.0682628,-8.65549]] },
	"2": { "outline": [[-0.0698652,-9.80426],[0.0698652,-9.80426],[0.0698652,-9.66453],[-0.0698652,-9.66453]] },
	"3": { "outline": [[-0.065162,-10.6067],[0.065162,-10.6067],[0.065162,-10.4931],[-0.065162,-10.4931]] }
},
"outline": [[-0.550646,-11.2165],[-0.440516,-12.0059],[-0.330387,-11.1178],[-0.220258,-11.2563],[-0.110129,-11.574],[0,-11.7751],[0.110129,-11.6536],[0.220258,-12.0605],[0.330387,-10.949],[0.440516,-10.3173],[0.550646,-10.2958],[0.660775,-11.3415],[0.770904,-10.7179],[0.881033,-12.7029],[0.991162,-10.1981],[1.10129,-11.8416],[1.21142,-11.0492],[1.32155,-10.6133],[1.43168,-8.08381],[1.54181,-8.25734],[1.65194,-8.46541],[1.76207,-7.78487],[1.76207,-7.64244],[1.65194,-7.98271],[1.54181,-7.87867],[1.43168,-7.79191],[1.32155,-9.05666],[1.21142,-9.27459],[1.10129,-9.6708],[0.991162,-8.84905],[0.881033,-10.1015],[0.770904,-9.10895],[0.660775,-9.42075],[0.550646,-8.89788],[0.440516,-8.90866],[0.330387,-9.22449],[0.220258,-9.78024],[0.110129,-9.57679],[0,-9.63756],[-0.110129,-9.53699],[-0.220258,-9.37816],[-0.330387,-9.30888],[-0.440516,-9.75294],[-0.550646,-9.35824],[-0.660775,-8.76367],[-0.770904,-8.96669],[-0.881033,-9.6962],[-0.991162,-9.16021],[-1.10129,-8.51825],[-1.21142,-8.42787],[-1.32155,-9.82639],[-1.43168,-7.80988],[-1.54181,-8.18128],[-1.65194,-7.94139],[-1.75494,-7.66179],[-1.76207,-7.67115],[-1.76207,-7.78487],[-1.65194,-8.38277],[-1.54181,-8.86257],[-1.43168,-8.11976],[-1.32155,-12.1528],[-1.21142,-9.35575],[-1.10129,-9.53651],[-0.991162,-10.8204],[-0.881033,-11.8924],[-0.770904,-10.4334],[-0.660775,-10.0273]],
"inputs": [[-0.866025,-8.25614,136.332],[-0.793353,-8.18001,132.373],[-0.707107,-8.11117,124.992],[-0.608761,-8.05079,118.241],[-0.5,-7.99992,112.006],[-0.382683,-7.95943,106.169],[-0.258819,-7.92999,100.623],[-0.130526,-7.91213,95.2653],[4.37114e-08,-7.90614,90],[0.130526,-7.91213,84.7347],[0.258819,-7.92999,79.3768],[0.382684,-7.95943,73.8306],[0.5,-7.99992,67.9942],[0.608761,-8.05079,61.7585],[0.707107,-8.11117,55.008],[0.793353,-8.18001,47.6271],[0.866025,-8.25614,43.6677]],
"outputs": [[0.866025,-10.5274,323.409],[0.793353,-10.6253,319.55],[0.707107,-10.7138,311.987],[0.608761,-10.7915,304.629],[0.5,-10.8569,297.457],[0.382683,-10.9089,290.445],[0.258819,-10.9468,283.558],[0.130526,-10.9697,276.757],[1.19249e-08,-10.9774,270],[-0.130526,-10.9697,263.243],[-0.258819,-10.9468,256.442],[-0.382684,-10.9089,249.555],[-0.5,-10.8569,242.543],[-0.608761,-10.7915,235.371],[-0.707107,-10.7138,228.013],[-0.793353,-10.6253,220.45],[-0.866025,-10.5274,216.591]],
"icon": [[-0.1,-9.32879],[0.1,-9.12879]]
}