{
"name": "big_boss_assfiremed_3_0",
"flags": {
	"0": { "outline": [[-0.0500074,-8.18238],[0.0481484,-8.18238],[0.0385201,-8.09207],[-0.040379,-8.09207]] },
	"1": { "outline": [[-0.0682628,-8.79202],[0.0682628,-8.79202],[0.0682628,-8.65549],[-0.0682628,-8.65549]] },
	"2": { "outline": [[-0.0698652,-9.80426],[0.0698652,-9.80426],[0.0698652,-9.66453],[-0.0698652,-9.66453]] },
	"3": { "outline": [[-0.065162,-10.6067],[0.065162,-10.6067],[0.065162,-10.4931],[-0.065162,-10.4931]] }
},
"outline": [[-1.32155,-8.62202],[-1.21142,-9.0587],[-1.10129,-8.84199],[-0.991162,-9.80702],[-0.881033,-12.5528],[-0.770904,-10.6094],[-0.660775,-10.4121],[-0.550646,-11.1278],[-0.440516,-11.1742],[-0.330387,-11.8844],[-0.220258,-11.7141],[-0.110129,-14.0045],[0,-14.4046],[0.110129,-14.462],[0.220258,-14.1976],[0.330387,-13.6321],[0.440516,-10.9754],[0.550646,-10.4905],[0.660775,-10.6466],[0.770904,-10.7202],[0.881033,-12.1427],[0.991162,-9.42208],[1.10129,-10.4211],[1.21142,-10.8188],[1.32155,-8.97957],[1.43168,-7.93632],[1.54181,-8.9697],[1.65194,-8.39224],[1.76207,-7.78487],[1.76207,-7.64244],[1.65194,-7.94612],[1.54181,-8.23485],[1.43168,-7.71816],[1.32155,-8.23979],[1.21142,-9.15941],[1.10129,-8.96054],[0.991162,-8.46104],[0.881033,-9.82133],[0.770904,-9.1101],[0.660775,-9.07328],[0.550646,-8.99523],[0.440516,-9.23768],[0.330387,-10.5661],[0.220258,-10.8488],[0.110129,-10.981],[0,-10.9523],[-0.110129,-10.7522],[-0.220258,-9.60704],[-0.330387,-9.6922],[-0.440516,-9.33709],[-0.550646,-9.31392],[-0.660775,-8.95604],[-0.770904,-9.05472],[-0.881033,-10.0264],[-0.991162,-8.65351],[-1.10129,-8.17099],[-1.21142,-8.27935],[-1.32155,-8.06101],[-1.38942,-7.77946],[-1.44626,-7.65671],[-1.54181,-8.00085],[-1.65194,-7.97467],[-1.75544,-7.66244],[-1.76207,-7.67115],[-1.76207,-7.78487],[-1.65194,-8.44934],[-1.54181,-8.50171],[-1.43168,-7.70838]],
"inputs": [[-0.866025,-8.25614,136.332],[-0.793353,-8.18001,132.373],[-0.707107,-8.11117,124.992],[-0.608761,-8.05079,118.241],[-0.5,-7.99992,112.006],[-0.382683,-7.95943,106.169],[-0.258819,-7.92999,100.623],[-0.130526,-7.91213,95.2653],[4.37114e-08,-7.90614,90],[0.130526,-7.91213,84.7347],[0.258819,-7.92999,79.3768],[0.382684,-7.95943,73.8306],[0.5,-7.99992,67.9942],[0.608761,-8.05079,61.7585],[0.707107,-8.11117,55.008],[0.793353,-8.18001,47.6271],[0.866025,-8.25614,43.6677]],
"outputs": [[0.866025,-10.5274,323.409],[0.793353,-10.6253,319.55],[0.707107,-10.7138,311.987],[0.608761,-10.7915,304.629],[0.5,-10.8569,297.457],[0.382683,-10.9089,290.445],[0.258819,-10.9468,283.558],[0.130526,-10.9697,276.757],[1.19249e-08,-10.9774,270],[-0.130526,-10.9697,263.243],[-0.258819,-10.9468,256.442],[-0.382684,-10.9089,249.555],[-0.5,-10.8569,242.543],[-0.608761,-10.7915,235.371],[-0.707107,-10.7138,228.013],[-0.793353,-10.6253,220.45],[-0.866025,-10.5274,216.591]],
"icon": [[-0.1,-9.32879],[0.1,-9.12879]]
}