{
"name": "big_boss_wingl_0",
"flags": {
	"0": { "outline": [[-9.33205,1.97978],[-9.195,1.97978],[-9.23269,2.18476],[-9.29436,2.18476]] },
	"1": { "outline": [[-7.75584,1.56369],[-7.62259,1.56369],[-7.62259,1.69694],[-7.75584,1.69694]] },
	"2": { "outline": [[-4.09406,1.57179],[-3.96844,1.57179],[-3.96844,1.69741],[-4.09406,1.69741]] },
	"3": { "outline": [[-9.73304,-2.13583],[-9.66998,-2.13583],[-9.59164,-1.94589],[-9.77878,-1.82944]] }
},
"outline": [[-2.34175,-2],[-2.26272,-2.36199],[-2.12517,-2.33465],[-2.09061,-2.5],[-2,-2.5],[-2.01908,-2.33871],[-1.83545,-2.17742],[-1.79465,-2.01613],[-1.97121,-1.85484],[-1.7789,-1.69355],[-1.60965,-1.53226],[-2.00034,-1.37097],[-1.84546,-1.20968],[-1.83848,-1.04839],[-2.34463,-0.887097],[-2.04731,-0.725806],[-2.08669,-0.564516],[-1.58989,-0.403226],[-1.91728,-0.241935],[-2.11413,-0.0806453],[-1.83593,0.0806451],[-1.82106,0.241935],[-1.69932,0.403226],[-2.14128,0.564516],[-2.3575,0.725806],[-1.82434,0.887097],[-2.00335,1.04839],[-2.07553,1.20968],[-1.95431,1.37097],[-1.58306,1.53226],[-1.96658,1.69355],[-2.22342,1.85484],[-1.97397,2.01613],[-2.00995,2.17742],[-2.01038,2.33871],[-2.01799,2.40329],[-2.34175,2],[-9.238,2],[-9.57137,1.95237],[-9.8095,1.8095],[-9.95238,1.57137],[-10,1.238],[-10,-1.238],[-9.95237,-1.57137],[-9.8095,-1.8095],[-9.57137,-1.95237],[-9.238,-2],[-9.22949,-2.15161],[-8.57285,-2.15161],[-8.41401,-2],[-7.85875,-2],[-7.85024,-2.15161],[-7.1936,-2.15161],[-7.03476,-2],[-6.4795,-2],[-6.47099,-2.15161],[-5.81435,-2.15161],[-5.65551,-2],[-5.10025,-2],[-5.09174,-2.15161],[-4.4351,-2.15161],[-4.27626,-2],[-3.721,-2],[-3.71249,-2.15161],[-3.05585,-2.15161],[-2.89701,-2]],
"inputs": [[-6.86603,1.64178,136.332],[-6.79335,1.71791,132.373],[-6.70711,1.78675,124.992],[-6.60876,1.84712,118.242],[-6.5,1.89799,112.006],[-6.38268,1.93849,106.169],[-6.25882,1.96792,100.623],[-6.13053,1.98579,95.2654],[-6,1.99178,90],[-5.86947,1.98579,84.7347],[-5.74118,1.96792,79.3768],[-5.61732,1.93849,73.8305],[-5.5,1.89799,67.9941],[-5.39124,1.84712,61.7585],[-5.29289,1.78675,55.008],[-5.20665,1.71791,47.6272],[-5.13397,1.64178,43.6676]],
"outputs": [[-5.13397,-1.69629,323.409],[-5.20665,-1.79418,319.549],[-5.29289,-1.88269,311.987],[-5.39124,-1.96031,304.629],[-5.5,-2.02571,297.457],[-5.61732,-2.07778,290.445],[-5.74118,-2.11562,283.558],[-5.86947,-2.13859,276.757],[-6,-2.14629,270],[-6.13053,-2.13859,263.243],[-6.25882,-2.11562,256.442],[-6.38268,-2.07778,249.555],[-6.5,-2.02571,242.543],[-6.60876,-1.96031,235.371],[-6.70711,-1.88269,228.013],[-6.79335,-1.79417,220.45],[-6.86603,-1.69629,216.591]],
"icon": [[-6.18392,-0.0149734],[-5.98392,0.185027]]
}