{
"name": "big_boss_assfirehig_4_0",
"flags": {
	"0": { "outline": [[-0.0500074,-8.18238],[0.0481484,-8.18238],[0.0385201,-8.09207],[-0.040379,-8.09207]] },
	"1": { "outline": [[-0.0682628,-8.79202],[0.0682628,-8.79202],[0.0682628,-8.65549],[-0.0682628,-8.65549]] },
	"2": { "outline": [[-0.0698652,-9.80426],[0.0698652,-9.80426],[0.0698652,-9.66453],[-0.0698652,-9.66453]] },
	"3": { "outline": [[-0.065162,-10.6067],[0.065162,-10.6067],[0.065162,-10.4931],[-0.065162,-10.4931]] }
},
"outline": [[0.550646,-13.5751],[0.440516,-11.6029],[0.330387,-13.8688],[0.220258,-13.2566],[0.110129,-11.7614],[0,-12.3619],[-0.110129,-13.8802],[-0.220258,-13.7593],[-0.330387,-14.4929],[-0.440516,-11.3657],[-0.550646,-13.0027],[-0.660775,-10.2639],[-0.770904,-10.5375],[-0.881033,-13.0574],[-0.991162,-12.2231],[-1.10129,-11.6867],[-1.21142,-11.6333],[-1.32155,-10.6718],[-1.43168,-9.64766],[-1.54181,-8.1227],[-1.65194,-8.1899],[-1.76207,-7.78487],[-1.76207,-8.06975],[-1.65194,-8.87981],[-1.54181,-8.74541],[-1.43168,-11.7953],[-1.32155,-13.8435],[-1.21142,-15.7667],[-1.10129,-15.8735],[-0.991162,-16.9461],[-0.881033,-18.6148],[-0.770904,-13.575],[-0.660775,-13.0278],[-0.550646,-18.5055],[-0.440516,-15.2314],[-0.330387,-21.4859],[-0.220258,-20.0185],[-0.110129,-20.2604],[0,-17.2238],[0.110129,-16.0228],[0.220258,-19.0132],[0.330387,-20.2377],[0.440516,-15.7058],[0.550646,-19.6502],[0.660775,-17.8806],[0.770904,-19.2998],[0.881033,-13.2793],[0.991162,-13.0066],[1.10129,-15.8468],[1.21142,-11.0107],[1.32155,-11.0798],[1.43168,-9.84741],[1.54181,-9.31494],[1.65194,-8.85263],[1.76207,-8.06975],[1.76207,-7.78487],[1.65194,-8.17632],[1.54181,-8.40747],[1.43168,-8.6737],[1.32155,-9.2899],[1.21142,-9.25535],[1.10129,-11.6734],[0.991162,-10.2533],[0.881033,-10.3896],[0.770904,-13.3999],[0.660775,-12.6903]],
"inputs": [[-0.866025,-8.25614,136.332],[-0.793353,-8.18001,132.373],[-0.707107,-8.11117,124.992],[-0.608761,-8.05079,118.241],[-0.5,-7.99992,112.006],[-0.382683,-7.95943,106.169],[-0.258819,-7.92999,100.623],[-0.130526,-7.91213,95.2653],[4.37114e-08,-7.90614,90],[0.130526,-7.91213,84.7347],[0.258819,-7.92999,79.3768],[0.382684,-7.95943,73.8306],[0.5,-7.99992,67.9942],[0.608761,-8.05079,61.7585],[0.707107,-8.11117,55.008],[0.793353,-8.18001,47.6271],[0.866025,-8.25614,43.6677]],
"outputs": [[0.866025,-10.5274,323.409],[0.793353,-10.6253,319.55],[0.707107,-10.7138,311.987],[0.608761,-10.7915,304.629],[0.5,-10.8569,297.457],[0.382683,-10.9089,290.445],[0.258819,-10.9468,283.558],[0.130526,-10.9697,276.757],[1.19249e-08,-10.9774,270],[-0.130526,-10.9697,263.243],[-0.258819,-10.9468,256.442],[-0.382684,-10.9089,249.555],[-0.5,-10.8569,242.543],[-0.608761,-10.7915,235.371],[-0.707107,-10.7138,228.013],[-0.793353,-10.6253,220.45],[-0.866025,-10.5274,216.591]],
"icon": [[-0.1,-9.32879],[0.1,-9.12879]]
}