{
"name": "big_boss_assfirehig_2_0",
"flags": {
	"0": { "outline": [[-0.0500074,-8.18238],[0.0481484,-8.18238],[0.0385201,-8.09207],[-0.040379,-8.09207]] },
	"1": { "outline": [[-0.0682628,-8.79202],[0.0682628,-8.79202],[0.0682628,-8.65549],[-0.0682628,-8.65549]] },
	"2": { "outline": [[-0.0698652,-9.80426],[0.0698652,-9.80426],[0.0698652,-9.66453],[-0.0698652,-9.66453]] },
	"3": { "outline": [[-0.065162,-10.6067],[0.065162,-10.6067],[0.065162,-10.4931],[-0.065162,-10.4931]] }
},
"outline": [[-1.10129,-11.0382],[-1.21142,-9.36266],[-1.32155,-10.9838],[-1.43168,-8.23066],[-1.54181,-8.49295],[-1.65194,-8.35468],[-1.76207,-7.78487],[-1.76207,-8.06975],[-1.65194,-9.20937],[-1.54181,-9.4859],[-1.43168,-8.96132],[-1.32155,-14.4677],[-1.21142,-11.2253],[-1.10129,-14.5764],[-0.991162,-11.5608],[-0.881033,-16.9324],[-0.770904,-17.6756],[-0.660775,-12.8061],[-0.550646,-18.1635],[-0.440516,-18.4682],[-0.330387,-19.2041],[-0.220258,-20.9074],[-0.110129,-20.9889],[0,-21.555],[0.110129,-16.9112],[0.220258,-16.6614],[0.330387,-15.6692],[0.440516,-20.0935],[0.550646,-19.5094],[0.660775,-19.2061],[0.770904,-13.6924],[0.881033,-13.5763],[0.991162,-12.1691],[1.10129,-11.5038],[1.21142,-8.93524],[1.32155,-13.8821],[1.43168,-8.69926],[1.54181,-10.166],[1.65194,-9.53592],[1.76207,-8.06975],[1.76207,-7.78487],[1.65194,-8.51796],[1.54181,-8.833],[1.43168,-8.09963],[1.32155,-10.691],[1.21142,-8.21762],[1.10129,-9.5019],[0.991162,-9.83455],[0.881033,-10.5382],[0.770904,-10.5962],[0.660775,-13.3531],[0.550646,-13.5047],[0.440516,-13.7968],[0.330387,-11.5846],[0.220258,-12.0807],[0.110129,-12.2056],[0,-14.5275],[-0.110129,-14.2444],[-0.220258,-14.2037],[-0.330387,-13.3521],[-0.440516,-12.9841],[-0.550646,-12.8318],[-0.660775,-10.1531],[-0.770904,-12.5878],[-0.881033,-12.2162],[-0.991162,-9.53041]],
"inputs": [[-0.866025,-8.25614,136.332],[-0.793353,-8.18001,132.373],[-0.707107,-8.11117,124.992],[-0.608761,-8.05079,118.241],[-0.5,-7.99992,112.006],[-0.382683,-7.95943,106.169],[-0.258819,-7.92999,100.623],[-0.130526,-7.91213,95.2653],[4.37114e-08,-7.90614,90],[0.130526,-7.91213,84.7347],[0.258819,-7.92999,79.3768],[0.382684,-7.95943,73.8306],[0.5,-7.99992,67.9942],[0.608761,-8.05079,61.7585],[0.707107,-8.11117,55.008],[0.793353,-8.18001,47.6271],[0.866025,-8.25614,43.6677]],
"outputs": [[0.866025,-10.5274,323.409],[0.793353,-10.6253,319.55],[0.707107,-10.7138,311.987],[0.608761,-10.7915,304.629],[0.5,-10.8569,297.457],[0.382683,-10.9089,290.445],[0.258819,-10.9468,283.558],[0.130526,-10.9697,276.757],[1.19249e-08,-10.9774,270],[-0.130526,-10.9697,263.243],[-0.258819,-10.9468,256.442],[-0.382684,-10.9089,249.555],[-0.5,-10.8569,242.543],[-0.608761,-10.7915,235.371],[-0.707107,-10.7138,228.013],[-0.793353,-10.6253,220.45],[-0.866025,-10.5274,216.591]],
"icon": [[-0.1,-9.32879],[0.1,-9.12879]]
}