{
"name": "big_boss_assfirehig_0_0",
"flags": {
	"0": { "outline": [[-0.0500074,-8.18238],[0.0481484,-8.18238],[0.0385201,-8.09207],[-0.040379,-8.09207]] },
	"1": { "outline": [[-0.0682628,-8.79202],[0.0682628,-8.79202],[0.0682628,-8.65549],[-0.0682628,-8.65549]] },
	"2": { "outline": [[-0.0698652,-9.80426],[0.0698652,-9.80426],[0.0698652,-9.66453],[-0.0698652,-9.66453]] },
	"3": { "outline": [[-0.065162,-10.6067],[0.065162,-10.6067],[0.065162,-10.4931],[-0.065162,-10.4931]] }
},
"outline": [[-0.550646,-14.9329],[-0.440516,-16.5118],[-0.330387,-14.7355],[-0.220258,-15.0126],[-0.110129,-15.648],[0,-16.0502],[0.110129,-15.8072],[0.220258,-16.6209],[0.330387,-14.3979],[0.440516,-13.1346],[0.550646,-13.0915],[0.660775,-15.183],[0.770904,-13.9358],[0.881033,-17.9058],[0.991162,-12.8962],[1.10129,-16.1832],[1.21142,-14.5984],[1.32155,-13.7266],[1.43168,-8.66763],[1.54181,-9.01469],[1.65194,-9.43082],[1.76207,-8.06975],[1.76207,-7.78487],[1.65194,-8.46541],[1.54181,-8.25734],[1.43168,-8.08381],[1.32155,-10.6133],[1.21142,-11.0492],[1.10129,-11.8416],[0.991162,-10.1981],[0.881033,-12.7029],[0.770904,-10.7179],[0.660775,-11.3415],[0.550646,-10.2958],[0.440516,-10.3173],[0.330387,-10.949],[0.220258,-12.0605],[0.110129,-11.6536],[0,-11.7751],[-0.110129,-11.574],[-0.220258,-11.2563],[-0.330387,-11.1178],[-0.440516,-12.0059],[-0.550646,-11.2165],[-0.660775,-10.0273],[-0.770904,-10.4334],[-0.881033,-11.8924],[-0.991162,-10.8204],[-1.10129,-9.53651],[-1.21142,-9.35575],[-1.32155,-12.1528],[-1.43168,-8.11976],[-1.54181,-8.86257],[-1.65194,-8.38277],[-1.76207,-7.78487],[-1.76207,-8.06975],[-1.65194,-9.26554],[-1.54181,-10.2251],[-1.43168,-8.73952],[-1.32155,-16.8055],[-1.21142,-11.2115],[-1.10129,-11.573],[-0.991162,-14.1408],[-0.881033,-16.2848],[-0.770904,-13.3668],[-0.660775,-12.5547]],
"inputs": [[-0.866025,-8.25614,136.332],[-0.793353,-8.18001,132.373],[-0.707107,-8.11117,124.992],[-0.608761,-8.05079,118.241],[-0.5,-7.99992,112.006],[-0.382683,-7.95943,106.169],[-0.258819,-7.92999,100.623],[-0.130526,-7.91213,95.2653],[4.37114e-08,-7.90614,90],[0.130526,-7.91213,84.7347],[0.258819,-7.92999,79.3768],[0.382684,-7.95943,73.8306],[0.5,-7.99992,67.9942],[0.608761,-8.05079,61.7585],[0.707107,-8.11117,55.008],[0.793353,-8.18001,47.6271],[0.866025,-8.25614,43.6677]],
"outputs": [[0.866025,-10.5274,323.409],[0.793353,-10.6253,319.55],[0.707107,-10.7138,311.987],[0.608761,-10.7915,304.629],[0.5,-10.8569,297.457],[0.382683,-10.9089,290.445],[0.258819,-10.9468,283.558],[0.130526,-10.9697,276.757],[1.19249e-08,-10.9774,270],[-0.130526,-10.9697,263.243],[-0.258819,-10.9468,256.442],[-0.382684,-10.9089,249.555],[-0.5,-10.8569,242.543],[-0.608761,-10.7915,235.371],[-0.707107,-10.7138,228.013],[-0.793353,-10.6253,220.45],[-0.866025,-10.5274,216.591]],
"icon": [[-0.1,-9.32879],[0.1,-9.12879]]
}