{
"name": "big_boss_assfiremed_4_0",
"flags": {
	"0": { "outline": [[-0.0500074,-8.18238],[0.0481484,-8.18238],[0.0385201,-8.09207],[-0.040379,-8.09207]] },
	"1": { "outline": [[-0.0682628,-8.79202],[0.0682628,-8.79202],[0.0682628,-8.65549],[-0.0682628,-8.65549]] },
	"2": { "outline": [[-0.0698652,-9.80426],[0.0698652,-9.80426],[0.0698652,-9.66453],[-0.0698652,-9.66453]] },
	"3": { "outline": [[-0.065162,-10.6067],[0.065162,-10.6067],[0.065162,-10.4931],[-0.065162,-10.4931]] }
},
"outline": [[0.550646,-10.5375],[0.440516,-9.55144],[0.330387,-10.6844],[0.220258,-10.3783],[0.110129,-9.63069],[0,-9.93095],[-0.110129,-10.6901],[-0.220258,-10.6296],[-0.330387,-10.9965],[-0.440516,-9.43284],[-0.550646,-10.2514],[-0.660775,-8.88194],[-0.770904,-9.01875],[-0.881033,-10.2787],[-0.991162,-9.86153],[-1.10129,-9.59336],[-1.21142,-9.56667],[-1.32155,-9.08588],[-1.43168,-8.57383],[-1.54181,-7.81135],[-1.65194,-7.84495],[-1.75296,-7.65919],[-1.76207,-7.67115],[-1.76207,-7.78487],[-1.65194,-8.1899],[-1.54181,-8.1227],[-1.43168,-9.64766],[-1.32155,-10.6718],[-1.21142,-11.6333],[-1.10129,-11.6867],[-0.991162,-12.2231],[-0.881033,-13.0574],[-0.770904,-10.5375],[-0.660775,-10.2639],[-0.550646,-13.0027],[-0.440516,-11.3657],[-0.330387,-14.4929],[-0.220258,-13.7593],[-0.110129,-13.8802],[0,-12.3619],[0.110129,-11.7614],[0.220258,-13.2566],[0.330387,-13.8688],[0.440516,-11.6029],[0.550646,-13.5751],[0.660775,-12.6903],[0.770904,-13.3999],[0.881033,-10.3896],[0.991162,-10.2533],[1.10129,-11.6734],[1.21142,-9.25535],[1.32155,-9.2899],[1.43168,-8.6737],[1.54181,-8.40747],[1.65194,-8.17632],[1.76207,-7.78487],[1.76207,-7.64244],[1.65194,-7.83816],[1.54181,-7.95374],[1.43168,-8.08685],[1.32155,-8.39495],[1.21142,-8.37768],[1.10129,-9.5867],[0.991162,-8.87664],[0.881033,-8.94482],[0.770904,-10.4499],[0.660775,-10.0951]],
"inputs": [[-0.866025,-8.25614,136.332],[-0.793353,-8.18001,132.373],[-0.707107,-8.11117,124.992],[-0.608761,-8.05079,118.241],[-0.5,-7.99992,112.006],[-0.382683,-7.95943,106.169],[-0.258819,-7.92999,100.623],[-0.130526,-7.91213,95.2653],[4.37114e-08,-7.90614,90],[0.130526,-7.91213,84.7347],[0.258819,-7.92999,79.3768],[0.382684,-7.95943,73.8306],[0.5,-7.99992,67.9942],[0.608761,-8.05079,61.7585],[0.707107,-8.11117,55.008],[0.793353,-8.18001,47.6271],[0.866025,-8.25614,43.6677]],
"outputs": [[0.866025,-10.5274,323.409],[0.793353,-10.6253,319.55],[0.707107,-10.7138,311.987],[0.608761,-10.7915,304.629],[0.5,-10.8569,297.457],[0.382683,-10.9089,290.445],[0.258819,-10.9468,283.558],[0.130526,-10.9697,276.757],[1.19249e-08,-10.9774,270],[-0.130526,-10.9697,263.243],[-0.258819,-10.9468,256.442],[-0.382684,-10.9089,249.555],[-0.5,-10.8569,242.543],[-0.608761,-10.7915,235.371],[-0.707107,-10.7138,228.013],[-0.793353,-10.6253,220.45],[-0.866025,-10.5274,216.591]],
"icon": [[-0.1,-9.32879],[0.1,-9.12879]]
}