{
"name": "big_boss_body4_0",
"flags": {
	"0": { "outline": [[-0.0500074,-8.18238],[0.0481484,-8.18238],[0.0385201,-8.09207],[-0.040379,-8.09207]] },
	"1": { "outline": [[-0.0682628,-8.79202],[0.0682628,-8.79202],[0.0682628,-8.65549],[-0.0682628,-8.65549]] },
	"2": { "outline": [[-0.0698652,-9.80426],[0.0698652,-9.80426],[0.0698652,-9.66453],[-0.0698652,-9.66453]] },
	"3": { "outline": [[-0.065162,-10.6067],[0.065162,-10.6067],[0.065162,-10.4931],[-0.065162,-10.4931]] }
},
"outline": [[-1.39536,-8.87952],[-1.51965,-8.97168],[-1.32234,-9.06385],[-1.52743,-9.15602],[-1.53577,-9.24818],[-1.56662,-9.34035],[-1.51996,-9.43251],[-1.59286,-9.52468],[-1.55843,-9.61684],[-1.69467,-9.70901],[-1.23569,-9.80117],[-1.12935,-9.89334],[-1.21223,-9.98551],[-1.11734,-10.0777],[-1.2037,-10.1698],[-1.24998,-10.262],[-1.26273,-10.3472],[-1.0493,-10.0301],[-0.611142,-10.9822],[0.611143,-10.9822],[1.0493,-10.0301],[1.18775,-10.2358],[1.21205,-10.1698],[1.29862,-10.0777],[1.31272,-9.98551],[1.29414,-9.89334],[1.35423,-9.80117],[1.29541,-9.70901],[1.12153,-9.61684],[1.56419,-9.52468],[1.58816,-9.43251],[1.21596,-9.34035],[1.18597,-9.24818],[1.21594,-9.15602],[1.55273,-9.06385],[1.58007,-8.97168],[1.57135,-8.87952],[1.67626,-8.78735],[1.75018,-8.69519],[1.9904,-8.60302],[1.93572,-8.51086],[1.68664,-8.41869],[1.47965,-8.32652],[1.72349,-8.23436],[1.77246,-8.14219],[1.81661,-8.05003],[1.80907,-8.00434],[1.79365,-8.00345],[1.89543,-7.72607],[1.83581,-7.47528],[1.66097,-7.54572],[1.48613,-7.63145],[1.31129,-7.48882],[1.13645,-8.00355],[0.961613,-7.82714],[0.786774,-7.56166],[0.611935,-7.65362],[0.437097,-7.63628],[0.262258,-7.27379],[0.0874194,-7.82925],[-0.0874194,-7.71525],[-0.262258,-7.29713],[-0.437097,-7.88382],[-0.611935,-7.74815],[-0.786774,-7.7836],[-0.961613,-8.12727],[-1.13645,-7.7598],[-1.31129,-7.61264],[-1.48613,-7.53719],[-1.66097,-7.28145],[-1.83581,-7.76799],[-1.89587,-7.72488],[-1.79364,-8.00345],[-1.81014,-8.0044],[-1.81288,-8.05003],[-1.89232,-8.14219],[-1.9977,-8.23436],[-2.04745,-8.32652],[-1.9934,-8.41869],[-1.7552,-8.51086],[-1.88375,-8.60302],[-1.61354,-8.69519],[-1.54768,-8.78735]],
"inputs": [[-0.866025,-8.25614,136.332],[-0.793353,-8.18001,132.373],[-0.707107,-8.11117,124.992],[-0.608761,-8.05079,118.241],[-0.5,-7.99992,112.006],[-0.382683,-7.95943,106.169],[-0.258819,-7.92999,100.623],[-0.130526,-7.91213,95.2653],[4.37114e-08,-7.90614,90],[0.130526,-7.91213,84.7347],[0.258819,-7.92999,79.3768],[0.382684,-7.95943,73.8306],[0.5,-7.99992,67.9942],[0.608761,-8.05079,61.7585],[0.707107,-8.11117,55.008],[0.793353,-8.18001,47.6271],[0.866025,-8.25614,43.6677]],
"outputs": [[0.866025,-10.5274,323.409],[0.793353,-10.6253,319.55],[0.707107,-10.7138,311.987],[0.608761,-10.7915,304.629],[0.5,-10.8569,297.457],[0.382683,-10.9089,290.445],[0.258819,-10.9468,283.558],[0.130526,-10.9697,276.757],[1.19249e-08,-10.9774,270],[-0.130526,-10.9697,263.243],[-0.258819,-10.9468,256.442],[-0.382684,-10.9089,249.555],[-0.5,-10.8569,242.543],[-0.608761,-10.7915,235.371],[-0.707107,-10.7138,228.013],[-0.793353,-10.6253,220.45],[-0.866025,-10.5274,216.591]],
"icon": [[-0.1,-9.32879],[0.1,-9.12879]]
}