{
"name": "big_boss_wingr_0",
"flags": {
	"0": { "outline": [[9.29412,1.97978],[9.43116,1.97978],[9.39348,2.18476],[9.3318,2.18476]] },
	"1": { "outline": [[4.32123,1.56369],[4.45447,1.56369],[4.45447,1.69694],[4.32123,1.69694]] },
	"2": { "outline": [[7.68328,1.57179],[7.80889,1.57179],[7.80889,1.69741],[7.68328,1.69741]] },
	"3": { "outline": [[9.62251,-2.13583],[9.68558,-2.13583],[9.76391,-1.83875],[9.57677,-1.9497]] }
},
"outline": [[2.12517,-2.33465],[2.26272,-2.36199],[2.34175,-2],[2.89702,-2],[3.05585,-2.15161],[3.71249,-2.15161],[3.721,-2],[4.27626,-2],[4.4351,-2.15161],[5.09174,-2.15161],[5.10025,-2],[5.65551,-2],[5.81435,-2.15161],[6.47099,-2.15161],[6.4795,-2],[7.03476,-2],[7.1936,-2.15161],[7.85024,-2.15161],[7.85875,-2],[8.41401,-2],[8.57285,-2.15161],[9.22949,-2.15161],[9.238,-2],[9.57137,-1.95237],[9.8095,-1.8095],[9.95238,-1.57137],[10,-1.238],[10,1.238],[9.95237,1.57137],[9.8095,1.8095],[9.57137,1.95237],[9.238,2],[2.34175,2],[2.00976,2.41353],[1.99224,2.33871],[1.92086,2.17742],[2.13625,2.01613],[2.35148,1.85484],[2.18659,1.69355],[2.21835,1.53226],[2.12544,1.37097],[2.01787,1.20968],[1.56345,1.04839],[1.71228,0.887097],[1.95953,0.725806],[2.26809,0.564516],[1.97035,0.403226],[1.99747,0.241935],[2.24676,0.0806451],[2.2725,-0.0806453],[1.82637,-0.241935],[1.87159,-0.403226],[1.79455,-0.564516],[1.74443,-0.725806],[1.8684,-0.887097],[2.1606,-1.04839],[2.12724,-1.20968],[1.98594,-1.37097],[1.99291,-1.53226],[1.9324,-1.69355],[2.20581,-1.85484],[2.10274,-2.01613],[1.98935,-2.17742],[1.96535,-2.33871],[2,-2.5],[2.09061,-2.5]],
"inputs": [[5.13397,1.64178,136.332],[5.20665,1.71791,132.373],[5.29289,1.78675,124.992],[5.39124,1.84712,118.242],[5.5,1.89799,112.006],[5.61732,1.93849,106.169],[5.74118,1.96792,100.623],[5.86947,1.98579,95.2654],[6,1.99178,90],[6.13053,1.98579,84.7347],[6.25882,1.96792,79.3768],[6.38268,1.93849,73.8305],[6.5,1.89799,67.9941],[6.60876,1.84712,61.7585],[6.70711,1.78675,55.008],[6.79335,1.71791,47.6272],[6.86603,1.64178,43.6676]],
"outputs": [[6.86603,-1.69629,323.409],[6.79335,-1.79418,319.549],[6.70711,-1.88269,311.987],[6.60876,-1.96031,304.629],[6.5,-2.02571,297.457],[6.38268,-2.07778,290.445],[6.25882,-2.11562,283.558],[6.13053,-2.13859,276.757],[6,-2.14629,270],[5.86947,-2.13859,263.243],[5.74118,-2.11562,256.442],[5.61732,-2.07778,249.555],[5.5,-2.02571,242.543],[5.39124,-1.96031,235.371],[5.29289,-1.88269,228.013],[5.20665,-1.79417,220.45],[5.13397,-1.69629,216.591]],
"icon": [[5.98392,-0.0149734],[6.18392,0.185027]]
}