{
"name": "big_boss_taill_0",
"flags": {
	"0": { "outline": [[-4.86926,-8.67229],[-4.73221,-8.67229],[-4.7699,-8.4673],[-4.83158,-8.4673]] },
	"1": { "outline": [[-4.07764,-8.67163],[-3.94439,-8.67163],[-3.94439,-8.53838],[-4.07764,-8.53838]] },
	"2": { "outline": [[-4.06715,-10.3493],[-3.94154,-10.3493],[-3.94154,-10.2237],[-4.06715,-10.2237]] },
	"3": { "outline": [[-5.00875,-10.9363],[-4.94569,-10.9363],[-4.86736,-10.7463],[-5.05449,-10.6299]] }
},
"outline": [[-5.12418,-10.5034],[-5.04425,-10.6544],[-4.89909,-10.7445],[-4.68871,-10.7738],[-3.5233,-10.768],[-1.51503,-10.7219],[-1.26273,-10.3472],[-1.24998,-10.262],[-1.2037,-10.1698],[-1.11734,-10.0777],[-1.21223,-9.98551],[-1.12935,-9.89334],[-1.23569,-9.80117],[-1.69467,-9.70901],[-1.55843,-9.61684],[-1.59286,-9.52468],[-1.51996,-9.43251],[-1.56662,-9.34035],[-1.53577,-9.24818],[-1.52743,-9.15602],[-1.32234,-9.06385],[-1.51965,-8.97168],[-1.39536,-8.87952],[-1.54768,-8.78735],[-1.61354,-8.69519],[-1.88375,-8.60302],[-1.7552,-8.51086],[-1.9934,-8.41869],[-2.04745,-8.32652],[-1.9977,-8.23436],[-1.89232,-8.14219],[-1.81288,-8.05003],[-1.81014,-8.0044],[-2.08756,-8.02037],[-3.0523,-8.06056],[-4.5247,-8.1887],[-4.73187,-8.27569],[-4.88496,-8.40706],[-4.98398,-8.58282],[-5.02892,-8.80296],[-5.13889,-10.2915]],
"inputs": [[-3.89625,-8.39628,136.332],[-3.82357,-8.32014,132.373],[-3.73733,-8.2513,124.992],[-3.63898,-8.19093,118.241],[-3.53022,-8.14006,112.006],[-3.4129,-8.09956,106.17],[-3.28904,-8.07013,100.623],[-3.16075,-8.05227,95.2652],[-3.03022,-8.04628,90],[-2.8997,-8.05227,84.7348],[-2.7714,-8.07013,79.3768],[-2.64754,-8.09956,73.8304],[-2.53022,-8.14006,67.994],[-2.42146,-8.19093,61.7586],[-2.32311,-8.2513,55.0081],[-2.23687,-8.32014,47.6271],[-2.1642,-8.39628,43.6677]],
"outputs": [[-2.06348,-10.3238,323.409],[-2.13615,-10.4216,319.55],[-2.2224,-10.5102,311.987],[-2.32074,-10.5878,304.629],[-2.4295,-10.6532,297.457],[-2.54682,-10.7053,290.445],[-2.67068,-10.7431,283.558],[-2.79898,-10.7661,276.757],[-2.9295,-10.7738,270],[-3.06003,-10.7661,263.243],[-3.18832,-10.7431,256.442],[-3.31219,-10.7053,249.555],[-3.4295,-10.6532,242.543],[-3.53826,-10.5878,235.371],[-3.63661,-10.5102,228.013],[-3.72286,-10.4216,220.45],[-3.79553,-10.3238,216.591]],
"icon": [[-3.11009,-9.55912],[-2.91009,-9.35912]]
}