{
"name": "big_boss_tailr_0",
"flags": {
	"0": { "outline": [[4.75472,-8.67229],[4.89176,-8.67229],[4.85408,-8.4673],[4.7924,-8.4673]] },
	"1": { "outline": [[4.05233,-8.67163],[4.18558,-8.67163],[4.18558,-8.53838],[4.05233,-8.53838]] },
	"2": { "outline": [[4.03295,-10.3493],[4.15857,-10.3493],[4.15857,-10.2237],[4.03295,-10.2237]] },
	"3": { "outline": [[4.91254,-10.9363],[4.9756,-10.9363],[5.05394,-10.6369],[4.8668,-10.7448]] }
},
"outline": [[4.89909,-10.7445],[5.04425,-10.6544],[5.12418,-10.5034],[5.13889,-10.2915],[5.02892,-8.80296],[4.98398,-8.58282],[4.88496,-8.40706],[4.73187,-8.27569],[4.5247,-8.1887],[3.0523,-8.06056],[2.08756,-8.02037],[1.80907,-8.00434],[1.81661,-8.05003],[1.77246,-8.14219],[1.72349,-8.23436],[1.47965,-8.32652],[1.68664,-8.41869],[1.93572,-8.51086],[1.9904,-8.60302],[1.75018,-8.69519],[1.67626,-8.78735],[1.57135,-8.87952],[1.58007,-8.97168],[1.55273,-9.06385],[1.21594,-9.15602],[1.18597,-9.24818],[1.21596,-9.34035],[1.58816,-9.43251],[1.56419,-9.52468],[1.12153,-9.61684],[1.29541,-9.70901],[1.35423,-9.80117],[1.29414,-9.89334],[1.31272,-9.98551],[1.29862,-10.0777],[1.21205,-10.1698],[1.18775,-10.2358],[1.51503,-10.7219],[3.5233,-10.768],[4.68871,-10.7738]],
"inputs": [[2.16419,-8.39628,136.332],[2.23687,-8.32014,132.373],[2.32311,-8.2513,124.992],[2.42146,-8.19093,118.241],[2.53022,-8.14006,112.006],[2.64754,-8.09956,106.17],[2.7714,-8.07013,100.623],[2.89969,-8.05227,95.2652],[3.03022,-8.04628,90],[3.16075,-8.05227,84.7348],[3.28904,-8.07013,79.3768],[3.4129,-8.09956,73.8304],[3.53022,-8.14006,67.994],[3.63898,-8.19093,61.7586],[3.73733,-8.2513,55.0081],[3.82357,-8.32014,47.6271],[3.89625,-8.39628,43.6677]],
"outputs": [[3.79553,-10.3238,323.409],[3.72285,-10.4216,319.55],[3.63661,-10.5102,311.987],[3.53826,-10.5878,304.629],[3.4295,-10.6532,297.457],[3.31218,-10.7053,290.445],[3.18832,-10.7431,283.558],[3.06003,-10.7661,276.757],[2.9295,-10.7738,270],[2.79897,-10.7661,263.243],[2.67068,-10.7431,256.442],[2.54682,-10.7053,249.555],[2.4295,-10.6532,242.543],[2.32074,-10.5878,235.371],[2.22239,-10.5102,228.013],[2.13615,-10.4216,220.45],[2.06347,-10.3238,216.591]],
"icon": [[2.9101,-9.55912],[3.1101,-9.35912]]
}