{
"name": "big_boss_assfirelow_2_0",
"flags": {
	"0": { "outline": [[-0.0500074,-8.18238],[0.0481484,-8.18238],[0.0385201,-8.09207],[-0.040379,-8.09207]] },
	"1": { "outline": [[-0.0682628,-8.79202],[0.0682628,-8.79202],[0.0682628,-8.65549],[-0.0682628,-8.65549]] },
	"2": { "outline": [[-0.0698652,-9.80426],[0.0698652,-9.80426],[0.0698652,-9.66453],[-0.0698652,-9.66453]] },
	"3": { "outline": [[-0.065162,-10.6067],[0.065162,-10.6067],[0.065162,-10.4931],[-0.065162,-10.4931]] }
},
"outline": [[1.21142,-7.85881],[1.32155,-9.09552],[1.43168,-7.79981],[1.54181,-8.1665],[1.65194,-8.00898],[1.76207,-7.64244],[1.76207,-7.50607],[1.66097,-7.54572],[1.48613,-7.63145],[1.31129,-7.48882],[1.13645,-8.00355],[0.961613,-7.82714],[0.786774,-7.56166],[0.611935,-7.65362],[0.437097,-7.63628],[0.262258,-7.27379],[0.0874194,-7.82925],[-0.0874194,-7.71525],[-0.262258,-7.29713],[-0.437097,-7.88382],[-0.611935,-7.74815],[-0.786774,-7.7836],[-0.961613,-8.12727],[-1.13645,-7.7598],[-1.31129,-7.61264],[-1.48613,-7.53719],[-1.66097,-7.28145],[-1.7547,-7.66148],[-1.65194,-7.92734],[-1.54181,-7.99648],[-1.43168,-7.86533],[-1.32155,-9.24192],[-1.21142,-8.43133],[-1.10129,-9.26909],[-0.991162,-8.5152],[-0.881033,-9.85811],[-0.770904,-10.0439],[-0.660775,-8.82653],[-0.550646,-10.1659],[-0.440516,-10.242],[-0.330387,-10.426],[-0.220258,-10.8519],[-0.110129,-10.8722],[0,-11.0138],[0.110129,-9.85281],[0.220258,-9.79035],[0.330387,-9.5423],[0.440516,-10.6484],[0.550646,-10.5024],[0.660775,-10.4265],[0.770904,-9.0481],[0.881033,-9.01909],[0.991162,-8.66727],[1.10129,-8.50095]],
"inputs": [[-0.866025,-8.25614,136.332],[-0.793353,-8.18001,132.373],[-0.707107,-8.11117,124.992],[-0.608761,-8.05079,118.241],[-0.5,-7.99992,112.006],[-0.382683,-7.95943,106.169],[-0.258819,-7.92999,100.623],[-0.130526,-7.91213,95.2653],[4.37114e-08,-7.90614,90],[0.130526,-7.91213,84.7347],[0.258819,-7.92999,79.3768],[0.382684,-7.95943,73.8306],[0.5,-7.99992,67.9942],[0.608761,-8.05079,61.7585],[0.707107,-8.11117,55.008],[0.793353,-8.18001,47.6271],[0.866025,-8.25614,43.6677]],
"outputs": [[0.866025,-10.5274,323.409],[0.793353,-10.6253,319.55],[0.707107,-10.7138,311.987],[0.608761,-10.7915,304.629],[0.5,-10.8569,297.457],[0.382683,-10.9089,290.445],[0.258819,-10.9468,283.558],[0.130526,-10.9697,276.757],[1.19249e-08,-10.9774,270],[-0.130526,-10.9697,263.243],[-0.258819,-10.9468,256.442],[-0.382684,-10.9089,249.555],[-0.5,-10.8569,242.543],[-0.608761,-10.7915,235.371],[-0.707107,-10.7138,228.013],[-0.793353,-10.6253,220.45],[-0.866025,-10.5274,216.591]],
"icon": [[-0.1,-9.32879],[0.1,-9.12879]]
}