{"inputs": [[0.7835, 0.5464, 246.168], [0.7354, 0.5677, 250.127], [0.6823, 0.583, 257.50800000000004], [0.6254, 0.592, 264.25800000000004], [0.5654, 0.5947, 270.494], [0.5034, 0.591, 276.331], [0.4406, 0.5809, 281.877], [0.3779, 0.5646, 287.235], [0.3165, 0.5424, 292.5], [0.2573, 0.5146, 297.765], [0.2015, 0.4818, 303.123], [0.1499, 0.4445, 308.669], [0.1034, 0.4034, 314.506], [0.0629, 0.3591, 320.742], [0.0291, 0.3124, 327.492], [0.0024, 0.2641, 334.873], [-0.0166, 0.215, 338.832]], "name": "longplank_1", "outputs": [[0.9756, 0.0827, 22.5], [0.9441, 0.0637, 22.5], [0.9061, 0.0427, 22.5], [0.8623, 0.0199, 22.5], [0.8135, -0.0043, 22.5], [0.7604, -0.0294, 22.5], [0.704, -0.055, 22.5], [0.6452, -0.0808, 22.5], [0.5851, -0.1061, 22.5], [0.5246, -0.1307, 22.5], [0.4649, -0.1541, 22.5], [0.4069, -0.1758, 22.5], [0.3516, -0.1956, 22.5], [0.2999, -0.2131, 22.5], [0.2528, -0.2279, 22.5], [0.2111, -0.2399, 22.5], [0.1755, -0.2487, 22.5]], "outline": [[4.5054, 1.6659], [4.3638, 2.0077], [4.3301, 2.0466], [4.2788, 2.0429], [-0.2204, 0.1793], [-0.2593, 0.1456], [-0.2556, 0.0943], [-0.114, -0.2475], [-0.0804, -0.2863], [-0.0291, -0.2827], [4.4702, 1.581], [4.509, 1.6147]], "flags": {"1": {"outline": [[0.6499, -0.0014], [0.4586, 0.4605], [0.3662, 0.4223], [0.5576, -0.0397]]}, "0": {"outline": [[0.5576, -0.0397], [0.3662, 0.4223], [0.1814, 0.3457], [0.3728, -0.1162]]}, "3": {"outline": [[1.2967, 0.2665], [1.1053, 0.7284], [0.9205, 0.6519], [1.1119, 0.1899]]}, "2": {"outline": [[1.0195, 0.1517], [1.1119, 0.1899], [0.9205, 0.6519], [0.8282, 0.6136]]}}, "icon": [[-0.125, -0.125], [0.125, 0.125]]}