{"inputs": [[-0.8046, 0.5145, 358.668], [-0.8059, 0.4619, 362.627], [-0.7998, 0.407, 370.00800000000004], [-0.7862, 0.351, 376.75800000000004], [-0.7658, 0.2945, 382.994], [-0.7387, 0.2386, 388.831], [-0.7054, 0.1845, 394.377], [-0.6663, 0.1327, 399.735], [-0.6223, 0.0845, 405.0], [-0.5738, 0.0405, 410.265], [-0.5223, 0.0015, 415.623], [-0.4681, -0.032, 421.169], [-0.4122, -0.0592, 427.006], [-0.3559, -0.0797, 433.242], [-0.2998, -0.0929, 439.992], [-0.245, -0.0991, 447.373], [-0.1923, -0.098, 451.332]], "name": "longplank_6", "outputs": [[-0.4497, 0.8695, 135.0], [-0.4202, 0.8475, 135.0], [-0.3861, 0.8205, 135.0], [-0.3484, 0.7887, 135.0], [-0.3074, 0.7529, 135.0], [-0.2638, 0.7135, 135.0], [-0.2187, 0.6712, 135.0], [-0.1722, 0.6268, 135.0], [-0.1259, 0.5809, 135.0], [-0.08, 0.5343, 135.0], [-0.0356, 0.4882, 135.0], [0.0067, 0.443, 135.0], [0.0461, 0.3993, 135.0], [0.0822, 0.3583, 135.0], [0.1139, 0.3204, 135.0], [0.1408, 0.2865, 135.0], [0.1626, 0.2571, 135.0]], "outline": [[-3.2632, 3.5247], [-3.5249, 3.2631], [-3.5478, 3.2171], [-3.5248, 3.1711], [-0.0814, -0.2725], [-0.0353, -0.2955], [0.0106, -0.2725], [0.2723, -0.011], [0.2952, 0.035], [0.2723, 0.0809], [-3.1714, 3.5246], [-3.2173, 3.5476]], "flags": {"1": {"outline": [[-0.2475, 0.6006], [-0.601, 0.2472], [-0.5301, 0.1764], [-0.1767, 0.5301]]}, "0": {"outline": [[-0.1767, 0.5301], [-0.5301, 0.1764], [-0.3888, 0.0349], [-0.0354, 0.3885]]}, "3": {"outline": [[-0.7425, 1.0957], [-1.0959, 0.7421], [-0.9545, 0.6006], [-0.601, 0.9542]]}, "2": {"outline": [[-0.5301, 0.8836], [-0.601, 0.9542], [-0.9545, 0.6006], [-0.8838, 0.5301]]}}, "icon": [[-0.125, -0.125], [0.125, 0.125]]}