{"inputs": [[-0.1675, -0.9405, 471.168], [-0.1184, -0.9217, 475.127], [-0.0699, -0.895, 482.50800000000004], [-0.0234, -0.8609, 489.25800000000004], [0.0209, -0.8206, 495.494], [0.0622, -0.7741, 501.331], [0.0994, -0.7227, 506.877], [0.1324, -0.6667, 512.235], [0.16, -0.6076, 517.5], [0.1821, -0.546, 522.765], [0.1985, -0.4835, 528.123], [0.2087, -0.4206, 533.669], [0.2125, -0.3585, 539.506], [0.2099, -0.2986, 545.742], [0.2005, -0.2417, 552.492], [0.1853, -0.1888, 559.873], [0.1642, -0.1404, 563.832]], "name": "longplank_11", "outputs": [[-0.6313, -0.7485, 247.5], [-0.6222, -0.7129, 247.5], [-0.6102, -0.671, 247.5], [-0.5954, -0.6241, 247.5], [-0.5779, -0.5725, 247.5], [-0.5583, -0.517, 247.5], [-0.5365, -0.4593, 247.5], [-0.5132, -0.3992, 247.5], [-0.4886, -0.3389, 247.5], [-0.4631, -0.2786, 247.5], [-0.4374, -0.2201, 247.5], [-0.4119, -0.1636, 247.5], [-0.3866, -0.1106, 247.5], [-0.3624, -0.0615, 247.5], [-0.3394, -0.0177, 247.5], [-0.3185, 0.0201, 247.5], [-0.2998, 0.0516, 247.5]], "outline": [[-2.0077, -4.364], [-1.6657, -4.5056], [-1.6146, -4.5091], [-1.5809, -4.4703], [0.2829, 0.0287], [0.2866, 0.0801], [0.2479, 0.1138], [-0.094, 0.2555], [-0.1454, 0.2591], [-0.179, 0.2203], [-2.0426, -4.2791], [-2.0463, -4.3303]], "flags": {"1": {"outline": [[-0.4602, -0.4586], [0.0016, -0.6501], [0.0399, -0.5576], [-0.4222, -0.3665]]}, "0": {"outline": [[-0.4222, -0.3665], [0.0399, -0.5576], [0.1166, -0.3729], [-0.3453, -0.1817]]}, "3": {"outline": [[-0.728, -1.1055], [-0.2662, -1.2967], [-0.1897, -1.112], [-0.6516, -0.9208]]}, "2": {"outline": [[-0.6135, -0.8281], [-0.6516, -0.9208], [-0.1897, -1.112], [-0.1515, -1.0196]]}}, "icon": [[-0.125, -0.125], [0.125, 0.125]]}