{"inputs": [[-0.5464, 0.7833, 336.168], [-0.5677, 0.7352, 340.127], [-0.5831, 0.6821, 347.50800000000004], [-0.592, 0.6252, 354.25800000000004], [-0.5947, 0.5652, 360.494], [-0.5911, 0.5032, 366.331], [-0.581, 0.4404, 371.877], [-0.5647, 0.3776, 377.235], [-0.5425, 0.3162, 382.5], [-0.5146, 0.257, 387.765], [-0.4819, 0.2013, 393.123], [-0.4446, 0.1496, 398.669], [-0.4034, 0.1031, 404.506], [-0.3592, 0.0626, 410.742], [-0.3125, 0.0289, 417.492], [-0.2642, 0.0022, 424.873], [-0.2151, -0.0169, 428.832]], "name": "longplank_5", "outputs": [[-0.0827, 0.9754, 112.5], [-0.0638, 0.9438, 112.5], [-0.0427, 0.9058, 112.5], [-0.02, 0.862, 112.5], [0.0042, 0.8133, 112.5], [0.0294, 0.7602, 112.5], [0.0549, 0.7038, 112.5], [0.0808, 0.645, 112.5], [0.1061, 0.5849, 112.5], [0.1306, 0.5243, 112.5], [0.154, 0.4647, 112.5], [0.1758, 0.4067, 112.5], [0.1955, 0.3513, 112.5], [0.2131, 0.2996, 112.5], [0.2279, 0.2525, 112.5], [0.2398, 0.2108, 112.5], [0.2487, 0.1753, 112.5]], "outline": [[-1.6659, 4.5052], [-2.0078, 4.3637], [-2.0466, 4.3299], [-2.0429, 4.2786], [-0.1794, -0.2206], [-0.1456, -0.2595], [-0.0944, -0.2558], [0.2474, -0.1143], [0.2862, -0.0806], [0.2826, -0.0294], [-1.5811, 4.47], [-1.6147, 4.5088]], "flags": {"1": {"outline": [[0.0012, 0.6496], [-0.4606, 0.4584], [-0.4222, 0.3659], [0.0397, 0.5574]]}, "0": {"outline": [[0.0397, 0.5574], [-0.4222, 0.3659], [-0.3458, 0.1811], [0.116, 0.3725]]}, "3": {"outline": [[-0.2666, 1.2965], [-0.7284, 1.105], [-0.6519, 0.9202], [-0.19, 1.1116]]}, "2": {"outline": [[-0.1516, 1.0192], [-0.19, 1.1116], [-0.6519, 0.9202], [-0.6136, 0.828]]}}, "icon": [[-0.125, -0.125], [0.125, 0.125]]}