{"inputs": [[0.5147, 0.8046, 268.668], [0.4621, 0.8059, 272.627], [0.4072, 0.7997, 280.00800000000004], [0.3512, 0.7862, 286.75800000000004], [0.2947, 0.7658, 292.994], [0.2389, 0.7386, 298.831], [0.1847, 0.7052, 304.377], [0.133, 0.6662, 309.735], [0.0848, 0.6222, 315.0], [0.0407, 0.5738, 320.265], [0.0017, 0.5222, 325.623], [-0.0317, 0.468, 331.169], [-0.0589, 0.4122, 337.006], [-0.0794, 0.3558, 343.242], [-0.0927, 0.2997, 349.992], [-0.0989, 0.2449, 357.373], [-0.0977, 0.1922, 361.332]], "name": "longplank_2", "outputs": [[0.8696, 0.4497, 45.0], [0.8478, 0.4201, 45.0], [0.8207, 0.3861, 45.0], [0.789, 0.3483, 45.0], [0.7532, 0.3073, 45.0], [0.7137, 0.2638, 45.0], [0.6714, 0.2185, 45.0], [0.627, 0.1722, 45.0], [0.5811, 0.1258, 45.0], [0.5346, 0.08, 45.0], [0.4884, 0.0355, 45.0], [0.4432, -0.0068, 45.0], [0.3996, -0.0462, 45.0], [0.3586, -0.0822, 45.0], [0.3207, -0.1139, 45.0], [0.2868, -0.1409, 45.0], [0.2573, -0.1627, 45.0]], "outline": [[3.5249, 3.2632], [3.2633, 3.5248], [3.2172, 3.5478], [3.1713, 3.5248], [-0.2723, 0.0813], [-0.2953, 0.0352], [-0.2723, -0.0107], [-0.0107, -0.2723], [0.0352, -0.2953], [0.0812, -0.2724], [3.5249, 3.1713], [3.5478, 3.2173]], "flags": {"1": {"outline": [[0.6009, 0.2474], [0.2474, 0.6009], [0.1767, 0.5302], [0.5303, 0.1767]]}, "0": {"outline": [[0.5303, 0.1767], [0.1767, 0.5302], [0.0352, 0.3888], [0.3888, 0.0353]]}, "3": {"outline": [[1.096, 0.7424], [0.7424, 1.0959], [0.6009, 0.9545], [0.9545, 0.6009]]}, "2": {"outline": [[0.8838, 0.5302], [0.9545, 0.6009], [0.6009, 0.9545], [0.5303, 0.8838]]}}, "icon": [[-0.125, -0.125], [0.125, 0.125]]}