{"inputs": [[-0.9403, 0.1674, 381.168], [-0.9214, 0.1183, 385.127], [-0.8947, 0.0699, 392.50800000000004], [-0.8607, 0.0234, 399.25800000000004], [-0.8203, -0.021, 405.494], [-0.7738, -0.0623, 411.331], [-0.7224, -0.0995, 416.877], [-0.6664, -0.1324, 422.235], [-0.6073, -0.1601, 427.5], [-0.5457, -0.1822, 432.765], [-0.4832, -0.1985, 438.123], [-0.4203, -0.2087, 443.669], [-0.3582, -0.2125, 449.506], [-0.2984, -0.2099, 455.742], [-0.2415, -0.2006, 462.492], [-0.1885, -0.1854, 469.873], [-0.1402, -0.1642, 473.832]], "name": "longplank_7", "outputs": [[-0.7483, 0.6312, 157.5], [-0.7126, 0.6221, 157.5], [-0.6708, 0.6102, 157.5], [-0.6238, 0.5953, 157.5], [-0.5722, 0.5779, 157.5], [-0.5168, 0.5582, 157.5], [-0.459, 0.5364, 157.5], [-0.399, 0.5131, 157.5], [-0.3387, 0.4885, 157.5], [-0.2784, 0.463, 157.5], [-0.2198, 0.4374, 157.5], [-0.1634, 0.4118, 157.5], [-0.1103, 0.3865, 157.5], [-0.0612, 0.3624, 157.5], [-0.0174, 0.3395, 157.5], [0.0204, 0.3185, 157.5], [0.0518, 0.2997, 157.5]], "outline": [[-4.3637, 2.0076], [-4.5054, 1.6657], [-4.5089, 1.6145], [-4.4701, 1.5808], [0.029, -0.283], [0.0804, -0.2866], [0.114, -0.2478], [0.2557, 0.094], [0.2593, 0.1453], [0.2206, 0.1789], [-4.2788, 2.0426], [-4.3301, 2.0463]], "flags": {"1": {"outline": [[-0.4585, 0.4601], [-0.6499, -0.0017], [-0.5573, -0.0399], [-0.3662, 0.4221]]}, "0": {"outline": [[-0.3662, 0.4221], [-0.5573, -0.0399], [-0.3726, -0.1166], [-0.1814, 0.3453]]}, "3": {"outline": [[-1.1053, 0.7281], [-1.2965, 0.2662], [-1.1117, 0.1896], [-0.9205, 0.6515]]}, "2": {"outline": [[-0.8279, 0.6134], [-0.9205, 0.6515], [-1.1117, 0.1896], [-1.0194, 0.1515]]}}, "icon": [[-0.125, -0.125], [0.125, 0.125]]}