{"inputs": [[-0.5146, -0.8048, 448.668], [-0.462, -0.8062, 452.627], [-0.407, -0.8001, 460.00800000000004], [-0.351, -0.7864, 466.75800000000004], [-0.2946, -0.7661, 472.994], [-0.2387, -0.7389, 478.831], [-0.1847, -0.7057, 484.377], [-0.1328, -0.6666, 489.735], [-0.0846, -0.6226, 495.0], [-0.0406, -0.5741, 500.265], [-0.0016, -0.5226, 505.623], [0.0319, -0.4684, 511.169], [0.0592, -0.4125, 517.006], [0.0797, -0.3562, 523.242], [0.0928, -0.3, 529.992], [0.099, -0.2453, 537.373], [0.098, -0.1925, 541.332]], "name": "longplank_10", "outputs": [[-0.8696, -0.4499, 225.0], [-0.8476, -0.4205, 225.0], [-0.8205, -0.3864, 225.0], [-0.7888, -0.3487, 225.0], [-0.7529, -0.3077, 225.0], [-0.7136, -0.264, 225.0], [-0.6714, -0.219, 225.0], [-0.6268, -0.1724, 225.0], [-0.581, -0.1261, 225.0], [-0.5344, -0.0801, 225.0], [-0.4883, -0.0359, 225.0], [-0.4431, 0.0065, 225.0], [-0.3994, 0.0458, 225.0], [-0.3583, 0.0819, 225.0], [-0.3203, 0.1136, 225.0], [-0.2865, 0.1405, 225.0], [-0.2572, 0.1624, 225.0]], "outline": [[-3.5248, -3.2635], [-3.2631, -3.5252], [-3.2172, -3.548], [-3.1712, -3.525], [0.2724, -0.0817], [0.2955, -0.0357], [0.2726, 0.0103], [0.011, 0.272], [-0.0351, 0.295], [-0.081, 0.2721], [-3.5246, -3.1717], [-3.5476, -3.2176]], "flags": {"1": {"outline": [[-0.6006, -0.2476], [-0.2472, -0.6012], [-0.1765, -0.5304], [-0.5302, -0.177]]}, "0": {"outline": [[-0.5302, -0.177], [-0.1765, -0.5304], [-0.0349, -0.3891], [-0.3885, -0.0357]]}, "3": {"outline": [[-1.0956, -0.7427], [-0.7421, -1.0961], [-0.6007, -0.9547], [-0.9543, -0.6013]]}, "2": {"outline": [[-0.8836, -0.5303], [-0.9543, -0.6013], [-0.6007, -0.9547], [-0.5301, -0.884]]}}, "icon": [[-0.125, -0.125], [0.125, 0.125]]}