{"inputs": [[-0.7833, -0.5466, 426.168], [-0.7353, -0.568, 430.127], [-0.6821, -0.5834, 437.50800000000004], [-0.6252, -0.5922, 444.25800000000004], [-0.5653, -0.595, 450.494], [-0.5032, -0.5913, 456.331], [-0.4406, -0.5813, 461.877], [-0.3777, -0.565, 467.235], [-0.3163, -0.5428, 472.5], [-0.2571, -0.5148, 477.765], [-0.2014, -0.4822, 483.123], [-0.1497, -0.4449, 488.669], [-0.1031, -0.4037, 494.506], [-0.0626, -0.3596, 500.742], [-0.029, -0.3127, 507.492], [-0.0023, -0.2645, 514.873], [0.0169, -0.2153, 518.832]], "name": "longplank_9", "outputs": [[-0.9755, -0.0829, 202.5], [-0.9439, -0.0641, 202.5], [-0.9059, -0.043, 202.5], [-0.8621, -0.0203, 202.5], [-0.8133, 0.0039, 202.5], [-0.7602, 0.0292, 202.5], [-0.704, 0.0546, 202.5], [-0.645, 0.0806, 202.5], [-0.585, 0.1059, 202.5], [-0.5243, 0.1305, 202.5], [-0.4648, 0.1537, 202.5], [-0.4068, 0.1756, 202.5], [-0.3514, 0.1952, 202.5], [-0.2996, 0.2128, 202.5], [-0.2524, 0.2276, 202.5], [-0.2109, 0.2395, 202.5], [-0.1754, 0.2485, 202.5]], "outline": [[-4.5053, -1.6662], [-4.3637, -2.0081], [-4.33, -2.0467], [-4.2787, -2.0431], [0.2205, -0.1797], [0.2594, -0.146], [0.2558, -0.0948], [0.1143, 0.2471], [0.0805, 0.286], [0.0294, 0.2824], [-4.47, -1.5814], [-4.5088, -1.615]], "flags": {"1": {"outline": [[-0.6496, 0.0011], [-0.4584, -0.4608], [-0.366, -0.4224], [-0.5575, 0.0394]]}, "0": {"outline": [[-0.5575, 0.0394], [-0.366, -0.4224], [-0.1811, -0.3461], [-0.3725, 0.1157]]}, "3": {"outline": [[-1.2964, -0.2669], [-1.105, -0.7287], [-0.9203, -0.6521], [-1.1117, -0.1903]]}, "2": {"outline": [[-1.0192, -0.1518], [-1.1117, -0.1903], [-0.9203, -0.6521], [-0.828, -0.6138]]}}, "icon": [[-0.125, -0.125], [0.125, 0.125]]}