{"inputs": [[-0.9328, -0.2052, 403.668], [-0.8966, -0.2434, 407.627], [-0.8534, -0.2779, 415.00800000000004], [-0.8042, -0.3078, 421.75800000000004], [-0.7499, -0.3334, 427.994], [-0.6911, -0.3537, 433.831], [-0.6294, -0.3684, 439.377], [-0.5651, -0.3774, 444.735], [-0.4999, -0.3804, 450.0], [-0.4345, -0.3772, 455.265], [-0.3705, -0.3684, 460.623], [-0.3085, -0.3537, 466.169], [-0.2497, -0.3335, 472.006], [-0.1954, -0.3082, 478.242], [-0.1464, -0.2778, 484.992], [-0.1033, -0.2435, 492.373], [-0.0667, -0.2054, 496.332]], "name": "longplank_8", "outputs": [[-0.9329, 0.2967, 180.0], [-0.8965, 0.302, 180.0], [-0.8533, 0.307, 180.0], [-0.8042, 0.3112, 180.0], [-0.7498, 0.3149, 180.0], [-0.6911, 0.3179, 180.0], [-0.6294, 0.3199, 180.0], [-0.565, 0.3213, 180.0], [-0.4999, 0.3217, 180.0], [-0.4344, 0.3212, 180.0], [-0.3705, 0.3199, 180.0], [-0.3086, 0.3179, 180.0], [-0.2499, 0.3148, 180.0], [-0.1953, 0.3113, 180.0], [-0.146, 0.3069, 180.0], [-0.1031, 0.302, 180.0], [-0.0669, 0.2967, 180.0]], "outline": [[-4.7999, 0.1848], [-4.7999, -0.1853], [-4.7836, -0.2339], [-4.7348, -0.2502], [0.135, -0.2504], [0.1839, -0.2341], [0.2001, -0.1854], [0.2002, 0.1846], [0.1839, 0.2334], [0.1353, 0.2497], [-4.7348, 0.2496], [-4.7836, 0.2334]], "flags": {"1": {"outline": [[-0.5997, 0.2496], [-0.5998, -0.2503], [-0.4997, -0.2502], [-0.4999, 0.2498]]}, "0": {"outline": [[-0.4999, 0.2498], [-0.4997, -0.2502], [-0.2997, -0.2504], [-0.2998, 0.2495]]}, "3": {"outline": [[-1.2998, 0.2496], [-1.2997, -0.2503], [-1.0997, -0.2503], [-1.0998, 0.2496]]}, "2": {"outline": [[-0.9997, 0.2498], [-1.0998, 0.2496], [-1.0997, -0.2503], [-0.9998, -0.2502]]}}, "icon": [[-0.125, -0.125], [0.125, 0.125]]}