{"inputs": [[0.1676, 0.9403, 291.168], [0.1185, 0.9213, 295.127], [0.0701, 0.8946, 302.50800000000004], [0.0236, 0.8607, 309.25800000000004], [-0.0208, 0.8202, 315.494], [-0.062, 0.7738, 321.331], [-0.0993, 0.7222, 326.877], [-0.1321, 0.6663, 332.235], [-0.1598, 0.6072, 337.5], [-0.182, 0.5456, 342.765], [-0.1983, 0.4831, 348.123], [-0.2084, 0.4202, 353.669], [-0.2122, 0.3582, 359.506], [-0.2096, 0.2983, 365.742], [-0.2004, 0.2414, 372.492], [-0.1851, 0.1884, 379.873], [-0.1639, 0.1401, 383.832]], "name": "longplank_3", "outputs": [[0.6313, 0.7482, 67.5], [0.6224, 0.7125, 67.5], [0.6104, 0.6707, 67.5], [0.5956, 0.6237, 67.5], [0.5782, 0.5721, 67.5], [0.5584, 0.5168, 67.5], [0.5366, 0.4588, 67.5], [0.5133, 0.399, 67.5], [0.4887, 0.3386, 67.5], [0.4632, 0.2784, 67.5], [0.4376, 0.2197, 67.5], [0.412, 0.1633, 67.5], [0.3868, 0.1102, 67.5], [0.3627, 0.0612, 67.5], [0.3398, 0.0174, 67.5], [0.3188, -0.0205, 67.5], [0.2999, -0.0519, 67.5]], "outline": [[2.0078, 4.3637], [1.666, 4.5053], [1.6146, 4.5089], [1.581, 4.47], [-0.2827, -0.0291], [-0.2863, -0.0805], [-0.2475, -0.1141], [0.0943, -0.2557], [0.1455, -0.2594], [0.1792, -0.2206], [2.0429, 4.2788], [2.0465, 4.33]], "flags": {"1": {"outline": [[0.4604, 0.4585], [-0.0014, 0.6498], [-0.0397, 0.5574], [0.4223, 0.3661]]}, "0": {"outline": [[0.4223, 0.3661], [-0.0397, 0.5574], [-0.1163, 0.3726], [0.3456, 0.1814]]}, "3": {"outline": [[0.7284, 1.1053], [0.2665, 1.2965], [0.1898, 1.1117], [0.6518, 0.9204]]}, "2": {"outline": [[0.6136, 0.828], [0.6518, 0.9204], [0.1898, 1.1117], [0.1517, 1.0194]]}}, "icon": [[-0.125, -0.125], [0.125, 0.125]]}