{"inputs": [[0.933013, 0.205, 223.668], [0.896677, 0.243067, 227.627], [0.853553, 0.277487, 235.008], [0.804381, 0.307674, 241.758], [0.75, 0.333109, 247.994], [0.691342, 0.353358, 253.831], [0.62941, 0.368074, 259.377], [0.565263, 0.377006, 264.735], [0.5, 0.38, 270], [0.434737, 0.377006, 275.265], [0.37059, 0.368074, 280.623], [0.308658, 0.353358, 286.169], [0.25, 0.333109, 292.006], [0.195619, 0.307674, 298.242], [0.146447, 0.277487, 304.992], [0.103323, 0.243066, 312.373], [0.0669873, 0.205, 316.332]], "name": "longplank_0", "outputs": [[0.933013, -0.296929, 0], [0.896677, -0.302367, 0], [0.853553, -0.307285, 0], [0.804381, -0.311597, 0], [0.75, -0.31523, 0], [0.691342, -0.318123, 0], [0.629409, -0.320226, 0], [0.565263, -0.321501, 0], [0.5, -0.321929, 0], [0.434737, -0.321501, 0], [0.370591, -0.320226, 0], [0.308658, -0.318123, 0], [0.25, -0.31523, 0], [0.195619, -0.311597, 0], [0.146447, -0.307285, 0], [0.103323, -0.302367, 0], [0.0669873, -0.296929, 0]], "outline": [[4.8, -0.185], [4.8, 0.185], [4.78375, 0.23375], [4.735, 0.25], [-0.135, 0.25], [-0.18375, 0.23375], [-0.2, 0.185], [-0.2, -0.185], [-0.18375, -0.23375], [-0.135, -0.25], [4.735, -0.25], [4.78375, -0.23375]], "flags": {"1": {"outline": [[0.6, -0.25], [0.6, 0.25], [0.5, 0.25], [0.5, -0.25]]}, "0": {"outline": [[0.5, -0.25], [0.5, 0.25], [0.3, 0.25], [0.3, -0.25]]}, "3": {"outline": [[1.3, -0.25], [1.3, 0.25], [1.1, 0.25], [1.1, -0.25]]}, "2": {"outline": [[1, -0.25], [1.1, -0.25], [1.1, 0.25], [1, 0.25]]}}, "icon": [[-0.125, -0.125], [0.125, 0.125]]}