{"inputs": [[-0.205, 0.9328, 313.668], [-0.2431, 0.8965, 317.627], [-0.2776, 0.8533, 325.00800000000004], [-0.3076, 0.8042, 331.75800000000004], [-0.3331, 0.7498, 337.994], [-0.3535, 0.6911, 343.831], [-0.3682, 0.6292, 349.377], [-0.3771, 0.565, 354.735], [-0.3801, 0.4998, 360.0], [-0.377, 0.4344, 365.265], [-0.3681, 0.3704, 370.623], [-0.3534, 0.3084, 376.169], [-0.3332, 0.2497, 382.006], [-0.3078, 0.1953, 388.242], [-0.2776, 0.1463, 394.992], [-0.2432, 0.1032, 402.373], [-0.2051, 0.0667, 406.332]], "name": "longplank_4", "outputs": [[0.2969, 0.9328, 90.0], [0.3023, 0.8964, 90.0], [0.3072, 0.8532, 90.0], [0.3115, 0.8041, 90.0], [0.3152, 0.7498, 90.0], [0.3181, 0.6911, 90.0], [0.3201, 0.6292, 90.0], [0.3215, 0.565, 90.0], [0.3219, 0.4998, 90.0], [0.3214, 0.4344, 90.0], [0.3202, 0.3704, 90.0], [0.3181, 0.3085, 90.0], [0.3151, 0.2498, 90.0], [0.3116, 0.1953, 90.0], [0.3072, 0.1461, 90.0], [0.3023, 0.103, 90.0], [0.2969, 0.0668, 90.0]], "outline": [[0.185, 4.7998], [-0.185, 4.7999], [-0.2338, 4.7835], [-0.25, 4.7347], [-0.2501, -0.1351], [-0.2338, -0.184], [-0.185, -0.2002], [0.1849, -0.2002], [0.2336, -0.184], [0.2499, -0.1353], [0.2499, 4.7348], [0.2337, 4.7835]], "flags": {"1": {"outline": [[0.2498, 0.5997], [-0.25, 0.5998], [-0.25, 0.4997], [0.25, 0.4998]]}, "0": {"outline": [[0.25, 0.4998], [-0.25, 0.4997], [-0.2501, 0.2997], [0.2498, 0.2998]]}, "3": {"outline": [[0.2499, 1.2999], [-0.25, 1.2997], [-0.2501, 1.0997], [0.2499, 1.0997]]}, "2": {"outline": [[0.25, 0.9997], [0.2499, 1.0997], [-0.2501, 1.0997], [-0.25, 0.9998]]}}, "icon": [[-0.125, -0.125], [0.125, 0.125]]}