{"inputs": [[0.2051, -0.9331, 493.668], [0.2433, -0.8969, 497.627], [0.2779, -0.8537, 505.00800000000004], [0.3078, -0.8044, 511.75800000000004], [0.3333, -0.7502, 517.994], [0.3537, -0.6914, 523.831], [0.3683, -0.6297, 529.377], [0.3774, -0.5653, 534.735], [0.3803, -0.5002, 540.0], [0.3771, -0.4348, 545.265], [0.3684, -0.3708, 550.623], [0.3537, -0.3088, 556.169], [0.3335, -0.2499, 562.006], [0.3081, -0.1956, 568.242], [0.2777, -0.1466, 574.992], [0.2434, -0.1036, 582.373], [0.2054, -0.0669, 586.332]], "name": "longplank_12", "outputs": [[-0.2969, -0.9332, 270.0], [-0.3021, -0.8968, 270.0], [-0.307, -0.8535, 270.0], [-0.3113, -0.8045, 270.0], [-0.3149, -0.7501, 270.0], [-0.318, -0.6913, 270.0], [-0.3199, -0.6297, 270.0], [-0.3214, -0.5653, 270.0], [-0.3218, -0.5001, 270.0], [-0.3213, -0.4347, 270.0], [-0.3199, -0.3708, 270.0], [-0.318, -0.3088, 270.0], [-0.3149, -0.2502, 270.0], [-0.3113, -0.1956, 270.0], [-0.3068, -0.1463, 270.0], [-0.302, -0.1034, 270.0], [-0.2968, -0.0671, 270.0]], "outline": [[-0.1849, -4.8002], [0.1853, -4.8001], [0.2338, -4.7838], [0.2501, -4.7351], [0.2503, 0.1347], [0.2341, 0.1836], [0.1854, 0.2], [-0.1847, 0.2], [-0.2335, 0.1837], [-0.2497, 0.135], [-0.2496, -4.7351], [-0.2335, -4.7838]], "flags": {"1": {"outline": [[-0.2497, -0.5999], [0.2502, -0.6001], [0.2502, -0.4999], [-0.2499, -0.5002]]}, "0": {"outline": [[-0.2499, -0.5002], [0.2502, -0.4999], [0.2504, -0.2999], [-0.2495, -0.3001]]}, "3": {"outline": [[-0.2496, -1.3], [0.2502, -1.2999], [0.2502, -1.1], [-0.2497, -1.1001]]}, "2": {"outline": [[-0.2499, -0.9999], [-0.2497, -1.1001], [0.2502, -1.1], [0.2502, -1.0]]}}, "icon": [[-0.125, -0.125], [0.125, 0.125]]}