{
"name": "numbers6",
"flags": {
	"0": { "outline": [[0.22,0.1],[0.217321,0.11],[0.21,0.117321],[0.2,0.12],[0.19,0.117321],[0.182679,0.11],[0.18,0.1],[0.18268,0.09],[0.19,0.0826795],[0.2,0.08],[0.21,0.0826795],[0.217321,0.09]] },
	"1": { "outline": [[0.22,-0.1],[0.217321,-0.09],[0.21,-0.0826795],[0.2,-0.08],[0.19,-0.0826795],[0.182679,-0.09],[0.18,-0.1],[0.18268,-0.11],[0.19,-0.117321],[0.2,-0.12],[0.21,-0.117321],[0.217321,-0.11]] },
	"2": { "outline": [[0.82,-0.1],[0.817321,-0.09],[0.81,-0.0826795],[0.8,-0.08],[0.79,-0.0826795],[0.782679,-0.09],[0.78,-0.1],[0.782679,-0.11],[0.79,-0.117321],[0.8,-0.12],[0.81,-0.117321],[0.817321,-0.11]] },
	"3": { "outline": [[0.82,0.1],[0.817321,0.11],[0.81,0.117321],[0.8,0.12],[0.79,0.117321],[0.782679,0.11],[0.78,0.1],[0.782679,0.09],[0.79,0.0826795],[0.8,0.08],[0.81,0.0826795],[0.817321,0.09]] }
},
"outline": [[0.755249,0.375873],[0.755249,0.36731],[0.747361,0.36731],[0.739474,0.36731],[0.731586,0.36731],[0.723699,0.36731],[0.715811,0.36731],[0.707923,0.36731],[0.700036,0.36731],[0.692148,0.36731],[0.684261,0.36731],[0.676373,0.36731],[0.668485,0.36731],[0.660598,0.36731],[0.65271,0.36731],[0.639661,0.367188],[0.62688,0.366824],[0.614368,0.366217],[0.602125,0.365368],[0.590151,0.364276],[0.578445,0.362941],[0.567008,0.361364],[0.55584,0.359543],[0.54494,0.35748],[0.534309,0.355175],[0.523947,0.352627],[0.513853,0.349835],[0.504028,0.346802],[0.494459,0.343547],[0.485133,0.340093],[0.476049,0.33644],[0.467208,0.332587],[0.45861,0.328535],[0.450254,0.324283],[0.442141,0.319832],[0.434271,0.315182],[0.426643,0.310332],[0.419258,0.305283],[0.412116,0.300035],[0.405216,0.294587],[0.39856,0.28894],[0.392141,0.283103],[0.385957,0.277083],[0.380006,0.270881],[0.37429,0.264497],[0.368808,0.257932],[0.363559,0.251184],[0.358545,0.244254],[0.353765,0.237142],[0.349219,0.229848],[0.344906,0.222372],[0.340828,0.214714],[0.336984,0.206875],[0.333374,0.198853],[0.329981,0.190666],[0.326787,0.182332],[0.323792,0.173851],[0.320997,0.165222],[0.318401,0.156446],[0.316004,0.147522],[0.313807,0.138452],[0.311809,0.129233],[0.31001,0.119868],[0.308411,0.110355],[0.307011,0.100695],[0.305811,0.0908875],[0.30481,0.0809326],[0.304584,0.0786227],[0.304359,0.0763127],[0.304133,0.0740028],[0.303908,0.0716928],[0.303683,0.0693829],[0.303457,0.0670729],[0.303232,0.064763],[0.303007,0.062453],[0.302781,0.0601431],[0.302556,0.0578331],[0.302331,0.0555232],[0.302105,0.0532133],[0.30188,0.0509033],[0.309061,0.0550075],[0.316407,0.0589816],[0.323918,0.0628258],[0.331593,0.0665399],[0.339433,0.070124],[0.347437,0.0735781],[0.355607,0.0769021],[0.363941,0.0800962],[0.372439,0.0831602],[0.374467,0.0838471],[0.374467,-0.0209315],[0.370745,-0.0223995],[0.366771,-0.0240117],[0.362823,-0.0256586],[0.3589,-0.0273401],[0.355004,-0.0290564],[0.351134,-0.0308072],[0.34729,-0.0325928],[0.343485,-0.0344043],[0.339732,-0.0362332],[0.336031,-0.0380794],[0.332382,-0.039943],[0.328784,-0.0418239],[0.325239,-0.0437221],[0.321746,-0.0456377],[0.318305,-0.0475706],[0.314916,-0.0495208],[0.311579,-0.0514884],[0.308294,-0.0534733],[0.305061,-0.0554755],[0.30188,-0.0574951],[0.301958,-0.0718488],[0.302192,-0.0858385],[0.302582,-0.0994642],[0.303128,-0.112726],[0.30383,-0.125623],[0.304688,-0.138157],[0.305702,-0.150326],[0.306872,-0.162132],[0.308199,-0.173573],[0.309681,-0.18465],[0.311319,-0.195364],[0.313113,-0.205713],[0.315063,-0.215698],[0.317165,-0.225241],[0.319415,-0.23449],[0.321811,-0.243444],[0.324355,-0.252103],[0.327047,-0.260467],[0.329885,-0.268537],[0.332871,-0.276312],[0.336005,-0.283792],[0.339285,-0.290977],[0.342713,-0.297868],[0.346289,-0.304464],[0.350012,-0.310766],[0.353882,-0.316772],[0.358008,-0.322502],[0.362272,-0.327971],[0.366675,-0.33318],[0.371217,-0.33813],[0.375898,-0.342819],[0.380717,-0.347248],[0.385675,-0.351417],[0.390772,-0.355326],[0.396007,-0.358976],[0.401381,-0.362365],[0.406894,-0.365494],[0.412545,-0.368363],[0.418335,-0.370972],[0.424264,-0.373355],[0.430331,-0.375548],[0.436537,-0.37755],[0.442882,-0.379362],[0.449365,-0.380983],[0.455988,-0.382413],[0.462748,-0.383653],[0.469648,-0.384701],[0.476686,-0.385559],[0.483863,-0.386227],[0.491178,-0.386704],[0.498633,-0.38699],[0.506226,-0.387085],[0.512605,-0.387007],[0.518898,-0.386773],[0.525104,-0.386383],[0.531223,-0.385837],[0.537256,-0.385135],[0.543202,-0.384277],[0.549061,-0.383262],[0.554834,-0.382092],[0.56052,-0.380766],[0.566119,-0.379284],[0.571632,-0.377646],[0.577058,-0.375852],[0.582397,-0.373901],[0.587745,-0.371687],[0.592972,-0.369325],[0.598077,-0.366816],[0.603061,-0.364159],[0.607924,-0.361355],[0.612665,-0.358404],[0.617285,-0.355305],[0.621784,-0.352059],[0.626161,-0.348665],[0.630417,-0.345125],[0.634551,-0.341436],[0.638564,-0.337601],[0.642456,-0.333618],[0.646331,-0.329497],[0.650066,-0.325245],[0.653663,-0.320864],[0.657122,-0.316352],[0.660442,-0.311711],[0.663623,-0.306939],[0.666665,-0.302037],[0.669569,-0.297006],[0.672334,-0.291844],[0.67496,-0.286553],[0.677448,-0.281131],[0.679797,-0.275579],[0.682007,-0.269897],[0.684174,-0.263977],[0.686167,-0.257936],[0.687988,-0.251773],[0.689634,-0.245489],[0.691108,-0.239084],[0.692408,-0.232557],[0.693535,-0.225909],[0.694488,-0.219139],[0.695268,-0.212249],[0.695875,-0.205236],[0.696309,-0.198103],[0.696569,-0.190848],[0.696655,-0.183472],[0.69659,-0.176763],[0.696395,-0.170158],[0.69607,-0.163657],[0.695615,-0.157261],[0.69503,-0.150968],[0.694315,-0.144779],[0.69347,-0.138694],[0.692495,-0.132714],[0.69139,-0.126837],[0.690154,-0.121064],[0.688789,-0.115395],[0.687294,-0.109831],[0.685669,-0.10437],[0.684018,-0.0989181],[0.682219,-0.0936048],[0.680273,-0.0884302],[0.67818,-0.0833943],[0.675939,-0.078497],[0.673551,-0.0737384],[0.671016,-0.0691185],[0.668333,-0.0646373],[0.665503,-0.0602948],[0.662526,-0.056091],[0.659401,-0.0520258],[0.656129,-0.0480993],[0.65271,-0.0443115],[0.649143,-0.0405497],[0.645429,-0.0369266],[0.641568,-0.0334422],[0.637559,-0.0300965],[0.633403,-0.0268894],[0.629099,-0.023821],[0.624648,-0.0208914],[0.62005,-0.0181004],[0.615304,-0.015448],[0.610412,-0.0129344],[0.605371,-0.0105594],[0.600184,-0.00832318],[0.594849,-0.00622559],[0.58947,-0.004167],[0.583927,-0.00227311],[0.57822,-0.0005439],[0.572347,0.00102062],[0.56631,0.00242046],[0.560108,0.00365561],[0.553742,0.00472607],[0.547211,0.00563184],[0.540515,0.00637293],[0.533655,0.00694934],[0.526629,0.00736105],[0.51944,0.00760808],[0.512085,0.00769043],[0.507799,0.00766009],[0.503504,0.00756908],[0.4992,0.0074174],[0.494888,0.00720504],[0.490567,0.006932],[0.486238,0.0065983],[0.4819,0.00620392],[0.477553,0.00574886],[0.473197,0.00523313],[0.468833,0.00465673],[0.46446,0.00401965],[0.460079,0.0033219],[0.455688,0.00256348],[0.451298,0.00174871],[0.446917,0.00088194],[0.442544,-3.68385e-05],[0.43818,-0.00100762],[0.433824,-0.00203041],[0.429477,-0.00310521],[0.425139,-0.00423201],[0.42081,-0.00541082],[0.416489,-0.00664164],[0.412177,-0.00792446],[0.407873,-0.00925929],[0.403578,-0.0106461],[0.399292,-0.012085],[0.395136,-0.0134545],[0.391006,-0.0148586],[0.386901,-0.0162975],[0.382823,-0.017771],[0.382822,0.0866403],[0.389931,0.0888982],[0.398924,0.0915722],[0.408081,0.0941162],[0.41749,0.0966082],[0.427011,0.0989008],[0.436646,0.100994],[0.446392,0.102888],[0.456252,0.104582],[0.466224,0.106078],[0.476309,0.107373],[0.486506,0.10847],[0.496817,0.109367],[0.50724,0.110065],[0.517775,0.110563],[0.528423,0.110862],[0.539185,0.110962],[0.550232,0.110836],[0.561062,0.110459],[0.571675,0.109831],[0.582072,0.108951],[0.592253,0.10782],[0.602216,0.106437],[0.611963,0.104804],[0.621493,0.102918],[0.630807,0.100782],[0.639903,0.0983937],[0.648783,0.0957544],[0.657447,0.0928637],[0.665894,0.0897217],[0.674232,0.0863543],[0.682345,0.0827875],[0.690232,0.0790214],[0.697895,0.0750559],[0.705332,0.0708911],[0.712543,0.0665269],[0.719529,0.0619633],[0.72629,0.0572004],[0.732826,0.0522382],[0.739136,0.0470765],[0.74522,0.0417156],[0.75108,0.0361552],[0.756714,0.0303955],[0.76224,0.0245578],[0.767549,0.0185381],[0.772641,