{
"name": "numbers2",
"flags": {
	"0": { "outline": [[0.22,0.1],[0.217321,0.11],[0.21,0.117321],[0.2,0.12],[0.19,0.117321],[0.182679,0.11],[0.18,0.1],[0.18268,0.09],[0.19,0.0826795],[0.2,0.08],[0.21,0.0826795],[0.217321,0.09]] },
	"1": { "outline": [[0.22,-0.1],[0.217321,-0.09],[0.21,-0.0826795],[0.2,-0.08],[0.19,-0.0826795],[0.182679,-0.09],[0.18,-0.1],[0.18268,-0.11],[0.19,-0.117321],[0.2,-0.12],[0.21,-0.117321],[0.217321,-0.11]] },
	"2": { "outline": [[0.82,-0.1],[0.817321,-0.09],[0.81,-0.0826795],[0.8,-0.08],[0.79,-0.0826795],[0.782679,-0.09],[0.78,-0.1],[0.782679,-0.11],[0.79,-0.117321],[0.8,-0.12],[0.81,-0.117321],[0.817321,-0.11]] },
	"3": { "outline": [[0.82,0.1],[0.817321,0.11],[0.81,0.117321],[0.8,0.12],[0.79,0.117321],[0.782679,0.11],[0.78,0.1],[0.782679,0.09],[0.79,0.0826795],[0.8,0.08],[0.81,0.0826795],[0.817321,0.09]] }
},
"outline": [[0.815308,-0.485229],[0.766799,-0.485229],[0.71829,-0.485229],[0.669781,-0.485229],[0.621272,-0.485229],[0.572763,-0.485229],[0.524254,-0.485229],[0.475745,-0.485229],[0.427237,-0.485229],[0.378728,-0.485229],[0.330219,-0.485229],[0.28171,-0.485229],[0.233201,-0.485229],[0.184692,-0.485229],[0.184692,-0.47644],[0.184692,-0.467651],[0.184692,-0.458862],[0.184692,-0.450073],[0.184692,-0.441284],[0.184692,-0.432495],[0.184692,-0.423706],[0.184692,-0.414917],[0.184692,-0.406128],[0.184692,-0.397339],[0.184692,-0.38855],[0.184692,-0.379761],[0.184692,-0.370972],[0.203735,-0.352041],[0.222778,-0.333111],[0.241821,-0.314181],[0.260864,-0.295251],[0.279907,-0.27632],[0.29895,-0.25739],[0.317993,-0.23846],[0.337036,-0.219529],[0.356079,-0.200599],[0.375122,-0.181669],[0.394165,-0.162739],[0.413208,-0.143808],[0.432251,-0.124878],[0.441469,-0.115733],[0.450419,-0.10678],[0.459099,-0.0980167],[0.467511,-0.0894443],[0.475655,-0.0810626],[0.483529,-0.0728716],[0.491135,-0.0648713],[0.498472,-0.0570617],[0.505541,-0.0494428],[0.512341,-0.0420146],[0.518872,-0.034777],[0.525134,-0.0277302],[0.531128,-0.020874],[0.536888,-0.0141609],[0.542448,-0.00754308],[0.547809,-0.00102062],[0.552971,0.00540649],[0.557933,0.0117383],[0.562696,0.0179747],[0.567259,0.0241158],[0.571624,0.0301615],[0.575788,0.0361119],[0.579754,0.0419669],[0.58352,0.0477266],[0.587087,0.0533909],[0.590454,0.05896],[0.593639,0.064568],[0.59666,0.070124],[0.599516,0.075628],[0.602208,0.08108],[0.604734,0.08648],[0.607096,0.0918279],[0.609293,0.0971239],[0.611326,0.102368],[0.613194,0.10756],[0.614897,0.1127],[0.616436,0.117788],[0.617809,0.122824],[0.619019,0.127808],[0.620102,0.132796],[0.621099,0.137845],[0.622009,0.142954],[0.622832,0.148125],[0.623569,0.153356],[0.624219,0.158647],[0.624783,0.164],[0.625259,0.169413],[0.625649,0.174886],[0.625953,0.180421],[0.626169,0.186016],[0.626299,0.191671],[0.626343,0.197388],[0.626286,0.202775],[0.626117,0.208118],[0.625836,0.213419],[0.625441,0.218676],[0.624934,0.223889],[0.624314,0.22906],[0.623582,0.234186],[0.622737,0.23927],[0.621779,0.24431],[0.620709,0.249307],[0.619526,0.254261],[0.61823,0.259171],[0.616821,0.264038],[0.615296,0.268948],[0.613649,0.273763],[0.611881,0.278483],[0.609991,0.283107],[0.60798,0.287636],[0.605848,0.292069],[0.603594,0.296408],[0.601219,0.300651],[0.598723,0.304798],[0.596105,0.30885],[0.593366,0.312807],[0.590506,0.316668],[0.587524,0.320435],[0.584413,0.324092],[0.581162,0.327629],[0.577773,0.331044],[0.574245,0.334338],[0.570579,0.33751],[0.566774,0.340561],[0.56283,0.343491],[0.558748,0.346299],[0.554526,0.348986],[0.550167,0.351552],[0.545668,0.353996],[0.541031,0.356319],[0.536255,0.358521],[0.531336,0.360579],[0.52627,0.362473],[0.521056,0.364202],[0.515695,0.365767],[0.510187,0.367167],[0.504531,0.368402],[0.498728,0.369472],[0.492778,0.370378],[0.48668,0.371119],[0.480435,0.371696],[0.474042,0.372107],[0.467503,0.372354],[0.460815,0.372437],[0.451528,0.372276],[0.442371,0.371795],[0.433343,0.370993],[0.424446,0.369871],[0.415678,0.368428],[0.407041,0.366664],[0.398534,0.364579],[0.390156,0.362174],[0.381909,0.359448],[0.373792,0.356401],[0.365804,0.353034],[0.357947,0.349346],[0.35022,0.345337],[0.342605,0.341072],[0.335086,0.336617],[0.327662,0.331971],[0.320333,0.327135],[0.3131,0.322107],[0.305962,0.316889],[0.29892,0.311481],[0.291973,0.305882],[0.285121,0.300091],[0.278364,0.294111],[0.271703,0.287939],[0.265137,0.281577],[0.258667,0.275024],[0.253258,0.281504],[0.24785,0.287983],[0.242441,0.294462],[0.237032,0.300941],[0.231624,0.30742],[0.226215,0.313899],[0.220806,0.320378],[0.215398,0.326857],[0.209989,0.333336],[0.204581,0.339816],[0.199172,0.346295],[0.193763,0.352774],[0.188354,0.359253],[0.196788,0.367908],[0.205413,0.376294],[0.214228,0.384411],[0.223233,0.39226],[0.23243,0.39984],[0.241817,0.407151],[0.251395,0.414193],[0.261163,0.420967],[0.271122,0.427472],[0.281272,0.433709],[0.291613,0.439676],[0.302144,0.445375],[0.312866,0.450806],[0.323931,0.455898],[0.335264,0.460583],[0.346865,0.46486],[0.358736,0.468731],[0.370875,0.472193],[0.383283,0.475249],[0.395959,0.477897],[0.408904,0.480137],[0.422118,0.48197],[0.435601,0.483396],[0.449352,0.484415],[0.463372,0.485026],[0.477661,0.485229],[0.487395,0.485117],[0.49699,0.484779],[0.506447,0.484215],[0.515764,0.483427],[0.524944,0.482412],[0.533984,0.481173],[0.542886,0.479708],[0.551649,0.478018],[0.560273,0.476102],[0.568759,0.473961],[0.577106,0.471595],[0.585314,0.469004],[0.593384,0.466187],[0.60141,0.463157],[0.609263,0.459928],[0.616943,0.4565],[0.624449,0.452873],[0.631782,0.449046],[0.638941,0.44502],[0.645927,0.440794],[0.65274,0.43637],[0.65938,0.431745],[0.665846,0.426922],[0.672139,0.421899],[0.678258,0.416677],[0.684204,0.411255],[0.689959,0.405638],[0.695507,0.399831],[0.700846,0.393833],[0.705977,0.387644],[0.710901,0.381265],[0.715616,0.374694],[0.720123,0.367934],[0.724422,0.360982],[0.728513,0.35384],[0.732397,0.346507],[0.736072,0.338984],[0.739539,0.331269],[0.742798,0.323364],[0.74594,0.315286],[0.748831,0.307052],[0.75147,0.298661],[0.753858,0.290115],[0.755994,0.281413],[0.75788,0.272554],[0.759514,0.26354],[0.760896,0.254369],[0.762027,0.245043],[0.762907,0.23556],[0.763535,0.225922],[0.763912,0.216127],[0.764038,0.206177],[0.763951,0.197773],[0.763691,0.189465],[0.763258,0.181253],[0.762651,0.173135],[0.761871,0.165113],[0.760918,0.157187],[0.759791,0.149356],[0.758491,0.14162],[0.757017,0.133979],[0.75537,0.126434],[0.75355,0.118984],[0.751557,0.111629],[0.74939,0.10437],[0.747045,0.0971586],[0.744518,0.089947],[0.74181,0.0827355],[0.738919,0.075524],[0.735846,0.0683124],[0.732592,0.0611009],[0.729155,0.0538894],[0.725536,0.0466778],[0.721735,0.0394663],[0.717752,0.0322548],[0.713588,0.0250432],[0.709241,0.0178317],[0.704712,0.0106201],[0.700109,0.00349959],[0.695316,-0.00366427],[0.690332,-0.0108715],[0.685158,-0.018122],[0.679792,-0.0254159],[0.674236,-0.0327531],[0.66849,-0.0401337],[0.662552,-0.0475576],[0.656424,-0.0550248],[0.650105,-0.0625354],[0.643596,-0.0700893],[0.636896,-0.0776865],[0.630005,-0.0853271],[0.623032,-0.0930457],[0.615859,-0.100877],[0.608487,-0.108821],[0.600916,-0.116878],[0.593145,-0.125047],[0.585176,-0.133329],[0.577006,-0.141724],[0.568638,-0.150231],[0.56007,-0.158851],[0.551302,-0.167584],[0.542335,-0.176429],[0.533169,-0.185387],[0.523804,-0.194458],[0.510451,-0.207473],[0.497098,-0.220487],[0.483746,-0.233502],[0.470393,-0.246516],[0.457041,-0.259531],[0.443688,-0.272545],[0.430335,-0.28556],[0.416983,-0.298575],[0.40363,-0.311589],[0.390278,-0.324604],[0.376925,-0.337618],[0.363572,-0.350633],[0.35022,-0.363647],[0.385996,-0.363647],[0.421772,-0.363647],[0.457548,-0.363647],[0.493324,-0.363647],[0.5291,-0.363647],[0.564876,-0.363647],[0.600652,-0.363647],[0.636428,-0.363647],[0.672203,-0.363647],[0.707979,-0.363647],[0.743755,-0.363647],[0.779531,-0.363647],[0.815308,-0.363647],[0.815308,-0.373],[0.815308,-0.382352],[0.815308,-0.391705],[0.815308,-0.401057],[0.815308,-0.41041],[0.815308,-0.419762],[0.815308,-0.429115],[0.815308,-0.438467],[0.815308,-0.447819],[0.815308,-0.457172],[0.815308,-0.466524],[0.815308,-0.475877]],