{
"name": "numbers1",
"flags": {
	"0": { "outline": [[0.22,0.1],[0.217321,0.11],[0.21,0.117321],[0.2,0.12],[0.19,0.117321],[0.182679,0.11],[0.18,0.1],[0.18268,0.09],[0.19,0.0826795],[0.2,0.08],[0.21,0.0826795],[0.217321,0.09]] },
	"1": { "outline": [[0.22,-0.1],[0.217321,-0.09],[0.21,-0.0826795],[0.2,-0.08],[0.19,-0.0826795],[0.182679,-0.09],[0.18,-0.1],[0.18268,-0.11],[0.19,-0.117321],[0.2,-0.12],[0.21,-0.117321],[0.217321,-0.11]] },
	"2": { "outline": [[0.82,-0.1],[0.817321,-0.09],[0.81,-0.0826795],[0.8,-0.08],[0.79,-0.0826795],[0.782679,-0.09],[0.78,-0.1],[0.782679,-0.11],[0.79,-0.117321],[0.8,-0.12],[0.81,-0.117321],[0.817321,-0.11]] },
	"3": { "outline": [[0.82,0.1],[0.817321,0.11],[0.81,0.117321],[0.8,0.12],[0.79,0.117321],[0.782679,0.11],[0.78,0.1],[0.782679,0.09],[0.79,0.0826795],[0.8,0.08],[0.81,0.0826795],[0.817321,0.09]] }
},
"outline": [[0.815674,-0.480835],[0.214355,-0.480835],[0.214355,-0.362183],[0.460449,-0.362183],[0.460449,0.336548],[0.231201,0.212036],[0.184326,0.320435],[0.489014,0.480835],[0.601807,0.480835],[0.601807,-0.362183],[0.815674,-0.362183]],
"inputs": [[0.0669873,0.376904,136.332],[0.103323,0.41497,132.373],[0.146447,0.449391,124.992],[0.195619,0.479577,118.242],[0.25,0.505013,112.006],[0.308658,0.525261,106.169],[0.37059,0.539978,100.623],[0.434737,0.548909,95.2653],[0.5,0.551904,90],[0.565263,0.548909,84.7347],[0.62941,0.539978,79.3768],[0.691342,0.525261,73.8305],[0.75,0.505013,67.9941],[0.804381,0.479577,61.7585],[0.853553,0.449391,55.008],[0.896677,0.41497,47.6271],[0.933013,0.376904,43.6676]],
"outputs": [[0.933013,-0.528284,278.512],[0.896677,-0.533722,277.425],[0.853553,-0.53864,275.711],[0.804381,-0.542952,274.388],[0.75,-0.546586,273.304],[0.691342,-0.549478,272.372],[0.629409,-0.551581,271.535],[0.565263,-0.552857,270.754],[0.5,-0.553284,270],[0.434737,-0.552857,269.246],[0.370591,-0.551581,268.465],[0.308658,-0.549478,267.628],[0.25,-0.546586,266.696],[0.195619,-0.542952,265.612],[0.146447,-0.53864,264.289],[0.103323,-0.533722,262.575],[0.0669873,-0.528284,261.488]],
"icon": [[0.47998,-0.469989],[0.57598,-0.373989]]
}