{
"name": "numbers3",
"flags": {
	"0": { "outline": [[0.22,0.1],[0.217321,0.11],[0.21,0.117321],[0.2,0.12],[0.19,0.117321],[0.182679,0.11],[0.18,0.1],[0.18268,0.09],[0.19,0.0826795],[0.2,0.08],[0.21,0.0826795],[0.217321,0.09]] },
	"1": { "outline": [[0.22,-0.1],[0.217321,-0.09],[0.21,-0.0826795],[0.2,-0.08],[0.19,-0.0826795],[0.182679,-0.09],[0.18,-0.1],[0.18268,-0.11],[0.19,-0.117321],[0.2,-0.12],[0.21,-0.117321],[0.217321,-0.11]] },
	"2": { "outline": [[0.82,-0.1],[0.817321,-0.09],[0.81,-0.0826795],[0.8,-0.08],[0.79,-0.0826795],[0.782679,-0.09],[0.78,-0.1],[0.782679,-0.11],[0.79,-0.117321],[0.8,-0.12],[0.81,-0.117321],[0.817321,-0.11]] },
	"3": { "outline": [[0.82,0.1],[0.817321,0.11],[0.81,0.117321],[0.8,0.12],[0.79,0.117321],[0.782679,0.11],[0.78,0.1],[0.782679,0.09],[0.79,0.0826795],[0.8,0.08],[0.81,0.0826795],[0.817321,0.09]] }
},
"outline": [[0.799927,-0.194458],[0.799775,-0.204105],[0.79932,-0.213666],[0.798562,-0.223139],[0.7975,-0.232527],[0.796135,-0.241827],[0.794466,-0.251041],[0.792494,-0.260168],[0.790219,-0.269208],[0.78764,-0.278162],[0.784758,-0.287029],[0.781573,-0.29581],[0.778084,-0.304503],[0.774292,-0.31311],[0.770196,-0.321483],[0.765798,-0.3297],[0.761095,-0.337761],[0.75609,-0.345666],[0.750781,-0.353415],[0.745168,-0.361008],[0.739253,-0.368445],[0.733034,-0.375726],[0.726511,-0.382851],[0.719685,-0.38982],[0.712556,-0.396632],[0.705124,-0.403289],[0.697388,-0.40979],[0.689344,-0.416],[0.680988,-0.422012],[0.672321,-0.427823],[0.663341,-0.433436],[0.654049,-0.438849],[0.644445,-0.444062],[0.634529,-0.449076],[0.624302,-0.453891],[0.613762,-0.458507],[0.60291,-0.462923],[0.591746,-0.46714],[0.58027,-0.471157],[0.568481,-0.474976],[0.556386,-0.478443],[0.543986,-0.481632],[0.531284,-0.484545],[0.518278,-0.48718],[0.504969,-0.489537],[0.491356,-0.491618],[0.47744,-0.49342],[0.463221,-0.494946],[0.448698,-0.496194],[0.433872,-0.497165],[0.418742,-0.497858],[0.403309,-0.498274],[0.387573,-0.498413],[0.378854,-0.498391],[0.370272,-0.498326],[0.36183,-0.498218],[0.353526,-0.498066],[0.345361,-0.497871],[0.337335,-0.497633],[0.329448,-0.497351],[0.321699,-0.497026],[0.314088,-0.496658],[0.306617,-0.496246],[0.299284,-0.495791],[0.29209,-0.495293],[0.285034,-0.494751],[0.278083,-0.494175],[0.271201,-0.493572],[0.264388,-0.492944],[0.257644,-0.492289],[0.25097,-0.491609],[0.244365,-0.490903],[0.23783,-0.49017],[0.231364,-0.489412],[0.224967,-0.488627],[0.218639,-0.487817],[0.212381,-0.48698],[0.206193,-0.486118],[0.200073,-0.485229],[0.200073,-0.47644],[0.200073,-0.467651],[0.200073,-0.458862],[0.200073,-0.450073],[0.200073,-0.441284],[0.200073,-0.432495],[0.200073,-0.423706],[0.200073,-0.414917],[0.200073,-0.406128],[0.200073,-0.397339],[0.200073,-0.38855],[0.200073,-0.379761],[0.200073,-0.370972],[0.20709,-0.372189],[0.214167,-0.373364],[0.221305,-0.374495],[0.228503,-0.375583],[0.235763,-0.376627],[0.243082,-0.377628],[0.250463,-0.378586],[0.257904,-0.379501],[0.265406,-0.380372],[0.272969,-0.3812],[0.280592,-0.381984],[0.288276,-0.382725],[0.296021,-0.383423],[0.303808,-0.384073],[0.311622,-0.384671],[0.319462,-0.385217],[0.327328,-0.385711],[0.33522,-0.386153],[0.343138,-0.386543],[0.351082,-0.386881],[0.359052,-0.387167],[0.367048,-0.387401],[0.37507,-0.387583],[0.383118,-0.387713],[0.391192,-0.387791],[0.399292,-0.387817],[0.410209,-0.387744],[0.420875,-0.387523],[0.431289,-0.387154],[0.441452,-0.386639],[0.451363,-0.385976],[0.461023,-0.385165],[0.470432,-0.384207],[0.47959,-0.383102],[0.488496,-0.38185],[0.49715,-0.38045],[0.505554,-0.378903],[0.513706,-0.377208],[0.521606,-0.375366],[0.529381,-0.373273],[0.536931,-0.37105],[0.544255,-0.368696],[0.551354,-0.366213],[0.558228,-0.3636],[0.564876,-0.360856],[0.571298,-0.357983],[0.577496,-0.35498],[0.583468,-0.351846],[0.589215,-0.348583],[0.594736,-0.34519],[0.600032,-0.341666],[0.605103,-0.338013],[0.609956,-0.334234],[0.614602,-0.330333],[0.61904,-0.326311],[0.62327,-0.322168],[0.627292,-0.317904],[0.631106,-0.313518],[0.634711,-0.309011],[0.638109,-0.304382],[0.641299,-0.299632],[0.644281,-0.294761],[0.647054,-0.289768],[0.64962,-0.284654],[0.651978,-0.279419],[0.654144,-0.274071],[0.656138,-0.268619],[0.657958,-0.263063],[0.659605,-0.257403],[0.661079,-0.251639],[0.662379,-0.245771],[0.663506,-0.239799],[0.664459,-0.233723],[0.665239,-0.227543],[0.665846,-0.221259],[0.666279,-0.21487],[0.666539,-0.208378],[0.666626,-0.201782],[0.666522,-0.195758],[0.66621,-0.189855],[0.66569,-0.184074],[0.664962,-0.178414],[0.664026,-0.172875],[0.662882,-0.167458],[0.661529,-0.162162],[0.659969,-0.156987],[0.658201,-0.151934],[0.656225,-0.147002],[0.65404,-0.142192],[0.651648,-0.137502],[0.649048,-0.132935],[0.646257,-0.128484],[0.643292,-0.124146],[0.640155,-0.11992],[0.636844,-0.115807],[0.633359,-0.111807],[0.629702,-0.10792],[0.62587,-0.104145],[0.621866,-0.100483],[0.617688,-0.0969332],[0.613337,-0.0934965],[0.608812,-0.0901724],[0.604114,-0.086961],[0.599243,-0.0838623],[0.59432,-0.0808806],[0.589241,-0.0780203],[0.584005,-0.0752813],[0.578614,-0.0726636],[0.573067,-0.0701673],[0.567363,-0.0677924],[0.561504,-0.0655388],[0.555489,-0.0634065],[0.549317,-0.0613956],[0.54299,-0.059506],[0.536506,-0.0577378],[0.529867,-0.0560909],[0.523071,-0.0545654],[0.516258,-0.0530486],[0.509342,-0.0516531],[0.502321,-0.0503789],[0.495196,-0.0492261],[0.487967,-0.0481947],[0.480634,-0.0472846],[0.473197,-0.0464958],[0.465656,-0.0458284],[0.458011,-0.0452823],[0.450263,-0.0448576],[0.44241,-0.0445542],[0.434453,-0.0443722],[0.426392,-0.0443115],[0.417997,-0.0443115],[0.409602,-0.0443115],[0.401208,-0.0443115],[0.392813,-0.0443115],[0.384418,-0.0443115],[0.376023,-0.0443115],[0.367629,-0.0443115],[0.359234,-0.0443115],[0.350839,-0.0443115],[0.342445,-0.0443115],[0.33405,-0.0443115],[0.325655,-0.0443115],[0.317261,-0.0443115],[0.317261,-0.0362549],[0.317261,-0.0281982],[0.317261,-0.0201416],[0.317261,-0.012085],[0.317261,-0.00402834],[0.317261,0.0040283],[0.317261,0.0120849],[0.317261,0.0201416],[0.317261,0.0281982],[0.317261,0.0362548],[0.317261,0.0443115],[0.317261,0.0523681],[0.317261,0.0604248],[0.325768,0.0604248],[0.334275,0.0604248],[0.342783,0.0604248],[0.35129,0.0604248],[0.359798,0.0604248],[0.368305,0.0604248],[0.376812,0.0604248],[0.38532,0.0604248],[0.393827,0.0604248],[0.402334,0.0604248],[0.410842,0.0604248],[0.419349,0.0604248],[0.427856,0.0604248],[0.434457,0.0604898],[0.440962,0.0606848],[0.447372,0.0610099],[0.453686,0.0614649],[0.459905,0.06205],[0.466029,0.0627651],[0.472057,0.0636102],[0.477991,0.0645853],[0.483828,0.0656904],[0.489571,0.0669256],[0.495218,0.0682907],[0.500769,0.0697859],[0.506226,0.0714111],[0.511682,0.0732704],[0.517008,0.0752423],[0.522205,0.0773268],[0.527271,0.0795241],[0.532207,0.0818341],[0.537013,0.0842567],[0.54169,0.086792],[0.546236,0.08944],[0.550652,0.0922006],[0.554938,0.095074],[0.559094,0.09806],[0.56312,0.101159],[0.567017,0.10437],[0.570887,0.107694],[0.57461,0.111131],[0.578185,0.11468],[0.581613,0.118342],[0.584894,0.122117],[0.588027,0.126005],[0.591013,0.130005],[0.593852,0.134118],[0.596543,0.138343],[0.599087,0.142681],[0.601484,0.147132],[0.603733,0.151696],[0.605835,0.156372],[0.607894,0.161265],[0.609787,0.166253],[0.611517,0.171337],[0.613081,0.176516],[0.614481,0.18179],[0.615716,0.18716],[0.616786,0.192625],[0.617692,0.198185],[0.618433,0.203841],[0.61901,0.209592],[0.619421,0.215438],[0.619668,0.22138],[0.619751,0.227417],[0.619474,0.239001],[0.618642,0.250092],[0.617255,0.260688],[0.615313,0.27079],[0.612817,0.280398],[0.609766,0.289512],[0.60616,0.298133],[0.602,0.306258],[0.597284,0.31389],[0.592014,0.321028],[0.58619,0.327672],[0.57981,0.333822],[0.572876,0.339478],[0.565404,0.344678],[0.557413,0.349463],[0.548901,0.353831],[0.539869,0.357784],[0.530317,0.36132],[0.520246,0.364441],[0.509654,0.367145],[0.498542,0.369433],[0.48691,0.371305],[0.474757,0.372762],[0.462085,0.373802],[0.448893,0.374426],[0.435181,0.374634],[0.427726,0.374577],[0.420238,0.374408],[0.412714,0.374127],[0.405156,0.373732],[0.397563,0.373225],[0.389935,