{
"name": "numbers9",
"flags": {
	"0": { "outline": [[0.22,0.1],[0.217321,0.11],[0.21,0.117321],[0.2,0.12],[0.19,0.117321],[0.182679,0.11],[0.18,0.1],[0.18268,0.09],[0.19,0.0826795],[0.2,0.08],[0.21,0.0826795],[0.217321,0.09]] },
	"1": { "outline": [[0.22,-0.1],[0.217321,-0.09],[0.21,-0.0826795],[0.2,-0.08],[0.19,-0.0826795],[0.182679,-0.09],[0.18,-0.1],[0.18268,-0.11],[0.19,-0.117321],[0.2,-0.12],[0.21,-0.117321],[0.217321,-0.11]] },
	"2": { "outline": [[0.82,-0.1],[0.817321,-0.09],[0.81,-0.0826795],[0.8,-0.08],[0.79,-0.0826795],[0.782679,-0.09],[0.78,-0.1],[0.782679,-0.11],[0.79,-0.117321],[0.8,-0.12],[0.81,-0.117321],[0.817321,-0.11]] },
	"3": { "outline": [[0.82,0.1],[0.817321,0.11],[0.81,0.117321],[0.8,0.12],[0.79,0.117321],[0.782679,0.11],[0.78,0.1],[0.782679,0.09],[0.79,0.0826795],[0.8,0.08],[0.81,0.0826795],[0.817321,0.09]] }
},
"outline": [[0.228638,-0.382465],[0.228638,-0.373901],[0.235455,-0.373901],[0.242272,-0.373901],[0.249089,-0.373901],[0.255906,-0.373901],[0.262724,-0.373901],[0.269541,-0.373901],[0.276358,-0.373901],[0.283175,-0.373901],[0.289992,-0.373901],[0.296809,-0.373901],[0.303626,-0.373901],[0.310444,-0.373901],[0.317261,-0.373901],[0.331645,-0.373789],[0.345726,-0.373451],[0.359503,-0.372887],[0.372977,-0.372098],[0.386147,-0.371084],[0.399015,-0.369845],[0.411578,-0.36838],[0.423839,-0.36669],[0.435796,-0.364774],[0.44745,-0.362633],[0.4588,-0.360267],[0.469847,-0.357675],[0.480591,-0.354858],[0.491044,-0.351825],[0.50122,-0.348583],[0.511119,-0.345133],[0.52074,-0.341475],[0.530083,-0.33761],[0.53915,-0.333536],[0.547939,-0.329254],[0.556451,-0.324764],[0.564685,-0.320066],[0.572642,-0.31516],[0.580322,-0.310046],[0.587724,-0.304724],[0.594849,-0.299194],[0.601817,-0.293357],[0.608526,-0.287337],[0.614975,-0.281135],[0.621164,-0.274751],[0.627093,-0.268186],[0.632761,-0.261438],[0.63817,-0.254508],[0.643319,-0.247396],[0.648207,-0.240102],[0.652836,-0.232626],[0.657204,-0.224968],[0.661313,-0.217128],[0.665161,-0.209106],[0.668771,-0.200794],[0.672165,-0.192308],[0.675341,-0.183649],[0.678301,-0.174817],[0.681045,-0.165811],[0.683571,-0.156632],[0.685881,-0.14728],[0.687974,-0.137754],[0.689851,-0.128055],[0.691511,-0.118182],[0.692954,-0.108136],[0.69418,-0.097917],[0.69519,-0.0875244],[0.695416,-0.0852145],[0.695641,-0.0829045],[0.695867,-0.0805946],[0.696092,-0.0782846],[0.696317,-0.0759747],[0.696543,-0.0736647],[0.696768,-0.0713548],[0.696993,-0.0690448],[0.697219,-0.0667349],[0.697444,-0.0644249],[0.697669,-0.062115],[0.697895,-0.059805],[0.69812,-0.0574951],[0.690939,-0.0616036],[0.685975,-0.0642977],[0.685975,0.0425049],[0.68872,0.0441642],[0.691914,0.0461491],[0.695047,0.0481513],[0.69812,0.0501709],[0.698038,0.0645203],[0.697791,0.078497],[0.697379,0.092101],[0.696803,0.105332],[0.696062,0.118191],[0.695156,0.130677],[0.694085,0.14279],[0.69285,0.15453],[0.691451,0.165898],[0.689886,0.176893],[0.688157,0.187515],[0.686263,0.197765],[0.684204,0.207642],[0.681989,0.217293],[0.679628,0.226641],[0.677118,0.235686],[0.674462,0.244427],[0.671658,0.252865],[0.668706,0.261],[0.665608,0.268831],[0.662361,0.276359],[0.658968,0.283584],[0.655427,0.290505],[0.651739,0.297123],[0.647904,0.303437],[0.643921,0.309448],[0.639795,0.315286],[0.635531,0.320855],[0.631127,0.326155],[0.626585,0.331187],[0.621905,0.33595],[0.617086,0.340444],[0.612128,0.34467],[0.607031,0.348626],[0.601796,0.352314],[0.596422,0.355734],[0.590909,0.358885],[0.585258,0.361767],[0.579468,0.36438],[0.57366,0.366764],[0.567732,0.368956],[0.561682,0.370959],[0.55551,0.37277],[0.549218,0.374391],[0.542803,0.375821],[0.536268,0.377061],[0.529611,0.37811],[0.522833,0.378968],[0.515933,0.379635],[0.508913,0.380112],[0.50177,0.380398],[0.494507,0.380493],[0.488231,0.380411],[0.482025,0.380164],[0.475889,0.379752],[0.469821,0.379176],[0.463823,0.378435],[0.457894,0.377529],[0.452035,0.376458],[0.446245,0.375223],[0.440524,0.373823],[0.434873,0.372259],[0.429291,0.37053],[0.423778,0.368636],[0.418335,0.366577],[0.413091,0.364471],[0.407951,0.362209],[0.402915,0.35979],[0.397983,0.357216],[0.393155,0.354486],[0.388431,0.351599],[0.383811,0.348557],[0.379296,0.345359],[0.374884,0.342004],[0.370576,0.338494],[0.366372,0.334827],[0.362272,0.331005],[0.358276,0.327026],[0.354506,0.323009],[0.350857,0.318844],[0.347329,0.314532],[0.343923,0.310072],[0.340638,0.305465],[0.337474,0.300711],[0.334431,0.29581],[0.33151,0.290761],[0.328711,0.285564],[0.326032,0.280221],[0.323476,0.27473],[0.32104,0.269091],[0.318726,0.263306],[0.316559,0.257381],[0.314565,0.251327],[0.312745,0.245142],[0.311098,0.238828],[0.309624,0.232384],[0.308324,0.225809],[0.307198,0.219105],[0.306244,0.21227],[0.305464,0.205306],[0.304857,0.198211],[0.304424,0.190987],[0.304164,0.183632],[0.304077,0.176147],[0.304138,0.16933],[0.30432,0.162626],[0.304623,0.156034],[0.305048,0.149555],[0.305594,0.143188],[0.306261,0.136935],[0.30705,0.130794],[0.30796,0.124765],[0.308992,0.11885],[0.310145,0.113046],[0.311419,0.107356],[0.312814,0.101778],[0.314331,0.0963135],[0.316086,0.0909655],[0.317971,0.0857389],[0.319987,0.0806336],[0.322132,0.0756496],[0.324407,0.070787],[0.326813,0.0660458],[0.329348,0.0614259],[0.332013,0.0569274],[0.334809,0.0525502],[0.337734,0.0482943],[0.340789,0.0441598],[0.343975,0.0401467],[0.34729,0.0362549],[0.350857,0.0326014],[0.354571,0.029078],[0.358432,0.0256846],[0.362441,0.0224212],[0.366597,0.0192878],[0.370901,0.0162845],[0.375352,0.0134111],[0.37995,0.0106678],[0.384696,0.00805448],[0.389588,0.00557118],[0.394629,0.00321789],[0.399816,0.000994626],[0.405151,-0.00109863],[0.410638,-0.00304887],[0.416281,-0.00484309],[0.422079,-0.00648128],[0.428034,-0.00796346],[0.434145,-0.00928962],[0.440412,-0.0104598],[0.446834,-0.0114739],[0.453413,-0.012332],[0.460148,-0.0130341],[0.467039,-0.0135801],[0.474086,-0.0139702],[0.481289,-0.0142042],[0.488647,-0.0142822],[0.492825,-0.0142519],[0.49702,-0.0141609],[0.501233,-0.0140092],[0.505463,-0.0137968],[0.50971,-0.0135238],[0.513975,-0.0131901],[0.518256,-0.0127957],[0.522556,-0.0123407],[0.526872,-0.0118249],[0.531206,-0.0112485],[0.535557,-0.0106115],[0.539926,-0.0099137],[0.544312,-0.00915527],[0.548806,-0.00834484],[0.553274,-0.00749107],[0.557716,-0.00659396],[0.562132,-0.00565352],[0.566523,-0.00466973],[0.570887,-0.00364261],[0.575225,-0.00257215],[0.579537,-0.00145835],[0.583823,-0.000301206],[0.588084,0.000899272],[0.592318,0.00214309],[0.596526,0.00343024],[0.600708,0.00476074],[0.604973,0.00613024],[0.609202,0.00753441],[0.613398,0.00897325],[0.617558,0.0104468],[0.621684,0.0119549],[0.625775,0.0134978],[0.629832,0.0150753],[0.633853,0.0166875],[0.637841,0.0183344],[0.641793,0.0200159],[0.645711,0.0217321],[0.649594,0.023483],[0.653442,0.0252686],[0.657243,0.0270801],[0.660983,0.028909],[0.664663,0.0307552],[0.668282,0.0326188],[0.67184,0.0344997],[0.675337,0.0363979],[0.677621,0.0376708],[0.677621,-0.0686647],[0.676082,-0.0694566],[0.668407,-0.073201],[0.660567,-0.0768241],[0.652563,-0.0803259],[0.644393,-0.0837063],[0.636059,-0.0869654],[0.627561,-0.0901031],[0.618897,-0.0931194],[0.610069,-0.0960145],[0.601077,-0.0987881],[0.591919,-0.10144],[0.582618,-0.103824],[0.573197,-0.106017],[0.563654,-0.108019],[0.553989,-0.109831],[0.544203,-0.111452],[0.534296,-0.112882],[0.524267,-0.114121],[0.514118,-0.11517],[0.503846,-0.116028],[0.493454,-0.116696],[0.48294,-0.117172],[0.472305,-0.117458],[0.461548,-0.117554],[0.450497,-0.117428],[0.439653,-0.117051],[0.429018,-0.116423],[0.418591,-0.115543],[0.408371,-0.114412],[0.39836,-0.113029],[0.388557,-0.111395],[0.378962,-0.10951],[0.369575,-0.107373],[0.360396,-0.104986],[0.351425,-0.102346],[0.342661,-0.0994555],[0.334106,-0.0963135],[0.325764,-0.0929461],[0.317638,-0.0893793],[0.309728,-0.0856132],[0.302036,-0.0816477],[0.29456,-0.0774829],[0.287301,-0.0731187],[0.280258,-0.0685551],[0.273432,-0.0637922],[0.266823,-0.05883],[0.260431,-0.0536683],[0.254255,-0.0483074],[0.248296,-0.042747],[0.242554,-0.0369873],[0.237136,-0.0310456],[0.231927,-0.0249392],[0.226926,-0.0186681],