{
"name": "numbers5",
"flags": {
	"0": { "outline": [[0.22,0.1],[0.217321,0.11],[0.21,0.117321],[0.2,0.12],[0.19,0.117321],[0.182679,0.11],[0.18,0.1],[0.18268,0.09],[0.19,0.0826795],[0.2,0.08],[0.21,0.0826795],[0.217321,0.09]] },
	"1": { "outline": [[0.22,-0.1],[0.217321,-0.09],[0.21,-0.0826795],[0.2,-0.08],[0.19,-0.0826795],[0.182679,-0.09],[0.18,-0.1],[0.18268,-0.11],[0.19,-0.117321],[0.2,-0.12],[0.21,-0.117321],[0.217321,-0.11]] },
	"2": { "outline": [[0.82,-0.1],[0.817321,-0.09],[0.81,-0.0826795],[0.8,-0.08],[0.79,-0.0826795],[0.782679,-0.09],[0.78,-0.1],[0.782679,-0.11],[0.79,-0.117321],[0.8,-0.12],[0.81,-0.117321],[0.817321,-0.11]] },
	"3": { "outline": [[0.82,0.1],[0.817321,0.11],[0.81,0.117321],[0.8,0.12],[0.79,0.117321],[0.782679,0.11],[0.78,0.1],[0.782679,0.09],[0.79,0.0826795],[0.8,0.08],[0.81,0.0826795],[0.817321,0.09]] }
},
"outline": [[0.79187,-0.172485],[0.791688,-0.183342],[0.791142,-0.194051],[0.790232,-0.204612],[0.788958,-0.215026],[0.78732,-0.225293],[0.785317,-0.235413],[0.782951,-0.245385],[0.780221,-0.25521],[0.777126,-0.264888],[0.773668,-0.274418],[0.769845,-0.2838],[0.765659,-0.293036],[0.761108,-0.302124],[0.756237,-0.311043],[0.751089,-0.319771],[0.745663,-0.328309],[0.739959,-0.336656],[0.733978,-0.344813],[0.72772,-0.352778],[0.721185,-0.360553],[0.714372,-0.368137],[0.707282,-0.375531],[0.699914,-0.382734],[0.692269,-0.389746],[0.684347,-0.396567],[0.676147,-0.403198],[0.667805,-0.409513],[0.659228,-0.41561],[0.650417,-0.421491],[0.641373,-0.427156],[0.632094,-0.432603],[0.622581,-0.437834],[0.612834,-0.442849],[0.602853,-0.447646],[0.592638,-0.452227],[0.582189,-0.456591],[0.571506,-0.460739],[0.560589,-0.46467],[0.549438,-0.468384],[0.538101,-0.471851],[0.526625,-0.475041],[0.51501,-0.477953],[0.503257,-0.480588],[0.491365,-0.482946],[0.479334,-0.485026],[0.467164,-0.486829],[0.454856,-0.488354],[0.44241,-0.489602],[0.429824,-0.490573],[0.4171,-0.491267],[0.404237,-0.491683],[0.391235,-0.491821],[0.387946,-0.491813],[0.384613,-0.491787],[0.381237,-0.491743],[0.377818,-0.491683],[0.374355,-0.491605],[0.370849,-0.491509],[0.367299,-0.491397],[0.363707,-0.491267],[0.360071,-0.491119],[0.356391,-0.490954],[0.352668,-0.490772],[0.348902,-0.490573],[0.345093,-0.490356],[0.341374,-0.490235],[0.337656,-0.490096],[0.333937,-0.48994],[0.330219,-0.489767],[0.326501,-0.489576],[0.322782,-0.489368],[0.319064,-0.489143],[0.315345,-0.4889],[0.311627,-0.48864],[0.307908,-0.488363],[0.30419,-0.488068],[0.300472,-0.487756],[0.296753,-0.487427],[0.293039,-0.487197],[0.289333,-0.486959],[0.285637,-0.486712],[0.281948,-0.486456],[0.278269,-0.486192],[0.274598,-0.485919],[0.270936,-0.485637],[0.267283,-0.485347],[0.263638,-0.485047],[0.260002,-0.48474],[0.256374,-0.484423],[0.252756,-0.484098],[0.249146,-0.483765],[0.245678,-0.483422],[0.242263,-0.483071],[0.2389,-0.482712],[0.235589,-0.482343],[0.23233,-0.481966],[0.229123,-0.48158],[0.225968,-0.481186],[0.222865,-0.480783],[0.219814,-0.480371],[0.216815,-0.479951],[0.213868,-0.479522],[0.210973,-0.479084],[0.20813,-0.478638],[0.20813,-0.469736],[0.20813,-0.460834],[0.20813,-0.451932],[0.20813,-0.443031],[0.20813,-0.434129],[0.20813,-0.425227],[0.20813,-0.416325],[0.20813,-0.407424],[0.20813,-0.398522],[0.20813,-0.38962],[0.20813,-0.380718],[0.20813,-0.371817],[0.20813,-0.362915],[0.21428,-0.36435],[0.220559,-0.365723],[0.226969,-0.367037],[0.233509,-0.368289],[0.240179,-0.369481],[0.246979,-0.370612],[0.253908,-0.371682],[0.260968,-0.372692],[0.268158,-0.373641],[0.275478,-0.37453],[0.282928,-0.375358],[0.290508,-0.376125],[0.298218,-0.376831],[0.30611,-0.377481],[0.31401,-0.378079],[0.32192,-0.378625],[0.329838,-0.379119],[0.337764,-0.379561],[0.345699,-0.379951],[0.353643,-0.380289],[0.361596,-0.380576],[0.369557,-0.38081],[0.377527,-0.380992],[0.385506,-0.381122],[0.393493,-0.3812],[0.401489,-0.381226],[0.410434,-0.381143],[0.419241,-0.380896],[0.427908,-0.380484],[0.436437,-0.379908],[0.444828,-0.379167],[0.453079,-0.378261],[0.461192,-0.377191],[0.469167,-0.375956],[0.477002,-0.374556],[0.484699,-0.372991],[0.492258,-0.371262],[0.499677,-0.369368],[0.506958,-0.36731],[0.514087,-0.365099],[0.521052,-0.36275],[0.527852,-0.360263],[0.534487,-0.357636],[0.540957,-0.354871],[0.547263,-0.351968],[0.553404,-0.348925],[0.55938,-0.345744],[0.565192,-0.342425],[0.570839,-0.338966],[0.576321,-0.335369],[0.581639,-0.331633],[0.586792,-0.327759],[0.591772,-0.323642],[0.596569,-0.319403],[0.601185,-0.315043],[0.605618,-0.310562],[0.60987,-0.305959],[0.613939,-0.301236],[0.617827,-0.29639],[0.621532,-0.291424],[0.625056,-0.286336],[0.628397,-0.281126],[0.631556,-0.275796],[0.634534,-0.270344],[0.637329,-0.264771],[0.639929,-0.258972],[0.642322,-0.253069],[0.644506,-0.247062],[0.646482,-0.240952],[0.64825,-0.234737],[0.649811,-0.228418],[0.651163,-0.221995],[0.652307,-0.215469],[0.653243,-0.208838],[0.653971,-0.202103],[0.654491,-0.195264],[0.654803,-0.188321],[0.654907,-0.181274],[0.654526,-0.167818],[0.653382,-0.154942],[0.651475,-0.142647],[0.648805,-0.130932],[0.645373,-0.119799],[0.641178,-0.109246],[0.63622,-0.0992735],[0.630499,-0.0898821],[0.624016,-0.0810713],[0.616769,-0.0728413],[0.608761,-0.0651921],[0.599989,-0.0581236],[0.590454,-0.0516357],[0.580317,-0.0455683],[0.569513,-0.0399863],[0.558041,-0.0348897],[0.545902,-0.0302785],[0.533096,-0.0261527],[0.519622,-0.0225122],[0.50548,-0.0193572],[0.490671,-0.0166875],[0.475195,-0.0145033],[0.459052,-0.0128044],[0.442241,-0.0115909],[0.424762,-0.0108628],[0.406616,-0.0106201],[0.392644,-0.0106201],[0.378672,-0.0106201],[0.364699,-0.0106201],[0.350727,-0.0106201],[0.336755,-0.0106201],[0.322782,-0.0106201],[0.30881,-0.0106201],[0.294837,-0.0106201],[0.280865,-0.0106201],[0.266893,-0.0106201],[0.25292,-0.0106201],[0.238948,-0.0106201],[0.224976,-0.0106201],[0.224976,0.0270151],[0.224976,0.0646503],[0.224976,0.102285],[0.224976,0.139921],[0.224976,0.177556],[0.224976,0.215191],[0.224976,0.252826],[0.224976,0.290462],[0.224976,0.328097],[0.224976,0.365732],[0.224976,0.403367],[0.224976,0.441002],[0.224976,0.478638],[0.264639,0.478638],[0.304302,0.478638],[0.343966,0.478638],[0.383629,0.478638],[0.423293,0.478638],[0.462956,0.478638],[0.50262,0.478638],[0.542283,0.478638],[0.581946,0.478638],[0.62161,0.478638],[0.661273,0.478638],[0.700937,0.478638],[0.740601,0.478638],[0.740601,0.470074],[0.740601,0.46151],[0.740601,0.452947],[0.740601,0.444383],[0.740601,0.435819],[0.740601,0.427256],[0.740601,0.418692],[0.740601,0.410128],[0.740601,0.401564],[0.740601,0.393001],[0.740601,0.384437],[0.740601,0.375873],[0.740601,0.36731],[0.710177,0.36731],[0.679753,0.36731],[0.64933,0.36731],[0.618906,0.36731],[0.588482,0.36731],[0.558059,0.36731],[0.527635,0.36731],[0.497211,0.36731],[0.466788,0.36731],[0.436364,0.36731],[0.40594,0.36731],[0.375517,0.36731],[0.345093,0.36731],[0.345093,0.346633],[0.345093,0.325956],[0.345093,0.305279],[0.345093,0.284602],[0.345093,0.263925],[0.345093,0.243249],[0.345093,0.222572],[0.345093,0.201895],[0.345093,0.181218],[0.345093,0.160541],[0.345093,0.139865],[0.345093,0.119188],[0.345093,0.0985107],[0.351516,0.0985107],[0.357938,0.0985107],[0.364361,0.0985107],[0.370784,0.0985107],[0.377207,0.0985107],[0.38363,0.0985107],[0.390052,0.0985107],[0.396475,0.0985107],[0.402898,0.0985107],[0.409321,0.0985107],[0.415743,0.0985107],[0.422166,0.0985107],[0.428589,0.0985107],[0.439159,0.0984371],[0.449686,0.098216],[0.46017,0.0978477],[0.47061,0.0973319],[0.481007,0.0966688],[0.49136,0.0958584],[0.501671,0.0949006],[0.511938,0.0937955],[0.522161,0.092543],[0.532341,0.0911432],[0.542478,0.089596],[0.552572,0.0879015],[0.562622,0.0860596],[0.572564,0.0840313],[0.582332,0.0817777],[0.591928,0.0792988],[0.601349,0.0765944],[0.610598,0.0736647],[0.619673,0.0705097],[0.628575,0.0671293],[0.637303,0.0635235],[0.645858,0.0596924],[0.65424,0.0556359],[0.662448,0.0513541],[0.670483,0.0468468],[0.678345,0.0421143],[0.686111,0.0372517],[0.693635,0.0321291],[0.700915,0.0267464],[0.707954,0.0211037],[0.714749,0.015201],[0.721302,0.00903827],