{
"name": "numbers0",
"flags": {
	"0": { "outline": [[0.22,0.1],[0.217321,0.11],[0.21,0.117321],[0.2,0.12],[0.19,0.117321],[0.182679,0.11],[0.18,0.1],[0.18268,0.09],[0.19,0.0826795],[0.2,0.08],[0.21,0.0826795],[0.217321,0.09]] },
	"1": { "outline": [[0.22,-0.1],[0.217321,-0.09],[0.21,-0.0826795],[0.2,-0.08],[0.19,-0.0826795],[0.182679,-0.09],[0.18,-0.1],[0.18268,-0.11],[0.19,-0.117321],[0.2,-0.12],[0.21,-0.117321],[0.217321,-0.11]] },
	"2": { "outline": [[0.82,-0.1],[0.817321,-0.09],[0.81,-0.0826795],[0.8,-0.08],[0.79,-0.0826795],[0.782679,-0.09],[0.78,-0.1],[0.782679,-0.11],[0.79,-0.117321],[0.8,-0.12],[0.81,-0.117321],[0.817321,-0.11]] },
	"3": { "outline": [[0.82,0.1],[0.817321,0.11],[0.81,0.117321],[0.8,0.12],[0.79,0.117321],[0.782679,0.11],[0.78,0.1],[0.782679,0.09],[0.79,0.0826795],[0.8,0.08],[0.81,0.0826795],[0.817321,0.09]] }
},
"outline": [[0.49239,0.375956],[0.484883,0.375527],[0.477481,0.374811],[0.470183,0.37381],[0.462989,0.372523],[0.455899,0.37095],[0.448912,0.369091],[0.44203,0.366946],[0.435252,0.364514],[0.428578,0.361797],[0.422008,0.358794],[0.415542,0.355504],[0.40918,0.351929],[0.403052,0.348067],[0.397062,0.34392],[0.391212,0.339486],[0.385499,0.334767],[0.379926,0.329761],[0.374491,0.324469],[0.369196,0.318892],[0.364038,0.313028],[0.35902,0.306878],[0.35414,0.300443],[0.349398,0.293721],[0.344796,0.286713],[0.340332,0.279419],[0.336016,0.271956],[0.331855,0.264216],[0.327851,0.256198],[0.324002,0.247903],[0.32031,0.239331],[0.316773,0.230481],[0.313393,0.221354],[0.310168,0.211949],[0.3071,0.202268],[0.304188,0.192308],[0.301431,0.182072],[0.298831,0.171558],[0.296387,0.160767],[0.294111,0.149815],[0.292018,0.138595],[0.290107,0.127106],[0.288378,0.115348],[0.286831,0.103321],[0.285465,0.0910262],[0.284282,0.0784624],[0.283281,0.0656298],[0.282462,0.0525286],[0.281825,0.0391586],[0.28137,0.02552],[0.281097,0.0116126],[0.281006,-0.00256348],[0.281006,-0.00605657],[0.281006,-0.00954966],[0.281006,-0.0130427],[0.281006,-0.0165358],[0.281006,-0.0200289],[0.281006,-0.023522],[0.281006,-0.0270151],[0.281006,-0.0305082],[0.281006,-0.0340013],[0.281006,-0.0374944],[0.281006,-0.0409875],[0.281006,-0.0444805],[0.281006,-0.0479736],[0.281127,-0.0514581],[0.281266,-0.0549251],[0.281422,-0.0583749],[0.281595,-0.0618073],[0.281786,-0.0652224],[0.281994,-0.0686201],[0.282219,-0.0720005],[0.282462,-0.0753636],[0.282722,-0.0787093],[0.282999,-0.0820377],[0.283294,-0.0853488],[0.283606,-0.0886425],[0.283936,-0.0919189],[0.315092,-0.0688758],[0.346248,-0.0458327],[0.377404,-0.0227896],[0.40856,0.000253528],[0.439716,0.0232966],[0.470872,0.0463398],[0.502028,0.0693829],[0.502336,0.0696108],[0.502336,-0.0706096],[0.495042,-0.076031],[0.463886,-0.0991868],[0.43273,-0.122343],[0.401574,-0.145498],[0.370418,-0.168654],[0.339261,-0.19181],[0.308105,-0.214966],[0.30983,-0.220791],[0.311625,-0.226546],[0.313488,-0.232232],[0.315421,-0.237849],[0.317423,-0.243396],[0.319495,-0.248874],[0.321636,-0.254283],[0.323846,-0.259622],[0.326126,-0.264892],[0.328475,-0.270092],[0.330893,-0.275224],[0.333381,-0.280286],[0.335938,-0.285278],[0.338568,-0.290184],[0.341277,-0.294986],[0.344063,-0.299684],[0.346928,-0.304278],[0.349871,-0.308768],[0.352892,-0.313154],[0.35599,-0.317436],[0.359167,-0.321613],[0.362422,-0.325687],[0.365754,-0.329657],[0.369165,-0.333523],[0.372654,-0.337285],[0.376221,-0.340942],[0.379974,-0.344379],[0.383796,-0.347703],[0.387688,-0.350915],[0.391649,-0.354013],[0.39568,-0.356999],[0.39978,-0.359873],[0.403949,-0.362633],[0.408187,-0.365281],[0.412495,-0.367817],[0.416872,-0.370239],[0.421319,-0.372549],[0.425835,-0.374746],[0.43042,-0.376831],[0.4352,-0.378673],[0.440076,-0.380367],[0.445047,-0.381915],[0.450113,-0.383315],[0.455275,-0.384567],[0.460532,-0.385672],[0.465884,-0.38663],[0.471332,-0.38744],[0.476875,-0.388103],[0.482513,-0.388619],[0.488247,-0.388988],[0.494076,-0.389209],[0.5,-0.389282],[0.502336,-0.389238],[0.502336,-0.498265],[0.492676,-0.498413],[0.480927,-0.498244],[0.469342,-0.497737],[0.457923,-0.496892],[0.446668,-0.495709],[0.435577,-0.494188],[0.424652,-0.492328],[0.413891,-0.490131],[0.403294,-0.487596],[0.392863,-0.484722],[0.382596,-0.481511],[0.372494,-0.477962],[0.362556,-0.474074],[0.352783,-0.469849],[0.343201,-0.465159],[0.333836,-0.460106],[0.324687,-0.454689],[0.315755,-0.448907],[0.307039,-0.442762],[0.298541,-0.436253],[0.290259,-0.429379],[0.282193,-0.422142],[0.274345,-0.41454],[0.266713,-0.406574],[0.259298,-0.398245],[0.252099,-0.389551],[0.245117,-0.380493],[0.238365,-0.371058],[0.231856,-0.361234],[0.225589,-0.351019],[0.219565,-0.340414],[0.213783,-0.329419],[0.208245,-0.318034],[0.202949,-0.306258],[0.197895,-0.294093],[0.193085,-0.281538],[0.188517,-0.268593],[0.184192,-0.255258],[0.180109,-0.241532],[0.17627,-0.227417],[0.172694,-0.212903],[0.169405,-0.197981],[0.166401,-0.182653],[0.163684,-0.166916],[0.161253,-0.150773],[0.159107,-0.134222],[0.157248,-0.117263],[0.155675,-0.0998976],[0.154388,-0.0821244],[0.153387,-0.0639439],[0.152672,-0.045356],[0.152243,-0.0263607],[0.1521,-0.00695801],[0.15223,0.00983135],[0.15262,0.0263953],[0.15327,0.042734],[0.15418,0.0588473],[0.15535,0.0747352],[0.15678,0.0903977],[0.15847,0.105835],[0.160421,0.121047],[0.162631,0.136033],[0.165101,0.150794],[0.167831,0.16533],[0.170822,0.179641],[0.174072,0.193726],[0.177691,0.207542],[0.181561,0.221046],[0.185683,0.234238],[0.190056,0.247119],[0.19468,0.259687],[0.199555,0.271943],[0.204682,0.283887],[0.210061,0.295519],[0.21569,0.306839],[0.221571,0.317847],[0.227704,0.328543],[0.234087,0.338927],[0.240723,0.348999],[0.247726,0.35885],[0.25499,0.368345],[0.262513,0.377485],[0.270297,0.38627],[0.278341,0.3947],[0.286644,0.402774],[0.295208,0.410492],[0.304032,0.417855],[0.313115,0.424863],[0.322459,0.431516],[0.332063,0.437813],[0.341927,0.443754],[0.352051,0.449341],[0.362435,0.45465],[0.373079,0.459534],[0.383983,0.463994],[0.395147,0.468028],[0.406571,0.471639],[0.418255,0.474824],[0.430199,0.477585],[0.442403,0.479921],[0.454867,0.481832],[0.467591,0.483318],[0.480576,0.48438],[0.49382,0.485017],[0.507324,0.485229],[0.519073,0.485056],[0.530658,0.484536],[0.542077,0.483669],[0.553332,0.482456],[0.564423,0.480896],[0.575348,0.478989],[0.586109,0.476735],[0.596706,0.474135],[0.607137,0.471188],[0.617404,0.467894],[0.627506,0.464254],[0.637444,0.460267],[0.647217,0.455933],[0.656799,0.451347],[0.666164,0.446381],[0.675313,0.441033],[0.684245,0.435304],[0.692961,0.429193],[0.701459,0.422701],[0.709741,0.415827],[0.717807,0.408572],[0.725655,0.400936],[0.733287,0.392918],[0.740702,0.384519],[0.747901,0.375739],[0.754883,0.366577],[0.761635,0.357142],[0.768144,0.347317],[0.774411,0.337103],[0.780435,0.326498],[0.786217,0.315503],[0.791755,0.304118],[0.797051,0.292343],[0.802104,0.280177],[0.806915,0.267622],[0.811483,0.254677],[0.815808,0.241342],[0.819891,0.227616],[0.82373,0.213501],[0.827306,0.198987],[0.830595,0.184065],[0.833599,0.168737],[0.836316,0.153],[0.838747,0.136857],[0.840892,0.120306],[0.842752,0.103347],[0.844325,0.0859816],[0.845612,0.0682085],[0.846613,0.0500279],[0.847328,0.03144],[0.847757,0.0124447],[0.8479,-0.00695801],[0.84777,-0.0237474],[0.84738,-0.0403114],[0.84673,-0.05665],[0.84582,-0.0727633],[0.84465,-0.0886512],[0.84322,-0.104314],[0.84153,-0.119751],[0.839579,-0.134963],[0.837369,-0.149949],[0.834899,-0.16471],[0.832168,-0.179246],[0.829178,-0.193557],[0.825928,-0.207642],[0.822413,-0.221354],[0.81863,-0.234772],[0.814577,-0.247894],[0.810256,-0.260723],[0.805667,-0.273256],[0.800809,-0.285495],[0.795682,-0.297439],[0.790286,-0.309088],[0.784622,-0.320443],[0.778689,-0.331503],[0.772487,-0.342269],[0.766016,-0.352739],[0.759277,-0.362915],[0.752274,-0.372662],[0.74501,-0.382071],[0.737487,-0.391141],[0.729703,-0.399874],[0.721659,-0.408269],[0.713356,-0.416325],[0.704792,-0.424044],[0.695968,-0.431425],[0.686885,-0.438467],[0.677541,-0.445172],[0.667937,-0.451538],[0.658073,-0.457566],[0.647949,-0.463257],[0.637669,-0.468457],[0.627112,-0.473242],[0.616277,-0.477611],[0.605165,