{
"name": "numbers8",
"flags": {
	"0": { "outline": [[0.22,0.1],[0.217321,0.11],[0.21,0.117321],[0.2,0.12],[0.19,0.117321],[0.182679,0.11],[0.18,0.1],[0.18268,0.09],[0.19,0.0826795],[0.2,0.08],[0.21,0.0826795],[0.217321,0.09]] },
	"1": { "outline": [[0.22,-0.1],[0.217321,-0.09],[0.21,-0.0826795],[0.2,-0.08],[0.19,-0.0826795],[0.182679,-0.09],[0.18,-0.1],[0.18268,-0.11],[0.19,-0.117321],[0.2,-0.12],[0.21,-0.117321],[0.217321,-0.11]] },
	"2": { "outline": [[0.82,-0.1],[0.817321,-0.09],[0.81,-0.0826795],[0.8,-0.08],[0.79,-0.0826795],[0.782679,-0.09],[0.78,-0.1],[0.782679,-0.11],[0.79,-0.117321],[0.8,-0.12],[0.81,-0.117321],[0.817321,-0.11]] },
	"3": { "outline": [[0.82,0.1],[0.817321,0.11],[0.81,0.117321],[0.8,0.12],[0.79,0.117321],[0.782679,0.11],[0.78,0.1],[0.782679,0.09],[0.79,0.0826795],[0.8,0.08],[0.81,0.0826795],[0.817321,0.09]] }
},
"outline": [[0.55753,0.0955767],[0.568,0.101705],[0.577968,0.107868],[0.587433,0.114065],[0.596396,0.120297],[0.604855,0.126564],[0.612812,0.132865],[0.620267,0.139201],[0.627218,0.145572],[0.633667,0.151978],[0.639626,0.158591],[0.645108,0.16536],[0.650114,0.172286],[0.654643,0.179368],[0.658695,0.186605],[0.66227,0.193999],[0.665369,0.201548],[0.667991,0.209254],[0.670136,0.217115],[0.671805,0.225133],[0.672997,0.233307],[0.673712,0.241636],[0.67395,0.250122],[0.673677,0.259951],[0.672858,0.269382],[0.671493,0.278414],[0.669582,0.287047],[0.667124,0.295281],[0.664121,0.303117],[0.660572,0.310553],[0.656476,0.317592],[0.651834,0.324231],[0.646647,0.330472],[0.640913,0.336314],[0.634633,0.341757],[0.627808,0.346802],[0.6206,0.351569],[0.612951,0.355955],[0.60486,0.359959],[0.596326,0.363582],[0.587351,0.366824],[0.577934,0.369684],[0.568074,0.372163],[0.557772,0.374261],[0.547029,0.375977],[0.535843,0.377312],[0.524215,0.378265],[0.512146,0.378838],[0.499634,0.379028],[0.487226,0.378842],[0.475243,0.378283],[0.463684,0.377351],[0.452551,0.376047],[0.441842,0.374369],[0.431558,0.37232],[0.421698,0.369897],[0.412263,0.367102],[0.403253,0.363934],[0.394668,0.360393],[0.386507,0.356479],[0.378771,0.352193],[0.37146,0.347534],[0.364742,0.342503],[0.358562,0.337098],[0.35292,0.331321],[0.347814,0.325171],[0.343247,0.318649],[0.339216,0.311754],[0.335723,0.304486],[0.332767,0.296845],[0.330349,0.288832],[0.328468,0.280446],[0.327125,0.271687],[0.326319,0.262556],[0.32605,0.253052],[0.326115,0.248683],[0.32631,0.244367],[0.326635,0.240102],[0.32709,0.23589],[0.327675,0.231729],[0.32839,0.227621],[0.329235,0.223564],[0.33021,0.21956],[0.331315,0.215607],[0.332551,0.211707],[0.333916,0.207858],[0.335411,0.204062],[0.337036,0.200317],[0.338796,0.196616],[0.340694,0.19295],[0.342731,0.189318],[0.344906,0.185721],[0.347221,0.182159],[0.349674,0.178631],[0.352265,0.175138],[0.354996,0.171679],[0.357865,0.168255],[0.360872,0.164866],[0.364019,0.161512],[0.367304,0.158192],[0.370728,0.154907],[0.374398,0.151644],[0.378199,0.148389],[0.38213,0.145143],[0.386191,0.141906],[0.390382,0.138677],[0.394702,0.135457],[0.399153,0.132245],[0.403734,0.129043],[0.408445,0.125849],[0.413286,0.122663],[0.418257,0.119487],[0.423358,0.116319],[0.428589,0.113159],[0.433963,0.11],[0.439493,0.106832],[0.445179,0.103655],[0.451021,0.10047],[0.457019,0.0972756],[0.463173,0.0940729],[0.469483,0.0908615],[0.475949,0.0876414],[0.482571,0.0844127],[0.48935,0.0811753],[0.496284,0.0779292],[0.503374,0.0746745],[0.51062,0.0714111],[0.523102,0.0774005],[0.53508,0.0834246],[0.540462,0.0862655],[0.540462,-0.0749209],[0.539098,-0.0741978],[0.531418,-0.0702367],[0.523496,-0.0662582],[0.515331,-0.0622624],[0.506923,-0.0582492],[0.498273,-0.0542187],[0.48938,-0.0501709],[0.481809,-0.0538893],[0.474419,-0.0576078],[0.467212,-0.0613263],[0.460187,-0.0650447],[0.453344,-0.0687632],[0.446683,-0.0724816],[0.440204,-0.0762001],[0.433906,-0.0799185],[0.427791,-0.083637],[0.421858,-0.0873554],[0.416107,-0.0910739],[0.410538,-0.0947923],[0.405151,-0.0985107],[0.400042,-0.102125],[0.395079,-0.105757],[0.390265,-0.109406],[0.385597,-0.113073],[0.381077,-0.116756],[0.376704,-0.120457],[0.372478,-0.124176],[0.3684,-0.127912],[0.364469,-0.131665],[0.360686,-0.135435],[0.35705,-0.139223],[0.353561,-0.143028],[0.35022,-0.146851],[0.347134,-0.150582],[0.344187,-0.154339],[0.341379,-0.158123],[0.338709,-0.161932],[0.336178,-0.165768],[0.333786,-0.169629],[0.331532,-0.173517],[0.329417,-0.17743],[0.327441,-0.18137],[0.325603,-0.185335],[0.323905,-0.189327],[0.322344,-0.193344],[0.320923,-0.197388],[0.319623,-0.201462],[0.318427,-0.20557],[0.317334,-0.209713],[0.316346,-0.213891],[0.315462,-0.218104],[0.314682,-0.222351],[0.314006,-0.226633],[0.313434,-0.230949],[0.312966,-0.2353],[0.312602,-0.239686],[0.312342,-0.244107],[0.312186,-0.248562],[0.312134,-0.253052],[0.312216,-0.258079],[0.312463,-0.26302],[0.312875,-0.267874],[0.313451,-0.272641],[0.314192,-0.277321],[0.315098,-0.281915],[0.316169,-0.286422],[0.317404,-0.290843],[0.318804,-0.295177],[0.320368,-0.299424],[0.322097,-0.303584],[0.323991,-0.307658],[0.32605,-0.311646],[0.328364,-0.315433],[0.3308,-0.319134],[0.333357,-0.322749],[0.336035,-0.326277],[0.338835,-0.329718],[0.341756,-0.333072],[0.344798,-0.33634],[0.347962,-0.339521],[0.351247,-0.342615],[0.354653,-0.345623],[0.358181,-0.348544],[0.36183,-0.351378],[0.365601,-0.354126],[0.369488,-0.356778],[0.373488,-0.359327],[0.377601,-0.361771],[0.381827,-0.364111],[0.386165,-0.366347],[0.390616,-0.36848],[0.395179,-0.370508],[0.399855,-0.372432],[0.404644,-0.374252],[0.409546,-0.375969],[0.41456,-0.377581],[0.419687,-0.379089],[0.424927,-0.380493],[0.430257,-0.381793],[0.435657,-0.382989],[0.441127,-0.384082],[0.446665,-0.38507],[0.452273,-0.385954],[0.457951,-0.386734],[0.463697,-0.38741],[0.469513,-0.387982],[0.475399,-0.38845],[0.481354,-0.388814],[0.487378,-0.389074],[0.493471,-0.38923],[0.499634,-0.389282],[0.50558,-0.389235],[0.511474,-0.389092],[0.517316,-0.388853],[0.523106,-0.388519],[0.528844,-0.38809],[0.53453,-0.387566],[0.540164,-0.386946],[0.540462,-0.386908],[0.540462,-0.496478],[0.536524,-0.496818],[0.526018,-0.497516],[0.515392,-0.498014],[0.504644,-0.498313],[0.493774,-0.498413],[0.481826,-0.498309],[0.470094,-0.497997],[0.458579,-0.497477],[0.447281,-0.496749],[0.436199,-0.495813],[0.425334,-0.494669],[0.414686,-0.493316],[0.404254,-0.491756],[0.394039,-0.489988],[0.384041,-0.488012],[0.37426,-0.485828],[0.364695,-0.483435],[0.355347,-0.480835],[0.346332,-0.478048],[0.337543,-0.475097],[0.328979,-0.471981],[0.320641,-0.4687],[0.312528,-0.465255],[0.304641,-0.461645],[0.296978,-0.45787],[0.289541,-0.45393],[0.28233,-0.449826],[0.275344,-0.445557],[0.268583,-0.441124],[0.262047,-0.436526],[0.255737,-0.431763],[0.249657,-0.426848],[0.243811,-0.421795],[0.238198,-0.416603],[0.23282,-0.411272],[0.227676,-0.405803],[0.222765,-0.400195],[0.218089,-0.394448],[0.213647,-0.388563],[0.209439,-0.382539],[0.205465,-0.376376],[0.201724,-0.370075],[0.198218,-0.363634],[0.194946,-0.357056],[0.191913,-0.350356],[0.189122,-0.343551],[0.186573,-0.336643],[0.184268,-0.329631],[0.182205,-0.322515],[0.180385,-0.315295],[0.178807,-0.30797],[0.177472,-0.300542],[0.17638,-0.29301],[0.175531,-0.285374],[0.174924,-0.277633],[0.17456,-0.269789],[0.174438,-0.261841],[0.174729,-0.248462],[0.1756,-0.23537],[0.177052,-0.222563],[0.179084,-0.210043],[0.181698,-0.197808],[0.184892,-0.18586],[0.188667,-0.174197],[0.193022,-0.162821],[0.197958,-0.151731],[0.203475,-0.140926],[0.209573,-0.130408],[0.216251,-0.120176],[0.223511,-0.110229],[0.231377,-0.100496],[0.239875,-0.0909005],[0.249007,-0.081444],[0.258771,-0.0721262],[0.269168,-0.0629471],[0.280198,-0.0539067],[0.29186,-0.045005],[0.304155,-0.0362419],[0.317083,-0.0276175],[0.330644,-0.0191318],[0.344837,-0.0107848],[0.359663,-0.00257651],[0.375122,0.00549316],[0.360998,0.0128781],[0.347472,0.0203843],[0.334544,0.0280119],[0.322214,0.0357608],[0.310483,0.0436311],[0.299349,0.0516227],[0.288813,0.0597357],[0.278876,0.06797],[0.269536,0.0763257],[0.260795,0.0848027],[0.252652,0.0934011],[0.245106,0.102121],[0.238159,0.110962],[0.231767,