{"inputs": [[-0.0747, 0.5374, 451.332], [-0.0223, 0.5386, 447.373], [0.0326, 0.5324, 439.992], [0.0886, 0.5191, 433.242], [0.1451, 0.4985, 427.006], [0.201, 0.4714, 421.169], [0.2552, 0.4382, 415.623], [0.3069, 0.399, 410.2653], [0.3552, 0.3549, 405.0], [0.3989, 0.3067, 399.7347], [0.4381, 0.2549, 394.3768], [0.4715, 0.2008, 388.83050000000003], [0.4985, 0.1449, 382.9941], [0.5192, 0.0883, 376.7585], [0.5326, 0.0327, 370.00800000000004], [0.5389, -0.0222, 362.6271], [0.5373, -0.0748, 358.6676]], "name": "plane_boomWhisp_8_14", "outputs": [[0.8043, 0.1918, 638.409], [0.7439, 0.1829, 634.55], [0.6822, 0.1821, 626.9870000000001], [0.62, 0.1895, 619.629], [0.5584, 0.2045, 612.457], [0.4985, 0.228, 605.4449999999999], [0.4413, 0.2583, 598.558], [0.3878, 0.2956, 591.7570000000001], [0.339, 0.3389, 585.0], [0.2956, 0.3877, 578.2429999999999], [0.2581, 0.4413, 571.442], [0.228, 0.4985, 564.5550000000001], [0.2048, 0.5583, 557.543], [0.1895, 0.6199, 550.371], [0.1822, 0.6819, 543.013], [0.1831, 0.7439, 535.45], [0.192, 0.8042, 531.591]], "outline": [[0.4741, 0.406], [0.4435, 0.4434], [0.406, 0.4741], [0.3634, 0.4968], [0.3173, 0.511], [0.2695, 0.5162], [0.2218, 0.5115], [0.1757, 0.4977], [0.1332, 0.4751], [0.096, 0.445], [0.0656, 0.4076], [0.0433, 0.3652], [0.0356, 0.3401], [0.0477, 0.3505], [0.0855, 0.3703], [0.1265, 0.3827], [0.169, 0.3872], [0.2117, 0.3829], [0.2525, 0.3705], [0.2903, 0.3502], [0.3232, 0.3234], [0.3504, 0.2903], [0.3704, 0.2524], [0.3832, 0.2114], [0.3872, 0.1689], [0.3831, 0.1263], [0.3705, 0.0856], [0.3502, 0.0478], [0.3403, 0.0354], [0.3652, 0.043], [0.4078, 0.0656], [0.445, 0.096], [0.4752, 0.133], [0.4978, 0.1754], [0.5115, 0.2216], [0.5161, 0.2694], [0.5111, 0.3172], [0.497, 0.3633]], "flags": {"1": {"outline": [[0.3201, 0.3471], [0.3281, 0.3395], [0.3363, 0.3473], [0.3282, 0.3553]]}, "0": {"outline": [[0.3507, 0.3302], [0.3442, 0.3367], [0.3379, 0.3302], [0.3442, 0.3238]]}, "3": {"outline": [[0.3659, 0.3454], [0.3609, 0.3507], [0.3549, 0.3451], [0.3604, 0.3394]]}, "2": {"outline": [[0.3374, 0.3632], [0.343, 0.3574], [0.349, 0.3635], [0.3431, 0.3694]]}}, "icon": [[0.3232, 0.3231], [0.3482, 0.3481]]}