{
"name": "plane_evil02_13_0",
"flags": {
	"0": { "outline": [[-0.0999841,0.714513],[0.09697,0.692974],[0.0433273,0.769326],[-0.0439188,0.77983]] },
	"1": { "outline": [[-0.0405629,-0.568187],[0.0400577,-0.561111],[0.0400577,-0.472714],[-0.0405629,-0.478675]] },
	"2": { "outline": [[-0.0405629,-0.434359],[0.0400577,-0.42895],[0.0400577,-0.340552],[-0.0405629,-0.344847]] },
	"3": { "outline": [[-0.0349065,-1.29997],[0.0345317,-1.28602],[0.0141032,-0.937815],[-0.0141653,-0.941944]] }
},
"outline": [[-0.208138,0.461213],[-0.507142,0.481977],[-0.622494,0.667596],[-0.471291,0.669121],[-0.475649,0.685385],[-0.625496,0.70787],[-0.710648,0.716409],[-0.870986,0.724603],[-0.875876,0.708328],[-0.713756,0.676231],[-0.835822,0.495203],[-1.19647,0.438693],[-1.19649,-0.0445745],[-0.835883,-0.119697],[-0.713881,-0.306972],[-0.622634,-0.303052],[-0.507236,-0.123448],[-0.208259,-0.118131],[-0.161313,-0.496039],[-0.117257,-0.872247],[-0.117281,-0.963275],[-0.434657,-1.08411],[-0.434703,-1.32072],[-0.117377,-1.33044],[-0.0662487,-1.41035],[0.0642635,-1.38203],[0.112655,-1.28372],[0.382447,-1.16359],[0.382522,-0.955126],[0.112764,-0.929447],[0.112791,-0.841616],[0.153474,-0.472362],[0.1957,-0.110946],[0.438244,-0.106632],[0.521678,-0.253906],[0.584243,-0.251219],[0.66357,-0.0950076],[0.872221,-0.0324891],[0.872353,0.319744],[0.663746,0.393049],[0.584539,0.553394],[0.688827,0.556698],[0.68582,0.570168],[0.5825,0.586733],[0.524118,0.592588],[0.414834,0.59705],[0.411504,0.583573],[0.521968,0.559314],[0.438412,0.416315],[0.195852,0.433159],[0.154057,0.757815],[0.0499207,0.826809],[-0.0444058,0.839026],[-0.157144,0.795371]],
"inputs": [[-0.417937,0.667623,136.332],[-0.38079,0.704323,132.373],[-0.337224,0.736045,124.992],[-0.288221,0.762257,118.242],[-0.234848,0.782568,112.006],[-0.178218,0.796732,106.169],[-0.119463,0.804641,100.623],[-0.0596973,0.806317,95.2653],[1.9808e-08,0.801898,90],[0.0586096,0.791626,84.7347],[0.115185,0.775829,79.3768],[0.168863,0.754908,73.8305],[0.218869,0.729322,67.9942],[0.26452,0.699575,61.7585],[0.305226,0.666205,55.008],[0.340485,0.629772,47.6271],[0.36988,0.590856,43.6677]],
"outputs": [[0.36988,-1.27547,278.512],[0.340484,-1.2868,277.425],[0.305226,-1.29893,275.711],[0.26452,-1.3117,274.388],[0.218869,-1.32491,273.304],[0.168863,-1.33839,272.372],[0.115185,-1.35192,271.535],[0.0586095,-1.36529,270.754],[5.40381e-09,-1.37827,270],[-0.0596974,-1.39063,269.246],[-0.119463,-1.40213,268.465],[-0.178218,-1.41254,267.628],[-0.234848,-1.42164,266.696],[-0.288221,-1.42922,265.612],[-0.337224,-1.4351,264.289],[-0.38079,-1.43913,262.575],[-0.417937,-1.44118,261.488]],
"icon": [[-0.115319,0.0328575],[0.111328,0.277394]]
}