{
"name": "plane_evil02_5_0",
"flags": {
	"0": { "outline": [[-0.103956,0.697046],[0.105923,0.710235],[0.0466844,0.777772],[-0.0462983,0.771339]] },
	"1": { "outline": [[-0.0427961,-0.562469],[0.0431257,-0.566802],[0.0431257,-0.477508],[-0.0427961,-0.473857]] },
	"2": { "outline": [[-0.0427961,-0.429988],[0.0431257,-0.4333],[0.0431257,-0.344006],[-0.0427961,-0.341376]] },
	"3": { "outline": [[-0.03688,-1.2887],[0.0371246,-1.29724],[0.0150842,-0.941141],[-0.0150437,-0.938612]] }
},
"outline": [[-0.211142,0.43833],[-0.479842,0.427608],[-0.57426,0.577471],[-0.449612,0.598406],[-0.45334,0.612352],[-0.576692,0.611907],[-0.64328,0.60807],[-0.762323,0.594739],[-0.765815,0.580799],[-0.645626,0.573591],[-0.73679,0.40942],[-0.981237,0.33748],[-0.98112,-0.0342909],[-0.736645,-0.0989637],[-0.645387,-0.260384],[-0.574031,-0.262145],[-0.479713,-0.109524],[-0.211037,-0.112269],[-0.165128,-0.47677],[-0.121113,-0.847376],[-0.121095,-0.935807],[-0.4174,-0.977659],[-0.417344,-1.19103],[-0.121024,-1.29249],[-0.0689063,-1.3874],[0.0701754,-1.40475],[0.12408,-1.3211],[0.451342,-1.28702],[0.451325,-1.05645],[0.124026,-0.956519],[0.124013,-0.866131],[0.170237,-0.491265],[0.219234,-0.116667],[0.524599,-0.119788],[0.639605,-0.292096],[0.729474,-0.294314],[0.848185,-0.113959],[1.1895,-0.0415775],[1.18953,0.409197],[0.84819,0.471462],[0.72946,0.648349],[0.886824,0.672823],[0.882125,0.688474],[0.726427,0.686994],[0.642558,0.682161],[0.492938,0.66629],[0.488542,0.650646],[0.639574,0.643463],[0.524568,0.467687],[0.219171,0.455501],[0.166927,0.787888],[0.0486121,0.836753],[-0.0519621,0.829269],[-0.164733,0.764892]],
"inputs": [[-0.403196,0.604322,136.332],[-0.370481,0.642961,132.373],[-0.331398,0.678684,124.992],[-0.286486,0.710904,118.242],[-0.236383,0.739067,112.006],[-0.18182,0.762666,106.169],[-0.12362,0.78125,100.623],[-0.0626863,0.794431,95.2653],[2.1111e-08,0.801898,90],[0.0633963,0.803428,84.7347],[0.126411,0.798892,79.3768],[0.187924,0.788269,73.8305],[0.246805,0.77165,67.9942],[0.301938,0.749247,61.7585],[0.352251,0.72139,55.008],[0.396738,0.688528,47.6271],[0.43449,0.651226,43.6677]],
"outputs": [[0.43449,-1.40579,278.512],[0.396737,-1.40686,277.425],[0.352251,-1.40653,275.711],[0.301938,-1.40483,274.388],[0.246805,-1.40181,273.304],[0.187924,-1.39754,272.372],[0.126411,-1.39211,271.535],[0.0633961,-1.38565,270.754],[5.75928e-09,-1.37827,270],[-0.0626865,-1.37013,269.246],[-0.12362,-1.36137,268.465],[-0.181821,-1.35215,267.628],[-0.236383,-1.34262,266.696],[-0.286486,-1.33294,265.612],[-0.331398,-1.32327,264.289],[-0.370481,-1.31375,262.575],[-0.403196,-1.30454,261.488]],
"icon": [[-0.119453,0.0319345],[0.122057,0.285356]]
}