{"inputs": [[-0.0597, -0.4443, 203.832], [-0.0809, -0.396, 199.873], [-0.0962, -0.3431, 192.49200000000002], [-0.1053, -0.2861, 185.74200000000002], [-0.108, -0.2261, 179.506], [-0.1043, -0.1641, 173.66899999999998], [-0.0942, -0.1013, 168.123], [-0.0778, -0.0385, 162.7653], [-0.0556, 0.0228, 157.5], [-0.0278, 0.082, 152.2347], [0.005, 0.1379, 146.8768], [0.0422, 0.1893, 141.3305], [0.0833, 0.2358, 135.4941], [0.1276, 0.2763, 129.2585], [0.1744, 0.3102, 122.50800000000001], [0.2226, 0.3369, 115.1271], [0.2717, 0.3559, 111.1676]], "name": "plane_bullet_3", "outputs": [[-0.0616, 0.494, 390.909], [-0.0303, 0.4417, 387.05], [-0.0059, 0.3849, 379.487], [0.0111, 0.3247, 372.129], [0.0205, 0.2618, 364.957], [0.0222, 0.1977, 357.945], [0.0159, 0.1332, 351.058], [0.002, 0.0697, 344.257], [-0.0194, 0.0078, 337.5], [-0.0479, -0.0509, 330.743], [-0.0831, -0.1059, 323.942], [-0.1243, -0.1559, 317.055], [-0.1708, -0.2001, 310.043], [-0.2218, -0.2378, 302.871], [-0.2765, -0.2684, 295.51300000000003], [-0.3339, -0.2913, 287.95], [-0.393, -0.3061, 284.091]], "outline": [[0.4933, -0.2112], [0.4723, -0.1892], [-0.0366, 0.051], [-0.0798, 0.0328], [-0.062, -0.0106]], "flags": {"1": {"outline": [[0.0597, -0.0335], [0.0658, -0.0189], [0.0512, -0.0129], [0.0453, -0.0275]]}, "0": {"outline": [[0.0701, -0.0218], [0.0648, -0.0344], [0.1557, -0.068], [0.158, -0.0624]]}, "3": {"outline": [[-0.0663, 0.0313], [-0.0691, 0.0244], [-0.0489, -0.0033], [-0.0325, 0.0365]]}, "2": {"outline": [[0.0386, -0.0251], [0.0449, -0.0099], [0.0298, -0.0036], [0.0234, -0.0189]]}}, "icon": [[-0.012614, -0.010314025], [0.009014000000000001, 0.011314025]]}