{
"name": "plane_plane_10_0",
"flags": {
	"0": { "outline": [[-0.107659,0.281243],[0.106313,0.277728],[0.0472676,0.438153],[-0.0475317,0.440601]] },
	"1": { "outline": [[-0.0439131,0.0576089],[0.0436876,0.0573131],[0.0436876,0.146036],[-0.0439131,0.14679]] },
	"2": { "outline": [[-0.0439131,-0.124335],[0.0436876,-0.123696],[0.0436876,-0.0349733],[-0.0439131,-0.0351538]] },
	"3": { "outline": [[-0.0253806,-0.932172],[0.0253051,-0.929399],[0.0103111,-0.666122],[-0.0103236,-0.666931]] }
},
"outline": [[-0.137197,0.190362],[-0.386347,0.193127],[-0.391735,0.295992],[-0.44476,0.296894],[-0.449976,0.188422],[-0.708847,0.147022],[-0.708847,-0.147022],[-0.449976,-0.188422],[-0.44476,-0.296894],[-0.391735,-0.295992],[-0.386347,-0.193127],[-0.137197,-0.190362],[-0.10677,-0.391279],[-0.0779232,-0.623113],[-0.0779232,-0.67888],[-0.279032,-0.730722],[-0.279032,-0.87062],[-0.0779232,-0.903839],[-0.0441337,-0.957709],[0.043906,-0.952766],[0.077216,-0.895635],[0.27017,-0.842971],[0.27017,-0.707515],[0.077216,-0.672718],[0.0772159,-0.617457],[0.105447,-0.386429],[0.135019,-0.187341],[0.369563,-0.184737],[0.37449,-0.282962],[0.422662,-0.282143],[0.42737,-0.178956],[0.654325,-0.135714],[0.654325,0.135714],[0.42737,0.178956],[0.422662,0.282143],[0.37449,0.282962],[0.369563,0.184737],[0.135019,0.187341],[0.105066,0.39076],[0.0329333,0.489005],[-0.0307136,0.490838],[-0.104773,0.395609]],
"inputs": [[-0.437397,0.341426,136.332],[-0.399831,0.379652,132.373],[-0.355456,0.413825,124.992],[-0.305132,0.443354,118.242],[-0.249817,0.467746,112.006],[-0.190545,0.486616,106.169],[-0.128405,0.499686,100.623],[-0.0645153,0.506789,95.2654],[2.15237e-08,0.507869,90],[0.0640297,0.502974,84.7347],[0.126496,0.492255,79.3768],[0.186371,0.475955,73.8305],[0.24269,0.454402,67.9941],[0.294567,0.428002,61.7585],[0.3412,0.397227,55.008],[0.381882,0.362609,47.6271],[0.416007,0.32473,43.6676]],
"outputs": [[0.416007,-0.906989,278.512],[0.381882,-0.91417,277.425],[0.3412,-0.921225,275.711],[0.294567,-0.928039,274.388],[0.24269,-0.9345,273.304],[0.186371,-0.940499,272.372],[0.126496,-0.945933,271.535],[0.0640296,-0.950703,270.754],[5.87186e-09,-0.954722,270],[-0.0645154,-0.957913,269.246],[-0.128405,-0.960211,268.465],[-0.190545,-0.961566,267.628],[-0.249817,-0.961943,266.696],[-0.305132,-0.961327,265.612],[-0.355456,-0.959717,264.289],[-0.399831,-0.957137,262.575],[-0.437397,-0.953623,261.488]],
"icon": [[-0.123998,-0.125911],[0.122217,0.124102]]
}