{"inputs": [[-0.1364, -0.5254, 248.832], [-0.1855, -0.5065, 244.873], [-0.2338, -0.4797, 237.49200000000002], [-0.2804, -0.446, 230.74200000000002], [-0.3247, -0.4055, 224.506], [-0.3659, -0.359, 218.66899999999998], [-0.4032, -0.3073, 213.123], [-0.4361, -0.2516, 207.7653], [-0.4638, -0.1923, 202.5], [-0.4858, -0.1309, 197.2347], [-0.5023, -0.0682, 191.8768], [-0.5124, -0.0054, 186.3305], [-0.516, 0.0566, 180.4941], [-0.5135, 0.1166, 174.2585], [-0.5044, 0.1734, 167.508], [-0.4891, 0.2265, 160.12709999999998], [-0.4677, 0.2746, 156.1676]], "name": "plane_boomWhisp_8_5", "outputs": [[-0.8163, 0.1303, 435.909], [-0.7571, 0.1154, 432.05], [-0.6998, 0.0926, 424.487], [-0.6452, 0.0619, 417.129], [-0.594, 0.0243, 409.957], [-0.5476, -0.0201, 402.945], [-0.5064, -0.07, 396.058], [-0.4713, -0.1249, 389.257], [-0.4428, -0.1837, 382.5], [-0.4213, -0.2454, 375.743], [-0.4073, -0.3092, 368.942], [-0.4012, -0.3735, 362.055], [-0.4028, -0.4378, 355.043], [-0.4122, -0.5005, 347.871], [-0.4291, -0.5607, 340.51300000000003], [-0.4536, -0.6175, 332.95], [-0.4849, -0.6699, 329.091]], "outline": [[-0.5934, -0.194], [-0.5792, -0.2403], [-0.5565, -0.2829], [-0.5259, -0.3203], [-0.4887, -0.3511], [-0.4463, -0.374], [-0.4004, -0.388], [-0.3525, -0.3929], [-0.3047, -0.3883], [-0.2588, -0.3746], [-0.2165, -0.3518], [-0.1796, -0.3213], [-0.163, -0.3009], [-0.1781, -0.3058], [-0.2207, -0.3098], [-0.2632, -0.3056], [-0.3042, -0.2933], [-0.3419, -0.2731], [-0.375, -0.246], [-0.4021, -0.2129], [-0.4222, -0.1753], [-0.4347, -0.1343], [-0.4387, -0.0918], [-0.4347, -0.049], [-0.4222, -0.0082], [-0.402, 0.0295], [-0.3749, 0.0625], [-0.3418, 0.0896], [-0.3279, 0.0972], [-0.3539, 0.0997], [-0.4016, 0.0951], [-0.4476, 0.0813], [-0.4899, 0.0587], [-0.5269, 0.028], [-0.5573, -0.0092], [-0.5798, -0.0517], [-0.5936, -0.0978], [-0.5981, -0.1459]], "flags": {"1": {"outline": [[-0.4285, -0.1986], [-0.4329, -0.1883], [-0.4433, -0.1926], [-0.4391, -0.2031]]}, "0": {"outline": [[-0.4503, -0.1713], [-0.4468, -0.1796], [-0.4385, -0.1762], [-0.4419, -0.1677]]}, "3": {"outline": [[-0.4702, -0.1794], [-0.4674, -0.1863], [-0.4597, -0.1834], [-0.4627, -0.176]]}, "2": {"outline": [[-0.4506, -0.2069], [-0.4537, -0.1993], [-0.4614, -0.2025], [-0.4582, -0.2102]]}}, "icon": [[-0.4509, -0.19440000000000002], [-0.4259, -0.1694]]}