{"inputs": [[0.6371, -0.0246, 361.332], [0.6384, -0.0774, 357.373], [0.6321, -0.1322, 349.992], [0.6187, -0.1883, 343.242], [0.5983, -0.2448, 337.006], [0.5713, -0.3004, 331.169], [0.5378, -0.3545, 325.623], [0.4987, -0.4064, 320.2654], [0.4548, -0.4546, 315.0], [0.4065, -0.4988, 309.7347], [0.3549, -0.5376, 304.3768], [0.3007, -0.5711, 298.83050000000003], [0.2449, -0.5982, 292.9941], [0.1883, -0.6188, 286.7585], [0.1323, -0.632, 280.00800000000004], [0.0774, -0.6382, 272.6271], [0.0248, -0.6369, 268.6676]], "name": "plane_boomWhisp_16_10", "outputs": [[0.295, -0.9071, 548.409], [0.2861, -0.8469, 544.55], [0.2851, -0.785, 536.9870000000001], [0.2924, -0.7228, 529.629], [0.3078, -0.6614, 522.457], [0.3311, -0.6014, 515.4449999999999], [0.3613, -0.5444, 508.558], [0.3986, -0.4908, 501.757], [0.442, -0.4418, 495.0], [0.4909, -0.3985, 488.243], [0.5445, -0.3614, 481.442], [0.6017, -0.3309, 474.555], [0.6616, -0.3078, 467.543], [0.723, -0.2924, 460.371], [0.7852, -0.285, 453.01300000000003], [0.8469, -0.286, 445.45], [0.9073, -0.2948, 441.591]], "outline": [[0.4165, -0.4855], [0.4545, -0.4543], [0.4857, -0.4165], [0.5086, -0.3733], [0.523, -0.3264], [0.5277, -0.2777], [0.5268, -0.2674], [0.5237, -0.2964], [0.5073, -0.3509], [0.4806, -0.4008], [0.4447, -0.4446], [0.4008, -0.4804], [0.3508, -0.5074], [0.2966, -0.5237], [0.2675, -0.5266], [0.2778, -0.5276], [0.3264, -0.5227], [0.3735, -0.5085]], "flags": {"1": {"outline": [[0.4502, -0.4227], [0.442, -0.4308], [0.4501, -0.4388], [0.4579, -0.4307]]}, "0": {"outline": [[0.4331, -0.4534], [0.4395, -0.4472], [0.433, -0.4405], [0.4265, -0.4469]]}, "3": {"outline": [[0.4482, -0.4685], [0.4536, -0.4633], [0.4478, -0.4572], [0.4422, -0.463]]}, "2": {"outline": [[0.4662, -0.4398], [0.4603, -0.4457], [0.466, -0.4516], [0.4721, -0.4458]]}}, "icon": [[0.43589999999999995, -0.46099999999999997], [0.4609000000000001, -0.43599999999999994]]}