{"inputs": [[0.4291, 0.4329, 406.332], [0.4674, 0.3965, 402.373], [0.5018, 0.3534, 394.992], [0.5318, 0.3042, 388.242], [0.5575, 0.2498, 382.006], [0.5777, 0.1912, 376.169], [0.5924, 0.1292, 370.623], [0.6014, 0.0652, 365.2654], [0.6043, -0.0002, 360.0], [0.6014, -0.0653, 354.7347], [0.5924, -0.1296, 349.3768], [0.5777, -0.1914, 343.83050000000003], [0.5574, -0.2502, 337.9941], [0.532, -0.3043, 331.7585], [0.5018, -0.3535, 325.00800000000004], [0.4674, -0.3967, 317.6271], [0.4294, -0.4331, 313.6676]], "name": "plane_boomWhisp_12_12", "outputs": [[0.81, -0.433, 593.409], [0.7611, -0.3968, 589.55], [0.7167, -0.3536, 581.9870000000001], [0.678, -0.3043, 574.629], [0.6453, -0.2502, 567.457], [0.6194, -0.1915, 560.4449999999999], [0.6005, -0.1295, 553.558], [0.589, -0.0654, 546.7570000000001], [0.585, -0.0001, 540.0], [0.5886, 0.0651, 533.2429999999999], [0.6006, 0.1296, 526.442], [0.6193, 0.1913, 519.5550000000001], [0.6452, 0.2499, 512.543], [0.6782, 0.3044, 505.371], [0.7167, 0.3536, 498.01300000000003], [0.761, 0.3967, 490.45], [0.8102, 0.433, 486.591]], "outline": [[0.6361, -0.0488], [0.641, 0.0], [0.6362, 0.0485], [0.6221, 0.0952], [0.5988, 0.1385], [0.5679, 0.1762], [0.5304, 0.2075], [0.4869, 0.2307], [0.4404, 0.2447], [0.3917, 0.2496], [0.3805, 0.2482], [0.4089, 0.2398], [0.4537, 0.2158], [0.4931, 0.1833], [0.5253, 0.1444], [0.5492, 0.0992], [0.564, 0.0506], [0.5689, 0.0002], [0.564, -0.0506], [0.5491, -0.0992], [0.5253, -0.1441], [0.493, -0.1833], [0.4537, -0.2157], [0.4087, -0.2399], [0.3803, -0.2486], [0.3915, -0.2495], [0.4404, -0.2449], [0.4869, -0.2305], [0.53, -0.2075], [0.568, -0.1764], [0.5989, -0.1386], [0.6221, -0.0956]], "flags": {"1": {"outline": [[0.5772, 0.0192], [0.5774, 0.0078], [0.5887, 0.0079], [0.5885, 0.0191]]}, "0": {"outline": [[0.5869, -0.0144], [0.5869, -0.0053], [0.5778, -0.0054], [0.5779, -0.0145]]}, "3": {"outline": [[0.6085, -0.0145], [0.6084, -0.0072], [0.6002, -0.0067], [0.6003, -0.0148]]}, "2": {"outline": [[0.6007, 0.0185], [0.601, 0.0102], [0.609, 0.0102], [0.609, 0.0185]]}}, "icon": [[0.5779, -0.012500000000000067], [0.6029000000000001, 0.012500000000000067]]}