{"inputs": [[0.4333, -0.3576, 316.332], [0.3968, -0.3957, 312.373], [0.3538, -0.4301, 304.992], [0.3046, -0.4604, 298.242], [0.2503, -0.4857, 292.006], [0.1915, -0.5059, 286.169], [0.1294, -0.5206, 280.623], [0.0655, -0.5297, 275.2654], [0.0004, -0.5325, 270.0], [-0.065, -0.5296, 264.7347], [-0.1293, -0.5206, 259.3768], [-0.1912, -0.506, 253.8305], [-0.2499, -0.4857, 247.9941], [-0.3042, -0.4604, 241.7585], [-0.3533, -0.4301, 235.008], [-0.3964, -0.3957, 227.62709999999998], [-0.4329, -0.3576, 223.6676]], "name": "plane_boomWhisp_9_8", "outputs": [[-0.4327, -0.7361, 503.409], [-0.3966, -0.687, 499.55], [-0.3533, -0.6428, 491.987], [-0.3041, -0.6039, 484.629], [-0.2499, -0.571, 477.457], [-0.1911, -0.5452, 470.445], [-0.1291, -0.5263, 463.558], [-0.0651, -0.5148, 456.757], [0.0002, -0.511, 450.0], [0.0655, -0.5147, 443.243], [0.1297, -0.526, 436.442], [0.1914, -0.5452, 429.555], [0.2502, -0.5714, 422.543], [0.3046, -0.6038, 415.371], [0.3537, -0.6428, 408.01300000000003], [0.3969, -0.6868, 400.45], [0.4333, -0.7358, 396.591]], "outline": [[-0.0482, -0.6283], [0.0001, -0.6332], [0.0485, -0.6285], [0.095, -0.6144], [0.1378, -0.5915], [0.1755, -0.561], [0.2062, -0.5236], [0.2291, -0.4809], [0.2431, -0.4346], [0.2481, -0.3865], [0.2432, -0.3382], [0.2292, -0.2922], [0.2266, -0.2872], [0.2248, -0.3047], [0.2119, -0.3478], [0.1905, -0.3875], [0.1621, -0.4221], [0.1273, -0.4507], [0.0879, -0.4719], [0.0447, -0.4847], [0.0002, -0.4892], [-0.0445, -0.4849], [-0.0874, -0.4718], [-0.1271, -0.4506], [-0.1617, -0.4222], [-0.1902, -0.3874], [-0.2115, -0.3476], [-0.2245, -0.3048], [-0.2262, -0.2874], [-0.2288, -0.2922], [-0.2428, -0.3383], [-0.2476, -0.3864], [-0.2427, -0.4346], [-0.2287, -0.481], [-0.2059, -0.5236], [-0.1749, -0.5609], [-0.1376, -0.5916], [-0.0946, -0.6144]], "flags": {"1": {"outline": [[0.0196, -0.5035], [0.0082, -0.5034], [0.0082, -0.5147], [0.0195, -0.5148]]}, "0": {"outline": [[-0.0142, -0.513], [-0.0051, -0.513], [-0.0052, -0.5039], [-0.0142, -0.5039]]}, "3": {"outline": [[-0.0141, -0.5346], [-0.0067, -0.5345], [-0.0067, -0.5262], [-0.0147, -0.5263]]}, "2": {"outline": [[0.0188, -0.5271], [0.0104, -0.5271], [0.0104, -0.5353], [0.0188, -0.5353]]}}, "icon": [[-0.01240000000000004, -0.5217], [0.012600000000000038, -0.4966999999999999]]}