{"inputs": [[-0.637, 0.0244, 181.332], [-0.6382, 0.077, 177.373], [-0.632, 0.1318, 169.99200000000002], [-0.6186, 0.188, 163.24200000000002], [-0.5981, 0.2444, 157.006], [-0.571, 0.3001, 151.16899999999998], [-0.5376, 0.3543, 145.623], [-0.4985, 0.406, 140.2654], [-0.4545, 0.4543, 135.0], [-0.4062, 0.4984, 129.7347], [-0.3546, 0.5374, 124.3768], [-0.3004, 0.5708, 118.8305], [-0.2446, 0.5979, 112.9941], [-0.1881, 0.6184, 106.7585], [-0.132, 0.6319, 100.00800000000001], [-0.0772, 0.638, 92.6271], [-0.0246, 0.6367, 88.6676]], "name": "plane_boomWhisp_16_2", "outputs": [[-0.2948, 0.9069, 368.409], [-0.2858, 0.8466, 364.55], [-0.285, 0.7848, 356.987], [-0.2923, 0.7226, 349.629], [-0.3077, 0.6611, 342.457], [-0.3308, 0.6011, 335.445], [-0.3611, 0.544, 328.558], [-0.3984, 0.4905, 321.757], [-0.4418, 0.4416, 315.0], [-0.4907, 0.3982, 308.243], [-0.5442, 0.361, 301.442], [-0.6014, 0.3306, 294.555], [-0.6613, 0.3075, 287.543], [-0.7228, 0.2922, 280.371], [-0.785, 0.2848, 273.01300000000003], [-0.8468, 0.2856, 265.45], [-0.9071, 0.2945, 261.591]], "outline": [[-0.4164, 0.4851], [-0.4543, 0.4541], [-0.4854, 0.4162], [-0.5085, 0.373], [-0.5227, 0.3261], [-0.5275, 0.2773], [-0.5265, 0.2671], [-0.5236, 0.2961], [-0.5072, 0.3505], [-0.4805, 0.4004], [-0.4444, 0.4443], [-0.4006, 0.4802], [-0.3506, 0.507], [-0.2963, 0.5234], [-0.2673, 0.5263], [-0.2775, 0.5273], [-0.3262, 0.5225], [-0.3732, 0.5083]], "flags": {"1": {"outline": [[-0.4499, 0.4225], [-0.4419, 0.4304], [-0.4499, 0.4384], [-0.4578, 0.4304]]}, "0": {"outline": [[-0.4328, 0.4531], [-0.4392, 0.4467], [-0.4328, 0.4403], [-0.4264, 0.4466]]}, "3": {"outline": [[-0.4481, 0.4682], [-0.4533, 0.4631], [-0.4477, 0.4569], [-0.442, 0.4627]]}, "2": {"outline": [[-0.4659, 0.4395], [-0.46, 0.4454], [-0.4659, 0.4513], [-0.4718, 0.4454]]}}, "icon": [[-0.4608, 0.43560000000000004], [-0.43579999999999997, 0.46060000000000006]]}