{"inputs": [[-0.2957, 0.3164, 451.332], [-0.243, 0.3177, 447.373], [-0.188, 0.3115, 439.992], [-0.1321, 0.2984, 433.242], [-0.0755, 0.2778, 427.006], [-0.0199, 0.2505, 421.169], [0.0342, 0.2173, 415.623], [0.086, 0.1782, 410.2653], [0.1343, 0.1342, 405.0], [0.1783, 0.0857, 399.7347], [0.2173, 0.0341, 394.3768], [0.2508, -0.0201, 388.83050000000003], [0.2778, -0.0758, 382.9941], [0.2984, -0.1321, 376.7585], [0.3117, -0.1882, 370.00800000000004], [0.318, -0.2434, 362.6271], [0.3168, -0.2959, 358.6676]], "name": "plane_boomWhisp_0_14", "outputs": [[0.5757, -0.0365, 638.409], [0.5156, -0.0456, 634.55], [0.4536, -0.0461, 626.9870000000001], [0.3915, -0.0392, 619.629], [0.3298, -0.0237, 612.457], [0.2699, -0.0006, 605.4449999999999], [0.2128, 0.0298, 598.558], [0.1591, 0.067, 591.7570000000001], [0.1106, 0.1103, 585.0], [0.0671, 0.1592, 578.2429999999999], [0.0298, 0.2127, 571.442], [-0.0006, 0.27, 564.5550000000001], [-0.0236, 0.3296, 557.543], [-0.0391, 0.3913, 550.371], [-0.0462, 0.4535, 543.013], [-0.0456, 0.5157, 535.45], [-0.0367, 0.5758, 531.591]], "outline": [[0.1516, 0.1101], [0.1327, 0.1328], [0.1101, 0.1513], [0.0841, 0.1652], [0.056, 0.174], [0.0267, 0.1768], [-0.0024, 0.1737], [-0.0307, 0.1653], [-0.0563, 0.1515], [-0.0791, 0.1328], [-0.0979, 0.11], [-0.1119, 0.0841], [-0.1201, 0.0559], [-0.1234, 0.0266], [-0.1221, 0.0148], [-0.109, 0.0218], [-0.0901, 0.0274], [-0.0705, 0.0294], [-0.0509, 0.0274], [-0.032, 0.0217], [-0.0153, 0.0126], [0.0, 0.0], [0.0125, -0.0152], [0.0218, -0.0322], [0.0273, -0.0511], [0.0295, -0.0705], [0.0275, -0.0902], [0.0217, -0.109], [0.0147, -0.1222], [0.027, -0.1233], [0.0563, -0.1206], [0.0842, -0.1117], [0.11, -0.0983], [0.1327, -0.0793], [0.1514, -0.0566], [0.1652, -0.0308], [0.1738, -0.0028], [0.1769, 0.0267], [0.1739, 0.056], [0.1653, 0.0842]], "flags": {"1": {"outline": [[0.0925, 0.1198], [0.1005, 0.1116], [0.1087, 0.12], [0.1006, 0.1278]]}, "0": {"outline": [[0.1233, 0.1029], [0.1167, 0.1092], [0.1105, 0.1023], [0.117, 0.0963]]}, "3": {"outline": [[0.1384, 0.1179], [0.1332, 0.1229], [0.1273, 0.1174], [0.1329, 0.112]]}, "2": {"outline": [[0.1098, 0.1359], [0.1154, 0.1298], [0.1216, 0.1359], [0.1156, 0.1417]]}}, "icon": [[0.0731, 0.0733], [0.09809999999999999, 0.0983]]}