{"inputs": [[0.2356, -0.3772, 271.332], [0.1829, -0.3783, 267.373], [0.1283, -0.3722, 259.992], [0.0722, -0.3586, 253.24200000000002], [0.0157, -0.3383, 247.006], [-0.0401, -0.311, 241.16899999999998], [-0.0944, -0.2777, 235.623], [-0.1459, -0.2387, 230.2653], [-0.1943, -0.1946, 225.0], [-0.2383, -0.1465, 219.7347], [-0.2772, -0.0946, 214.3768], [-0.3107, -0.0405, 208.8305], [-0.3379, 0.0152, 202.9941], [-0.3583, 0.0717, 196.7585], [-0.3717, 0.1279, 190.008], [-0.378, 0.1827, 182.62709999999998], [-0.3768, 0.2353, 178.6676]], "name": "plane_boomWhisp_2_6", "outputs": [[-0.638, -0.026, 458.409], [-0.5776, -0.0171, 454.55], [-0.5158, -0.0161, 446.987], [-0.4536, -0.0236, 439.629], [-0.3919, -0.0389, 432.457], [-0.3321, -0.0619, 425.445], [-0.275, -0.0924, 418.558], [-0.2214, -0.1295, 411.757], [-0.1727, -0.173, 405.0], [-0.1293, -0.2219, 398.243], [-0.092, -0.2753, 391.442], [-0.0615, -0.3325, 384.555], [-0.0385, -0.3923, 377.543], [-0.0232, -0.454, 370.371], [-0.0158, -0.5163, 363.01300000000003], [-0.0165, -0.578, 355.45], [-0.0254, -0.6383, 351.591]], "outline": [[-0.3394, -0.2806], [-0.3124, -0.3129], [-0.2802, -0.3399], [-0.2441, -0.3605], [-0.2055, -0.3743], [-0.1655, -0.3804], [-0.126, -0.3787], [-0.0887, -0.3693], [-0.0546, -0.3523], [-0.025, -0.3288], [-0.0015, -0.2994], [0.0153, -0.2654], [0.0246, -0.2279], [0.0264, -0.1885], [0.0224, -0.1616], [0.0218, -0.1619], [-0.0044, -0.1697], [-0.0318, -0.1725], [-0.0592, -0.1698], [-0.0854, -0.1618], [-0.1097, -0.1486], [-0.131, -0.1315], [-0.1484, -0.1101], [-0.1614, -0.0858], [-0.1695, -0.0595], [-0.1719, -0.0322], [-0.1693, -0.0048], [-0.1615, 0.0215], [-0.1611, 0.022], [-0.188, 0.026], [-0.2275, 0.0244], [-0.265, 0.0148], [-0.299, -0.0019], [-0.3285, -0.0256], [-0.3519, -0.055], [-0.3688, -0.0889], [-0.3784, -0.1265], [-0.3799, -0.1659], [-0.374, -0.2058], [-0.3601, -0.2447]], "flags": {"1": {"outline": [[-0.1544, -0.1822], [-0.1624, -0.174], [-0.1704, -0.1821], [-0.1624, -0.1901]]}, "0": {"outline": [[-0.1852, -0.1651], [-0.1787, -0.1715], [-0.1723, -0.1649], [-0.1786, -0.1586]]}, "3": {"outline": [[-0.2002, -0.1803], [-0.195, -0.1855], [-0.189, -0.1799], [-0.1947, -0.1742]]}, "2": {"outline": [[-0.1715, -0.1982], [-0.1774, -0.1922], [-0.1833, -0.1983], [-0.1774, -0.2042]]}}, "icon": [[-0.1662, -0.16670000000000001], [-0.14120000000000002, -0.1417]]}