{"inputs": [[-0.3769, -0.2357, 181.332], [-0.3781, -0.1831, 177.373], [-0.3719, -0.1283, 169.99200000000002], [-0.3584, -0.0722, 163.24200000000002], [-0.338, -0.0157, 157.006], [-0.3109, 0.0401, 151.16899999999998], [-0.2775, 0.0943, 145.623], [-0.2385, 0.1459, 140.2653], [-0.1944, 0.1942, 135.0], [-0.1462, 0.2383, 129.7347], [-0.0944, 0.2772, 124.3768], [-0.0402, 0.3107, 118.8305], [0.0155, 0.3378, 112.9941], [0.072, 0.3583, 106.7585], [0.1281, 0.3717, 100.00800000000001], [0.183, 0.3779, 92.6271], [0.2355, 0.3767, 88.6676]], "name": "plane_boomWhisp_2_2", "outputs": [[-0.0257, 0.6379, 368.409], [-0.0167, 0.5775, 364.55], [-0.0159, 0.5157, 356.987], [-0.0233, 0.4536, 349.629], [-0.0386, 0.3919, 342.457], [-0.0616, 0.3321, 335.445], [-0.0921, 0.275, 328.558], [-0.1293, 0.2214, 321.757], [-0.1728, 0.1726, 315.0], [-0.2217, 0.1292, 308.243], [-0.2751, 0.0919, 301.442], [-0.3323, 0.0615, 294.555], [-0.3921, 0.0384, 287.543], [-0.4537, 0.0231, 280.371], [-0.516, 0.0157, 273.01300000000003], [-0.5778, 0.0165, 265.45], [-0.6381, 0.0254, 261.591]], "outline": [[-0.2804, 0.3394], [-0.3126, 0.3124], [-0.3397, 0.2802], [-0.3603, 0.2441], [-0.374, 0.2054], [-0.3801, 0.1655], [-0.3784, 0.1261], [-0.369, 0.0886], [-0.3521, 0.0545], [-0.3286, 0.025], [-0.2992, 0.0015], [-0.2651, -0.0153], [-0.2276, -0.0247], [-0.1882, -0.0264], [-0.1613, -0.0224], [-0.1616, -0.0219], [-0.1695, 0.0043], [-0.1722, 0.0317], [-0.1695, 0.0591], [-0.1616, 0.0854], [-0.1485, 0.1097], [-0.1312, 0.1309], [-0.1099, 0.1484], [-0.0856, 0.1614], [-0.0593, 0.1694], [-0.0319, 0.172], [-0.0045, 0.1693], [0.0217, 0.1614], [0.0222, 0.1611], [0.0263, 0.188], [0.0246, 0.2274], [0.0151, 0.2649], [-0.0017, 0.299], [-0.0253, 0.3284], [-0.0547, 0.3519], [-0.0887, 0.3688], [-0.1262, 0.3783], [-0.1657, 0.3799], [-0.2055, 0.3739], [-0.2443, 0.3601]], "flags": {"1": {"outline": [[-0.1819, 0.1544], [-0.1738, 0.1624], [-0.1818, 0.1704], [-0.1899, 0.1624]]}, "0": {"outline": [[-0.1648, 0.1851], [-0.1712, 0.1787], [-0.1647, 0.1722], [-0.1584, 0.1785]]}, "3": {"outline": [[-0.18, 0.2002], [-0.1852, 0.195], [-0.1796, 0.1889], [-0.1739, 0.1946]]}, "2": {"outline": [[-0.198, 0.1715], [-0.1921, 0.1774], [-0.198, 0.1833], [-0.2039, 0.1774]]}}, "icon": [[-0.1664, 0.14109999999999998], [-0.14140000000000003, 0.1661]]}