{"inputs": [[0.4443, -0.06, 293.832], [0.396, -0.0811, 289.873], [0.343, -0.0964, 282.492], [0.2861, -0.1056, 275.742], [0.2261, -0.1083, 269.506], [0.164, -0.1045, 263.669], [0.1013, -0.0945, 258.123], [0.0385, -0.0782, 252.7653], [-0.0228, -0.0558, 247.5], [-0.0821, -0.0281, 242.2347], [-0.138, 0.0048, 236.8768], [-0.1894, 0.042, 231.3305], [-0.2359, 0.0831, 225.4941], [-0.2763, 0.1273, 219.2585], [-0.3102, 0.1742, 212.508], [-0.3369, 0.2224, 205.12709999999998], [-0.3559, 0.2714, 201.1676]], "name": "plane_bullet_7", "outputs": [[-0.494, -0.0618, 480.909], [-0.4417, -0.0306, 477.05], [-0.3849, -0.0061, 469.487], [-0.3248, 0.0108, 462.129], [-0.2618, 0.0202, 454.957], [-0.1978, 0.0219, 447.945], [-0.1332, 0.0157, 441.058], [-0.0698, 0.0017, 434.257], [-0.0078, -0.0197, 427.5], [0.0509, -0.0481, 420.743], [0.1058, -0.0834, 413.942], [0.1559, -0.1246, 407.055], [0.2, -0.1711, 400.043], [0.2377, -0.2221, 392.871], [0.2683, -0.2767, 385.51300000000003], [0.2913, -0.3342, 377.95], [0.306, -0.3933, 374.091]], "outline": [[0.2112, 0.493], [0.1892, 0.4721], [-0.0511, -0.0369], [-0.0328, -0.0801], [0.0106, -0.0623]], "flags": {"1": {"outline": [[0.0335, 0.0594], [0.0188, 0.0655], [0.0129, 0.0509], [0.0275, 0.0451]]}, "0": {"outline": [[0.0219, 0.0699], [0.0344, 0.0645], [0.0679, 0.1554], [0.0624, 0.1578]]}, "3": {"outline": [[-0.0314, -0.0666], [-0.0243, -0.0693], [0.0032, -0.0491], [-0.0365, -0.0327]]}, "2": {"outline": [[0.0251, 0.0384], [0.0098, 0.0445], [0.0036, 0.0296], [0.0189, 0.023]]}}, "icon": [[-0.011314000000000001, -0.012914024999999999], [0.010314, 0.008714025]]}