{"inputs": [[0.598, 0.221, 383.832], [0.6194, 0.1727, 379.873], [0.6345, 0.1197, 372.492], [0.6436, 0.0627, 365.742], [0.6464, 0.0027, 359.506], [0.6427, -0.059, 353.669], [0.6325, -0.1218, 348.123], [0.6162, -0.1847, 342.7654], [0.5941, -0.246, 337.5], [0.5664, -0.3053, 332.2347], [0.5336, -0.3609, 326.8768], [0.4963, -0.4126, 321.33050000000003], [0.4551, -0.459, 315.4941], [0.4107, -0.4997, 309.2585], [0.364, -0.5333, 302.50800000000004], [0.3157, -0.5601, 295.1271], [0.2666, -0.579, 291.1676]], "name": "plane_boomWhisp_16_11", "outputs": [[0.6196, -0.7252, 570.909], [0.5884, -0.673, 567.05], [0.5638, -0.6162, 559.4870000000001], [0.5467, -0.5559, 552.129], [0.5374, -0.4933, 544.957], [0.536, -0.429, 537.9449999999999], [0.5421, -0.3647, 531.058], [0.556, -0.301, 524.2570000000001], [0.5774, -0.2391, 517.5], [0.606, -0.1804, 510.743], [0.6413, -0.1256, 503.942], [0.6825, -0.0755, 497.055], [0.729, -0.0312, 490.043], [0.7798, 0.0065, 482.871], [0.8344, 0.0371, 475.51300000000003], [0.8918, 0.0598, 467.95], [0.951, 0.0748, 464.091]], "outline": [[0.5705, -0.2892], [0.5937, -0.2458], [0.6081, -0.199], [0.6127, -0.1503], [0.608, -0.1015], [0.5938, -0.0547], [0.589, -0.0455], [0.5972, -0.0735], [0.6029, -0.1301], [0.5973, -0.1864], [0.5809, -0.2406], [0.5541, -0.2905], [0.5182, -0.3346], [0.4744, -0.3704], [0.4486, -0.3842], [0.4585, -0.3812], [0.5015, -0.3581], [0.5396, -0.3269]], "flags": {"1": {"outline": [[0.5776, -0.2183], [0.5732, -0.2289], [0.5837, -0.2332], [0.5878, -0.2227]]}, "0": {"outline": [[0.5736, -0.2532], [0.5771, -0.245], [0.5686, -0.2413], [0.565, -0.2497]]}, "3": {"outline": [[0.5933, -0.2614], [0.5963, -0.2545], [0.5886, -0.2511], [0.5857, -0.2586]]}, "2": {"outline": [[0.599, -0.228], [0.5958, -0.2357], [0.6033, -0.2389], [0.6067, -0.2313]]}}, "icon": [[0.5733999999999999, -0.25529999999999997], [0.5984, -0.23029999999999998]]}