{"inputs": [[0.2656, -0.3472, 271.332], [0.213, -0.3483, 267.373], [0.1581, -0.3422, 259.992], [0.102, -0.3288, 253.24200000000002], [0.0456, -0.3083, 247.006], [-0.0102, -0.2811, 241.16899999999998], [-0.0642, -0.2478, 235.623], [-0.116, -0.2088, 230.2653], [-0.1641, -0.1647, 225.0], [-0.2084, -0.1164, 219.7347], [-0.2474, -0.0648, 214.3768], [-0.2807, -0.0105, 208.8305], [-0.3079, 0.0453, 202.9941], [-0.3284, 0.1017, 196.7585], [-0.3419, 0.1578, 190.008], [-0.3479, 0.2126, 182.62709999999998], [-0.3468, 0.2653, 178.6676]], "name": "plane_boomWhisp_1_6", "outputs": [[-0.607, 0.0051, 458.409], [-0.5465, 0.014, 454.55], [-0.4849, 0.0147, 446.987], [-0.4227, 0.0074, 439.629], [-0.3611, -0.0078, 432.457], [-0.3012, -0.0309, 425.445], [-0.244, -0.0614, 418.558], [-0.1905, -0.0985, 411.757], [-0.1416, -0.1419, 405.0], [-0.0982, -0.1908, 398.243], [-0.061, -0.2445, 391.442], [-0.0306, -0.3016, 384.555], [-0.0074, -0.3615, 377.543], [0.0078, -0.4229, 370.371], [0.0151, -0.4853, 363.01300000000003], [0.0144, -0.5471, 355.45], [0.0055, -0.6074, 351.591]], "outline": [[-0.2633, -0.2103], [-0.2392, -0.2394], [-0.2099, -0.2637], [-0.1772, -0.2826], [-0.1425, -0.2949], [-0.1067, -0.3005], [-0.0714, -0.2992], [-0.0376, -0.291], [-0.0073, -0.2761], [0.0193, -0.255], [0.0403, -0.2286], [0.0553, -0.1982], [0.0635, -0.1644], [0.065, -0.1291], [0.0609, -0.103], [0.0555, -0.1057], [0.0324, -0.1127], [0.0084, -0.1152], [-0.0157, -0.1128], [-0.0386, -0.1059], [-0.0601, -0.0943], [-0.0786, -0.079], [-0.094, -0.0605], [-0.1053, -0.0391], [-0.1124, -0.016], [-0.1147, 0.008], [-0.1123, 0.0319], [-0.1054, 0.0551], [-0.1026, 0.0603], [-0.1286, 0.0644], [-0.164, 0.0632], [-0.1978, 0.0548], [-0.2282, 0.0399], [-0.2545, 0.0187], [-0.2757, -0.0076], [-0.2905, -0.038], [-0.2989, -0.0717], [-0.3002, -0.1071], [-0.2946, -0.1428], [-0.2822, -0.1778]], "flags": {"1": {"outline": [[-0.1236, -0.1512], [-0.1316, -0.1432], [-0.1394, -0.1512], [-0.1315, -0.1593]]}, "0": {"outline": [[-0.1541, -0.1342], [-0.1479, -0.1405], [-0.1414, -0.1343], [-0.1478, -0.1279]]}, "3": {"outline": [[-0.1695, -0.1494], [-0.1641, -0.1545], [-0.1582, -0.149], [-0.164, -0.1432]]}, "2": {"outline": [[-0.1407, -0.1673], [-0.1466, -0.1614], [-0.1524, -0.1673], [-0.1467, -0.1731]]}}, "icon": [[-0.13229999999999997, -0.1326], [-0.10729999999999999, -0.10759999999999999]]}