{
"name": "plane_boomMain_0_0",
"flags": {
	"0": { "outline": [[0.0144482,-0.00680666],[0.00539548,-0.00680666],[0.00545735,-0.015898],[0.0143864,-0.015898]] },
	"1": { "outline": [[-0.019275,-0.0164226],[-0.00796014,-0.0164226],[-0.00796014,-0.00510782],[-0.019275,-0.00510782]] },
	"2": { "outline": [[-0.01855,0.00705035],[-0.0102311,0.00705035],[-0.0102311,0.0153692],[-0.01855,0.0153692]] },
	"3": { "outline": [[0.0144246,0.0146672],[0.00706539,0.0146672],[0.00670603,0.00645125],[0.0147839,0.00645125]] }
},
"outline": [[0.2,0],[0.196157,0.0390181],[0.184776,0.0765367],[0.166294,0.111114],[0.141421,0.141421],[0.111114,0.166294],[0.0765367,0.184776],[0.039018,0.196157],[-8.74228e-09,0.2],[-0.0390181,0.196157],[-0.0765367,0.184776],[-0.111114,0.166294],[-0.141421,0.141421],[-0.166294,0.111114],[-0.184776,0.0765367],[-0.196157,0.0390181],[-0.2,-1.74846e-08],[-0.196157,-0.0390181],[-0.184776,-0.0765367],[-0.166294,-0.111114],[-0.141421,-0.141421],[-0.111114,-0.166294],[-0.0765366,-0.184776],[-0.0390181,-0.196157],[2.38498e-09,-0.2],[0.0390181,-0.196157],[0.0765367,-0.184776],[0.111114,-0.166294],[0.141421,-0.141421],[0.166294,-0.111114],[0.184776,-0.0765367],[0.196157,-0.039018]],
"inputs": [[-0.433013,-0.173761,136.332],[-0.396677,-0.135695,132.373],[-0.353553,-0.101274,124.992],[-0.304381,-0.0710876,118.242],[-0.25,-0.0456524,112.006],[-0.191342,-0.0254034,106.169],[-0.12941,-0.0106872,100.623],[-0.0652631,-0.00175557,95.2653],[2.18557e-08,0.00123873,90],[0.0652631,-0.00175557,84.7347],[0.12941,-0.0106872,79.3768],[0.191342,-0.0254034,73.8305],[0.25,-0.0456524,67.9941],[0.304381,-0.0710876,61.7585],[0.353553,-0.101274,55.008],[0.396677,-0.135695,47.6271],[0.433013,-0.173761,43.6676]],
"outputs": [[0.433013,0.22411,323.409],[0.396677,0.175167,319.55],[0.353553,0.130912,311.987],[0.304381,0.0921006,304.629],[0.25,0.0593982,297.457],[0.191342,0.0333638,290.445],[0.12941,0.014443,283.558],[0.065263,0.00295946,276.757],[5.96244e-09,-0.000890344,270],[-0.0652632,0.00295949,263.243],[-0.129409,0.014443,256.442],[-0.191342,0.0333639,249.555],[-0.25,0.0593982,242.543],[-0.304381,0.0921007,235.371],[-0.353553,0.130912,228.013],[-0.396677,0.175167,220.45],[-0.433013,0.22411,216.591]],
"icon": [[-0.0525,-0.0268014],[0.0525,0.0781986]]
}