{"inputs": [[0.2254, 0.3873, 361.332], [0.2263, 0.3346, 357.373], [0.2202, 0.2798, 349.992], [0.207, 0.2237, 343.242], [0.1865, 0.1673, 337.006], [0.1592, 0.1114, 331.169], [0.126, 0.0573, 325.623], [0.0869, 0.0054, 320.2653], [0.0427, -0.0426, 315.0], [-0.0055, -0.0867, 309.7347], [-0.0574, -0.1259, 304.3768], [-0.1114, -0.1591, 298.83050000000003], [-0.1671, -0.1863, 292.9941], [-0.2234, -0.2067, 286.7585], [-0.2797, -0.2201, 280.00800000000004], [-0.3345, -0.2264, 272.6271], [-0.387, -0.2251, 268.6676]], "name": "plane_bullet_10", "outputs": [[-0.132, -0.4802, 548.409], [-0.1408, -0.42, 544.55], [-0.1417, -0.3581, 536.9870000000001], [-0.1343, -0.2962, 529.629], [-0.1189, -0.2344, 522.457], [-0.0961, -0.1746, 515.4449999999999], [-0.0656, -0.1173, 508.558], [-0.0283, -0.064, 501.757], [0.0151, -0.0149, 495.0], [0.0638, 0.0285, 488.243], [0.1175, 0.0656, 481.442], [0.1747, 0.0962, 474.555], [0.2345, 0.1191, 467.543], [0.2961, 0.1344, 460.371], [0.3582, 0.1419, 453.01300000000003], [0.4201, 0.1411, 445.45], [0.4804, 0.1321, 441.591]], "outline": [[-0.3747, 0.3836], [-0.3638, 0.3553], [0.0145, -0.0615], [0.0614, -0.0611], [0.0616, -0.0142]], "flags": {"1": {"outline": [[-0.042, 0.0535], [-0.0534, 0.0423], [-0.0421, 0.0312], [-0.0312, 0.0425]]}, "0": {"outline": [[-0.0563, 0.0468], [-0.0465, 0.0562], [-0.1177, 0.122], [-0.122, 0.1179]]}, "3": {"outline": [[0.0494, -0.0547], [0.0546, -0.0492], [0.0465, -0.016], [0.0161, -0.0464]]}, "2": {"outline": [[-0.0259, 0.0376], [-0.0374, 0.0259], [-0.0261, 0.0145], [-0.0141, 0.0261]]}}, "icon": [[-0.009114, -0.012314025], [0.012514, 0.009314025]]}