{"inputs": [[-0.4274, -0.0999, 158.832], [-0.4084, -0.0509, 154.873], [-0.3817, -0.0026, 147.49200000000002], [-0.3478, 0.0442, 140.74200000000002], [-0.3073, 0.0885, 134.506], [-0.2609, 0.1296, 128.66899999999998], [-0.2093, 0.1669, 123.123], [-0.1534, 0.1997, 117.7653], [-0.0943, 0.2275, 112.5], [-0.0328, 0.2497, 107.2347], [0.0298, 0.266, 101.8768], [0.0927, 0.2761, 96.3305], [0.1546, 0.2798, 90.4941], [0.2146, 0.2771, 84.2585], [0.2716, 0.268, 77.50800000000001], [0.3246, 0.2527, 70.1271], [0.3727, 0.2315, 66.1676]], "name": "plank_1", "outputs": [[0.7904, -0.7769, 301.012], [0.759, -0.7959, 299.925], [0.721, -0.8169, 298.211], [0.6772, -0.8397, 296.888], [0.6284, -0.8639, 295.804], [0.5753, -0.889, 294.872], [0.5189, -0.9147, 294.035], [0.4601, -0.9404, 293.254], [0.4, -0.9657, 292.5], [0.3395, -0.9903, 291.746], [0.2797, -1.0137, 290.965], [0.2217, -1.0355, 290.128], [0.1664, -1.0552, 289.196], [0.1148, -1.0727, 288.112], [0.0677, -1.0875, 286.789], [0.026, -1.0995, 285.075], [-0.0097, -1.1084, 283.988]], "outline": [[0.5983, -0.7913], [0.1697, 0.2434], [0.1551, 0.2682], [0.136, 0.2823], [0.1126, 0.2857], [0.0848, 0.2786], [-0.2571, 0.137], [-0.2818, 0.1224], [-0.2959, 0.1034], [-0.2994, 0.0799], [-0.2922, 0.0521], [0.1364, -0.9826], [0.151, -1.0074], [0.17, -1.0215], [0.1935, -1.025], [0.2213, -1.0178], [0.5631, -0.8762], [0.5878, -0.8616], [0.6019, -0.8426], [0.6054, -0.8191]], "flags": {"1": {"outline": [[0.1935, -1.025], [0.2213, -1.0178], [0.2813, -0.9929], [-0.197, 0.1619], [-0.2571, 0.137], [-0.2818, 0.1224], [-0.2863, 0.1162], [0.1859, -1.0238]]}, "0": {"outline": [[0.151, -1.0074], [0.17, -1.0215], [0.1859, -1.0238], [-0.2863, 0.1162], [-0.2959, 0.1034], [-0.2994, 0.0799], [-0.2922, 0.0521], [0.1364, -0.9826]]}, "3": {"outline": [[0.6054, -0.8191], [0.5983, -0.7913], [0.1697, 0.2434], [0.1551, 0.2682], [0.136, 0.2823], [0.1202, 0.2846], [0.5924, -0.8554], [0.6019, -0.8426]]}, "2": {"outline": [[0.5631, -0.8762], [0.5878, -0.8616], [0.5924, -0.8554], [0.1202, 0.2846], [0.1126, 0.2857], [0.0848, 0.2786], [0.0247, 0.2537], [0.5031, -0.9011]]}}, "icon": [[-0.125, -0.125], [0.125, 0.125]]}