{"inputs": [[-0.3779, 0.2189, 473.832], [-0.3298, 0.2399, 469.873], [-0.2767, 0.2554, 462.492], [-0.2198, 0.2644, 455.742], [-0.1599, 0.2671, 449.506], [-0.0978, 0.2635, 443.669], [-0.0353, 0.2535, 438.123], [0.0275, 0.2369, 432.7653], [0.0888, 0.2148, 427.5], [0.1483, 0.1869, 422.2347], [0.2041, 0.1543, 416.8768], [0.2556, 0.1169, 411.33050000000003], [0.302, 0.0757, 405.4941], [0.3426, 0.0315, 399.2585], [0.3766, -0.0152, 392.50800000000004], [0.4031, -0.0635, 385.1271], [0.4223, -0.1126, 381.1676]], "name": "plane_boomWhisp_1_15", "outputs": [[0.5629, 0.2273, 660.909], [0.5106, 0.196, 657.05], [0.454, 0.1718, 649.4870000000001], [0.3936, 0.1546, 642.129], [0.3308, 0.145, 634.957], [0.2667, 0.1437, 627.9449999999999], [0.2021, 0.1498, 621.058], [0.1386, 0.1637, 614.2570000000001], [0.077, 0.1851, 607.5], [0.018, 0.2136, 600.7429999999999], [-0.0371, 0.249, 593.942], [-0.087, 0.2902, 587.0550000000001], [-0.1314, 0.3367, 580.043], [-0.1688, 0.3876, 572.871], [-0.1993, 0.4424, 565.513], [-0.2223, 0.4996, 557.95], [-0.2374, 0.5588, 554.091]], "outline": [[0.163, 0.2949], [0.1294, 0.3124], [0.0933, 0.3236], [0.0559, 0.3285], [0.019, 0.3267], [-0.0162, 0.3182], [-0.0482, 0.3034], [-0.0764, 0.2831], [-0.0986, 0.2574], [-0.1152, 0.228], [-0.1246, 0.1956], [-0.1266, 0.1618], [-0.1212, 0.1273], [-0.1093, 0.094], [-0.0955, 0.0717], [-0.0915, 0.0762], [-0.0728, 0.0914], [-0.0515, 0.1031], [-0.0284, 0.1101], [-0.0045, 0.1124], [0.0197, 0.1098], [0.0427, 0.1027], [0.0638, 0.0917], [0.0826, 0.0762], [0.0981, 0.0576], [0.1093, 0.0363], [0.1161, 0.0132], [0.1186, -0.0108], [0.1182, -0.0168], [0.1437, -0.0107], [0.1762, 0.004], [0.204, 0.0248], [0.2262, 0.0503], [0.2426, 0.0799], [0.2522, 0.1121], [0.2541, 0.1461], [0.249, 0.1803], [0.2366, 0.2137], [0.2178, 0.2443], [0.193, 0.272]], "flags": {"1": {"outline": [[0.0565, 0.1866], [0.0669, 0.1825], [0.0711, 0.1929], [0.0607, 0.1971]]}, "0": {"outline": [[0.0913, 0.1827], [0.0831, 0.1862], [0.0794, 0.1779], [0.0879, 0.1745]]}, "3": {"outline": [[0.0997, 0.2026], [0.0927, 0.2054], [0.0893, 0.1979], [0.097, 0.1948]]}, "2": {"outline": [[0.0662, 0.2082], [0.074, 0.2049], [0.077, 0.2125], [0.0695, 0.2157]]}}, "icon": [[0.05260000000000001, 0.14400000000000002], [0.07759999999999999, 0.16899999999999998]]}