{"inputs": [[0.3702, 0.3155, 383.832], [0.3915, 0.267, 379.873], [0.4068, 0.2141, 372.492], [0.4158, 0.1573, 365.742], [0.4187, 0.0972, 359.506], [0.4148, 0.0353, 353.669], [0.4046, -0.0275, 348.123], [0.3885, -0.09, 342.7653], [0.3661, -0.1518, 337.5], [0.3386, -0.2108, 332.2347], [0.3057, -0.2668, 326.8768], [0.2684, -0.3181, 321.33050000000003], [0.2271, -0.3646, 315.4941], [0.1828, -0.4052, 309.2585], [0.1362, -0.439, 302.50800000000004], [0.0878, -0.466, 295.1271], [0.0388, -0.4847, 291.16769999999997]], "name": "plane_boomWhisp_5_11", "outputs": [[0.384, -0.6278, 570.909], [0.3526, -0.5754, 567.05], [0.3284, -0.5186, 559.4870000000001], [0.3114, -0.4585, 552.129], [0.3019, -0.3955, 544.957], [0.3003, -0.3313, 537.9449999999999], [0.3065, -0.2671, 531.058], [0.3202, -0.2034, 524.2570000000001], [0.3417, -0.1415, 517.5], [0.3703, -0.0827, 510.743], [0.4057, -0.0278, 503.942], [0.4467, 0.022, 497.055], [0.4933, 0.0665, 490.043], [0.544, 0.1041, 482.871], [0.5989, 0.1345, 475.51300000000003], [0.6562, 0.1575, 467.95], [0.7154, 0.1724, 464.091]], "outline": [[0.5196, -0.2658], [0.5413, -0.2245], [0.5553, -0.1794], [0.5602, -0.1331], [0.5562, -0.0866], [0.5435, -0.042], [0.5222, -0.0012], [0.4937, 0.0346], [0.4588, 0.0638], [0.4187, 0.0852], [0.3752, 0.0985], [0.3299, 0.1022], [0.2844, 0.0974], [0.2534, 0.0874], [0.2775, 0.0673], [0.3002, 0.0397], [0.3171, 0.0083], [0.3275, -0.0259], [0.3308, -0.0615], [0.3274, -0.097], [0.3171, -0.1313], [0.3001, -0.163], [0.2776, -0.1904], [0.2499, -0.213], [0.2184, -0.2301], [0.1841, -0.2407], [0.1486, -0.244], [0.1173, -0.2407], [0.1322, -0.27], [0.1609, -0.3058], [0.1957, -0.3349], [0.236, -0.3564], [0.2795, -0.3695], [0.3246, -0.3736], [0.3703, -0.3685], [0.4141, -0.3545], [0.4547, -0.332], [0.4902, -0.3022]], "flags": {"1": {"outline": [[0.3428, -0.1211], [0.3384, -0.1315], [0.3491, -0.1359], [0.3534, -0.1256]]}, "0": {"outline": [[0.3387, -0.1559], [0.3423, -0.1475], [0.3339, -0.144], [0.3305, -0.1523]]}, "3": {"outline": [[0.3588, -0.1642], [0.3615, -0.1575], [0.3539, -0.154], [0.3508, -0.1612]]}, "2": {"outline": [[0.3641, -0.1308], [0.3609, -0.1386], [0.3686, -0.1417], [0.3718, -0.1339]]}}, "icon": [[0.3155, -0.1486], [0.3405, -0.12359999999999999]]}