{"inputs": [[-0.0996, 0.4273, 428.832], [-0.0506, 0.4085, 424.873], [-0.0025, 0.3816, 417.492], [0.0445, 0.3479, 410.742], [0.0887, 0.3073, 404.506], [0.1299, 0.2609, 398.669], [0.1673, 0.2093, 393.123], [0.1999, 0.1533, 387.7653], [0.2278, 0.0943, 382.5], [0.2499, 0.0328, 377.2347], [0.2663, -0.0298, 371.8768], [0.2763, -0.0925, 366.33050000000003], [0.2801, -0.1545, 360.4941], [0.2775, -0.2147, 354.2585], [0.2682, -0.2714, 347.50800000000004], [0.2531, -0.3245, 340.1271], [0.2317, -0.3727, 336.1676]], "name": "plank_13", "outputs": [[-0.7767, -0.7904, 571.012], [-0.7956, -0.7591, 569.925], [-0.8165, -0.7211, 568.211], [-0.8396, -0.6771, 566.8879999999999], [-0.8637, -0.6285, 565.804], [-0.8889, -0.5756, 564.8720000000001], [-0.9145, -0.5189, 564.0350000000001], [-0.9401, -0.46, 563.254], [-0.9654, -0.4002, 562.5], [-0.99, -0.3396, 561.746], [-1.0135, -0.2797, 560.9649999999999], [-1.0354, -0.2218, 560.1279999999999], [-1.0549, -0.1665, 559.196], [-1.0724, -0.1147, 558.1120000000001], [-1.0872, -0.068, 556.789], [-1.0993, -0.0259, 555.075], [-1.1083, 0.0095, 553.988]], "outline": [[-0.7911, -0.5982], [0.2435, -0.1697], [0.2686, -0.1552], [0.2825, -0.1362], [0.286, -0.1126], [0.2788, -0.085], [0.1372, 0.257], [0.1226, 0.2816], [0.1036, 0.2957], [0.0803, 0.2993], [0.0525, 0.292], [-0.9824, -0.1365], [-1.0073, -0.151], [-1.0213, -0.1701], [-1.0247, -0.1935], [-1.0176, -0.2215], [-0.8758, -0.5632], [-0.8615, -0.5878], [-0.8425, -0.6021], [-0.8187, -0.6055]], "flags": {"1": {"outline": [[-1.0247, -0.1935], [-1.0176, -0.2215], [-0.9927, -0.2812], [0.162, 0.1971], [0.1372, 0.257], [0.1226, 0.2816], [0.1164, 0.2861], [-1.0236, -0.1861]]}, "0": {"outline": [[-1.0073, -0.151], [-1.0213, -0.1701], [-1.0236, -0.1861], [0.1164, 0.2861], [0.1036, 0.2957], [0.0803, 0.2993], [0.0525, 0.292], [-0.9824, -0.1365]]}, "3": {"outline": [[-0.8187, -0.6055], [-0.7911, -0.5982], [0.2435, -0.1697], [0.2686, -0.1552], [0.2825, -0.1362], [0.2848, -0.1204], [-0.855, -0.5924], [-0.8425, -0.6021]]}, "2": {"outline": [[-0.8758, -0.5632], [-0.8615, -0.5878], [-0.855, -0.5924], [0.2848, -0.1204], [0.286, -0.1126], [0.2788, -0.085], [0.2541, -0.0249], [-0.9008, -0.5031]]}}, "icon": [[-0.125, -0.125], [0.125, 0.125]]}