{"inputs": [[-0.0088, -0.6216, 271.332], [-0.0614, -0.6227, 267.373], [-0.1163, -0.6166, 259.992], [-0.1724, -0.6032, 253.24200000000002], [-0.2287, -0.5826, 247.006], [-0.2844, -0.5556, 241.16899999999998], [-0.3387, -0.5222, 235.623], [-0.3904, -0.4831, 230.2654], [-0.4386, -0.4391, 225.0], [-0.4828, -0.3907, 219.7347], [-0.5217, -0.3392, 214.3768], [-0.555, -0.285, 208.8305], [-0.5822, -0.2292, 202.9941], [-0.6027, -0.1727, 196.7585], [-0.6161, -0.1166, 190.008], [-0.6223, -0.0618, 182.62709999999998], [-0.621, -0.0092, 178.6676]], "name": "plane_boomWhisp_13_6", "outputs": [[-0.8907, -0.2787, 458.409], [-0.8305, -0.2698, 454.55], [-0.7686, -0.269, 446.987], [-0.7064, -0.2764, 439.629], [-0.6449, -0.2916, 432.457], [-0.5849, -0.3147, 425.445], [-0.5278, -0.3453, 418.558], [-0.4744, -0.3825, 411.757], [-0.4255, -0.4258, 405.0], [-0.3821, -0.4748, 398.243], [-0.3447, -0.5283, 391.442], [-0.3144, -0.5854, 384.555], [-0.2913, -0.6453, 377.543], [-0.2761, -0.7069, 370.371], [-0.2686, -0.7691, 363.01300000000003], [-0.2695, -0.8308, 355.45], [-0.2783, -0.8912, 351.591]], "outline": [[-0.4846, -0.4161], [-0.4536, -0.4541], [-0.4158, -0.485], [-0.3726, -0.5082], [-0.3258, -0.5223], [-0.2769, -0.5271], [-0.2282, -0.5224], [-0.1814, -0.5081], [-0.1384, -0.4851], [-0.1283, -0.4769], [-0.1747, -0.4909], [-0.2271, -0.4962], [-0.2794, -0.491], [-0.3299, -0.4758], [-0.3764, -0.4509], [-0.4172, -0.4174], [-0.4505, -0.3768], [-0.4754, -0.3303], [-0.4905, -0.2798], [-0.4958, -0.2274], [-0.4907, -0.1749], [-0.4765, -0.1287], [-0.4848, -0.1386], [-0.5077, -0.1819], [-0.5221, -0.2286], [-0.5267, -0.2773], [-0.522, -0.3261], [-0.5079, -0.373]], "flags": {"1": {"outline": [[-0.4063, -0.434], [-0.4144, -0.426], [-0.4222, -0.4339], [-0.4144, -0.4419]]}, "0": {"outline": [[-0.4369, -0.4169], [-0.4306, -0.4231], [-0.4241, -0.4169], [-0.4304, -0.4105]]}, "3": {"outline": [[-0.4522, -0.4322], [-0.4469, -0.4372], [-0.4409, -0.4317], [-0.4465, -0.426]]}, "2": {"outline": [[-0.4235, -0.45], [-0.4294, -0.4442], [-0.4353, -0.4501], [-0.4294, -0.4559]]}}, "icon": [[-0.44289999999999996, -0.44320000000000004], [-0.41790000000000005, -0.4182]]}