{"inputs": [[0.4332, -0.4292, 316.332], [0.3968, -0.4675, 312.373], [0.3537, -0.5019, 304.992], [0.3045, -0.5319, 298.242], [0.2501, -0.5575, 292.006], [0.1915, -0.5778, 286.169], [0.1295, -0.5925, 280.623], [0.0654, -0.6015, 275.2654], [0.0001, -0.6044, 270.0], [-0.0651, -0.6014, 264.7347], [-0.1293, -0.5925, 259.3768], [-0.1912, -0.5777, 253.8305], [-0.2499, -0.5575, 247.9941], [-0.3041, -0.532, 241.7585], [-0.3533, -0.5018, 235.008], [-0.3964, -0.4675, 227.62709999999998], [-0.4328, -0.4294, 223.6676]], "name": "plane_boomWhisp_12_8", "outputs": [[-0.4328, -0.81, 503.409], [-0.3965, -0.7612, 499.55], [-0.3534, -0.7168, 491.987], [-0.3041, -0.6781, 484.629], [-0.2499, -0.6453, 477.457], [-0.1912, -0.6194, 470.445], [-0.1292, -0.6006, 463.558], [-0.0651, -0.5891, 456.757], [0.0002, -0.5851, 450.0], [0.0653, -0.5888, 443.243], [0.1298, -0.6005, 436.442], [0.1915, -0.6193, 429.555], [0.2501, -0.6453, 422.543], [0.3046, -0.6782, 415.371], [0.3538, -0.7168, 408.01300000000003], [0.3969, -0.7611, 400.45], [0.4333, -0.8102, 396.591]], "outline": [[-0.0486, -0.6362], [0.0002, -0.6411], [0.0488, -0.6363], [0.0955, -0.622], [0.1387, -0.5989], [0.1765, -0.5679], [0.2078, -0.5303], [0.2309, -0.487], [0.245, -0.4404], [0.2498, -0.3918], [0.2485, -0.3805], [0.24, -0.4089], [0.216, -0.4537], [0.1836, -0.4931], [0.1446, -0.5253], [0.0994, -0.5493], [0.0509, -0.5641], [0.0004, -0.5689], [-0.0504, -0.5641], [-0.099, -0.5492], [-0.1439, -0.5254], [-0.1831, -0.493], [-0.2155, -0.4537], [-0.2396, -0.4088], [-0.2483, -0.3804], [-0.2492, -0.3916], [-0.2447, -0.4404], [-0.2303, -0.487], [-0.2073, -0.5301], [-0.1761, -0.568], [-0.1384, -0.5989], [-0.0954, -0.6221]], "flags": {"1": {"outline": [[0.0195, -0.5773], [0.0081, -0.5774], [0.0082, -0.5888], [0.0194, -0.5886]]}, "0": {"outline": [[-0.0142, -0.587], [-0.0051, -0.587], [-0.0052, -0.5779], [-0.0142, -0.5779]]}, "3": {"outline": [[-0.0142, -0.6085], [-0.007, -0.6084], [-0.0065, -0.6003], [-0.0146, -0.6003]]}, "2": {"outline": [[0.0188, -0.6008], [0.0105, -0.601], [0.0104, -0.6091], [0.0188, -0.6091]]}}, "icon": [[-0.012300000000000066, -0.6029000000000001], [0.012700000000000067, -0.5779]]}