{"inputs": [[-0.433013, 0.357303, 136.332], [-0.396677, 0.395369, 132.373], [-0.353553, 0.42979, 124.992], [-0.304381, 0.459977, 118.242], [-0.25, 0.485412, 112.006], [-0.191342, 0.505661, 106.169], [-0.12941, 0.520377, 100.623], [-0.0652631, 0.529309, 95.2654], [2.18557e-08, 0.532303, 90], [0.0652631, 0.529309, 84.7347], [0.12941, 0.520377, 79.3768], [0.191342, 0.505661, 73.8305], [0.25, 0.485412, 67.9941], [0.304381, 0.459977, 61.7585], [0.353553, 0.42979, 55.008], [0.396677, 0.395369, 47.6271], [0.433013, 0.357303, 43.6676]], "name": "plane_boomWhisp_9_0", "outputs": [[0.433013, 0.735588, 323.409], [0.396677, 0.686646, 319.55], [0.353553, 0.64239, 311.987], [0.304381, 0.603579, 304.629], [0.25, 0.570877, 297.457], [0.191342, 0.544843, 290.445], [0.12941, 0.525922, 283.558], [0.065263, 0.514438, 276.757], [5.96244e-09, 0.510588, 270], [-0.0652632, 0.514438, 263.243], [-0.129409, 0.525922, 256.442], [-0.191342, 0.544843, 249.555], [-0.25, 0.570877, 242.543], [-0.304381, 0.60358, 235.371], [-0.353553, 0.64239, 228.013], [-0.396677, 0.686646, 220.45], [-0.433013, 0.735588, 216.591]], "outline": [[0.0483445, 0.628067], [3.87481e-17, 0.632805], [-0.0483445, 0.628067], [-0.0948312, 0.614034], [-0.137674, 0.591245], [-0.175225, 0.560577], [-0.206043, 0.523207], [-0.228943, 0.480573], [-0.243044, 0.434312], [-0.247806, 0.386202], [-0.243044, 0.338092], [-0.228943, 0.291831], [-0.226389, 0.287077], [-0.224672, 0.304503], [-0.211637, 0.347476], [-0.190468, 0.38708], [-0.16198, 0.421793], [-0.127267, 0.450281], [-0.0876628, 0.47145], [-0.0446901, 0.484486], [2.99357e-17, 0.488887], [0.0446901, 0.484486], [0.0876628, 0.47145], [0.127267, 0.450281], [0.16198, 0.421793], [0.190468, 0.38708], [0.211637, 0.347476], [0.224672, 0.304503], [0.226389, 0.287077], [0.228943, 0.291831], [0.243044, 0.338092], [0.247806, 0.386202], [0.243044, 0.434312], [0.228943, 0.480573], [0.206043, 0.523207], [0.175225, 0.560577], [0.137674, 0.591245], [0.0948312, 0.614034]], "flags": {"1": {"outline": [[-0.0192751, 0.503131], [-0.00796014, 0.503131], [-0.00796014, 0.514445], [-0.019275, 0.514445]]}, "0": {"outline": [[0.0144482, 0.512747], [0.00539548, 0.512747], [0.00545735, 0.503655], [0.0143864, 0.503655]]}, "3": {"outline": [[0.0144246, 0.53422], [0.00706542, 0.53422], [0.00670603, 0.526004], [0.0147839, 0.526004]]}, "2": {"outline": [[-0.01855, 0.526604], [-0.0102311, 0.526604], [-0.0102311, 0.534922], [-0.01855, 0.534922]]}}, "icon": [[-0.0125, 0.496453], [0.0125, 0.521453]]}