{
"name": "plane_plane_4_0",
"flags": {
	"0": { "outline": [[-0.100832,0.276055],[0.103361,0.282979],[0.0454774,0.441798],[-0.0449811,0.436976]] },
	"1": { "outline": [[-0.0415827,0.0571707],[0.0420065,0.0577535],[0.0420065,0.147158],[-0.0415827,0.145673]] },
	"2": { "outline": [[-0.0415827,-0.123389],[0.0420065,-0.124647],[0.0420065,-0.035242],[-0.0415827,-0.0348865]] },
	"3": { "outline": [[-0.0241111,-0.92806],[0.024253,-0.933522],[0.00985649,-0.667323],[-0.00983297,-0.665731]] }
},
"outline": [[-0.12785,0.18591],[-0.345359,0.180927],[-0.349867,0.277049],[-0.393813,0.275507],[-0.398096,0.174701],[-0.601905,0.130835],[-0.601905,-0.130835],[-0.398096,-0.174701],[-0.393813,-0.275507],[-0.349867,-0.277049],[-0.345359,-0.180927],[-0.12785,-0.18591],[-0.100015,-0.384121],[-0.0733557,-0.614752],[-0.0733557,-0.669771],[-0.253884,-0.696787],[-0.253884,-0.830188],[-0.0733557,-0.891711],[-0.04179,-0.950388],[0.0422181,-0.960124],[0.0746851,-0.907871],[0.270551,-0.884689],[0.270551,-0.74253],[0.0746851,-0.681909],[0.0746852,-0.625893],[0.102503,-0.393675],[0.131943,-0.191862],[0.376947,-0.197475],[0.382324,-0.302751],[0.435421,-0.304615],[0.440662,-0.193381],[0.704848,-0.153211],[0.704848,0.153211],[0.440662,0.193381],[0.435421,0.304615],[0.382324,0.302751],[0.376947,0.197475],[0.131943,0.191862],[0.0997551,0.397976],[0.0281651,0.491681],[-0.0325477,0.488072],[-0.10045,0.388425]],
"inputs": [[-0.387757,0.317209,136.332],[-0.356626,0.354886,132.373],[-0.319359,0.38965,124.992],[-0.276432,0.420935,118.242],[-0.228413,0.448203,112.006],[-0.175964,0.470953,106.169],[-0.119837,0.488732,100.623],[-0.0608743,0.501145,95.2654],[2.05376e-08,0.507869,90],[0.061787,0.508659,84.7347],[0.123426,0.503369,79.3768],[0.183812,0.491958,73.8305],[0.241815,0.474502,67.9941],[0.296307,0.451199,61.7585],[0.346185,0.422381,55.008],[0.39041,0.388505,47.6271],[0.428029,0.350154,43.6676]],
"outputs": [[0.428029,-0.978002,278.512],[0.39041,-0.979455,277.425],[0.346185,-0.979561,275.711],[0.296306,-0.978339,274.388],[0.241815,-0.975836,273.304],[0.183812,-0.972122,272.372],[0.123426,-0.967289,271.535],[0.0617869,-0.961448,270.754],[5.60286e-09,-0.954722,270],[-0.0608744,-0.947246,269.246],[-0.119837,-0.939162,268.465],[-0.175964,-0.930615,267.628],[-0.228413,-0.921752,266.696],[-0.276432,-0.912717,265.612],[-0.319359,-0.903653,264.289],[-0.356626,-0.894698,262.575],[-0.387757,-0.885984,261.488]],
"icon": [[-0.115811,-0.123244],[0.11916,0.126807]]
}