{"inputs": [[-0.1232, 0.4888, 451.332], [-0.0705, 0.4903, 447.373], [-0.0158, 0.4842, 439.992], [0.0405, 0.4708, 433.242], [0.0967, 0.4502, 427.006], [0.1527, 0.4229, 421.169], [0.2066, 0.3896, 415.623], [0.2584, 0.3504, 410.2653], [0.3067, 0.3068, 405.0], [0.3507, 0.2583, 399.7347], [0.3899, 0.2068, 394.3768], [0.4231, 0.1524, 388.83050000000003], [0.4503, 0.0964, 382.9941], [0.4706, 0.0401, 376.7585], [0.4842, -0.0159, 370.00800000000004], [0.4904, -0.0706, 362.6271], [0.4891, -0.1232, 358.6676]], "name": "plane_boomWhisp_6_14", "outputs": [[0.7542, 0.1417, 638.409], [0.6938, 0.1326, 634.55], [0.6319, 0.132, 626.9870000000001], [0.5698, 0.1394, 619.629], [0.5086, 0.1547, 612.457], [0.4482, 0.1778, 605.4449999999999], [0.3912, 0.2081, 598.558], [0.3378, 0.2452, 591.7570000000001], [0.2889, 0.2886, 585.0], [0.2455, 0.3375, 578.2429999999999], [0.2085, 0.3911, 571.442], [0.1778, 0.4483, 564.5550000000001], [0.1549, 0.5083, 557.543], [0.1393, 0.5698, 550.371], [0.1321, 0.6318, 543.013], [0.133, 0.6939, 535.45], [0.1419, 0.7541, 531.591]], "outline": [[0.4584, 0.3915], [0.4283, 0.4279], [0.3916, 0.4585], [0.3498, 0.4809], [0.3045, 0.4949], [0.2578, 0.5], [0.2107, 0.4959], [0.1658, 0.4827], [0.1244, 0.4609], [0.0884, 0.4313], [0.0589, 0.3952], [0.0372, 0.3538], [0.0239, 0.3092], [0.0223, 0.2932], [0.0259, 0.2961], [0.0596, 0.3141], [0.0963, 0.3248], [0.1343, 0.329], [0.1722, 0.325], [0.2086, 0.3138], [0.2425, 0.296], [0.272, 0.2716], [0.296, 0.2423], [0.314, 0.2086], [0.3253, 0.1719], [0.329, 0.1341], [0.325, 0.0962], [0.3143, 0.0594], [0.296, 0.0257], [0.2934, 0.0224], [0.3091, 0.024], [0.3539, 0.0371], [0.3953, 0.0588], [0.4316, 0.0884], [0.461, 0.1245], [0.4829, 0.1658], [0.496, 0.2107], [0.5002, 0.2575], [0.495, 0.3044], [0.481, 0.3495]], "flags": {"1": {"outline": [[0.2703, 0.2974], [0.2784, 0.2894], [0.2864, 0.2975], [0.2783, 0.3053]]}, "0": {"outline": [[0.3011, 0.2806], [0.2944, 0.2869], [0.2882, 0.2804], [0.2944, 0.2739]]}, "3": {"outline": [[0.3161, 0.2954], [0.311, 0.3008], [0.3051, 0.2953], [0.3105, 0.2894]]}, "2": {"outline": [[0.2873, 0.3136], [0.2933, 0.3078], [0.2991, 0.3135], [0.2932, 0.3194]]}}, "icon": [[0.2683, 0.26830000000000004], [0.2933, 0.29329999999999995]]}