{"inputs": [[-0.4062, -0.2063, 181.332], [-0.4075, -0.1537, 177.373], [-0.4014, -0.0989, 169.99200000000002], [-0.3879, -0.0427, 163.24200000000002], [-0.3675, 0.0137, 157.006], [-0.3402, 0.0695, 151.16899999999998], [-0.3068, 0.1237, 145.623], [-0.2678, 0.1753, 140.2653], [-0.2238, 0.2237, 135.0], [-0.1756, 0.2677, 129.7347], [-0.1239, 0.3067, 124.3768], [-0.0697, 0.3401, 118.8305], [-0.0139, 0.3672, 112.9941], [0.0425, 0.3877, 106.7585], [0.0986, 0.4012, 100.00800000000001], [0.1534, 0.4073, 92.6271], [0.2061, 0.4061, 88.6676]], "name": "plane_boomWhisp_3_2", "outputs": [[-0.0561, 0.6683, 368.409], [-0.0472, 0.608, 364.55], [-0.0464, 0.5462, 356.987], [-0.0538, 0.4839, 349.629], [-0.0691, 0.4224, 342.457], [-0.0921, 0.3625, 335.445], [-0.1225, 0.3053, 328.558], [-0.1598, 0.2519, 321.757], [-0.2032, 0.203, 315.0], [-0.252, 0.1596, 308.243], [-0.3055, 0.1224, 301.442], [-0.3628, 0.0919, 294.555], [-0.4226, 0.0689, 287.543], [-0.4842, 0.0535, 280.371], [-0.5464, 0.0462, 273.01300000000003], [-0.6082, 0.047, 265.45], [-0.6684, 0.0559, 261.591]], "outline": [[-0.3272, 0.3895], [-0.3613, 0.3611], [-0.3897, 0.327], [-0.4113, 0.2885], [-0.4253, 0.2472], [-0.4312, 0.2045], [-0.4287, 0.1622], [-0.4179, 0.1218], [-0.3993, 0.0849], [-0.3735, 0.053], [-0.3415, 0.0272], [-0.3046, 0.0085], [-0.2642, -0.0023], [-0.2218, -0.0048], [-0.2039, -0.0023], [-0.2073, 0.004], [-0.2161, 0.0331], [-0.219, 0.0634], [-0.2161, 0.0937], [-0.2072, 0.1229], [-0.1929, 0.1498], [-0.1735, 0.1733], [-0.15, 0.1926], [-0.1231, 0.207], [-0.0939, 0.2159], [-0.0637, 0.2189], [-0.0333, 0.2159], [-0.0041, 0.2071], [0.0021, 0.2037], [0.0047, 0.2216], [0.0021, 0.264], [-0.0087, 0.3044], [-0.0274, 0.3413], [-0.0531, 0.3732], [-0.0852, 0.3991], [-0.122, 0.4177], [-0.1624, 0.4284], [-0.2047, 0.431], [-0.2474, 0.4252], [-0.2888, 0.4112]], "flags": {"1": {"outline": [[-0.2122, 0.1847], [-0.2042, 0.1927], [-0.2121, 0.2008], [-0.2202, 0.1927]]}, "0": {"outline": [[-0.1951, 0.2154], [-0.2016, 0.2089], [-0.195, 0.2026], [-0.1888, 0.2088]]}, "3": {"outline": [[-0.2103, 0.2305], [-0.2155, 0.2254], [-0.21, 0.2193], [-0.2043, 0.2249]]}, "2": {"outline": [[-0.2283, 0.2018], [-0.2224, 0.2077], [-0.2283, 0.2136], [-0.2342, 0.2077]]}}, "icon": [[-0.1996, 0.17439999999999997], [-0.17459999999999998, 0.19940000000000002]]}