{"inputs": [[-0.2317, -0.373, 203.832], [-0.2529, -0.3249, 199.873], [-0.2681, -0.2718, 192.49200000000002], [-0.2773, -0.2148, 185.74200000000002], [-0.2799, -0.1548, 179.506], [-0.2762, -0.093, 173.66899999999998], [-0.2661, -0.0301, 168.123], [-0.2497, 0.0326, 162.7653], [-0.2276, 0.094, 157.5], [-0.1998, 0.1533, 152.2347], [-0.1671, 0.209, 146.8768], [-0.1298, 0.2606, 141.3305], [-0.0886, 0.307, 135.4941], [-0.0443, 0.3476, 129.2585], [0.0024, 0.3814, 122.50800000000001], [0.0507, 0.4081, 115.1271], [0.0998, 0.4272, 111.1676]], "name": "plank_3", "outputs": [[1.1082, 0.0095, 346.012], [1.0994, -0.0262, 344.925], [1.0874, -0.068, 343.211], [1.0725, -0.1151, 341.888], [1.0551, -0.1666, 340.804], [1.0354, -0.2219, 339.872], [1.0136, -0.2799, 339.035], [0.9902, -0.3397, 338.254], [0.9657, -0.4001, 337.5], [0.9402, -0.4602, 336.746], [0.9145, -0.5192, 335.965], [0.8889, -0.5756, 335.128], [0.8637, -0.6285, 334.196], [0.8396, -0.6775, 333.112], [0.8168, -0.7212, 331.789], [0.7957, -0.7592, 330.075], [0.7769, -0.7907, 328.988]], "outline": [[0.9825, -0.1366], [-0.0522, 0.292], [-0.0801, 0.2992], [-0.1035, 0.2957], [-0.1225, 0.2815], [-0.1371, 0.2569], [-0.2787, -0.0851], [-0.2859, -0.1128], [-0.2824, -0.1363], [-0.2683, -0.1553], [-0.2435, -0.1698], [0.7912, -0.5985], [0.8191, -0.6057], [0.8424, -0.6022], [0.8616, -0.5881], [0.8761, -0.5633], [1.0177, -0.2215], [1.0248, -0.1937], [1.0214, -0.1703], [1.0072, -0.1512]], "flags": {"1": {"outline": [[0.8616, -0.5881], [0.8761, -0.5633], [0.9009, -0.5033], [-0.2538, -0.025], [-0.2787, -0.0851], [-0.2859, -0.1128], [-0.2846, -0.1204], [0.8553, -0.5926]]}, "0": {"outline": [[0.8191, -0.6057], [0.8424, -0.6022], [0.8553, -0.5926], [-0.2846, -0.1204], [-0.2824, -0.1363], [-0.2683, -0.1553], [-0.2435, -0.1698], [0.7912, -0.5985]]}, "3": {"outline": [[1.0072, -0.1512], [0.9825, -0.1366], [-0.0522, 0.292], [-0.0801, 0.2992], [-0.1035, 0.2957], [-0.1163, 0.2861], [1.0237, -0.1861], [1.0214, -0.1703]]}, "2": {"outline": [[1.0177, -0.2215], [1.0248, -0.1937], [1.0237, -0.1861], [-0.1163, 0.2861], [-0.1225, 0.2815], [-0.1371, 0.2569], [-0.162, 0.1968], [0.9928, -0.2815]]}}, "icon": [[-0.125, -0.125], [0.125, 0.125]]}