{"inputs": [[-0.3574, -0.4333, 226.332], [-0.3954, -0.3968, 222.373], [-0.4299, -0.3539, 214.99200000000002], [-0.4601, -0.3047, 208.24200000000002], [-0.4855, -0.2503, 202.006], [-0.5058, -0.1916, 196.16899999999998], [-0.5204, -0.1295, 190.623], [-0.5294, -0.0655, 185.2654], [-0.5323, -0.0004, 180.0], [-0.5294, 0.065, 174.7347], [-0.5204, 0.1292, 169.3768], [-0.5057, 0.1911, 163.8305], [-0.4854, 0.2498, 157.9941], [-0.4601, 0.3042, 151.7585], [-0.4299, 0.3533, 145.008], [-0.3954, 0.3963, 137.62709999999998], [-0.3574, 0.4328, 133.6676]], "name": "plane_boomWhisp_9_4", "outputs": [[-0.7358, 0.4327, 413.409], [-0.6867, 0.3965, 409.55], [-0.6424, 0.3533, 401.987], [-0.6036, 0.3041, 394.629], [-0.5708, 0.2498, 387.457], [-0.5449, 0.1911, 380.445], [-0.526, 0.1291, 373.558], [-0.5145, 0.065, 366.757], [-0.5107, -0.0002, 360.0], [-0.5145, -0.0655, 353.243], [-0.5259, -0.1298, 346.442], [-0.5449, -0.1915, 339.555], [-0.571, -0.2503, 332.543], [-0.6036, -0.3046, 325.371], [-0.6424, -0.3538, 318.01300000000003], [-0.6866, -0.3969, 310.45], [-0.7356, -0.4333, 306.591]], "outline": [[-0.6281, 0.0481], [-0.6329, -0.0002], [-0.6282, -0.0486], [-0.6142, -0.095], [-0.5913, -0.1379], [-0.5607, -0.1755], [-0.5233, -0.2063], [-0.4806, -0.2292], [-0.4343, -0.2433], [-0.3862, -0.2481], [-0.3381, -0.2432], [-0.2919, -0.2292], [-0.287, -0.2267], [-0.3045, -0.2248], [-0.3475, -0.2119], [-0.3872, -0.1906], [-0.4218, -0.1622], [-0.4504, -0.1274], [-0.4716, -0.088], [-0.4845, -0.0448], [-0.4889, -0.0002], [-0.4846, 0.0444], [-0.4716, 0.0874], [-0.4503, 0.127], [-0.4219, 0.1617], [-0.3871, 0.1902], [-0.3475, 0.2115], [-0.3046, 0.2245], [-0.2871, 0.2261], [-0.2919, 0.2288], [-0.3381, 0.2428], [-0.3862, 0.2476], [-0.4343, 0.2427], [-0.4807, 0.2287], [-0.5233, 0.2059], [-0.5607, 0.1749], [-0.5913, 0.1375], [-0.6141, 0.0946]], "flags": {"1": {"outline": [[-0.5032, -0.0196], [-0.5031, -0.0082], [-0.5145, -0.0082], [-0.5146, -0.0195]]}, "0": {"outline": [[-0.5128, 0.0142], [-0.5128, 0.0051], [-0.5037, 0.0052], [-0.5037, 0.0141]]}, "3": {"outline": [[-0.5343, 0.0141], [-0.5343, 0.0067], [-0.526, 0.0066], [-0.5261, 0.0146]]}, "2": {"outline": [[-0.5268, -0.0188], [-0.5268, -0.0104], [-0.5349, -0.0104], [-0.5351, -0.0188]]}}, "icon": [[-0.5215000000000001, -0.01270000000000004], [-0.4965, 0.012300000000000038]]}