{"inputs": [[-0.4349, -0.1776, 181.332], [-0.4361, -0.125, 177.373], [-0.43, -0.0702, 169.99200000000002], [-0.4166, -0.0141, 163.24200000000002], [-0.3961, 0.0423, 157.006], [-0.3689, 0.0982, 151.16899999999998], [-0.3355, 0.1524, 145.623], [-0.2965, 0.204, 140.2653], [-0.2525, 0.2522, 135.0], [-0.2042, 0.2963, 129.7347], [-0.1525, 0.3353, 124.3768], [-0.0983, 0.3687, 118.8305], [-0.0425, 0.3959, 112.9941], [0.0139, 0.4164, 106.7585], [0.07, 0.4298, 100.00800000000001], [0.1248, 0.4359, 92.6271], [0.1775, 0.4348, 88.6676]], "name": "plane_boomWhisp_4_2", "outputs": [[-0.0858, 0.698, 368.409], [-0.0768, 0.6376, 364.55], [-0.076, 0.5759, 356.987], [-0.0834, 0.5137, 349.629], [-0.0987, 0.4521, 342.457], [-0.1218, 0.3922, 335.445], [-0.1522, 0.335, 328.558], [-0.1894, 0.2815, 321.757], [-0.2328, 0.2327, 315.0], [-0.2817, 0.1893, 308.243], [-0.3352, 0.152, 301.442], [-0.3924, 0.1216, 294.555], [-0.4523, 0.0985, 287.543], [-0.5138, 0.0832, 280.371], [-0.5761, 0.0759, 273.01300000000003], [-0.6378, 0.0766, 265.45], [-0.6982, 0.0856, 261.591]], "outline": [[-0.358, 0.4224], [-0.3933, 0.3931], [-0.4226, 0.3578], [-0.4446, 0.3178], [-0.4587, 0.2746], [-0.4642, 0.23], [-0.461, 0.1856], [-0.449, 0.1431], [-0.429, 0.1041], [-0.4014, 0.0702], [-0.3675, 0.0427], [-0.3286, 0.0226], [-0.2861, 0.0107], [-0.2417, 0.0074], [-0.2375, 0.0079], [-0.2467, 0.0253], [-0.2564, 0.0571], [-0.2596, 0.0901], [-0.2564, 0.1231], [-0.2467, 0.1549], [-0.2311, 0.1841], [-0.2101, 0.2099], [-0.1844, 0.2309], [-0.1551, 0.2466], [-0.1233, 0.2562], [-0.0903, 0.2595], [-0.0573, 0.2562], [-0.0255, 0.2466], [-0.0082, 0.2373], [-0.0076, 0.2414], [-0.0109, 0.2859], [-0.0228, 0.3285], [-0.0429, 0.3673], [-0.0705, 0.4012], [-0.1043, 0.4288], [-0.1432, 0.4488], [-0.1857, 0.4608], [-0.2302, 0.464], [-0.2748, 0.4585], [-0.318, 0.4445]], "flags": {"1": {"outline": [[-0.2418, 0.2143], [-0.2337, 0.2223], [-0.2417, 0.2303], [-0.2497, 0.2222]]}, "0": {"outline": [[-0.2247, 0.2449], [-0.231, 0.2385], [-0.2246, 0.2321], [-0.2183, 0.2384]]}, "3": {"outline": [[-0.2399, 0.2601], [-0.2451, 0.2549], [-0.2395, 0.2488], [-0.2337, 0.2545]]}, "2": {"outline": [[-0.2578, 0.2313], [-0.2519, 0.2372], [-0.2578, 0.2431], [-0.2636, 0.2372]]}}, "icon": [[-0.23199999999999998, 0.2069], [-0.20700000000000002, 0.23190000000000002]]}