{"inputs": [[-0.2585, -0.4332, 226.332], [-0.2967, -0.3969, 222.373], [-0.3312, -0.3538, 214.99200000000002], [-0.3613, -0.3046, 208.24200000000002], [-0.3867, -0.2503, 202.006], [-0.4069, -0.1915, 196.16899999999998], [-0.4216, -0.1297, 190.623], [-0.4304, -0.0655, 185.2653], [-0.4337, -0.0003, 180.0], [-0.4306, 0.065, 174.7347], [-0.4217, 0.1291, 169.3768], [-0.407, 0.1911, 163.8305], [-0.3866, 0.2498, 157.9941], [-0.3612, 0.3041, 151.7585], [-0.3312, 0.3533, 145.008], [-0.2967, 0.3964, 137.62709999999998], [-0.2586, 0.4328, 133.6676]], "name": "plane_boomWhisp_6_4", "outputs": [[-0.6335, 0.4328, 413.409], [-0.5844, 0.3964, 409.55], [-0.5402, 0.3533, 401.987], [-0.5015, 0.3041, 394.629], [-0.4687, 0.2498, 387.457], [-0.4427, 0.191, 380.445], [-0.4238, 0.1291, 373.558], [-0.4122, 0.065, 366.757], [-0.4084, -0.0001, 360.0], [-0.4123, -0.0655, 353.243], [-0.4238, -0.1297, 346.442], [-0.4427, -0.1916, 339.555], [-0.4688, -0.2503, 332.543], [-0.5014, -0.3046, 325.371], [-0.5402, -0.3538, 318.01300000000003], [-0.5845, -0.3969, 310.45], [-0.6334, -0.4332, 306.591]], "outline": [[-0.6008, 0.0471], [-0.6054, -0.0002], [-0.6009, -0.0477], [-0.5873, -0.093], [-0.5653, -0.1349], [-0.5357, -0.1717], [-0.4996, -0.2019], [-0.4585, -0.2243], [-0.4138, -0.2381], [-0.3675, -0.2429], [-0.3211, -0.2381], [-0.2764, -0.2243], [-0.2354, -0.2019], [-0.2231, -0.1918], [-0.2276, -0.1913], [-0.2642, -0.1803], [-0.2978, -0.1621], [-0.3274, -0.138], [-0.3516, -0.1085], [-0.3695, -0.0747], [-0.3807, -0.0383], [-0.3843, -0.0002], [-0.3806, 0.0378], [-0.3696, 0.0743], [-0.3515, 0.108], [-0.3273, 0.1375], [-0.2978, 0.1616], [-0.2641, 0.1798], [-0.2276, 0.1908], [-0.2232, 0.1913], [-0.2353, 0.2013], [-0.2765, 0.2238], [-0.3211, 0.2376], [-0.3675, 0.2423], [-0.4139, 0.2376], [-0.4585, 0.2238], [-0.4996, 0.2015], [-0.5358, 0.1713], [-0.5653, 0.1345], [-0.5873, 0.0926]], "flags": {"1": {"outline": [[-0.4014, -0.0195], [-0.4014, -0.0082], [-0.4127, -0.0082], [-0.4127, -0.0195]]}, "0": {"outline": [[-0.4111, 0.0141], [-0.4109, 0.0052], [-0.4019, 0.0052], [-0.4019, 0.0142]]}, "3": {"outline": [[-0.4325, 0.0141], [-0.4325, 0.0068], [-0.4243, 0.0065], [-0.4242, 0.0145]]}, "2": {"outline": [[-0.4248, -0.0188], [-0.4249, -0.0105], [-0.4332, -0.0105], [-0.4331, -0.0188]]}}, "icon": [[-0.4096, -0.012699999999999984], [-0.3846, 0.012299999999999983]]}