{"inputs": [[0.4374, 0.2875, 383.832], [0.4588, 0.2392, 379.873], [0.4742, 0.1862, 372.492], [0.4831, 0.1294, 365.742], [0.4859, 0.0693, 359.506], [0.482, 0.0074, 353.669], [0.472, -0.0553, 348.123], [0.4558, -0.1181, 342.7653], [0.4337, -0.1795, 337.5], [0.4059, -0.2388, 332.2347], [0.3729, -0.2945, 326.8768], [0.3356, -0.3461, 321.33050000000003], [0.2944, -0.3927, 315.4941], [0.2503, -0.4329, 309.2585], [0.2037, -0.4671, 302.50800000000004], [0.1552, -0.4938, 295.1271], [0.1061, -0.5125, 291.1676]], "name": "plane_boomWhisp_7_11", "outputs": [[0.4537, -0.6567, 570.909], [0.4222, -0.6044, 567.05], [0.398, -0.5475, 559.4870000000001], [0.3809, -0.4873, 552.129], [0.3716, -0.4245, 544.957], [0.37, -0.3604, 537.9449999999999], [0.376, -0.2957, 531.058], [0.3901, -0.2321, 524.2570000000001], [0.4115, -0.1704, 517.5], [0.44, -0.1118, 510.743], [0.4752, -0.0566, 503.942], [0.5163, -0.0069, 497.055], [0.5629, 0.0374, 490.043], [0.6138, 0.0753, 482.871], [0.6686, 0.1057, 475.51300000000003], [0.7259, 0.1288, 467.95], [0.785, 0.1435, 464.091]], "outline": [[0.549, -0.2791], [0.5715, -0.2367], [0.5855, -0.1909], [0.5903, -0.1431], [0.5861, -0.0954], [0.5725, -0.0495], [0.5501, -0.0074], [0.5202, 0.0297], [0.4836, 0.0597], [0.4416, 0.082], [0.3962, 0.0959], [0.349, 0.1005], [0.3025, 0.0956], [0.3142, 0.0893], [0.3455, 0.0635], [0.3713, 0.0321], [0.3904, -0.0036], [0.4021, -0.0425], [0.4062, -0.0826], [0.4022, -0.1231], [0.3903, -0.1616], [0.3714, -0.1973], [0.3456, -0.2289], [0.3143, -0.2544], [0.2785, -0.2737], [0.2399, -0.2853], [0.1994, -0.2891], [0.159, -0.2852], [0.1462, -0.2815], [0.1758, -0.3179], [0.2126, -0.348], [0.2541, -0.3703], [0.2996, -0.3841], [0.3468, -0.3887], [0.3942, -0.3836], [0.4399, -0.3696], [0.4817, -0.3468], [0.5187, -0.3164]], "flags": {"1": {"outline": [[0.4122, -0.15], [0.4078, -0.1605], [0.4183, -0.1647], [0.4228, -0.1542]]}, "0": {"outline": [[0.4081, -0.1846], [0.4116, -0.1762], [0.4031, -0.1729], [0.3997, -0.1812]]}, "3": {"outline": [[0.428, -0.193], [0.4309, -0.186], [0.4233, -0.1827], [0.4203, -0.1901]]}, "2": {"outline": [[0.4334, -0.1594], [0.4305, -0.1672], [0.4382, -0.1704], [0.4414, -0.1626]]}}, "icon": [[0.3917, -0.17980000000000002], [0.4167, -0.1548]]}