{"inputs": [[0.1367, 0.5251, 428.832], [0.1856, 0.5062, 424.873], [0.2339, 0.4794, 417.492], [0.2806, 0.4457, 410.742], [0.3249, 0.405, 404.506], [0.3661, 0.3586, 398.669], [0.4035, 0.3072, 393.123], [0.4363, 0.2512, 387.7653], [0.464, 0.192, 382.5], [0.486, 0.1307, 377.2347], [0.5024, 0.0679, 371.8768], [0.5125, 0.0051, 366.33050000000003], [0.5161, -0.0569, 360.4941], [0.5135, -0.1171, 354.2585], [0.5046, -0.1736, 347.50800000000004], [0.4894, -0.2267, 340.1271], [0.4678, -0.2747, 336.1676]], "name": "plane_boomWhisp_8_13", "outputs": [[0.8165, -0.1306, 615.909], [0.7573, -0.1157, 612.05], [0.7, -0.0928, 604.4870000000001], [0.6454, -0.0622, 597.129], [0.5942, -0.0247, 589.957], [0.5479, 0.0199, 582.9449999999999], [0.5066, 0.0698, 576.058], [0.4715, 0.1247, 569.2570000000001], [0.443, 0.1834, 562.5], [0.4215, 0.2451, 555.7429999999999], [0.4074, 0.309, 548.942], [0.4015, 0.3733, 542.0550000000001], [0.4029, 0.4375, 535.043], [0.4124, 0.5002, 527.871], [0.4293, 0.5603, 520.513], [0.4539, 0.6172, 512.95], [0.4852, 0.6695, 509.091]], "outline": [[0.5935, 0.1937], [0.5795, 0.24], [0.5566, 0.2827], [0.5259, 0.32], [0.4888, 0.3507], [0.4466, 0.3738], [0.4007, 0.3877], [0.3529, 0.3926], [0.3049, 0.388], [0.259, 0.3744], [0.2167, 0.3515], [0.1798, 0.3209], [0.1631, 0.3006], [0.1783, 0.3056], [0.2208, 0.3094], [0.2634, 0.3052], [0.3044, 0.2931], [0.3422, 0.2728], [0.3751, 0.2457], [0.4023, 0.2125], [0.4224, 0.1751], [0.4349, 0.1341], [0.4389, 0.0915], [0.435, 0.0487], [0.4224, 0.0079], [0.4023, -0.0299], [0.3751, -0.0627], [0.3419, -0.0898], [0.328, -0.0975], [0.3539, -0.1], [0.4019, -0.0954], [0.4479, -0.0816], [0.49, -0.059], [0.5271, -0.0284], [0.5574, 0.009], [0.58, 0.0514], [0.5937, 0.0975], [0.5983, 0.1455]], "flags": {"1": {"outline": [[0.4286, 0.1982], [0.4331, 0.1881], [0.4437, 0.1922], [0.4393, 0.2027]]}, "0": {"outline": [[0.4504, 0.1709], [0.4469, 0.1794], [0.4386, 0.1758], [0.442, 0.1675]]}, "3": {"outline": [[0.4703, 0.1791], [0.4677, 0.1859], [0.46, 0.183], [0.4629, 0.1757]]}, "2": {"outline": [[0.4508, 0.2065], [0.4537, 0.199], [0.4616, 0.2023], [0.4584, 0.21]]}}, "icon": [[0.4261, 0.1691], [0.4511, 0.19410000000000002]]}