{"inputs": [[0.0386, 0.4847, 428.832], [0.088, 0.4655, 424.873], [0.1362, 0.4389, 417.492], [0.1827, 0.4051, 410.742], [0.2273, 0.3647, 404.506], [0.2683, 0.3182, 398.669], [0.3055, 0.2666, 393.123], [0.3382, 0.211, 387.7653], [0.3662, 0.1514, 382.5], [0.3884, 0.0903, 377.2347], [0.4048, 0.0274, 371.8768], [0.4147, -0.0352, 366.33050000000003], [0.4183, -0.0973, 360.4941], [0.4157, -0.1574, 354.2585], [0.4067, -0.2142, 347.50800000000004], [0.3915, -0.2676, 340.1271], [0.3701, -0.3154, 336.16769999999997]], "name": "plane_boomWhisp_5_13", "outputs": [[0.7154, -0.1725, 615.909], [0.6561, -0.1576, 612.05], [0.5988, -0.1346, 604.4870000000001], [0.5443, -0.1042, 597.129], [0.493, -0.0663, 589.957], [0.4466, -0.022, 582.9449999999999], [0.4055, 0.0278, 576.058], [0.3701, 0.0825, 569.2570000000001], [0.3416, 0.1415, 562.5], [0.3202, 0.2033, 555.7429999999999], [0.3065, 0.2671, 548.942], [0.3002, 0.3313, 542.0550000000001], [0.3017, 0.3958, 535.043], [0.311, 0.4582, 527.871], [0.3283, 0.5185, 520.513], [0.3525, 0.5753, 512.95], [0.3839, 0.6276, 509.091]], "outline": [[0.5553, 0.1793], [0.5415, 0.2239], [0.5194, 0.2657], [0.4901, 0.3019], [0.4545, 0.332], [0.414, 0.3545], [0.3701, 0.3683], [0.3245, 0.3734], [0.2792, 0.3694], [0.2358, 0.3562], [0.1956, 0.3348], [0.1609, 0.3054], [0.1321, 0.2699], [0.1173, 0.2409], [0.1486, 0.2437], [0.1841, 0.2402], [0.2182, 0.23], [0.2498, 0.2132], [0.2773, 0.1903], [0.3, 0.1628], [0.317, 0.1313], [0.3274, 0.0968], [0.3309, 0.0616], [0.3272, 0.026], [0.3171, -0.0084], [0.3003, -0.0402], [0.2775, -0.0676], [0.253, -0.0873], [0.2843, -0.0976], [0.3299, -0.1026], [0.3751, -0.0986], [0.4188, -0.0852], [0.4589, -0.0638], [0.4936, -0.0348], [0.5224, 0.0012], [0.5434, 0.042], [0.5562, 0.0866], [0.5603, 0.1328]], "flags": {"1": {"outline": [[0.3279, 0.1567], [0.3322, 0.1462], [0.3429, 0.1507], [0.3386, 0.161]]}, "0": {"outline": [[0.3496, 0.1291], [0.3462, 0.1376], [0.3378, 0.1342], [0.3413, 0.1259]]}, "3": {"outline": [[0.3697, 0.1375], [0.3669, 0.1442], [0.359, 0.1412], [0.3619, 0.134]]}, "2": {"outline": [[0.3499, 0.1648], [0.3531, 0.1571], [0.3607, 0.1603], [0.3575, 0.1681]]}}, "icon": [[0.3156, 0.12309999999999999], [0.3406, 0.1481]]}