{"inputs": [[0.5644, -0.2308, 338.832], [0.5454, -0.2801, 334.873], [0.5188, -0.3284, 327.492], [0.4848, -0.3749, 320.742], [0.4444, -0.4194, 314.506], [0.398, -0.4606, 308.669], [0.3463, -0.4979, 303.123], [0.2906, -0.5307, 297.7654], [0.2313, -0.5584, 292.5], [0.17, -0.5806, 287.2347], [0.1072, -0.5969, 281.8768], [0.0444, -0.6069, 276.33050000000003], [-0.0176, -0.6107, 270.4941], [-0.0774, -0.6079, 264.2585], [-0.1344, -0.5989, 257.50800000000004], [-0.1874, -0.5837, 250.12709999999998], [-0.2356, -0.5624, 246.1676]], "name": "plane_boomWhisp_12_9", "outputs": [[-0.0899, -0.914, 525.909], [-0.0751, -0.855, 522.05], [-0.0522, -0.7975, 514.4870000000001], [-0.0215, -0.7429, 507.129], [0.016, -0.6919, 499.957], [0.0603, -0.6455, 492.945], [0.1104, -0.6044, 486.058], [0.1652, -0.5692, 479.257], [0.224, -0.5405, 472.5], [0.2856, -0.519, 465.743], [0.3497, -0.5052, 458.942], [0.4139, -0.4989, 452.055], [0.478, -0.5005, 445.043], [0.5409, -0.5101, 437.871], [0.6011, -0.5269, 430.51300000000003], [0.6579, -0.5513, 422.95], [0.7103, -0.5828, 419.091]], "outline": [[0.1985, -0.6064], [0.2455, -0.5923], [0.2885, -0.5692], [0.3262, -0.5382], [0.3573, -0.5003], [0.3803, -0.4572], [0.3949, -0.4105], [0.3996, -0.3616], [0.3948, -0.3132], [0.3807, -0.2664], [0.3751, -0.2565], [0.3782, -0.286], [0.3731, -0.3366], [0.3583, -0.3854], [0.3346, -0.43], [0.302, -0.4695], [0.2628, -0.5017], [0.218, -0.5255], [0.1693, -0.5405], [0.1187, -0.5453], [0.0681, -0.5405], [0.0195, -0.5256], [-0.0255, -0.5017], [-0.065, -0.4694], [-0.0839, -0.4465], [-0.0804, -0.4572], [-0.0576, -0.5006], [-0.0265, -0.5381], [0.0113, -0.5691], [0.0546, -0.5922], [0.1013, -0.6063], [0.1499, -0.6113]], "flags": {"1": {"outline": [[0.2389, -0.5259], [0.2284, -0.5304], [0.2328, -0.5409], [0.2431, -0.5364]]}, "0": {"outline": [[0.2115, -0.5478], [0.2199, -0.5443], [0.2163, -0.5359], [0.208, -0.5394]]}, "3": {"outline": [[0.2197, -0.5677], [0.2263, -0.5648], [0.2237, -0.5571], [0.2162, -0.5602]]}, "2": {"outline": [[0.2472, -0.5479], [0.2396, -0.5513], [0.2427, -0.5588], [0.2504, -0.5556]]}}, "icon": [[0.21359999999999993, -0.5579000000000001], [0.23860000000000006, -0.5328999999999999]]}