{"inputs": [[-0.5211, -0.253, 203.832], [-0.5424, -0.2049, 199.873], [-0.5577, -0.1519, 192.49200000000002], [-0.5668, -0.0949, 185.74200000000002], [-0.5695, -0.0349, 179.506], [-0.5658, 0.027, 173.66899999999998], [-0.5557, 0.0899, 168.123], [-0.5394, 0.1526, 162.7653], [-0.5171, 0.214, 157.5], [-0.4894, 0.2731, 152.2347], [-0.4566, 0.329, 146.8768], [-0.4192, 0.3806, 141.3305], [-0.3781, 0.427, 135.4941], [-0.3338, 0.4676, 129.2585], [-0.2871, 0.5015, 122.50800000000001], [-0.2388, 0.5281, 115.1271], [-0.1897, 0.547, 111.1676]], "name": "plane_boomWhisp_10_3", "outputs": [[-0.5401, 0.6922, 390.909], [-0.5089, 0.6398, 387.05], [-0.4845, 0.5831, 379.487], [-0.4673, 0.5228, 372.129], [-0.458, 0.46, 364.957], [-0.4564, 0.3959, 357.945], [-0.4626, 0.3315, 351.058], [-0.4764, 0.2678, 344.257], [-0.4979, 0.206, 337.5], [-0.5265, 0.1472, 330.743], [-0.5617, 0.0924, 323.942], [-0.6028, 0.0423, 317.055], [-0.6493, -0.0018, 310.043], [-0.7003, -0.0396, 302.871], [-0.755, -0.0701, 295.51300000000003], [-0.8124, -0.093, 287.95], [-0.8715, -0.1079, 284.091]], "outline": [[-0.5652, 0.2865], [-0.5883, 0.2434], [-0.6024, 0.1968], [-0.6072, 0.1483], [-0.6026, 0.0999], [-0.5884, 0.0532], [-0.5656, 0.0103], [-0.5348, -0.0273], [-0.4973, -0.0581], [-0.4544, -0.0811], [-0.4079, -0.0953], [-0.3813, -0.0978], [-0.3906, -0.0929], [-0.4268, -0.0632], [-0.4567, -0.0268], [-0.4787, 0.0147], [-0.4925, 0.0596], [-0.497, 0.1064], [-0.4924, 0.1531], [-0.4787, 0.1981], [-0.4567, 0.2395], [-0.4268, 0.2758], [-0.3906, 0.3057], [-0.3491, 0.3277], [-0.3042, 0.3414], [-0.2574, 0.346], [-0.2107, 0.3414], [-0.2007, 0.3384], [-0.2212, 0.3555], [-0.2641, 0.3783], [-0.3106, 0.3924], [-0.359, 0.3971], [-0.4074, 0.3923], [-0.4539, 0.3781], [-0.4969, 0.3551], [-0.5345, 0.3241]], "flags": {"1": {"outline": [[-0.4983, 0.1853], [-0.494, 0.1958], [-0.5044, 0.2001], [-0.5088, 0.1897]]}, "0": {"outline": [[-0.4943, 0.2202], [-0.4978, 0.2118], [-0.4894, 0.2084], [-0.4859, 0.2166]]}, "3": {"outline": [[-0.5141, 0.2284], [-0.5169, 0.2215], [-0.5095, 0.2181], [-0.5064, 0.2255]]}, "2": {"outline": [[-0.5198, 0.195], [-0.5166, 0.2027], [-0.5242, 0.2058], [-0.5274, 0.1981]]}}, "icon": [[-0.5114000000000001, 0.1939005], [-0.4864, 0.2188995]]}