{"inputs": [[0.2719, -0.3565, 248.832], [0.2228, -0.3373, 244.873], [0.1745, -0.3107, 237.49200000000002], [0.1278, -0.2769, 230.74200000000002], [0.0834, -0.2364, 224.506], [0.0422, -0.1899, 218.66899999999998], [0.005, -0.1384, 213.123], [-0.0279, -0.0824, 207.7653], [-0.0555, -0.0233, 202.5], [-0.0777, 0.0382, 197.2347], [-0.0941, 0.101, 191.8768], [-0.1041, 0.1636, 186.3305], [-0.1079, 0.2256, 180.4941], [-0.1052, 0.2854, 174.2585], [-0.0961, 0.3426, 167.508], [-0.0809, 0.3955, 160.12709999999998], [-0.0596, 0.4436, 156.1676]], "name": "plane_bullet_5", "outputs": [[-0.3929, 0.3057, 435.909], [-0.3338, 0.2907, 432.05], [-0.2764, 0.2679, 424.487], [-0.2219, 0.2373, 417.129], [-0.1707, 0.1995, 409.957], [-0.1242, 0.1554, 402.945], [-0.083, 0.1053, 396.058], [-0.048, 0.0506, 389.257], [-0.0193, -0.0084, 382.5], [0.0021, -0.07, 375.743], [0.016, -0.1338, 368.942], [0.0223, -0.1983, 362.055], [0.0206, -0.2624, 355.043], [0.0112, -0.3251, 347.871], [-0.0058, -0.3854, 340.51300000000003], [-0.0302, -0.4423, 332.95], [-0.0615, -0.4944, 329.091]], "outline": [[0.4981, 0.1993], [0.4677, 0.2001], [-0.0621, 0.0101], [-0.0797, -0.0334], [-0.0364, -0.0515]], "flags": {"1": {"outline": [[0.0658, 0.0184], [0.0598, 0.0331], [0.0453, 0.0269], [0.0514, 0.0125]]}, "0": {"outline": [[0.065, 0.034], [0.0701, 0.0214], [0.1581, 0.0619], [0.1558, 0.0675]]}, "3": {"outline": [[-0.0691, -0.0249], [-0.0661, -0.0318], [-0.0324, -0.037], [-0.0488, 0.0027]]}, "2": {"outline": [[0.045, 0.0094], [0.0386, 0.0246], [0.0236, 0.0184], [0.0298, 0.003]]}}, "icon": [[-0.012514, -0.011914025], [0.009114, 0.009714025]]}