{"inputs": [[0.2462, 0.5705, 428.832], [0.2952, 0.5514, 424.873], [0.3435, 0.5248, 417.492], [0.3903, 0.4909, 410.742], [0.4344, 0.4505, 404.506], [0.4756, 0.4041, 398.669], [0.5129, 0.3526, 393.123], [0.5457, 0.2965, 387.7654], [0.5735, 0.2375, 382.5], [0.5957, 0.1758, 377.2347], [0.612, 0.1134, 371.8768], [0.6219, 0.0505, 366.33050000000003], [0.6258, -0.0113, 360.4941], [0.6231, -0.0714, 354.2585], [0.614, -0.1283, 347.50800000000004], [0.5987, -0.1814, 340.1271], [0.5774, -0.2294, 336.1676]], "name": "plane_boomWhisp_13_13", "outputs": [[0.9297, -0.0836, 615.909], [0.8707, -0.069, 612.05], [0.8132, -0.0458, 604.4870000000001], [0.7585, -0.0152, 597.129], [0.7076, 0.0222, 589.957], [0.6609, 0.0665, 582.9449999999999], [0.6199, 0.1167, 576.058], [0.5848, 0.1714, 569.2570000000001], [0.5562, 0.2302, 562.5], [0.5349, 0.2921, 555.7429999999999], [0.5207, 0.3558, 548.942], [0.5146, 0.4201, 542.0550000000001], [0.5162, 0.4845, 535.043], [0.5257, 0.5472, 527.871], [0.5427, 0.6074, 520.513], [0.5671, 0.664, 512.95], [0.5984, 0.7165, 509.091]], "outline": [[0.607, 0.1986], [0.593, 0.2457], [0.5699, 0.2886], [0.5389, 0.3267], [0.501, 0.3575], [0.4577, 0.3806], [0.4109, 0.395], [0.3622, 0.3997], [0.3137, 0.395], [0.3011, 0.3912], [0.3493, 0.3863], [0.3999, 0.3713], [0.4462, 0.3464], [0.487, 0.3131], [0.5204, 0.2722], [0.5454, 0.2256], [0.5606, 0.1754], [0.5658, 0.1228], [0.5603, 0.0706], [0.5452, 0.0199], [0.5204, -0.0266], [0.4896, -0.0638], [0.501, -0.0578], [0.5388, -0.0267], [0.5699, 0.0111], [0.5928, 0.0544], [0.6071, 0.1012], [0.612, 0.15]], "flags": {"1": {"outline": [[0.5416, 0.2451], [0.5461, 0.2346], [0.5562, 0.2389], [0.552, 0.2493]]}, "0": {"outline": [[0.5635, 0.2176], [0.5599, 0.2257], [0.5514, 0.2226], [0.5548, 0.2141]]}, "3": {"outline": [[0.5834, 0.2259], [0.5803, 0.2326], [0.5726, 0.2298], [0.5756, 0.2225]]}, "2": {"outline": [[0.5637, 0.2534], [0.567, 0.2457], [0.5745, 0.2489], [0.5713, 0.2565]]}}, "icon": [[0.5502, 0.22030000000000005], [0.5751999999999999, 0.24529999999999996]]}