{"inputs": [[-0.5774, -0.2298, 203.832], [-0.5986, -0.1816, 199.873], [-0.6139, -0.1285, 192.49200000000002], [-0.623, -0.0716, 185.74200000000002], [-0.6256, -0.0116, 179.506], [-0.6219, 0.0502, 173.66899999999998], [-0.6118, 0.1131, 168.123], [-0.5955, 0.1758, 162.7654], [-0.5733, 0.2372, 157.5], [-0.5455, 0.2965, 152.2347], [-0.5128, 0.3522, 146.8768], [-0.4755, 0.4038, 141.3305], [-0.4343, 0.4502, 135.4941], [-0.39, 0.4908, 129.2585], [-0.3433, 0.5247, 122.50800000000001], [-0.295, 0.5513, 115.1271], [-0.2459, 0.5703, 111.1676]], "name": "plane_boomWhisp_13_3", "outputs": [[-0.5982, 0.7163, 390.909], [-0.5669, 0.664, 387.05], [-0.5425, 0.6072, 379.487], [-0.5255, 0.5469, 372.129], [-0.516, 0.4842, 364.957], [-0.5144, 0.42, 357.945], [-0.5207, 0.3555, 351.058], [-0.5347, 0.2919, 344.257], [-0.556, 0.2301, 337.5], [-0.5846, 0.1713, 330.743], [-0.6198, 0.1164, 323.942], [-0.6609, 0.0664, 317.055], [-0.7074, 0.0222, 310.043], [-0.7585, -0.0155, 302.871], [-0.8131, -0.0461, 295.51300000000003], [-0.8705, -0.069, 287.95], [-0.9296, -0.0839, 284.091]], "outline": [[-0.5697, 0.2885], [-0.5929, 0.2453], [-0.607, 0.1985], [-0.6119, 0.1498], [-0.607, 0.1011], [-0.5928, 0.0541], [-0.5698, 0.0109], [-0.5387, -0.0268], [-0.5009, -0.0579], [-0.4895, -0.064], [-0.5202, -0.0265], [-0.5451, 0.0199], [-0.5604, 0.0703], [-0.5656, 0.1227], [-0.5604, 0.1751], [-0.5451, 0.2256], [-0.5203, 0.272], [-0.4868, 0.3128], [-0.4461, 0.3461], [-0.3996, 0.371], [-0.3492, 0.3864], [-0.301, 0.391], [-0.3134, 0.3948], [-0.3621, 0.3995], [-0.4108, 0.3948], [-0.4576, 0.3805], [-0.5009, 0.3574], [-0.5387, 0.3264]], "flags": {"1": {"outline": [[-0.5562, 0.2093], [-0.5519, 0.2198], [-0.5623, 0.2241], [-0.5667, 0.2137]]}, "0": {"outline": [[-0.5522, 0.2441], [-0.5556, 0.2359], [-0.5472, 0.2323], [-0.5438, 0.2406]]}, "3": {"outline": [[-0.5721, 0.2524], [-0.5748, 0.2455], [-0.5674, 0.2421], [-0.5643, 0.2495]]}, "2": {"outline": [[-0.5776, 0.219], [-0.5744, 0.2267], [-0.5822, 0.2299], [-0.5853, 0.2222]]}}, "icon": [[-0.575, 0.2203], [-0.55, 0.24530000000000002]]}