{"inputs": [[0.075, -0.5377, 271.332], [0.0224, -0.539, 267.373], [-0.0325, -0.5327, 259.992], [-0.0884, -0.5194, 253.24200000000002], [-0.1449, -0.4989, 247.006], [-0.2007, -0.4717, 241.16899999999998], [-0.255, -0.4383, 235.623], [-0.3067, -0.3994, 230.2653], [-0.355, -0.3552, 225.0], [-0.3988, -0.3069, 219.7347], [-0.438, -0.2553, 214.3768], [-0.4714, -0.2011, 208.8305], [-0.4984, -0.1452, 202.9941], [-0.5191, -0.0888, 196.7585], [-0.5324, -0.0329, 190.008], [-0.5386, 0.022, 182.62709999999998], [-0.5372, 0.0747, 178.6676]], "name": "plane_boomWhisp_8_6", "outputs": [[-0.8041, -0.1921, 458.409], [-0.7437, -0.1832, 454.55], [-0.682, -0.1823, 446.987], [-0.6198, -0.1898, 439.629], [-0.5581, -0.2049, 432.457], [-0.4983, -0.2282, 425.445], [-0.4411, -0.2585, 418.558], [-0.3877, -0.2958, 411.757], [-0.3388, -0.3392, 405.0], [-0.2954, -0.388, 398.243], [-0.258, -0.4416, 391.442], [-0.2278, -0.4987, 384.555], [-0.2046, -0.5587, 377.543], [-0.1893, -0.6202, 370.371], [-0.1819, -0.6823, 363.01300000000003], [-0.1828, -0.7441, 355.45], [-0.1917, -0.8045, 351.591]], "outline": [[-0.474, -0.4064], [-0.4432, -0.4437], [-0.4059, -0.4744], [-0.3633, -0.4972], [-0.3172, -0.5114], [-0.2693, -0.5164], [-0.2215, -0.5117], [-0.1754, -0.4979], [-0.133, -0.4754], [-0.0958, -0.4452], [-0.0654, -0.4079], [-0.043, -0.3656], [-0.0355, -0.3404], [-0.0476, -0.3507], [-0.0854, -0.3707], [-0.1263, -0.3831], [-0.1689, -0.3874], [-0.2114, -0.3832], [-0.2524, -0.3708], [-0.2901, -0.3506], [-0.323, -0.3236], [-0.3503, -0.2905], [-0.3702, -0.2527], [-0.3829, -0.2117], [-0.387, -0.1692], [-0.3827, -0.1266], [-0.3703, -0.0858], [-0.3501, -0.0481], [-0.3402, -0.0357], [-0.3652, -0.0434], [-0.4075, -0.0659], [-0.4447, -0.0962], [-0.4751, -0.1333], [-0.4976, -0.1758], [-0.5114, -0.2218], [-0.5159, -0.2697], [-0.511, -0.3176], [-0.4968, -0.3637]], "flags": {"1": {"outline": [[-0.3199, -0.3475], [-0.3279, -0.3397], [-0.3359, -0.3476], [-0.328, -0.3557]]}, "0": {"outline": [[-0.3505, -0.3306], [-0.3441, -0.337], [-0.3377, -0.3306], [-0.3441, -0.3241]]}, "3": {"outline": [[-0.3658, -0.3457], [-0.3606, -0.351], [-0.3546, -0.3454], [-0.3602, -0.3397]]}, "2": {"outline": [[-0.3372, -0.3636], [-0.3429, -0.3578], [-0.3488, -0.3637], [-0.3429, -0.3696]]}}, "icon": [[-0.34800000000000003, -0.3484], [-0.323, -0.32339999999999997]]}