{"inputs": [[-0.5791, 0.2663, 158.832], [-0.5601, 0.3154, 154.873], [-0.5334, 0.3637, 147.49200000000002], [-0.4995, 0.4104, 140.74200000000002], [-0.459, 0.4547, 134.506], [-0.4126, 0.4958, 128.66899999999998], [-0.361, 0.5331, 123.123], [-0.3051, 0.5659, 117.7654], [-0.246, 0.5937, 112.5], [-0.1845, 0.6159, 107.2347], [-0.1219, 0.6322, 101.8768], [-0.059, 0.6423, 96.3305], [0.0029, 0.646, 90.4941], [0.0629, 0.6433, 84.2585], [0.1199, 0.6343, 77.50800000000001], [0.1729, 0.619, 70.1271], [0.221, 0.5977, 66.1676]], "name": "plane_boomWhisp_16_1", "outputs": [[0.0748, 0.9507, 345.909], [0.06, 0.8916, 342.05], [0.0371, 0.8342, 334.487], [0.0065, 0.7795, 327.129], [-0.0312, 0.7285, 319.957], [-0.0755, 0.682, 312.945], [-0.1254, 0.6408, 306.058], [-0.1803, 0.6057, 299.257], [-0.2391, 0.5771, 292.5], [-0.3009, 0.5557, 285.743], [-0.3646, 0.5418, 278.942], [-0.429, 0.5356, 272.055], [-0.4932, 0.5372, 265.043], [-0.5559, 0.5466, 257.871], [-0.6162, 0.5636, 250.513], [-0.673, 0.588, 242.95], [-0.7253, 0.6193, 239.091]], "outline": [[-0.199, 0.6076], [-0.2459, 0.5934], [-0.2891, 0.5703], [-0.327, 0.5392], [-0.3581, 0.5013], [-0.3812, 0.4581], [-0.3841, 0.4483], [-0.3704, 0.474], [-0.3344, 0.5179], [-0.2906, 0.5538], [-0.2405, 0.5806], [-0.1863, 0.597], [-0.1298, 0.6026], [-0.0734, 0.597], [-0.0455, 0.5886], [-0.0545, 0.5934], [-0.1014, 0.6076], [-0.1502, 0.6124]], "flags": {"1": {"outline": [[-0.2539, 0.5625], [-0.2435, 0.5668], [-0.2478, 0.5772], [-0.2582, 0.5729]]}, "0": {"outline": [[-0.2264, 0.5843], [-0.2348, 0.5808], [-0.2313, 0.5724], [-0.223, 0.5758]]}, "3": {"outline": [[-0.2347, 0.6041], [-0.2415, 0.6013], [-0.2387, 0.5935], [-0.2312, 0.5966]]}, "2": {"outline": [[-0.2622, 0.5844], [-0.2545, 0.5876], [-0.2577, 0.5953], [-0.2654, 0.5921]]}}, "icon": [[-0.2551, 0.5730999999999999], [-0.2301, 0.5981]]}