{"inputs": [[0.4332, -0.2941, 316.332], [0.3968, -0.3324, 312.373], [0.3537, -0.3668, 304.992], [0.3046, -0.3968, 298.242], [0.2501, -0.4224, 292.006], [0.1915, -0.4425, 286.169], [0.1297, -0.4573, 280.623], [0.0655, -0.4663, 275.2653], [0.0002, -0.4694, 270.0], [-0.0651, -0.4663, 264.7347], [-0.1291, -0.4572, 259.3768], [-0.1911, -0.4425, 253.8305], [-0.2499, -0.4223, 247.9941], [-0.304, -0.3969, 241.7585], [-0.3534, -0.3669, 235.008], [-0.3966, -0.3324, 227.62709999999998], [-0.4327, -0.2942, 223.6676]], "name": "plane_boomWhisp_7_8", "outputs": [[-0.4329, -0.6704, 503.409], [-0.3966, -0.6213, 499.55], [-0.3533, -0.5773, 491.987], [-0.3043, -0.5384, 484.629], [-0.2498, -0.5057, 477.457], [-0.1911, -0.4797, 470.445], [-0.1291, -0.4606, 463.558], [-0.065, -0.4492, 456.757], [0.0002, -0.4454, 450.0], [0.0653, -0.4492, 443.243], [0.1297, -0.4607, 436.442], [0.1914, -0.4796, 429.555], [0.2502, -0.5057, 422.543], [0.3046, -0.5383, 415.371], [0.3537, -0.5772, 408.01300000000003], [0.397, -0.6214, 400.45], [0.4332, -0.6704, 396.591]], "outline": [[-0.0475, -0.614], [0.0002, -0.6186], [0.0479, -0.6139], [0.0939, -0.6002], [0.1363, -0.578], [0.1735, -0.5478], [0.2039, -0.5111], [0.2266, -0.4692], [0.2404, -0.4239], [0.245, -0.3766], [0.2404, -0.3293], [0.2266, -0.284], [0.2042, -0.2429], [0.2029, -0.2561], [0.1911, -0.2949], [0.172, -0.3308], [0.1463, -0.3621], [0.1148, -0.3877], [0.0793, -0.4069], [0.0405, -0.4187], [0.0002, -0.4224], [-0.0399, -0.4186], [-0.079, -0.4069], [-0.1145, -0.3877], [-0.1461, -0.362], [-0.1716, -0.3308], [-0.1906, -0.2949], [-0.2025, -0.2561], [-0.2039, -0.2428], [-0.2261, -0.284], [-0.2399, -0.3295], [-0.2447, -0.3765], [-0.24, -0.4238], [-0.2262, -0.4692], [-0.2033, -0.5111], [-0.173, -0.5478], [-0.1359, -0.5777], [-0.0936, -0.6003]], "flags": {"1": {"outline": [[0.0194, -0.4382], [0.008, -0.4382], [0.0082, -0.4495], [0.0196, -0.4496]]}, "0": {"outline": [[-0.0142, -0.4477], [-0.0051, -0.4477], [-0.0053, -0.4386], [-0.0142, -0.4386]]}, "3": {"outline": [[-0.0143, -0.4693], [-0.0068, -0.4693], [-0.0065, -0.4609], [-0.0146, -0.461]]}, "2": {"outline": [[0.0188, -0.4615], [0.0105, -0.4617], [0.0105, -0.47], [0.0189, -0.4701]]}}, "icon": [[-0.012100000000000012, -0.45], [0.01290000000000001, -0.425]]}