{"inputs": [[0.4047, 0.3009, 383.832], [0.4262, 0.2528, 379.873], [0.4415, 0.1998, 372.492], [0.4506, 0.1428, 365.742], [0.4532, 0.0829, 359.506], [0.4494, 0.0208, 353.669], [0.4392, -0.0418, 348.123], [0.4228, -0.1046, 342.7653], [0.401, -0.1659, 337.5], [0.3731, -0.2252, 332.2347], [0.3405, -0.281, 326.8768], [0.3029, -0.3326, 321.33050000000003], [0.2616, -0.3791, 315.4941], [0.2174, -0.4195, 309.2585], [0.1707, -0.4534, 302.50800000000004], [0.1226, -0.4801, 295.1271], [0.0735, -0.4991, 291.1676]], "name": "plane_boomWhisp_6_11", "outputs": [[0.4197, -0.6426, 570.909], [0.3882, -0.5902, 567.05], [0.364, -0.5333, 559.4870000000001], [0.347, -0.4731, 552.129], [0.3377, -0.4106, 544.957], [0.336, -0.3461, 537.9449999999999], [0.3422, -0.2817, 531.058], [0.356, -0.2182, 524.2570000000001], [0.3774, -0.1565, 517.5], [0.406, -0.0976, 510.743], [0.4414, -0.0429, 503.942], [0.4825, 0.0073, 497.055], [0.5291, 0.0515, 490.043], [0.5799, 0.0893, 482.871], [0.6345, 0.1197, 475.51300000000003], [0.6921, 0.1426, 467.95], [0.7512, 0.1575, 464.091]], "outline": [[0.5373, -0.2737], [0.5595, -0.2319], [0.5737, -0.1863], [0.5783, -0.1391], [0.5739, -0.092], [0.5608, -0.0468], [0.539, -0.0049], [0.5096, 0.0315], [0.4736, 0.0614], [0.4325, 0.0834], [0.3878, 0.0968], [0.3413, 0.1011], [0.295, 0.0962], [0.2797, 0.0916], [0.2836, 0.0894], [0.3132, 0.0651], [0.3372, 0.0354], [0.3555, 0.0019], [0.3664, -0.0347], [0.37, -0.0727], [0.3665, -0.1107], [0.3552, -0.1473], [0.3373, -0.1808], [0.3131, -0.2103], [0.2835, -0.2347], [0.25, -0.2527], [0.2134, -0.2635], [0.1754, -0.2676], [0.1373, -0.2637], [0.1331, -0.2625], [0.1406, -0.2764], [0.1699, -0.3128], [0.2059, -0.3427], [0.247, -0.3649], [0.2916, -0.3782], [0.3381, -0.3827], [0.3846, -0.3776], [0.4295, -0.3636], [0.4708, -0.3409], [0.5072, -0.3107]], "flags": {"1": {"outline": [[0.3785, -0.1359], [0.3741, -0.1464], [0.3847, -0.1507], [0.3888, -0.1403]]}, "0": {"outline": [[0.3746, -0.1708], [0.3778, -0.1622], [0.3695, -0.159], [0.3659, -0.1672]]}, "3": {"outline": [[0.3942, -0.179], [0.3971, -0.1722], [0.3897, -0.1688], [0.3864, -0.1761]]}, "2": {"outline": [[0.3998, -0.1454], [0.3968, -0.1532], [0.4043, -0.1564], [0.4075, -0.1487]]}}, "icon": [[0.35459999999999997, -0.16449999999999995], [0.3796, -0.13950000000000004]]}