{"inputs": [[-0.5781, 0.2639, 158.832], [-0.5591, 0.313, 154.873], [-0.5324, 0.3613, 147.49200000000002], [-0.4985, 0.408, 140.74200000000002], [-0.458, 0.4523, 134.506], [-0.4116, 0.4935, 128.66899999999998], [-0.36, 0.5308, 123.123], [-0.3041, 0.5636, 117.7654], [-0.245, 0.5913, 112.5], [-0.1836, 0.6135, 107.2347], [-0.1209, 0.6298, 101.8768], [-0.058, 0.6399, 96.3305], [0.0039, 0.6437, 90.4941], [0.0639, 0.641, 84.2585], [0.1209, 0.6319, 77.50800000000001], [0.1739, 0.6166, 70.1271], [0.222, 0.5953, 66.1676]], "name": "plane_boomWhisp_15_1", "outputs": [[0.0758, 0.9483, 345.909], [0.061, 0.8891, 342.05], [0.0381, 0.8317, 334.487], [0.0075, 0.7771, 327.129], [-0.0302, 0.7261, 319.957], [-0.0744, 0.6796, 312.945], [-0.1244, 0.6384, 306.058], [-0.1793, 0.6032, 299.257], [-0.2381, 0.5747, 292.5], [-0.2999, 0.5533, 285.743], [-0.3635, 0.5393, 278.942], [-0.428, 0.5331, 272.055], [-0.4922, 0.5347, 265.043], [-0.5549, 0.5441, 257.871], [-0.6152, 0.5612, 250.513], [-0.672, 0.5855, 242.95], [-0.7243, 0.6168, 239.091]], "outline": [[-0.1989, 0.6076], [-0.2458, 0.5933], [-0.2891, 0.5702], [-0.3269, 0.5391], [-0.358, 0.5013], [-0.3811, 0.4581], [-0.3954, 0.4112], [-0.3957, 0.4078], [-0.392, 0.42], [-0.3657, 0.4693], [-0.3303, 0.5124], [-0.2871, 0.5478], [-0.2379, 0.5741], [-0.1845, 0.5903], [-0.1289, 0.5958], [-0.0734, 0.5903], [-0.02, 0.5741], [-0.0087, 0.5681], [-0.0113, 0.5702], [-0.0545, 0.5933], [-0.1014, 0.6076], [-0.1502, 0.6124]], "flags": {"1": {"outline": [[-0.2529, 0.56], [-0.2424, 0.5643], [-0.2468, 0.5748], [-0.2572, 0.5705]]}, "0": {"outline": [[-0.2254, 0.5818], [-0.2338, 0.5783], [-0.2303, 0.57], [-0.222, 0.5734]]}, "3": {"outline": [[-0.2337, 0.6016], [-0.2405, 0.5988], [-0.2376, 0.5911], [-0.2302, 0.5942]]}, "2": {"outline": [[-0.2612, 0.582], [-0.2535, 0.5852], [-0.2567, 0.5928], [-0.2644, 0.5897]]}}, "icon": [[-0.254, 0.5704], [-0.22899999999999998, 0.5954]]}