{"inputs": [[0.2665, 0.579, 428.832], [0.3158, 0.5599, 424.873], [0.3639, 0.5332, 417.492], [0.4107, 0.4994, 410.742], [0.4551, 0.4589, 404.506], [0.4961, 0.4126, 398.669], [0.5333, 0.361, 393.123], [0.5662, 0.305, 387.7654], [0.594, 0.246, 382.5], [0.6164, 0.1845, 377.2347], [0.6324, 0.122, 371.8768], [0.6426, 0.0591, 366.33050000000003], [0.6463, -0.0029, 360.4941], [0.6436, -0.063, 354.2585], [0.6344, -0.1199, 347.50800000000004], [0.6192, -0.1729, 340.1271], [0.5978, -0.2211, 336.1676]], "name": "plane_boomWhisp_16_13", "outputs": [[0.9508, -0.0748, 615.909], [0.8918, -0.0599, 612.05], [0.8343, -0.0372, 604.4870000000001], [0.7796, -0.0066, 597.129], [0.7287, 0.0311, 589.957], [0.6823, 0.0755, 582.9449999999999], [0.6411, 0.1253, 576.058], [0.6059, 0.1802, 569.2570000000001], [0.5773, 0.2391, 562.5], [0.556, 0.3009, 555.7429999999999], [0.5422, 0.3645, 548.942], [0.5359, 0.4291, 542.0550000000001], [0.5375, 0.4933, 535.043], [0.5467, 0.5559, 527.871], [0.5637, 0.6161, 520.513], [0.5882, 0.6728, 512.95], [0.6195, 0.7252, 509.091]], "outline": [[0.6078, 0.1988], [0.5935, 0.2459], [0.5706, 0.2891], [0.5394, 0.3269], [0.5016, 0.358], [0.4585, 0.3811], [0.4486, 0.3842], [0.4742, 0.3702], [0.5182, 0.3342], [0.5541, 0.2904], [0.5808, 0.2405], [0.5971, 0.1863], [0.603, 0.1297], [0.5973, 0.0734], [0.5888, 0.0454], [0.5937, 0.0545], [0.6077, 0.1013], [0.6127, 0.1503]], "flags": {"1": {"outline": [[0.5627, 0.2539], [0.5671, 0.2433], [0.5776, 0.2478], [0.573, 0.258]]}, "0": {"outline": [[0.5846, 0.2264], [0.5813, 0.2347], [0.5726, 0.2313], [0.576, 0.2229]]}, "3": {"outline": [[0.6043, 0.2346], [0.6016, 0.2416], [0.5937, 0.2385], [0.5969, 0.2312]]}, "2": {"outline": [[0.5847, 0.2622], [0.5879, 0.2545], [0.5954, 0.2575], [0.5925, 0.2653]]}}, "icon": [[0.5734999999999999, 0.22999999999999998], [0.5985, 0.255]]}