{"inputs": [[0.4333, -0.2213, 316.332], [0.3967, -0.2595, 312.373], [0.3537, -0.2939, 304.992], [0.3046, -0.324, 298.242], [0.2503, -0.3496, 292.006], [0.1915, -0.3697, 286.169], [0.1295, -0.3843, 280.623], [0.0657, -0.3933, 275.2653], [0.0001, -0.3964, 270.0], [-0.065, -0.3935, 264.7347], [-0.1293, -0.3845, 259.3768], [-0.191, -0.3697, 253.8305], [-0.2497, -0.3494, 247.9941], [-0.3042, -0.324, 241.7585], [-0.3533, -0.2938, 235.008], [-0.3967, -0.2595, 227.62709999999998], [-0.4328, -0.2213, 223.6677]], "name": "plane_boomWhisp_5_8", "outputs": [[-0.4328, -0.595, 503.409], [-0.3965, -0.546, 499.55], [-0.3533, -0.5018, 491.987], [-0.3042, -0.4631, 484.629], [-0.2497, -0.4302, 477.457], [-0.191, -0.4042, 470.445], [-0.1292, -0.3853, 463.558], [-0.0651, -0.3737, 456.757], [0.0002, -0.3699, 450.0], [0.0655, -0.3738, 443.243], [0.1297, -0.3854, 436.442], [0.1915, -0.4043, 429.555], [0.2504, -0.4303, 422.543], [0.3045, -0.4628, 415.371], [0.3537, -0.5019, 408.01300000000003], [0.3968, -0.546, 400.45], [0.4332, -0.595, 396.591]], "outline": [[-0.0465, -0.5817], [0.0, -0.5861], [0.0469, -0.5817], [0.0917, -0.5685], [0.1331, -0.547], [0.1693, -0.5182], [0.199, -0.483], [0.2211, -0.4429], [0.2347, -0.3995], [0.2392, -0.3543], [0.2348, -0.309], [0.2209, -0.2657], [0.199, -0.2255], [0.1779, -0.2006], [0.1686, -0.2306], [0.1518, -0.2622], [0.1292, -0.2897], [0.1016, -0.3124], [0.0699, -0.3292], [0.0358, -0.3396], [0.0003, -0.3432], [-0.0355, -0.3396], [-0.0695, -0.3293], [-0.101, -0.3124], [-0.1288, -0.2898], [-0.1517, -0.2622], [-0.1683, -0.2307], [-0.1773, -0.2005], [-0.1987, -0.2255], [-0.2207, -0.2657], [-0.2343, -0.309], [-0.2387, -0.3544], [-0.2342, -0.3996], [-0.2207, -0.4429], [-0.1985, -0.4832], [-0.1688, -0.5183], [-0.1325, -0.5471], [-0.0914, -0.5685]], "flags": {"1": {"outline": [[0.0195, -0.363], [0.0082, -0.363], [0.0083, -0.3745], [0.0194, -0.3745]]}, "0": {"outline": [[-0.0142, -0.3726], [-0.0051, -0.3727], [-0.0051, -0.3636], [-0.0141, -0.3636]]}, "3": {"outline": [[-0.0142, -0.3943], [-0.0069, -0.3942], [-0.0066, -0.3859], [-0.0145, -0.3859]]}, "2": {"outline": [[0.0187, -0.3865], [0.0103, -0.3865], [0.0104, -0.3948], [0.0187, -0.3948]]}}, "icon": [[-0.012500000000000011, -0.36760000000000004], [0.012500000000000011, -0.3426]]}