{"inputs": [[0.409, 0.4328, 406.332], [0.4471, 0.3969, 402.373], [0.4815, 0.3535, 394.992], [0.5117, 0.3041, 388.242], [0.5371, 0.2498, 382.006], [0.5574, 0.1914, 376.169], [0.572, 0.1293, 370.623], [0.5809, 0.0651, 365.2654], [0.5838, 0.0, 360.0], [0.5808, -0.0651, 354.7347], [0.5721, -0.1296, 349.3768], [0.5571, -0.1915, 343.83050000000003], [0.5371, -0.2501, 337.9941], [0.5117, -0.3044, 331.7585], [0.4815, -0.3535, 325.00800000000004], [0.4471, -0.3968, 317.6271], [0.4088, -0.4329, 313.6676]], "name": "plane_boomWhisp_11_12", "outputs": [[0.789, -0.433, 593.409], [0.7401, -0.3967, 589.55], [0.6958, -0.3537, 581.9870000000001], [0.6569, -0.3044, 574.629], [0.6242, -0.25, 567.457], [0.5982, -0.1915, 560.4449999999999], [0.5793, -0.1295, 553.558], [0.5678, -0.0652, 546.7570000000001], [0.564, 0.0001, 540.0], [0.5678, 0.065, 533.2429999999999], [0.5794, 0.1295, 526.442], [0.5982, 0.1912, 519.5550000000001], [0.6242, 0.2499, 512.543], [0.657, 0.3043, 505.371], [0.6957, 0.3536, 498.01300000000003], [0.7401, 0.3967, 490.45], [0.7889, 0.433, 486.591]], "outline": [[0.6346, -0.0489], [0.6392, 0.0], [0.6346, 0.0483], [0.6203, 0.0952], [0.5976, 0.1384], [0.5664, 0.1762], [0.5288, 0.2073], [0.486, 0.2304], [0.439, 0.2444], [0.3906, 0.2493], [0.3449, 0.2446], [0.3908, 0.2308], [0.4339, 0.2076], [0.4718, 0.1767], [0.503, 0.1385], [0.5259, 0.0956], [0.5404, 0.0488], [0.545, -0.0002], [0.5402, -0.0488], [0.526, -0.0956], [0.503, -0.1388], [0.4718, -0.1766], [0.4341, -0.2077], [0.3909, -0.2307], [0.345, -0.2446], [0.3906, -0.2493], [0.4392, -0.2446], [0.486, -0.2303], [0.5287, -0.2074], [0.5666, -0.1761], [0.5974, -0.1385], [0.6205, -0.0952]], "flags": {"1": {"outline": [[0.5563, 0.0192], [0.5561, 0.0079], [0.5677, 0.008], [0.5678, 0.0192]]}, "0": {"outline": [[0.566, -0.0144], [0.5658, -0.0055], [0.5569, -0.0053], [0.5569, -0.0145]]}, "3": {"outline": [[0.5873, -0.0146], [0.5874, -0.0073], [0.5792, -0.0069], [0.5792, -0.0147]]}, "2": {"outline": [[0.5797, 0.0184], [0.5799, 0.0101], [0.588, 0.0102], [0.588, 0.0185]]}}, "icon": [[0.5548000000000001, -0.012499999999999956], [0.5798, 0.012499999999999956]]}