{"inputs": [[-0.4626, -0.15, 181.332], [-0.4638, -0.0973, 177.373], [-0.4576, -0.0425, 169.99200000000002], [-0.4443, 0.0136, 163.24200000000002], [-0.4238, 0.07, 157.006], [-0.3966, 0.1259, 151.16899999999998], [-0.3632, 0.1801, 145.623], [-0.3242, 0.2317, 140.2653], [-0.2801, 0.28, 135.0], [-0.2319, 0.324, 129.7347], [-0.1802, 0.363, 124.3768], [-0.1261, 0.3964, 118.8305], [-0.0702, 0.4236, 112.9941], [-0.0138, 0.4441, 106.7585], [0.0423, 0.4575, 100.00800000000001], [0.0972, 0.4637, 92.6271], [0.1498, 0.4624, 88.6677]], "name": "plane_boomWhisp_5_2", "outputs": [[-0.1144, 0.7266, 368.409], [-0.1055, 0.6663, 364.55], [-0.1047, 0.6045, 356.987], [-0.112, 0.5423, 349.629], [-0.1273, 0.4807, 342.457], [-0.1505, 0.4208, 335.445], [-0.1808, 0.3637, 328.558], [-0.218, 0.3101, 321.757], [-0.2615, 0.2613, 315.0], [-0.3104, 0.2179, 308.243], [-0.3639, 0.1806, 301.442], [-0.421, 0.1502, 294.555], [-0.4809, 0.1271, 287.543], [-0.5424, 0.1118, 280.371], [-0.6047, 0.1045, 273.01300000000003], [-0.6665, 0.1053, 265.45], [-0.7268, 0.1142, 261.591]], "outline": [[-0.3781, 0.444], [-0.4143, 0.4141], [-0.4441, 0.378], [-0.4665, 0.3369], [-0.4806, 0.2925], [-0.4858, 0.2465], [-0.482, 0.2007], [-0.4693, 0.1567], [-0.4482, 0.1164], [-0.4194, 0.0811], [-0.3843, 0.0524], [-0.3438, 0.0314], [-0.2999, 0.0186], [-0.2673, 0.0159], [-0.282, 0.0436], [-0.2924, 0.0778], [-0.296, 0.1133], [-0.2924, 0.1489], [-0.282, 0.1832], [-0.2652, 0.2147], [-0.2426, 0.2423], [-0.2148, 0.265], [-0.1834, 0.2818], [-0.1492, 0.2922], [-0.1136, 0.2957], [-0.078, 0.2923], [-0.0438, 0.2819], [-0.0161, 0.267], [-0.0188, 0.2998], [-0.0315, 0.3437], [-0.0526, 0.3841], [-0.0814, 0.4192], [-0.1166, 0.448], [-0.1569, 0.4691], [-0.201, 0.4818], [-0.2468, 0.4856], [-0.2928, 0.4804], [-0.3371, 0.4664]], "flags": {"1": {"outline": [[-0.2702, 0.2427], [-0.2622, 0.2508], [-0.2703, 0.2587], [-0.2782, 0.2508]]}, "0": {"outline": [[-0.2532, 0.2734], [-0.2596, 0.267], [-0.2531, 0.2607], [-0.2468, 0.2669]]}, "3": {"outline": [[-0.2684, 0.2886], [-0.2736, 0.2833], [-0.268, 0.2773], [-0.2623, 0.283]]}, "2": {"outline": [[-0.2863, 0.2599], [-0.2804, 0.2658], [-0.2863, 0.2717], [-0.2922, 0.2658]]}}, "icon": [[-0.2634, 0.23819999999999997], [-0.2384, 0.2632]]}