{"inputs": [[-0.489, -0.1235, 181.332], [-0.4903, -0.0708, 177.373], [-0.4842, -0.016, 169.99200000000002], [-0.4707, 0.0401, 163.24200000000002], [-0.4503, 0.0965, 157.006], [-0.423, 0.1523, 151.16899999999998], [-0.3897, 0.2064, 145.623], [-0.3506, 0.2581, 140.2653], [-0.3067, 0.3064, 135.0], [-0.2584, 0.3505, 129.7347], [-0.2067, 0.3895, 124.3768], [-0.1525, 0.4229, 118.8305], [-0.0966, 0.45, 112.9941], [-0.0403, 0.4705, 106.7585], [0.0158, 0.484, 100.00800000000001], [0.0707, 0.4901, 92.6271], [0.1233, 0.4889, 88.6676]], "name": "plane_boomWhisp_6_2", "outputs": [[-0.1418, 0.754, 368.409], [-0.1328, 0.6936, 364.55], [-0.132, 0.6319, 356.987], [-0.1394, 0.5697, 349.629], [-0.1547, 0.5081, 342.457], [-0.1778, 0.4481, 335.445], [-0.2083, 0.391, 328.558], [-0.2454, 0.3375, 321.757], [-0.2888, 0.2887, 315.0], [-0.3377, 0.2453, 308.243], [-0.3912, 0.208, 301.442], [-0.4484, 0.1776, 294.555], [-0.5083, 0.1545, 287.543], [-0.5698, 0.1392, 280.371], [-0.632, 0.1318, 273.01300000000003], [-0.6938, 0.1326, 265.45], [-0.7541, 0.1416, 261.591]], "outline": [[-0.3914, 0.4582], [-0.4281, 0.4279], [-0.4584, 0.3912], [-0.4809, 0.3495], [-0.495, 0.3043], [-0.5001, 0.2574], [-0.4959, 0.2106], [-0.4827, 0.1657], [-0.4609, 0.1243], [-0.4314, 0.0882], [-0.3953, 0.0587], [-0.3539, 0.0369], [-0.3091, 0.0237], [-0.2933, 0.0222], [-0.2961, 0.0257], [-0.3141, 0.0594], [-0.3251, 0.096], [-0.3289, 0.1339], [-0.3252, 0.1719], [-0.314, 0.2085], [-0.2961, 0.2421], [-0.2718, 0.2716], [-0.2423, 0.2959], [-0.2087, 0.3139], [-0.1721, 0.3249], [-0.1341, 0.3287], [-0.0961, 0.3249], [-0.0595, 0.3139], [-0.0259, 0.2959], [-0.0224, 0.2931], [-0.0239, 0.3088], [-0.0371, 0.3538], [-0.0589, 0.3951], [-0.0884, 0.4312], [-0.1245, 0.4607], [-0.1658, 0.4825], [-0.2107, 0.4958], [-0.2576, 0.5], [-0.3045, 0.4948], [-0.3497, 0.4808]], "flags": {"1": {"outline": [[-0.2975, 0.2701], [-0.2895, 0.278], [-0.2975, 0.2861], [-0.3055, 0.278]]}, "0": {"outline": [[-0.2805, 0.3007], [-0.2868, 0.2943], [-0.2804, 0.2879], [-0.274, 0.2942]]}, "3": {"outline": [[-0.2957, 0.3159], [-0.3009, 0.3107], [-0.2953, 0.3046], [-0.2895, 0.3103]]}, "2": {"outline": [[-0.3136, 0.2871], [-0.3077, 0.293], [-0.3136, 0.2989], [-0.3194, 0.293]]}}, "icon": [[-0.2933, 0.2682], [-0.2683, 0.29319999999999996]]}