{"inputs": [[0.1794, 0.3942, 383.832], [0.2007, 0.3461, 379.873], [0.2161, 0.293, 372.492], [0.2253, 0.2363, 365.742], [0.228, 0.1761, 359.506], [0.224, 0.1143, 353.669], [0.214, 0.0516, 348.123], [0.1978, -0.0112, 342.7653], [0.1755, -0.0728, 337.5], [0.1476, -0.1319, 332.2347], [0.1149, -0.1877, 326.8768], [0.0777, -0.2394, 321.33050000000003], [0.0365, -0.2857, 315.4941], [-0.0077, -0.3262, 309.2585], [-0.0543, -0.36, 302.50800000000004], [-0.103, -0.3869, 295.1271], [-0.1519, -0.4059, 291.1676]], "name": "plane_boomWhisp_0_11", "outputs": [[0.1868, -0.5459, 570.909], [0.1554, -0.4938, 567.05], [0.1312, -0.4368, 559.4870000000001], [0.1139, -0.3767, 552.129], [0.1045, -0.3138, 544.957], [0.103, -0.2496, 537.9449999999999], [0.1092, -0.1852, 531.058], [0.123, -0.1214, 524.2570000000001], [0.1445, -0.06, 517.5], [0.173, -0.0011, 510.743], [0.2081, 0.0538, 503.942], [0.2494, 0.1039, 497.055], [0.2957, 0.1479, 490.043], [0.3468, 0.1858, 482.871], [0.4015, 0.2163, 475.51300000000003], [0.4591, 0.2395, 467.95], [0.5181, 0.2542, 464.091]], "outline": [[0.1599, -0.098], [0.1737, -0.0719], [0.1822, -0.0438], [0.185, -0.0144], [0.1824, 0.0148], [0.1737, 0.0429], [0.1597, 0.0687], [0.1411, 0.0916], [0.1186, 0.11], [0.0926, 0.1239], [0.0644, 0.1325], [0.0351, 0.1355], [0.0059, 0.1324], [-0.0224, 0.1242], [-0.0329, 0.1185], [-0.0214, 0.109], [-0.009, 0.0937], [0.0004, 0.0764], [0.006, 0.0575], [0.008, 0.0379], [0.0059, 0.0189], [0.0, 0.0], [-0.0091, -0.0174], [-0.0212, -0.0325], [-0.0366, -0.0448], [-0.0537, -0.0542], [-0.0725, -0.06], [-0.0922, -0.0618], [-0.1071, -0.0604], [-0.1034, -0.0721], [-0.0896, -0.0981], [-0.0708, -0.1205], [-0.0485, -0.1393], [-0.0223, -0.153], [0.0058, -0.1616], [0.035, -0.1644], [0.0642, -0.1617], [0.0926, -0.1532], [0.1185, -0.1393], [0.1413, -0.1205]], "flags": {"1": {"outline": [[0.1463, -0.0397], [0.1418, -0.0501], [0.1526, -0.0545], [0.1567, -0.044]]}, "0": {"outline": [[0.1424, -0.0745], [0.1458, -0.0661], [0.137, -0.0629], [0.134, -0.0712]]}, "3": {"outline": [[0.1621, -0.0828], [0.1648, -0.0761], [0.1574, -0.0727], [0.1545, -0.0799]]}, "2": {"outline": [[0.1678, -0.0494], [0.1643, -0.057], [0.1723, -0.0603], [0.1754, -0.0526]]}}, "icon": [[0.0997, -0.0588], [0.12469999999999999, -0.033800000000000004]]}