{
"name": "plane_plane_5_0",
"flags": {
	"0": { "outline": [[-0.103956,0.276879],[0.105923,0.282118],[0.0466844,0.441206],[-0.0462983,0.437557]] },
	"1": { "outline": [[-0.0427961,0.057241],[0.0431257,0.0576819],[0.0431257,0.146976],[-0.0427961,0.145852]] },
	"2": { "outline": [[-0.0427961,-0.123541],[0.0431257,-0.124493],[0.0431257,-0.0351984],[-0.0427961,-0.0349293]] },
	"3": { "outline": [[-0.0248018,-0.928721],[0.0249122,-0.932854],[0.0101287,-0.667129],[-0.0101104,-0.665924]] }
},
"outline": [[-0.131917,0.186614],[-0.358656,0.18279],[-0.363387,0.27994],[-0.409568,0.278746],[-0.414074,0.176778],[-0.629898,0.133201],[-0.629898,-0.133201],[-0.414074,-0.176778],[-0.409568,-0.278746],[-0.363387,-0.27994],[-0.358656,-0.18279],[-0.131917,-0.186614],[-0.103112,-0.385258],[-0.0755672,-0.616086],[-0.0755672,-0.671224],[-0.262942,-0.702047],[-0.262942,-0.836456],[-0.0755672,-0.893646],[-0.0430097,-0.951562],[0.0433427,-0.958929],[0.0766013,-0.905874],[0.275901,-0.87768],[0.275901,-0.736647],[0.0766013,-0.680409],[0.0766013,-0.624516],[0.105047,-0.392487],[0.1351,-0.191118],[0.383207,-0.195303],[0.388613,-0.299373],[0.441898,-0.30075],[0.447149,-0.190899],[0.70976,-0.150089],[0.70976,0.150089],[0.447149,0.190899],[0.441898,0.30075],[0.388612,0.299373],[0.383207,0.195303],[0.1351,0.191118],[0.102666,0.396805],[0.0295535,0.491269],[-0.0328653,0.488537],[-0.10314,0.389577]],
"inputs": [[-0.403196,0.320881,136.332],[-0.370481,0.358661,132.373],[-0.331398,0.393358,124.992],[-0.286486,0.424398,118.242],[-0.236383,0.451245,112.006],[-0.18182,0.473412,106.169],[-0.12362,0.490467,100.623],[-0.0626863,0.502048,95.2654],[2.1111e-08,0.507869,90],[0.0633963,0.507733,84.7347],[0.126411,0.501542,79.3768],[0.187924,0.489304,73.8305],[0.246805,0.471139,67.9941],[0.301938,0.447288,61.7585],[0.352251,0.418109,55.008],[0.396738,0.384079,47.6271],[0.43449,0.345786,43.6676]],
"outputs": [[0.43449,-0.965802,278.512],[0.396737,-0.968297,277.425],[0.352251,-0.969654,275.711],[0.301938,-0.969858,274.388],[0.246805,-0.968921,273.304],[0.187924,-0.966877,272.372],[0.126411,-0.963778,271.535],[0.0633961,-0.959698,270.754],[5.75927e-09,-0.954722,270],[-0.0626865,-0.948951,269.246],[-0.12362,-0.942496,268.465],[-0.181821,-0.935473,267.628],[-0.236383,-0.928008,266.696],[-0.286486,-0.920225,265.612],[-0.331398,-0.912252,264.289],[-0.370481,-0.904215,262.575],[-0.403196,-0.896241,261.488]],
"icon": [[-0.119453,-0.123666],[0.122057,0.126363]]
}