{
"name": "plane_evil02_2_0",
"flags": {
	"0": { "outline": [[-0.092405,0.691066],[0.0958127,0.716552],[0.0420193,0.780806],[-0.0413505,0.768379]] },
	"1": { "outline": [[-0.0382337,-0.560473],[0.0388048,-0.568844],[0.0388048,-0.479228],[-0.0382337,-0.472176]] },
	"2": { "outline": [[-0.0382337,-0.428462],[0.0388048,-0.434861],[0.0388048,-0.345245],[-0.0382337,-0.340165]] },
	"3": { "outline": [[-0.0329645,-1.28475],[0.0333882,-1.30126],[0.0135412,-0.942324],[-0.0134709,-0.937438]] }
},
"outline": [[-0.186153,0.430758],[-0.413804,0.411185],[-0.491516,0.551126],[-0.388715,0.576817],[-0.391825,0.590083],[-0.493516,0.583878],[-0.547586,0.577164],[-0.642843,0.559252],[-0.645604,0.545994],[-0.549466,0.544338],[-0.622523,0.385762],[-0.813418,0.311998],[-0.813281,-0.0317021],[-0.622335,-0.0932466],[-0.549146,-0.24711],[-0.4912,-0.250191],[-0.413618,-0.105318],[-0.185979,-0.110331],[-0.145999,-0.470308],[-0.107393,-0.838923],[-0.107362,-0.926475],[-0.361537,-0.94484],[-0.361453,-1.15106],[-0.107236,-1.27962],[-0.0612207,-1.37951],[0.0635001,-1.41301],[0.112607,-1.3349],[0.420656,-1.33727],[0.420595,-1.09769],[0.112491,-0.966501],[0.112462,-0.875168],[0.154871,-0.498327],[0.200176,-0.118835],[0.491777,-0.125257],[0.605691,-0.30852],[0.696296,-0.313338],[0.818179,-0.122614],[1.18359,-0.0461458],[1.18355,0.454158],[0.818083,0.507269],[0.696112,0.690252],[0.858276,0.726436],[0.853359,0.74302],[0.693011,0.731197],[0.608459,0.720699],[0.46068,0.69479],[0.456404,0.678218],[0.605493,0.679636],[0.491649,0.489035],[0.200026,0.463962],[0.150313,0.798938],[0.0417731,0.840079],[-0.0483338,0.825628],[-0.147057,0.754501]],
"inputs": [[-0.349758,0.584701,136.332],[-0.322229,0.623728,132.373],[-0.289148,0.660467,124.992],[-0.250874,0.694348,118.242],[-0.207846,0.724807,112.006],[-0.160586,0.751297,106.169],[-0.109706,0.773294,100.623],[-0.0559113,0.790308,95.2653],[1.89276e-08,0.801898,90],[0.057141,0.807689,84.7347],[0.114542,0.807386,79.3768],[0.171165,0.800794,73.8305],[0.22592,0.787834,67.9942],[0.277689,0.768561,61.7585],[0.325358,0.743178,55.008],[0.367852,0.71204,47.6271],[0.404168,0.67566,43.6677]],
"outputs": [[0.404168,-1.45853,278.512],[0.367852,-1.4549,277.425],[0.325358,-1.44901,275.711],[0.277688,-1.44104,274.388],[0.22592,-1.43121,273.304],[0.171165,-1.41974,272.372],[0.114542,-1.40691,271.535],[0.0571409,-1.393,270.754],[5.16362e-09,-1.37827,270],[-0.0559114,-1.36302,269.246],[-0.109706,-1.34751,268.465],[-0.160586,-1.33199,267.628],[-0.207846,-1.31671,266.696],[-0.250875,-1.30189,265.612],[-0.289148,-1.28775,264.289],[-0.322229,-1.27445,262.575],[-0.349758,-1.26218,261.488]],
"icon": [[-0.106044,0.0316202],[0.110556,0.288285]]
}