{"inputs": [[-0.035, 0.4541, 428.832], [0.0141, 0.435, 424.873], [0.0625, 0.4085, 417.492], [0.1094, 0.3747, 410.742], [0.1536, 0.3343, 404.506], [0.1947, 0.2877, 398.669], [0.2319, 0.236, 393.123], [0.2645, 0.1801, 387.7653], [0.2926, 0.1212, 382.5], [0.3147, 0.0599, 377.2347], [0.3312, -0.0029, 371.8768], [0.3411, -0.0659, 366.33050000000003], [0.3449, -0.1278, 360.4941], [0.3423, -0.1878, 354.2585], [0.3332, -0.2449, 347.50800000000004], [0.3179, -0.2977, 340.1271], [0.2967, -0.3459, 336.1676]], "name": "plane_boomWhisp_3_13", "outputs": [[0.6393, -0.204, 615.909], [0.58, -0.1893, 612.05], [0.5225, -0.1662, 604.4870000000001], [0.4678, -0.1354, 597.129], [0.417, -0.0979, 589.957], [0.3706, -0.0537, 582.9449999999999], [0.3292, -0.0036, 576.058], [0.2941, 0.051, 569.2570000000001], [0.2656, 0.11, 562.5], [0.2443, 0.1715, 555.7429999999999], [0.2302, 0.2354, 548.942], [0.224, 0.3, 542.0550000000001], [0.2255, 0.364, 535.043], [0.235, 0.4268, 527.871], [0.2521, 0.4871, 520.513], [0.2763, 0.5437, 512.95], [0.3079, 0.5961, 509.091]], "outline": [[0.4855, 0.1532], [0.4724, 0.1955], [0.4515, 0.2346], [0.4243, 0.2693], [0.3913, 0.2981], [0.3542, 0.32], [0.3142, 0.3338], [0.2727, 0.3395], [0.2315, 0.3363], [0.1922, 0.3245], [0.1561, 0.305], [0.1246, 0.278], [0.0993, 0.2448], [0.0808, 0.2067], [0.0762, 0.189], [0.0834, 0.1899], [0.1134, 0.187], [0.1426, 0.178], [0.1697, 0.1637], [0.1932, 0.1444], [0.2125, 0.1209], [0.2269, 0.0936], [0.2356, 0.0649], [0.2386, 0.0345], [0.2356, 0.0038], [0.2268, -0.0249], [0.2126, -0.052], [0.1932, -0.0757], [0.1876, -0.0798], [0.2033, -0.0893], [0.2432, -0.1032], [0.2849, -0.1084], [0.3261, -0.1052], [0.3653, -0.0941], [0.4016, -0.0743], [0.4328, -0.0473], [0.4582, -0.0141], [0.4769, 0.0241], [0.4877, 0.0658], [0.4907, 0.1096]], "flags": {"1": {"outline": [[0.2522, 0.1252], [0.2565, 0.1147], [0.2669, 0.1191], [0.2625, 0.1295]]}, "0": {"outline": [[0.2739, 0.0975], [0.2704, 0.1061], [0.2623, 0.1025], [0.2653, 0.0944]]}, "3": {"outline": [[0.2937, 0.1061], [0.2911, 0.1126], [0.2833, 0.1101], [0.2863, 0.1027]]}, "2": {"outline": [[0.2741, 0.1335], [0.2773, 0.126], [0.2849, 0.129], [0.2817, 0.1368]]}}, "icon": [[0.2319, 0.08859999999999998], [0.2569, 0.1136]]}