{"inputs": [[0.4276, 0.0995, 338.832], [0.4087, 0.0506, 334.873], [0.3818, 0.0024, 327.492], [0.3481, -0.0445, 320.742], [0.3075, -0.0887, 314.506], [0.2612, -0.1299, 308.669], [0.2096, -0.1673, 303.123], [0.1536, -0.2, 297.7653], [0.0946, -0.2278, 292.5], [0.033, -0.2499, 287.2347], [-0.0295, -0.2663, 281.8768], [-0.0923, -0.2764, 276.33050000000003], [-0.1543, -0.2801, 270.4941], [-0.2144, -0.2775, 264.2585], [-0.2712, -0.2683, 257.50800000000004], [-0.3243, -0.2531, 250.12709999999998], [-0.3725, -0.2317, 246.1676]], "name": "plank_9", "outputs": [[-0.7902, 0.7767, 481.012], [-0.7588, 0.7956, 479.925], [-0.7209, 0.8165, 478.211], [-0.6768, 0.8395, 476.888], [-0.6283, 0.8636, 475.804], [-0.5753, 0.8888, 474.872], [-0.5186, 0.9144, 474.035], [-0.4598, 0.9401, 473.254], [-0.4, 0.9654, 472.5], [-0.3394, 0.9899, 471.746], [-0.2795, 1.0135, 470.965], [-0.2215, 1.0353, 470.128], [-0.1663, 1.0548, 469.196], [-0.1145, 1.0724, 468.112], [-0.0676, 1.0872, 466.789], [-0.0256, 1.0993, 465.075], [0.0098, 1.1082, 463.988]], "outline": [[-0.598, 0.791], [-0.1694, -0.2436], [-0.1549, -0.2686], [-0.1359, -0.2825], [-0.1123, -0.2861], [-0.0847, -0.2789], [0.2573, -0.1373], [0.2819, -0.1227], [0.296, -0.1036], [0.2996, -0.0803], [0.2923, -0.0525], [-0.1362, 0.9823], [-0.1508, 1.0072], [-0.1699, 1.0212], [-0.1932, 1.0247], [-0.2212, 1.0175], [-0.563, 0.8758], [-0.5876, 0.8614], [-0.6018, 0.8424], [-0.6052, 0.8187]], "flags": {"1": {"outline": [[-0.1932, 1.0247], [-0.2212, 1.0175], [-0.281, 0.9926], [0.1973, -0.1621], [0.2573, -0.1373], [0.2819, -0.1227], [0.2864, -0.1165], [-0.1858, 1.0235]]}, "0": {"outline": [[-0.1508, 1.0072], [-0.1699, 1.0212], [-0.1858, 1.0235], [0.2864, -0.1165], [0.296, -0.1036], [0.2996, -0.0803], [0.2923, -0.0525], [-0.1362, 0.9823]]}, "3": {"outline": [[-0.6052, 0.8187], [-0.598, 0.791], [-0.1694, -0.2436], [-0.1549, -0.2686], [-0.1359, -0.2825], [-0.1201, -0.2849], [-0.5922, 0.855], [-0.6018, 0.8424]]}, "2": {"outline": [[-0.563, 0.8758], [-0.5876, 0.8614], [-0.5922, 0.855], [-0.1201, -0.2849], [-0.1123, -0.2861], [-0.0847, -0.2789], [-0.0246, -0.2541], [-0.5029, 0.9008]]}}, "icon": [[-0.125, -0.125], [0.125, 0.125]]}