{"inputs": [[0.4679, 0.433, 406.332], [0.5061, 0.3965, 402.373], [0.5403, 0.3534, 394.992], [0.5706, 0.3042, 388.242], [0.5961, 0.2498, 382.006], [0.6163, 0.1914, 376.169], [0.6309, 0.1295, 370.623], [0.6399, 0.0651, 365.2654], [0.643, 0.0, 360.0], [0.6401, -0.0654, 354.7347], [0.631, -0.1293, 349.3768], [0.6164, -0.1913, 343.83050000000003], [0.5961, -0.25, 337.9941], [0.5706, -0.3045, 331.7585], [0.5403, -0.3535, 325.00800000000004], [0.506, -0.3967, 317.6271], [0.4678, -0.433, 313.6676]], "name": "plane_boomWhisp_16_12", "outputs": [[0.8499, -0.4329, 593.409], [0.8011, -0.3966, 589.55], [0.7566, -0.3536, 581.9870000000001], [0.7178, -0.3044, 574.629], [0.6852, -0.2501, 567.457], [0.6593, -0.1913, 560.4449999999999], [0.6403, -0.1295, 553.558], [0.6288, -0.0654, 546.7570000000001], [0.6249, 0.0, 540.0], [0.6289, 0.0652, 533.2429999999999], [0.6405, 0.1293, 526.442], [0.6594, 0.1914, 519.5550000000001], [0.6854, 0.2501, 512.543], [0.7179, 0.3044, 505.371], [0.7566, 0.3535, 498.01300000000003], [0.801, 0.3965, 490.45], [0.8499, 0.433, 486.591]], "outline": [[0.6377, -0.0489], [0.6425, 0.0001], [0.6379, 0.0488], [0.6235, 0.0956], [0.6005, 0.1388], [0.5695, 0.1767], [0.5615, 0.1833], [0.5798, 0.1606], [0.6067, 0.1105], [0.6231, 0.0563], [0.6287, 0.0], [0.623, -0.0564], [0.6068, -0.1109], [0.58, -0.1607], [0.5614, -0.1833], [0.5694, -0.1768], [0.6003, -0.139], [0.6236, -0.0956]], "flags": {"1": {"outline": [[0.6171, 0.0193], [0.6171, 0.0078], [0.6285, 0.0079], [0.6282, 0.0191]]}, "0": {"outline": [[0.6268, -0.0145], [0.6269, -0.0056], [0.6176, -0.0054], [0.6175, -0.0145]]}, "3": {"outline": [[0.6481, -0.0145], [0.6483, -0.007], [0.6398, -0.0068], [0.64, -0.0148]]}, "2": {"outline": [[0.6406, 0.0185], [0.6406, 0.0102], [0.6487, 0.0101], [0.649, 0.0184]]}}, "icon": [[0.6216999999999999, -0.012700000000000012], [0.6467, 0.012299999999999983]]}