{"inputs": [[0.0716, 0.4329, 406.332], [0.1096, 0.3968, 402.373], [0.1438, 0.3535, 394.992], [0.1743, 0.3044, 388.242], [0.1996, 0.25, 382.006], [0.2199, 0.1914, 376.169], [0.2347, 0.1294, 370.623], [0.2434, 0.0652, 365.2653], [0.2466, 0.0, 360.0], [0.2435, -0.0653, 354.7347], [0.2347, -0.1294, 349.3768], [0.2199, -0.1912, 343.83050000000003], [0.1997, -0.2499, 337.9941], [0.1743, -0.3045, 331.7585], [0.144, -0.3534, 325.00800000000004], [0.1097, -0.3966, 317.6271], [0.0715, -0.433, 313.6676]], "name": "plank_12", "outputs": [[-1.02, -0.433, 548.512], [-1.0255, -0.3968, 547.425], [-1.0302, -0.3537, 545.711], [-1.0347, -0.3042, 544.3879999999999], [-1.0384, -0.2501, 543.304], [-1.0414, -0.1916, 542.3720000000001], [-1.0434, -0.1294, 541.5350000000001], [-1.0445, -0.0652, 540.754], [-1.045, -0.0003, 540.0], [-1.0445, 0.0651, 539.246], [-1.0433, 0.1295, 538.4649999999999], [-1.0414, 0.1913, 537.6279999999999], [-1.0382, 0.2499, 536.696], [-1.0346, 0.3044, 535.6120000000001], [-1.0304, 0.3533, 534.289], [-1.0255, 0.3968, 532.575], [-1.0202, 0.4329, 531.488]], "outline": [[-0.9597, -0.2499], [0.1601, -0.2499], [0.1888, -0.2461], [0.2089, -0.2339], [0.2212, -0.2134], [0.2251, -0.1852], [0.2252, 0.185], [0.2211, 0.2133], [0.2089, 0.2336], [0.1888, 0.2458], [0.1603, 0.2497], [-0.9598, 0.2499], [-0.9883, 0.246], [-1.0086, 0.2337], [-1.0207, 0.2134], [-1.0248, 0.1848], [-1.0246, -0.1851], [-1.0208, -0.2134], [-1.0087, -0.2338], [-0.988, -0.2461]], "flags": {"1": {"outline": [[-1.0207, 0.2134], [-1.0248, 0.1848], [-1.0247, 0.1201], [0.2252, 0.1201], [0.2252, 0.185], [0.2211, 0.2133], [0.2171, 0.2198], [-1.0168, 0.2198]]}, "0": {"outline": [[-0.9883, 0.246], [-1.0086, 0.2337], [-1.0168, 0.2198], [0.2171, 0.2198], [0.2089, 0.2336], [0.1888, 0.2458], [0.1603, 0.2497], [-0.9598, 0.2499]]}, "3": {"outline": [[-0.988, -0.2461], [-0.9597, -0.2499], [0.1601, -0.2499], [0.1888, -0.2461], [0.2089, -0.2339], [0.2171, -0.2202], [-1.0166, -0.2201], [-1.0087, -0.2338]]}, "2": {"outline": [[-1.0246, -0.1851], [-1.0208, -0.2134], [-1.0166, -0.2201], [0.2171, -0.2202], [0.2212, -0.2134], [0.2251, -0.1852], [0.2253, -0.1202], [-1.0247, -0.1201]]}}, "icon": [[-0.125, -0.125], [0.125, 0.125]]}