{"inputs": [[0.1059, 0.5125, 428.832], [0.1552, 0.4934, 424.873], [0.2036, 0.4668, 417.492], [0.2501, 0.433, 410.742], [0.2945, 0.3924, 404.506], [0.3355, 0.3459, 398.669], [0.3728, 0.2946, 393.123], [0.4057, 0.2387, 387.7653], [0.4335, 0.1796, 382.5], [0.4557, 0.1181, 377.2347], [0.4719, 0.0554, 371.8768], [0.482, -0.0075, 366.33050000000003], [0.4858, -0.0696, 360.4941], [0.4831, -0.1292, 354.2585], [0.4742, -0.1863, 347.50800000000004], [0.4588, -0.2396, 340.1271], [0.4373, -0.2875, 336.1676]], "name": "plane_boomWhisp_7_13", "outputs": [[0.7851, -0.1436, 615.909], [0.7258, -0.129, 612.05], [0.6685, -0.1058, 604.4870000000001], [0.6138, -0.0754, 597.129], [0.5628, -0.0375, 589.957], [0.5164, 0.0067, 582.9449999999999], [0.4749, 0.0566, 576.058], [0.4399, 0.1116, 569.2570000000001], [0.4114, 0.1704, 562.5], [0.3901, 0.2319, 555.7429999999999], [0.3759, 0.2959, 548.942], [0.3699, 0.3601, 542.0550000000001], [0.3715, 0.4244, 535.043], [0.3807, 0.4871, 527.871], [0.3979, 0.5474, 520.513], [0.4221, 0.6042, 512.95], [0.4536, 0.6564, 509.091]], "outline": [[0.5855, 0.1908], [0.5714, 0.2366], [0.5489, 0.2789], [0.5186, 0.3161], [0.4818, 0.3468], [0.4397, 0.3697], [0.3941, 0.3836], [0.3468, 0.3888], [0.2997, 0.3841], [0.2542, 0.3701], [0.2123, 0.3479], [0.1756, 0.3178], [0.1462, 0.2813], [0.159, 0.2852], [0.1993, 0.289], [0.2398, 0.2851], [0.2785, 0.2734], [0.3143, 0.2542], [0.3455, 0.2287], [0.3713, 0.1972], [0.3902, 0.1616], [0.4021, 0.123], [0.4061, 0.0824], [0.4021, 0.0423], [0.3904, 0.0033], [0.3713, -0.0322], [0.3453, -0.0635], [0.314, -0.0894], [0.3023, -0.0958], [0.349, -0.1006], [0.3963, -0.0959], [0.4414, -0.0823], [0.4834, -0.0599], [0.52, -0.0297], [0.5499, 0.0074], [0.5723, 0.0496], [0.5858, 0.0953], [0.5904, 0.1429]], "flags": {"1": {"outline": [[0.3975, 0.1853], [0.4018, 0.1747], [0.4121, 0.1792], [0.4079, 0.1898]]}, "0": {"outline": [[0.419, 0.1579], [0.4155, 0.1663], [0.4072, 0.1627], [0.4107, 0.1544]]}, "3": {"outline": [[0.439, 0.166], [0.4361, 0.173], [0.4284, 0.17], [0.4315, 0.1627]]}, "2": {"outline": [[0.4191, 0.1936], [0.4226, 0.1861], [0.4303, 0.1892], [0.4271, 0.197]]}}, "icon": [[0.3915, 0.15489999999999998], [0.41650000000000004, 0.1799]]}