{"inputs": [[-0.1414, -0.4332, 226.332], [-0.1795, -0.3969, 222.373], [-0.2139, -0.3538, 214.99200000000002], [-0.2442, -0.3046, 208.24200000000002], [-0.2696, -0.2503, 202.006], [-0.2898, -0.1915, 196.16899999999998], [-0.3044, -0.1296, 190.623], [-0.3133, -0.0655, 185.2653], [-0.3165, -0.0002, 180.0], [-0.3135, 0.065, 174.7347], [-0.3046, 0.1291, 169.3768], [-0.2899, 0.1911, 163.8305], [-0.2696, 0.2497, 157.9941], [-0.2442, 0.3041, 151.7585], [-0.214, 0.3533, 145.008], [-0.1796, 0.3963, 137.62709999999998], [-0.1415, 0.4328, 133.6676]], "name": "plane_boomWhisp_3_4", "outputs": [[-0.5123, 0.4328, 413.409], [-0.4633, 0.3964, 409.55], [-0.4191, 0.3533, 401.987], [-0.3802, 0.304, 394.629], [-0.3476, 0.2498, 387.457], [-0.3216, 0.1911, 380.445], [-0.3026, 0.1291, 373.558], [-0.2912, 0.065, 366.757], [-0.2873, -0.0003, 360.0], [-0.2911, -0.0654, 353.243], [-0.3026, -0.1296, 346.442], [-0.3216, -0.1917, 339.555], [-0.3476, -0.2502, 332.543], [-0.3803, -0.3047, 325.371], [-0.4191, -0.3538, 318.01300000000003], [-0.4633, -0.397, 310.45], [-0.5123, -0.4332, 306.591]], "outline": [[-0.5069, 0.0439], [-0.5109, -0.0002], [-0.5068, -0.0445], [-0.4949, -0.0869], [-0.4756, -0.126], [-0.4496, -0.1604], [-0.4179, -0.1886], [-0.3818, -0.2095], [-0.3424, -0.2224], [-0.3017, -0.2267], [-0.2608, -0.2224], [-0.2214, -0.2095], [-0.1853, -0.1886], [-0.1535, -0.1604], [-0.1426, -0.1459], [-0.1495, -0.1439], [-0.1763, -0.1296], [-0.1997, -0.1101], [-0.2192, -0.0867], [-0.2335, -0.0597], [-0.2424, -0.0306], [-0.2454, -0.0002], [-0.2423, 0.03], [-0.2335, 0.0592], [-0.2191, 0.0862], [-0.1999, 0.1096], [-0.1763, 0.129], [-0.1494, 0.1434], [-0.1426, 0.1453], [-0.1534, 0.1599], [-0.1852, 0.1881], [-0.2215, 0.2089], [-0.2608, 0.2218], [-0.3015, 0.2262], [-0.3425, 0.2219], [-0.3817, 0.209], [-0.4178, 0.188], [-0.4496, 0.1599], [-0.4756, 0.1256], [-0.495, 0.0864]], "flags": {"1": {"outline": [[-0.2808, -0.0196], [-0.2807, -0.0083], [-0.292, -0.0081], [-0.292, -0.0196]]}, "0": {"outline": [[-0.2903, 0.0143], [-0.2903, 0.0051], [-0.2812, 0.0053], [-0.2812, 0.014]]}, "3": {"outline": [[-0.3118, 0.0141], [-0.3118, 0.0069], [-0.3037, 0.0065], [-0.3036, 0.0144]]}, "2": {"outline": [[-0.3042, -0.0189], [-0.3042, -0.0105], [-0.3125, -0.0105], [-0.3125, -0.0189]]}}, "icon": [[-0.277, -0.012800000000000025], [-0.252, 0.012200000000000025]]}