{"inputs": [[0.0175, 0.6298, 451.332], [0.07, 0.6312, 447.373], [0.1249, 0.6249, 439.992], [0.181, 0.6115, 433.242], [0.2375, 0.5909, 427.006], [0.2934, 0.5639, 421.169], [0.3475, 0.5304, 415.623], [0.3991, 0.4915, 410.2653], [0.4475, 0.4472, 405.0], [0.4915, 0.3989, 399.7347], [0.5305, 0.3472, 394.3768], [0.5639, 0.2933, 388.83050000000003], [0.5909, 0.2374, 382.9942], [0.6117, 0.1809, 376.7585], [0.6249, 0.1249, 370.00800000000004], [0.631, 0.07, 362.6271], [0.6298, 0.0173, 358.6676]], "name": "plane_boomWhisp_14_14", "outputs": [[0.8999, 0.2872, 638.409], [0.8394, 0.2783, 634.55], [0.7778, 0.2778, 626.9870000000001], [0.7156, 0.285, 619.629], [0.654, 0.3004, 612.457], [0.594, 0.3233, 605.4449999999999], [0.5367, 0.3537, 598.558], [0.4834, 0.3911, 591.7570000000001], [0.4348, 0.4343, 585.0], [0.3911, 0.4832, 578.2429999999999], [0.3538, 0.5369, 571.442], [0.3235, 0.594, 564.5550000000001], [0.3003, 0.654, 557.543], [0.2849, 0.7153, 550.371], [0.2778, 0.7778, 543.013], [0.2784, 0.8394, 535.45], [0.2875, 0.8998, 531.591]], "outline": [[0.4851, 0.4163], [0.4539, 0.454], [0.4162, 0.4851], [0.3733, 0.5082], [0.3262, 0.5224], [0.2775, 0.5271], [0.2286, 0.5226], [0.1817, 0.5082], [0.1734, 0.5038], [0.1796, 0.5056], [0.2338, 0.5108], [0.2878, 0.5058], [0.3398, 0.4897], [0.3879, 0.464], [0.4297, 0.4296], [0.4644, 0.3878], [0.49, 0.3398], [0.5058, 0.2876], [0.511, 0.2335], [0.5057, 0.1796], [0.5039, 0.1733], [0.5084, 0.1819], [0.5225, 0.2287], [0.5275, 0.2772], [0.5225, 0.3261], [0.5083, 0.3731]], "flags": {"1": {"outline": [[0.4152, 0.4425], [0.4234, 0.4348], [0.4314, 0.4424], [0.4233, 0.4507]]}, "0": {"outline": [[0.446, 0.4256], [0.4396, 0.4318], [0.433, 0.4252], [0.4394, 0.419]]}, "3": {"outline": [[0.4612, 0.4408], [0.456, 0.4459], [0.4497, 0.4404], [0.4556, 0.4347]]}, "2": {"outline": [[0.4324, 0.4587], [0.4384, 0.4527], [0.4441, 0.4587], [0.4384, 0.4645]]}}, "icon": [[0.42799999999999994, 0.42779999999999996], [0.45300000000000007, 0.4528000000000001]]}