{"inputs": [[-0.3166, -0.2959, 181.332], [-0.3179, -0.2433, 177.373], [-0.3117, -0.1884, 169.99200000000002], [-0.2983, -0.1324, 163.24200000000002], [-0.2779, -0.0759, 157.006], [-0.2506, -0.0202, 151.16899999999998], [-0.2172, 0.034, 145.623], [-0.1782, 0.0857, 140.2653], [-0.1342, 0.134, 135.0], [-0.0859, 0.178, 129.7347], [-0.0342, 0.2171, 124.3768], [0.0199, 0.2505, 118.8305], [0.0758, 0.2776, 112.9941], [0.1322, 0.2981, 106.7585], [0.1882, 0.3115, 100.00800000000001], [0.2432, 0.3177, 92.6271], [0.2958, 0.3164, 88.6676]], "name": "plane_boomWhisp_0_2", "outputs": [[0.0366, 0.5756, 368.409], [0.0455, 0.5153, 364.55], [0.0463, 0.4535, 356.987], [0.039, 0.3913, 349.629], [0.0237, 0.3297, 342.457], [0.0006, 0.2698, 335.445], [-0.0298, 0.2127, 328.558], [-0.0671, 0.1591, 321.757], [-0.1105, 0.1103, 315.0], [-0.1594, 0.0669, 308.243], [-0.2128, 0.0296, 301.442], [-0.27, -0.0008, 294.555], [-0.3298, -0.0239, 287.543], [-0.3915, -0.0392, 280.371], [-0.4537, -0.0465, 273.01300000000003], [-0.5155, -0.0458, 265.45], [-0.5758, -0.0368, 261.591]], "outline": [[-0.11, 0.1513], [-0.1328, 0.1325], [-0.1514, 0.1099], [-0.1653, 0.0839], [-0.1738, 0.0558], [-0.1767, 0.0266], [-0.1738, -0.0028], [-0.1653, -0.0309], [-0.1515, -0.0568], [-0.1328, -0.0795], [-0.1101, -0.0982], [-0.0841, -0.112], [-0.056, -0.1206], [-0.0268, -0.1235], [-0.0147, -0.1223], [-0.0218, -0.1091], [-0.0275, -0.0903], [-0.0294, -0.0709], [-0.0274, -0.0513], [-0.0218, -0.0325], [-0.0125, -0.0153], [0.0, 0.0], [0.0151, 0.0123], [0.0323, 0.0216], [0.0511, 0.0272], [0.0706, 0.0292], [0.0902, 0.0273], [0.1089, 0.0216], [0.1221, 0.0145], [0.1233, 0.0266], [0.1204, 0.0558], [0.1118, 0.084], [0.0981, 0.1099], [0.0793, 0.1326], [0.0567, 0.1513], [0.0307, 0.1651], [0.0026, 0.1737], [-0.0267, 0.1765], [-0.056, 0.1737], [-0.0842, 0.1651]], "flags": {"1": {"outline": [[-0.1198, 0.0923], [-0.1118, 0.1003], [-0.1199, 0.1084], [-0.1278, 0.1004]]}, "0": {"outline": [[-0.1028, 0.123], [-0.1092, 0.1166], [-0.1026, 0.1102], [-0.0964, 0.1166]]}, "3": {"outline": [[-0.1179, 0.1382], [-0.1231, 0.133], [-0.1176, 0.1269], [-0.1119, 0.1326]]}, "2": {"outline": [[-0.1359, 0.1095], [-0.13, 0.1153], [-0.1359, 0.1212], [-0.1418, 0.1153]]}}, "icon": [[-0.0982, 0.0729], [-0.0732, 0.0979]]}