{"inputs": [[0.4333, -0.4679, 316.332], [0.3968, -0.5061, 312.373], [0.3537, -0.5404, 304.992], [0.3045, -0.5706, 298.242], [0.2501, -0.5961, 292.006], [0.1917, -0.6163, 286.169], [0.1298, -0.631, 280.623], [0.0654, -0.64, 275.2654], [0.0003, -0.643, 270.0], [-0.0652, -0.6401, 264.7347], [-0.1291, -0.6311, 259.3768], [-0.1911, -0.6164, 253.8305], [-0.2497, -0.5962, 247.9941], [-0.3043, -0.5706, 241.7585], [-0.3532, -0.5404, 235.008], [-0.3964, -0.506, 227.62709999999998], [-0.4327, -0.4679, 223.6676]], "name": "plane_boomWhisp_16_8", "outputs": [[-0.4327, -0.85, 503.409], [-0.3964, -0.8011, 499.55], [-0.3533, -0.7566, 491.987], [-0.3042, -0.7179, 484.629], [-0.2499, -0.6853, 477.457], [-0.191, -0.6593, 470.445], [-0.1294, -0.6404, 463.558], [-0.0651, -0.6289, 456.757], [0.0002, -0.6249, 450.0], [0.0655, -0.6289, 443.243], [0.1296, -0.6405, 436.442], [0.1916, -0.6594, 429.555], [0.2503, -0.6854, 422.543], [0.3046, -0.718, 415.371], [0.3538, -0.7568, 408.01300000000003], [0.3968, -0.8011, 400.45], [0.4332, -0.85, 396.591]], "outline": [[-0.0486, -0.6378], [0.0003, -0.6426], [0.0491, -0.6379], [0.0958, -0.6236], [0.1391, -0.6006], [0.1769, -0.5695], [0.1835, -0.5615], [0.1609, -0.5799], [0.1108, -0.6068], [0.0566, -0.6232], [0.0002, -0.6288], [-0.0562, -0.6231], [-0.1106, -0.6068], [-0.1604, -0.58], [-0.1831, -0.5615], [-0.1765, -0.5694], [-0.1387, -0.6004], [-0.0954, -0.6236]], "flags": {"1": {"outline": [[0.0195, -0.6172], [0.0081, -0.6171], [0.0082, -0.6285], [0.0194, -0.6283]]}, "0": {"outline": [[-0.0142, -0.6268], [-0.0053, -0.6269], [-0.0052, -0.6176], [-0.0143, -0.6176]]}, "3": {"outline": [[-0.0142, -0.6482], [-0.0068, -0.6483], [-0.0065, -0.6399], [-0.0146, -0.64]]}, "2": {"outline": [[0.0188, -0.6406], [0.0105, -0.6406], [0.0104, -0.6488], [0.0187, -0.649]]}}, "icon": [[-0.012400000000000067, -0.6466999999999999], [0.012600000000000066, -0.6216999999999999]]}