{"inputs": [[0.4333, -0.1823, 316.332], [0.3967, -0.2202, 312.373], [0.3539, -0.2547, 304.992], [0.3046, -0.2848, 298.242], [0.2503, -0.3104, 292.006], [0.1915, -0.3305, 286.169], [0.1295, -0.3454, 280.623], [0.0654, -0.3543, 275.2653], [0.0003, -0.3572, 270.0], [-0.0652, -0.3542, 264.7347], [-0.1294, -0.3453, 259.3768], [-0.1912, -0.3304, 253.8305], [-0.2496, -0.3103, 247.9941], [-0.3042, -0.2851, 241.7585], [-0.3534, -0.2547, 235.008], [-0.3964, -0.2204, 227.62709999999998], [-0.4328, -0.1824, 223.6676]], "name": "plane_boomWhisp_4_8", "outputs": [[-0.4329, -0.5546, 503.409], [-0.3964, -0.5055, 499.55], [-0.3534, -0.4615, 491.987], [-0.3041, -0.4226, 484.629], [-0.2499, -0.3897, 477.457], [-0.1912, -0.3639, 470.445], [-0.1292, -0.3447, 463.558], [-0.065, -0.3334, 456.757], [0.0001, -0.3295, 450.0], [0.0654, -0.3333, 443.243], [0.1296, -0.3449, 436.442], [0.1915, -0.3638, 429.555], [0.2503, -0.3898, 422.543], [0.3046, -0.4224, 415.371], [0.3538, -0.4615, 408.01300000000003], [0.397, -0.5055, 400.45], [0.4332, -0.5545, 396.591]], "outline": [[-0.0454, -0.5521], [0.0002, -0.5563], [0.0458, -0.5522], [0.0899, -0.5393], [0.1303, -0.5189], [0.1656, -0.4912], [0.1948, -0.4576], [0.2164, -0.419], [0.2297, -0.3773], [0.2342, -0.3339], [0.2296, -0.2904], [0.2164, -0.2487], [0.1949, -0.2104], [0.1658, -0.1765], [0.1623, -0.1738], [0.1567, -0.1926], [0.141, -0.2221], [0.1199, -0.2477], [0.0943, -0.2686], [0.0649, -0.2843], [0.0332, -0.294], [0.0, -0.2974], [-0.0327, -0.294], [-0.0646, -0.2843], [-0.094, -0.2687], [-0.1196, -0.2476], [-0.1405, -0.2219], [-0.1563, -0.1928], [-0.162, -0.1738], [-0.1652, -0.1766], [-0.1943, -0.2102], [-0.216, -0.2487], [-0.2293, -0.2903], [-0.2337, -0.3339], [-0.2293, -0.3773], [-0.2161, -0.4189], [-0.1945, -0.4576], [-0.1653, -0.4912], [-0.1298, -0.5188], [-0.0893, -0.5395]], "flags": {"1": {"outline": [[0.0196, -0.3228], [0.0081, -0.3228], [0.0082, -0.3341], [0.0196, -0.3341]]}, "0": {"outline": [[-0.0142, -0.3326], [-0.0052, -0.3322], [-0.0051, -0.3233], [-0.0141, -0.3234]]}, "3": {"outline": [[-0.0143, -0.3538], [-0.007, -0.3539], [-0.0066, -0.3457], [-0.0146, -0.3455]]}, "2": {"outline": [[0.0188, -0.3461], [0.0105, -0.3461], [0.0104, -0.3545], [0.0188, -0.3544]]}}, "icon": [[-0.012500000000000011, -0.3232], [0.012500000000000025, -0.29819999999999997]]}