{"inputs": [[0.2587, 0.4328, 406.332], [0.297, 0.3966, 402.373], [0.3314, 0.3535, 394.992], [0.3616, 0.3043, 388.242], [0.3869, 0.25, 382.006], [0.4072, 0.1911, 376.169], [0.4217, 0.1294, 370.623], [0.4306, 0.0651, 365.2653], [0.4339, 0.0001, 360.0], [0.4308, -0.0653, 354.7347], [0.4221, -0.1294, 349.3768], [0.4071, -0.1914, 343.83050000000003], [0.3867, -0.2502, 337.9941], [0.3613, -0.3044, 331.7585], [0.3312, -0.3536, 325.00800000000004], [0.2969, -0.3967, 317.6271], [0.2589, -0.433, 313.6676]], "name": "plane_boomWhisp_6_12", "outputs": [[0.6336, -0.4331, 593.409], [0.5845, -0.3968, 589.55], [0.5403, -0.3535, 581.9870000000001], [0.5016, -0.3043, 574.629], [0.4691, -0.2502, 567.457], [0.4428, -0.1912, 560.4449999999999], [0.4239, -0.1294, 553.558], [0.4124, -0.0654, 546.7570000000001], [0.4085, -0.0002, 540.0], [0.4124, 0.0651, 533.2429999999999], [0.4242, 0.1292, 526.442], [0.4429, 0.1913, 519.5550000000001], [0.4691, 0.25, 512.543], [0.5015, 0.3044, 505.371], [0.5403, 0.3534, 498.01300000000003], [0.5848, 0.3966, 490.45], [0.6337, 0.4329, 486.591]], "outline": [[0.6011, -0.0473], [0.6056, -0.0002], [0.6013, 0.0474], [0.5875, 0.0927], [0.5654, 0.1346], [0.536, 0.1713], [0.4998, 0.2017], [0.4587, 0.2241], [0.414, 0.2379], [0.3676, 0.2425], [0.3212, 0.2378], [0.2766, 0.224], [0.2357, 0.2017], [0.2233, 0.1916], [0.2278, 0.1911], [0.2644, 0.18], [0.2979, 0.1617], [0.3277, 0.1377], [0.3517, 0.1081], [0.3696, 0.0744], [0.3809, 0.0379], [0.3845, -0.0002], [0.3808, -0.038], [0.3697, -0.0745], [0.3517, -0.1084], [0.3276, -0.1378], [0.2979, -0.1618], [0.2644, -0.1802], [0.2277, -0.1911], [0.2234, -0.1916], [0.2356, -0.2016], [0.2766, -0.224], [0.3213, -0.2379], [0.3678, -0.2427], [0.4141, -0.2379], [0.4588, -0.2242], [0.4998, -0.2017], [0.5359, -0.1716], [0.5654, -0.1348], [0.5874, -0.093]], "flags": {"1": {"outline": [[0.4016, 0.0192], [0.4016, 0.0079], [0.413, 0.0079], [0.4128, 0.0191]]}, "0": {"outline": [[0.4114, -0.0145], [0.4111, -0.0053], [0.4022, -0.0055], [0.402, -0.0145]]}, "3": {"outline": [[0.4326, -0.0146], [0.4327, -0.0072], [0.4246, -0.0069], [0.4243, -0.0149]]}, "2": {"outline": [[0.425, 0.0186], [0.4252, 0.0103], [0.4333, 0.0102], [0.4333, 0.0185]]}}, "icon": [[0.3848, -0.012499999999999956], [0.4098, 0.012499999999999956]]}