{
"name": "plane_plane_16_0",
"flags": {
	"0": { "outline": [[-0.0852,0.286134],[0.081324,0.273117],[0.0364938,0.434889],[-0.0372543,0.443952]] },
	"1": { "outline": [[-0.0343982,0.0580135],[0.0337488,0.0569182],[0.0337488,0.14503],[-0.0343982,0.147821]] },
	"2": { "outline": [[-0.0343982,-0.125208],[0.0337488,-0.122844],[0.0337488,-0.0347324],[-0.0343982,-0.0354007]] },
	"3": { "outline": [[-0.0198225,-0.935944],[0.0196051,-0.925679],[0.00800751,-0.665033],[-0.00804355,-0.668026]] }
},
"outline": [[-0.109097,0.194601],[-0.320166,0.20575],[-0.324928,0.315625],[-0.372252,0.319455],[-0.376953,0.202922],[-0.62132,0.16567],[-0.62132,-0.16567],[-0.376953,-0.202922],[-0.372252,-0.319455],[-0.324927,-0.315625],[-0.320166,-0.20575],[-0.109097,-0.194601],[-0.084485,-0.398028],[-0.0613729,-0.63092],[-0.0613729,-0.687386],[-0.227111,-0.7646],[-0.227111,-0.910984],[-0.0613729,-0.915163],[-0.0345722,-0.964468],[0.0339163,-0.946169],[0.0593358,-0.884786],[0.20151,-0.808294],[0.20151,-0.67841],[0.0593358,-0.66457],[0.0593358,-0.609978],[0.0806724,-0.380065],[0.102822,-0.183408],[0.271534,-0.174497],[0.274951,-0.26708],[0.308095,-0.264398],[0.311309,-0.167584],[0.461069,-0.12294],[0.461069,0.12294],[0.311309,0.167584],[0.308095,0.264398],[0.274951,0.26708],[0.271534,0.174497],[0.102822,0.183408],[0.0826371,0.384269],[0.0288706,0.486314],[-0.0205593,0.493092],[-0.080486,0.402217]],
"inputs": [[-0.365629,0.36691,136.332],[-0.332098,0.40539,132.373],[-0.293036,0.43858,124.992],[-0.249437,0.465929,118.242],[-0.20235,0.487068,112.006],[-0.152842,0.501799,106.169],[-0.101961,0.510086,100.623],[-0.0507034,0.512034,95.2654],[1.67424e-08,0.507869,90],[0.049305,0.497912,84.7347],[0.0964589,0.482562,79.3768],[0.140804,0.462274,73.8305],[0.181774,0.43754,67.9941],[0.218893,0.408876,61.7585],[0.251766,0.376811,55.008],[0.280068,0.341878,47.6271],[0.303545,0.304608,43.6676]],
"outputs": [[0.303545,-0.850787,278.512],[0.280068,-0.861904,277.425],[0.251766,-0.873878,275.711],[0.218893,-0.88657,274.388],[0.181774,-0.899823,273.304],[0.140804,-0.913466,272.372],[0.0964589,-0.927306,271.535],[0.0493049,-0.941134,270.754],[4.56749e-09,-0.954722,270],[-0.0507035,-0.967828,269.246],[-0.101961,-0.980197,268.465],[-0.152842,-0.991567,267.628],[-0.20235,-1.00168,266.696],[-0.249437,-1.01028,265.612],[-0.293036,-1.01713,264.289],[-0.332098,-1.02202,262.575],[-0.365629,-1.0248,261.488]],
"icon": [[-0.0983907,-0.12844],[0.0932579,0.121739]]
}