{"inputs": [[-0.4383, -0.0735, 158.832], [-0.4193, -0.0245, 154.873], [-0.3926, 0.0238, 147.49200000000002], [-0.3587, 0.0705, 140.74200000000002], [-0.3182, 0.1149, 134.506], [-0.2718, 0.156, 128.66899999999998], [-0.2202, 0.1933, 123.123], [-0.1644, 0.2261, 117.7653], [-0.1052, 0.2538, 112.5], [-0.0438, 0.2761, 107.2347], [0.0189, 0.2923, 101.8768], [0.0818, 0.3025, 96.3305], [0.1437, 0.3062, 90.4941], [0.2037, 0.3035, 84.2585], [0.2607, 0.2944, 77.50800000000001], [0.3137, 0.2791, 70.1271], [0.3618, 0.2579, 66.1676]], "name": "plane_boomWhisp_2_1", "outputs": [[0.2204, 0.5992, 345.909], [0.2056, 0.54, 342.05], [0.1827, 0.4826, 334.487], [0.1521, 0.428, 327.129], [0.1144, 0.3769, 319.957], [0.0702, 0.3304, 312.945], [0.0202, 0.2893, 306.058], [-0.0347, 0.2541, 299.257], [-0.0935, 0.2256, 292.5], [-0.1553, 0.2042, 285.743], [-0.2189, 0.1902, 278.942], [-0.2834, 0.184, 272.055], [-0.3475, 0.1856, 265.043], [-0.4103, 0.195, 257.871], [-0.4706, 0.212, 250.513], [-0.5274, 0.2364, 242.95], [-0.5797, 0.2677, 239.091]], "outline": [[-0.1291, 0.4209], [-0.1692, 0.4083], [-0.2065, 0.3889], [-0.2394, 0.3634], [-0.2669, 0.3329], [-0.2878, 0.2984], [-0.3013, 0.2613], [-0.3069, 0.2231], [-0.3044, 0.1851], [-0.2939, 0.1489], [-0.2758, 0.1159], [-0.2507, 0.0873], [-0.2197, 0.0643], [-0.1839, 0.0476], [-0.1575, 0.0411], [-0.1576, 0.0416], [-0.1549, 0.0689], [-0.1469, 0.0952], [-0.1339, 0.1195], [-0.1165, 0.1408], [-0.0952, 0.1582], [-0.071, 0.1712], [-0.0447, 0.1792], [-0.0173, 0.1819], [0.0101, 0.1792], [0.0364, 0.1712], [0.0607, 0.1582], [0.0819, 0.1408], [0.0822, 0.1404], [0.0963, 0.1637], [0.1098, 0.2007], [0.1154, 0.239], [0.1129, 0.2769], [0.1024, 0.3131], [0.0842, 0.3461], [0.0592, 0.3747], [0.0282, 0.3978], [-0.0076, 0.4144], [-0.0467, 0.4241], [-0.0878, 0.4262]], "flags": {"1": {"outline": [[-0.1089, 0.2123], [-0.0984, 0.2166], [-0.1027, 0.227], [-0.1132, 0.2227]]}, "0": {"outline": [[-0.0814, 0.2341], [-0.0897, 0.2306], [-0.0862, 0.2222], [-0.078, 0.2256]]}, "3": {"outline": [[-0.0896, 0.2539], [-0.0964, 0.2511], [-0.0936, 0.2433], [-0.0861, 0.2464]]}, "2": {"outline": [[-0.1172, 0.2342], [-0.1095, 0.2374], [-0.1127, 0.2451], [-0.1204, 0.2419]]}}, "icon": [[-0.0958, 0.1883], [-0.0708, 0.21330000000000002]]}