{"inputs": [[0.275, -0.4681, 293.832], [0.2269, -0.4894, 289.873], [0.1738, -0.5046, 282.492], [0.117, -0.5137, 275.742], [0.057, -0.5164, 269.506], [-0.005, -0.5126, 263.669], [-0.0679, -0.5026, 258.123], [-0.1306, -0.4864, 252.7653], [-0.1921, -0.4641, 247.5], [-0.251, -0.4362, 242.2347], [-0.307, -0.4035, 236.8768], [-0.3586, -0.3662, 231.3305], [-0.4049, -0.3249, 225.4941], [-0.4457, -0.2807, 219.2585], [-0.4793, -0.2342, 212.508], [-0.5061, -0.1858, 205.12709999999998], [-0.5249, -0.1366, 201.1676]], "name": "plane_boomWhisp_8_7", "outputs": [[-0.6694, -0.4852, 480.909], [-0.617, -0.4539, 477.05], [-0.5604, -0.4295, 469.487], [-0.5, -0.4126, 462.129], [-0.4373, -0.4029, 454.957], [-0.3731, -0.4016, 447.945], [-0.3086, -0.4077, 441.058], [-0.245, -0.4217, 434.257], [-0.1833, -0.4431, 427.5], [-0.1245, -0.4716, 420.743], [-0.0694, -0.5068, 413.942], [-0.0197, -0.548, 407.055], [0.0247, -0.5945, 400.043], [0.0624, -0.6455, 392.871], [0.093, -0.7, 385.51300000000003], [0.1158, -0.7575, 377.95], [0.1307, -0.8167, 374.091]], "outline": [[-0.2824, -0.5569], [-0.2397, -0.5796], [-0.1935, -0.5937], [-0.1454, -0.5984], [-0.0974, -0.5939], [-0.0512, -0.5802], [-0.0089, -0.5576], [0.0284, -0.5272], [0.059, -0.4902], [0.0818, -0.448], [0.0956, -0.4019], [0.1001, -0.3543], [0.0974, -0.3281], [0.0902, -0.3423], [0.0629, -0.3752], [0.0299, -0.4023], [-0.0078, -0.4226], [-0.0487, -0.435], [-0.0913, -0.4392], [-0.1339, -0.435], [-0.1746, -0.4226], [-0.2125, -0.4025], [-0.2454, -0.3752], [-0.2728, -0.3422], [-0.2928, -0.3045], [-0.3052, -0.2635], [-0.3093, -0.221], [-0.3051, -0.1785], [-0.3007, -0.1632], [-0.3208, -0.1799], [-0.3513, -0.2169], [-0.3741, -0.2591], [-0.388, -0.305], [-0.3925, -0.3529], [-0.3876, -0.4007], [-0.3735, -0.4466], [-0.3506, -0.489], [-0.3199, -0.5262]], "flags": {"1": {"outline": [[-0.1626, -0.4435], [-0.173, -0.4394], [-0.1774, -0.4497], [-0.167, -0.4542]]}, "0": {"outline": [[-0.1974, -0.4396], [-0.189, -0.4431], [-0.1855, -0.4347], [-0.1939, -0.4312]]}, "3": {"outline": [[-0.2057, -0.4594], [-0.1989, -0.4623], [-0.1955, -0.4549], [-0.2028, -0.4517]]}, "2": {"outline": [[-0.1724, -0.465], [-0.1799, -0.4618], [-0.1831, -0.4695], [-0.1754, -0.4727]]}}, "icon": [[-0.194, -0.45130000000000003], [-0.16899999999999998, -0.4263]]}