{"inputs": [[0.3167, 0.2956, 361.332], [0.3179, 0.243, 357.373], [0.3118, 0.188, 349.992], [0.2986, 0.1321, 343.242], [0.2781, 0.0755, 337.006], [0.2508, 0.0199, 331.169], [0.2175, -0.0342, 325.623], [0.1785, -0.086, 320.2653], [0.1343, -0.1344, 315.0], [0.086, -0.1783, 309.7347], [0.0344, -0.2174, 304.3768], [-0.0198, -0.2509, 298.83050000000003], [-0.0756, -0.2779, 292.9941], [-0.1319, -0.2984, 286.7585], [-0.1879, -0.3118, 280.00800000000004], [-0.2431, -0.318, 272.6271], [-0.2956, -0.3168, 268.6676]], "name": "plane_boomWhisp_0_10", "outputs": [[-0.0363, -0.5758, 548.409], [-0.0453, -0.5157, 544.55], [-0.0459, -0.4537, 536.9870000000001], [-0.0389, -0.3916, 529.629], [-0.0235, -0.3299, 522.457], [-0.0003, -0.27, 515.4449999999999], [0.0301, -0.2129, 508.558], [0.0672, -0.1592, 501.757], [0.1106, -0.1107, 495.0], [0.1595, -0.0672, 488.243], [0.2129, -0.0299, 481.442], [0.2702, 0.0006, 474.555], [0.3299, 0.0235, 467.543], [0.3916, 0.039, 460.371], [0.4538, 0.0462, 453.01300000000003], [0.5159, 0.0456, 445.45], [0.576, 0.0366, 441.591]], "outline": [[0.1103, -0.1517], [0.133, -0.1329], [0.1516, -0.1102], [0.1655, -0.0841], [0.1742, -0.0561], [0.177, -0.0268], [0.1739, 0.0024], [0.1655, 0.0307], [0.1517, 0.0563], [0.133, 0.0791], [0.1103, 0.0978], [0.0844, 0.1118], [0.0562, 0.1201], [0.0269, 0.1233], [0.015, 0.1221], [0.022, 0.1089], [0.0276, 0.09], [0.0297, 0.0705], [0.0276, 0.0509], [0.022, 0.032], [0.0127, 0.0152], [0.0, 0.0], [-0.015, -0.0126], [-0.032, -0.0219], [-0.0509, -0.0274], [-0.0703, -0.0295], [-0.0899, -0.0277], [-0.1088, -0.0218], [-0.122, -0.0148], [-0.1231, -0.027], [-0.1202, -0.0563], [-0.1115, -0.0842], [-0.098, -0.1101], [-0.0791, -0.1328], [-0.0564, -0.1515], [-0.0305, -0.1653], [-0.0025, -0.1739], [0.027, -0.1769], [0.0562, -0.174], [0.0845, -0.1654]], "flags": {"1": {"outline": [[0.12, -0.0926], [0.1119, -0.1005], [0.1202, -0.1087], [0.128, -0.1006]]}, "0": {"outline": [[0.1031, -0.1233], [0.1095, -0.1168], [0.1026, -0.1105], [0.0966, -0.117]]}, "3": {"outline": [[0.1181, -0.1385], [0.1232, -0.1333], [0.1177, -0.1274], [0.1122, -0.1329]]}, "2": {"outline": [[0.1362, -0.1098], [0.1301, -0.1155], [0.1362, -0.1216], [0.142, -0.1157]]}}, "icon": [[0.0735, -0.0982], [0.09849999999999999, -0.0732]]}