{"inputs": [[-0.0225, -0.6354, 271.332], [-0.0754, -0.6366, 267.373], [-0.13, -0.6304, 259.992], [-0.1861, -0.6169, 253.24200000000002], [-0.2426, -0.5966, 247.006], [-0.2984, -0.5694, 241.16899999999998], [-0.3527, -0.536, 235.623], [-0.4044, -0.497, 230.2654], [-0.4526, -0.4529, 225.0], [-0.4966, -0.4047, 219.7347], [-0.5355, -0.353, 214.3768], [-0.569, -0.2987, 208.8305], [-0.5961, -0.2431, 202.9941], [-0.6166, -0.1866, 196.7585], [-0.63, -0.1304, 190.008], [-0.6363, -0.0756, 182.62709999999998], [-0.635, -0.0231, 178.6676]], "name": "plane_boomWhisp_15_6", "outputs": [[-0.9052, -0.2931, 458.409], [-0.8447, -0.2841, 454.55], [-0.7829, -0.2833, 446.987], [-0.7208, -0.2908, 439.629], [-0.6592, -0.3061, 432.457], [-0.5994, -0.3292, 425.445], [-0.5421, -0.3596, 418.558], [-0.4886, -0.3967, 411.757], [-0.4399, -0.4403, 405.0], [-0.3964, -0.4892, 398.243], [-0.3592, -0.5425, 391.442], [-0.3288, -0.5998, 384.555], [-0.3056, -0.6596, 377.543], [-0.2904, -0.7212, 370.371], [-0.2831, -0.7835, 363.01300000000003], [-0.2838, -0.8453, 355.45], [-0.2926, -0.9055, 351.591]], "outline": [[-0.4852, -0.4165], [-0.4541, -0.4544], [-0.4162, -0.4854], [-0.373, -0.5088], [-0.3261, -0.5228], [-0.2773, -0.5277], [-0.2284, -0.523], [-0.2254, -0.522], [-0.238, -0.5231], [-0.2937, -0.5177], [-0.3469, -0.5016], [-0.3962, -0.475], [-0.4393, -0.4398], [-0.4747, -0.3967], [-0.5012, -0.3474], [-0.5172, -0.294], [-0.5227, -0.2384], [-0.5216, -0.2257], [-0.5225, -0.2289], [-0.5273, -0.2776], [-0.5225, -0.3265], [-0.5083, -0.3735]], "flags": {"1": {"outline": [[-0.4205, -0.4483], [-0.4286, -0.4401], [-0.4366, -0.4482], [-0.4287, -0.4563]]}, "0": {"outline": [[-0.4512, -0.4311], [-0.4448, -0.4377], [-0.4385, -0.4311], [-0.4447, -0.4249]]}, "3": {"outline": [[-0.4663, -0.4465], [-0.4612, -0.4516], [-0.4551, -0.446], [-0.4608, -0.4403]]}, "2": {"outline": [[-0.4377, -0.4644], [-0.4436, -0.4585], [-0.4495, -0.4644], [-0.4437, -0.4703]]}}, "icon": [[-0.45859999999999995, -0.4589000000000001], [-0.43360000000000004, -0.43389999999999995]]}