{"inputs": [[-0.5782, -0.0343, 181.332], [-0.5795, 0.0183, 177.373], [-0.5733, 0.0731, 169.99200000000002], [-0.5599, 0.1292, 163.24200000000002], [-0.5394, 0.1857, 157.006], [-0.5123, 0.2415, 151.16899999999998], [-0.4789, 0.2957, 145.623], [-0.4399, 0.3474, 140.2653], [-0.3958, 0.3956, 135.0], [-0.3476, 0.4396, 129.7347], [-0.2959, 0.4787, 124.3768], [-0.2416, 0.5121, 118.8305], [-0.1859, 0.5392, 112.9941], [-0.1294, 0.5598, 106.7585], [-0.0733, 0.5732, 100.00800000000001], [-0.0185, 0.5793, 92.6271], [0.0341, 0.578, 88.6676]], "name": "plane_boomWhisp_10_2", "outputs": [[-0.234, 0.8462, 368.409], [-0.2252, 0.7859, 364.55], [-0.2244, 0.7241, 356.987], [-0.2316, 0.6619, 349.629], [-0.247, 0.6003, 342.457], [-0.2701, 0.5405, 335.445], [-0.3005, 0.4833, 328.558], [-0.3376, 0.4298, 321.757], [-0.3811, 0.3809, 315.0], [-0.43, 0.3375, 308.243], [-0.4835, 0.3003, 301.442], [-0.5407, 0.2698, 294.555], [-0.6005, 0.2468, 287.543], [-0.6621, 0.2314, 280.371], [-0.7243, 0.2242, 273.01300000000003], [-0.7861, 0.225, 265.45], [-0.8464, 0.2339, 261.591]], "outline": [[-0.4125, 0.481], [-0.4503, 0.45], [-0.4812, 0.4124], [-0.5042, 0.3694], [-0.5184, 0.3229], [-0.5232, 0.2744], [-0.5185, 0.226], [-0.5045, 0.1795], [-0.4816, 0.1366], [-0.4508, 0.099], [-0.4132, 0.0681], [-0.3896, 0.0556], [-0.3963, 0.0637], [-0.4184, 0.105], [-0.4321, 0.15], [-0.4366, 0.1968], [-0.4321, 0.2436], [-0.4184, 0.2885], [-0.3963, 0.3299], [-0.3664, 0.3662], [-0.3302, 0.3961], [-0.2887, 0.4182], [-0.2438, 0.4319], [-0.197, 0.4364], [-0.1503, 0.4318], [-0.1053, 0.4182], [-0.0639, 0.3961], [-0.0558, 0.3895], [-0.0683, 0.4131], [-0.0992, 0.4506], [-0.1367, 0.4814], [-0.1796, 0.5043], [-0.2262, 0.5184], [-0.2746, 0.523], [-0.3231, 0.5182], [-0.3697, 0.504]], "flags": {"1": {"outline": [[-0.3894, 0.3619], [-0.3814, 0.37], [-0.3894, 0.3779], [-0.3974, 0.37]]}, "0": {"outline": [[-0.3723, 0.3926], [-0.3788, 0.3862], [-0.3723, 0.3798], [-0.366, 0.3861]]}, "3": {"outline": [[-0.3875, 0.4078], [-0.3927, 0.4025], [-0.3872, 0.3965], [-0.3815, 0.4022]]}, "2": {"outline": [[-0.4055, 0.3791], [-0.3996, 0.385], [-0.4055, 0.3908], [-0.4114, 0.3849]]}}, "icon": [[-0.39440000000000003, 0.3692005], [-0.3694, 0.3941995]]}