{
"name": "plane_evil02_12_0",
"flags": {
	"0": { "outline": [[-0.103361,0.712401],[0.100832,0.694971],[0.0449811,0.770315],[-0.0454774,0.778816]] },
	"1": { "outline": [[-0.0420065,-0.567505],[0.0415827,-0.561779],[0.0415827,-0.473276],[-0.0420065,-0.4781]] },
	"2": { "outline": [[-0.0420065,-0.433837],[0.0415827,-0.42946],[0.0415827,-0.340957],[-0.0420065,-0.344433]] },
	"3": { "outline": [[-0.0361549,-1.29863],[0.0358404,-1.28733],[0.0146288,-0.938207],[-0.0146809,-0.941549]] }
},
"outline": [[-0.214526,0.458385],[-0.518081,0.474838],[-0.633788,0.6555],[-0.481979,0.659901],[-0.486376,0.675855],[-0.636795,0.694983],[-0.721689,0.701627],[-0.880405,0.706364],[-0.88522,0.690402],[-0.724773,0.662219],[-0.845705,0.48323],[-1.1981,0.423666],[-1.19809,-0.0430476],[-0.845732,-0.116803],[-0.724841,-0.30061],[-0.633872,-0.29756],[-0.518143,-0.12162],[-0.214618,-0.117406],[-0.166443,-0.493678],[-0.121115,-0.869226],[-0.121133,-0.959938],[-0.444882,-1.07032],[-0.444914,-1.30392],[-0.121208,-1.32582],[-0.0684786,-1.40758],[0.0668326,-1.38467],[0.117265,-1.28802],[0.401144,-1.17693],[0.40121,-0.966081],[0.117356,-0.932565],[0.117378,-0.84444],[0.159871,-0.474521],[0.204081,-0.111593],[0.460356,-0.108035],[0.549388,-0.257894],[0.616438,-0.255646],[0.701806,-0.0969139],[0.928338,-0.0333514],[0.928463,0.328232],[0.701968,0.400938],[0.616707,0.563152],[0.729035,0.568302],[0.725784,0.582],[0.614512,0.597042],[0.551944,0.601939],[0.435413,0.604483],[0.431877,0.590779],[0.549649,0.568104],[0.460505,0.421797],[0.20421,0.435689],[0.159968,0.761286],[0.0511337,0.828026],[-0.046691,0.837915],[-0.162691,0.791677]],
"inputs": [[-0.428029,0.659453,136.332],[-0.39041,0.696461,132.373],[-0.346185,0.72876,124.992],[-0.296307,0.755799,118.242],[-0.241815,0.777158,112.006],[-0.183812,0.792545,106.169],[-0.123426,0.801802,100.623],[-0.0617869,0.804893,95.2653],[2.05376e-08,0.801898,90],[0.0608743,0.793004,84.7347],[0.119837,0.778487,79.3768],[0.175964,0.758706,73.8305],[0.228413,0.734085,67.9942],[0.276432,0.705104,61.7585],[0.319359,0.672288,55.008],[0.356626,0.636194,47.6271],[0.387757,0.597407,43.6677]],
"outputs": [[0.387757,-1.28961,278.512],[0.356626,-1.29992,277.425],[0.319359,-1.31079,275.711],[0.276432,-1.32206,274.388],[0.228413,-1.33356,273.304],[0.175964,-1.34512,272.372],[0.119837,-1.35655,271.535],[0.0608742,-1.36767,270.754],[5.60286e-09,-1.37827,270],[-0.0617871,-1.38817,269.246],[-0.123426,-1.39718,268.465],[-0.183812,-1.40512,267.628],[-0.241815,-1.41181,266.696],[-0.296307,-1.41712,265.612],[-0.346185,-1.4209,264.289],[-0.39041,-1.42307,262.575],[-0.428029,-1.42355,261.488]],
"icon": [[-0.11916,0.0327456],[0.115811,0.278313]]
}