{"inputs": [[0.1415, 0.433, 406.332], [0.1796, 0.3965, 402.373], [0.2141, 0.3535, 394.992], [0.2445, 0.3043, 388.242], [0.2699, 0.2501, 382.006], [0.29, 0.1913, 376.169], [0.3046, 0.1293, 370.623], [0.3134, 0.0652, 365.2653], [0.3168, 0.0, 360.0], [0.3137, -0.0651, 354.7347], [0.3049, -0.1294, 349.3768], [0.29, -0.1914, 343.83050000000003], [0.2698, -0.25, 337.9941], [0.2444, -0.3045, 331.7585], [0.2142, -0.3538, 325.00800000000004], [0.1798, -0.3967, 317.6271], [0.1418, -0.4331, 313.6676]], "name": "plane_boomWhisp_3_12", "outputs": [[0.5126, -0.4331, 593.409], [0.4635, -0.3968, 589.55], [0.4192, -0.3535, 581.9870000000001], [0.3804, -0.3041, 574.629], [0.3479, -0.25, 567.457], [0.3219, -0.1914, 560.4449999999999], [0.3028, -0.1293, 553.558], [0.2913, -0.0654, 546.7570000000001], [0.2875, 0.0, 540.0], [0.2914, 0.065, 533.2429999999999], [0.3028, 0.1294, 526.442], [0.3218, 0.1915, 519.5550000000001], [0.3477, 0.25, 512.543], [0.3805, 0.3044, 505.371], [0.4194, 0.3536, 498.01300000000003], [0.4634, 0.3966, 490.45], [0.5126, 0.4329, 486.591]], "outline": [[0.5072, -0.0442], [0.5113, -0.0001], [0.507, 0.044], [0.4951, 0.0865], [0.4757, 0.1257], [0.4497, 0.1601], [0.4181, 0.1882], [0.3819, 0.2093], [0.3426, 0.2221], [0.3018, 0.2263], [0.261, 0.2221], [0.2216, 0.2092], [0.1855, 0.1882], [0.1538, 0.1601], [0.1428, 0.1455], [0.1498, 0.1436], [0.1764, 0.1294], [0.1999, 0.1099], [0.2195, 0.0863], [0.2338, 0.0595], [0.2427, 0.0304], [0.2455, -0.0003], [0.2426, -0.0302], [0.2337, -0.0594], [0.2192, -0.0866], [0.2001, -0.1098], [0.1766, -0.1294], [0.1496, -0.1438], [0.1428, -0.1455], [0.1537, -0.1603], [0.1852, -0.1884], [0.2218, -0.2092], [0.2611, -0.222], [0.3016, -0.2267], [0.3427, -0.2223], [0.3818, -0.2093], [0.418, -0.1883], [0.4499, -0.1602], [0.4758, -0.1258], [0.4954, -0.0865]], "flags": {"1": {"outline": [[0.281, 0.0192], [0.2809, 0.0078], [0.2922, 0.0079], [0.2921, 0.0192]]}, "0": {"outline": [[0.2904, -0.0147], [0.2905, -0.0054], [0.2816, -0.0056], [0.2813, -0.0143]]}, "3": {"outline": [[0.312, -0.0143], [0.3121, -0.0073], [0.3039, -0.0067], [0.3039, -0.0147]]}, "2": {"outline": [[0.3044, 0.0185], [0.3045, 0.0103], [0.3126, 0.0102], [0.3127, 0.0186]]}}, "icon": [[0.2521, -0.01260000000000001], [0.2771, 0.012400000000000012]]}