{"inputs": [[-0.0731, -0.4992, 248.832], [-0.1223, -0.4803, 244.873], [-0.1706, -0.4537, 237.49200000000002], [-0.2173, -0.4197, 230.74200000000002], [-0.2615, -0.3793, 224.506], [-0.3027, -0.3327, 218.66899999999998], [-0.3399, -0.2812, 213.123], [-0.3726, -0.2253, 207.7653], [-0.4006, -0.1663, 202.5], [-0.4227, -0.1048, 197.2347], [-0.4391, -0.0422, 191.8768], [-0.4492, 0.0208, 186.3305], [-0.4528, 0.0828, 180.4941], [-0.4501, 0.1427, 174.2585], [-0.4412, 0.1996, 167.508], [-0.4259, 0.2526, 160.12709999999998], [-0.4046, 0.3008, 156.1676]], "name": "plane_boomWhisp_6_5", "outputs": [[-0.751, 0.1574, 435.909], [-0.6917, 0.1425, 432.05], [-0.6343, 0.1196, 424.487], [-0.5797, 0.089, 417.129], [-0.5287, 0.0514, 409.957], [-0.4821, 0.007, 402.945], [-0.441, -0.043, 396.058], [-0.4057, -0.0977, 389.257], [-0.3773, -0.1564, 382.5], [-0.3559, -0.2183, 375.743], [-0.342, -0.2821, 368.942], [-0.3357, -0.3465, 362.055], [-0.3374, -0.4107, 355.043], [-0.3467, -0.4733, 347.871], [-0.3637, -0.5336, 340.51300000000003], [-0.3882, -0.5904, 332.95], [-0.4195, -0.6427, 329.091]], "outline": [[-0.5731, -0.1865], [-0.5593, -0.2319], [-0.537, -0.2741], [-0.5071, -0.3107], [-0.4707, -0.341], [-0.4293, -0.3637], [-0.3844, -0.3778], [-0.3378, -0.3827], [-0.2912, -0.3784], [-0.2466, -0.3651], [-0.2056, -0.3429], [-0.1696, -0.313], [-0.1403, -0.2767], [-0.1328, -0.2626], [-0.1371, -0.2639], [-0.1751, -0.2677], [-0.2131, -0.2638], [-0.2497, -0.2528], [-0.2834, -0.2348], [-0.3128, -0.2105], [-0.3371, -0.1811], [-0.355, -0.1473], [-0.3661, -0.1108], [-0.3699, -0.0728], [-0.3661, -0.0348], [-0.3551, 0.0017], [-0.337, 0.0353], [-0.3129, 0.065], [-0.2833, 0.0891], [-0.2795, 0.0913], [-0.2945, 0.0959], [-0.3411, 0.1009], [-0.3876, 0.0966], [-0.4323, 0.0832], [-0.4734, 0.0611], [-0.5093, 0.0313], [-0.5387, -0.0051], [-0.5606, -0.0468], [-0.5738, -0.0921], [-0.5781, -0.1392]], "flags": {"1": {"outline": [[-0.3634, -0.1717], [-0.3678, -0.1612], [-0.3782, -0.1656], [-0.3739, -0.176]]}, "0": {"outline": [[-0.3853, -0.1443], [-0.3817, -0.1525], [-0.3733, -0.149], [-0.3768, -0.1407]]}, "3": {"outline": [[-0.405, -0.1525], [-0.4022, -0.1593], [-0.3945, -0.1564], [-0.3975, -0.149]]}, "2": {"outline": [[-0.3853, -0.18], [-0.3886, -0.1724], [-0.3963, -0.1755], [-0.393, -0.1832]]}}, "icon": [[-0.3793, -0.16469999999999999], [-0.3543, -0.13970000000000002]]}