{"inputs": [[-0.6213, 0.0087, 181.332], [-0.6225, 0.0613, 177.373], [-0.6163, 0.1162, 169.99200000000002], [-0.6029, 0.1723, 163.24200000000002], [-0.5824, 0.2287, 157.006], [-0.5553, 0.2844, 151.16899999999998], [-0.5219, 0.3386, 145.623], [-0.4828, 0.3903, 140.2654], [-0.4388, 0.4386, 135.0], [-0.3905, 0.4827, 129.7347], [-0.3389, 0.5217, 124.3768], [-0.2847, 0.5551, 118.8305], [-0.2289, 0.5822, 112.9941], [-0.1724, 0.6027, 106.7585], [-0.1163, 0.6162, 100.00800000000001], [-0.0615, 0.6223, 92.6271], [-0.0089, 0.621, 88.6676]], "name": "plane_boomWhisp_13_2", "outputs": [[-0.2785, 0.8907, 368.409], [-0.2696, 0.8304, 364.55], [-0.2688, 0.7686, 356.987], [-0.2761, 0.7064, 349.629], [-0.2914, 0.6448, 342.457], [-0.3145, 0.5849, 335.445], [-0.345, 0.5277, 328.558], [-0.3822, 0.4743, 321.757], [-0.4256, 0.4254, 315.0], [-0.4745, 0.382, 308.243], [-0.528, 0.3448, 301.442], [-0.5851, 0.3143, 294.555], [-0.645, 0.2913, 287.543], [-0.7066, 0.276, 280.371], [-0.7688, 0.2686, 273.01300000000003], [-0.8306, 0.2694, 265.45], [-0.8909, 0.2783, 261.591]], "outline": [[-0.4159, 0.4846], [-0.4538, 0.4535], [-0.4848, 0.4157], [-0.5079, 0.3726], [-0.5221, 0.3257], [-0.5269, 0.2769], [-0.5222, 0.2282], [-0.5079, 0.1814], [-0.4849, 0.1382], [-0.4767, 0.1282], [-0.4907, 0.1746], [-0.4959, 0.227], [-0.4908, 0.2794], [-0.4755, 0.3298], [-0.4507, 0.3763], [-0.4172, 0.417], [-0.3765, 0.4504], [-0.33, 0.4753], [-0.2796, 0.4905], [-0.2271, 0.4957], [-0.1747, 0.4906], [-0.1284, 0.4765], [-0.1384, 0.4847], [-0.1816, 0.5077], [-0.2284, 0.522], [-0.2771, 0.5267], [-0.3259, 0.5219], [-0.3727, 0.5077]], "flags": {"1": {"outline": [[-0.4337, 0.4062], [-0.4257, 0.4143], [-0.4337, 0.4223], [-0.4417, 0.4143]]}, "0": {"outline": [[-0.4167, 0.4369], [-0.423, 0.4306], [-0.4166, 0.4241], [-0.4103, 0.4304]]}, "3": {"outline": [[-0.4319, 0.4521], [-0.437, 0.4468], [-0.4315, 0.4408], [-0.4258, 0.4465]]}, "2": {"outline": [[-0.4498, 0.4234], [-0.4439, 0.4293], [-0.4498, 0.4352], [-0.4557, 0.4293]]}}, "icon": [[-0.443, 0.41789999999999994], [-0.418, 0.44289999999999996]]}