{"inputs": [[0.2297, -0.5777, 293.832], [0.1815, -0.5988, 289.873], [0.1285, -0.6142, 282.492], [0.0715, -0.6233, 275.742], [0.0116, -0.6258, 269.506], [-0.0502, -0.6222, 263.669], [-0.1131, -0.6121, 258.123], [-0.1759, -0.5958, 252.7654], [-0.2372, -0.5736, 247.5], [-0.2966, -0.5458, 242.2347], [-0.3522, -0.5131, 236.8768], [-0.4037, -0.4757, 231.3305], [-0.4502, -0.4346, 225.4941], [-0.4908, -0.3902, 219.2585], [-0.5246, -0.3435, 212.508], [-0.5513, -0.2953, 205.12709999999998], [-0.5703, -0.2462, 201.1676]], "name": "plane_boomWhisp_13_7", "outputs": [[-0.7163, -0.5984, 480.909], [-0.6641, -0.5671, 477.05], [-0.6072, -0.5427, 469.487], [-0.5469, -0.5257, 462.129], [-0.4843, -0.5162, 454.957], [-0.42, -0.5146, 447.945], [-0.3555, -0.521, 441.058], [-0.292, -0.535, 434.257], [-0.2302, -0.5563, 427.5], [-0.1714, -0.5849, 420.743], [-0.1163, -0.62, 413.942], [-0.0665, -0.6612, 407.055], [-0.0222, -0.7077, 400.043], [0.0154, -0.7588, 392.871], [0.0461, -0.8134, 385.51300000000003], [0.0689, -0.8707, 377.95], [0.0839, -0.9299, 374.091]], "outline": [[-0.2885, -0.5699], [-0.2453, -0.5932], [-0.1986, -0.6073], [-0.1498, -0.6122], [-0.1012, -0.6073], [-0.0542, -0.593], [-0.011, -0.57], [0.0268, -0.5389], [0.0577, -0.5012], [0.0639, -0.4897], [0.0264, -0.5204], [-0.02, -0.5454], [-0.0703, -0.5606], [-0.1228, -0.5659], [-0.1752, -0.5607], [-0.2258, -0.5453], [-0.2721, -0.5206], [-0.3129, -0.4871], [-0.3461, -0.4463], [-0.3711, -0.3999], [-0.3865, -0.3494], [-0.391, -0.3013], [-0.3949, -0.3136], [-0.3995, -0.3624], [-0.3949, -0.411], [-0.3805, -0.4578], [-0.3575, -0.5011], [-0.3265, -0.539]], "flags": {"1": {"outline": [[-0.2093, -0.5565], [-0.2199, -0.5522], [-0.2241, -0.5625], [-0.2138, -0.5669]]}, "0": {"outline": [[-0.2442, -0.5524], [-0.236, -0.5557], [-0.2323, -0.5475], [-0.2406, -0.544]]}, "3": {"outline": [[-0.2524, -0.5724], [-0.2456, -0.575], [-0.2422, -0.5676], [-0.2495, -0.5645]]}, "2": {"outline": [[-0.2191, -0.5779], [-0.2268, -0.5748], [-0.23, -0.5825], [-0.2223, -0.5856]]}}, "icon": [[-0.24539999999999995, -0.5751999999999999], [-0.22040000000000004, -0.5502]]}