{"inputs": [[-0.433013, 0.18196, 136.332], [-0.396677, 0.220027, 132.373], [-0.353553, 0.254448, 124.992], [-0.304381, 0.284634, 118.242], [-0.25, 0.310069, 112.006], [-0.191342, 0.330318, 106.169], [-0.12941, 0.345034, 100.623], [-0.0652631, 0.353966, 95.2653], [2.18557e-08, 0.35696, 90], [0.0652631, 0.353966, 84.7347], [0.12941, 0.345034, 79.3768], [0.191342, 0.330318, 73.8305], [0.25, 0.310069, 67.9941], [0.304381, 0.284634, 61.7585], [0.353553, 0.254448, 55.008], [0.396677, 0.220027, 47.6271], [0.433013, 0.18196, 43.6676]], "name": "plane_boomWhisp_4_0", "outputs": [[0.433013, 0.554198, 323.409], [0.396677, 0.505255, 319.55], [0.353553, 0.461, 311.987], [0.304381, 0.422189, 304.629], [0.25, 0.389486, 297.457], [0.191342, 0.363452, 290.445], [0.12941, 0.344531, 283.558], [0.065263, 0.333048, 276.757], [5.96244e-09, 0.329198, 270], [-0.0652632, 0.333048, 263.243], [-0.129409, 0.344531, 256.442], [-0.191342, 0.363452, 249.555], [-0.25, 0.389486, 242.543], [-0.304381, 0.422189, 235.371], [-0.353553, 0.461, 228.013], [-0.396677, 0.505255, 220.45], [-0.433013, 0.554198, 216.591]], "outline": [[0.0456576, 0.551839], [3.40523e-17, 0.556116], [-0.0456577, 0.551839], [-0.0895607, 0.539173], [-0.130022, 0.518605], [-0.165487, 0.490926], [-0.194592, 0.457198], [-0.216219, 0.418718], [-0.229537, 0.376965], [-0.234033, 0.333544], [-0.229537, 0.290122], [-0.216219, 0.248369], [-0.194592, 0.20989], [-0.165487, 0.176162], [-0.162158, 0.173564], [-0.156442, 0.192409], [-0.140794, 0.221684], [-0.119736, 0.247344], [-0.0940757, 0.268402], [-0.0648005, 0.28405], [-0.033035, 0.293686], [1.81823e-17, 0.29694], [0.033035, 0.293686], [0.0648005, 0.28405], [0.0940757, 0.268402], [0.119736, 0.247344], [0.140794, 0.221684], [0.156442, 0.192409], [0.162158, 0.173564], [0.165487, 0.176162], [0.194592, 0.20989], [0.216219, 0.24837], [0.229537, 0.290122], [0.234033, 0.333544], [0.229537, 0.376966], [0.216219, 0.418718], [0.194592, 0.457198], [0.165487, 0.490926], [0.130022, 0.518605], [0.0895607, 0.539173]], "flags": {"1": {"outline": [[-0.0192751, 0.322444], [-0.00796014, 0.322444], [-0.00796014, 0.333759], [-0.019275, 0.333759]]}, "0": {"outline": [[0.0144482, 0.33206], [0.00539548, 0.33206], [0.00545735, 0.322969], [0.0143864, 0.322969]]}, "3": {"outline": [[0.0144246, 0.353534], [0.00706542, 0.353534], [0.00670603, 0.345318], [0.0147839, 0.345318]]}, "2": {"outline": [[-0.01855, 0.345917], [-0.0102311, 0.345917], [-0.0102311, 0.354236], [-0.01855, 0.354236]]}}, "icon": [[-0.0125, 0.297929], [0.0125, 0.322929]]}