{"inputs": [[-0.0575, -0.4333, 226.332], [-0.0955, -0.3969, 222.373], [-0.13, -0.3537, 214.99200000000002], [-0.1602, -0.3046, 208.24200000000002], [-0.1856, -0.2502, 202.006], [-0.2058, -0.1916, 196.16899999999998], [-0.2205, -0.1297, 190.623], [-0.2295, -0.0656, 185.2653], [-0.2324, -0.0003, 180.0], [-0.2295, 0.065, 174.7347], [-0.2206, 0.1291, 169.3768], [-0.2058, 0.191, 163.8305], [-0.1856, 0.2498, 157.9941], [-0.1602, 0.3041, 151.7585], [-0.13, 0.3533, 145.008], [-0.0955, 0.3964, 137.62709999999998], [-0.0575, 0.4328, 133.6676]], "name": "plane_boomWhisp_1_4", "outputs": [[-0.4255, 0.4328, 413.409], [-0.3764, 0.3964, 409.55], [-0.3323, 0.3533, 401.987], [-0.2935, 0.3041, 394.629], [-0.2607, 0.2498, 387.457], [-0.2347, 0.1911, 380.445], [-0.2158, 0.1292, 373.558], [-0.2042, 0.065, 366.757], [-0.2004, -0.0002, 360.0], [-0.2043, -0.0655, 353.243], [-0.2158, -0.1297, 346.442], [-0.2347, -0.1916, 339.555], [-0.2607, -0.2503, 332.543], [-0.2934, -0.3046, 325.371], [-0.3323, -0.3538, 318.01300000000003], [-0.3765, -0.397, 310.45], [-0.4254, -0.4333, 306.591]], "outline": [[-0.3348, 0.0375], [-0.3382, -0.0001], [-0.3348, -0.038], [-0.325, -0.0744], [-0.3091, -0.1078], [-0.2878, -0.137], [-0.2619, -0.1611], [-0.2322, -0.1791], [-0.2002, -0.1901], [-0.1665, -0.1939], [-0.133, -0.1901], [-0.1009, -0.1792], [-0.0712, -0.1611], [-0.0452, -0.1372], [-0.0296, -0.1158], [-0.0354, -0.114], [-0.0566, -0.1026], [-0.0754, -0.0873], [-0.0907, -0.0687], [-0.102, -0.0475], [-0.109, -0.0242], [-0.1113, -0.0003], [-0.1091, 0.0237], [-0.102, 0.0468], [-0.0906, 0.0682], [-0.0753, 0.0868], [-0.0567, 0.102], [-0.0354, 0.1135], [-0.0297, 0.1152], [-0.0453, 0.1365], [-0.0712, 0.1607], [-0.1009, 0.1787], [-0.133, 0.1896], [-0.1666, 0.1932], [-0.2002, 0.1896], [-0.2322, 0.1786], [-0.2619, 0.1607], [-0.2879, 0.1366], [-0.3092, 0.1073], [-0.3251, 0.0739]], "flags": {"1": {"outline": [[-0.1942, -0.0195], [-0.1942, -0.0082], [-0.2054, -0.0083], [-0.2055, -0.0196]]}, "0": {"outline": [[-0.2038, 0.0141], [-0.2038, 0.0052], [-0.1948, 0.0051], [-0.1948, 0.0141]]}, "3": {"outline": [[-0.2253, 0.0143], [-0.2252, 0.0068], [-0.2171, 0.0065], [-0.217, 0.0147]]}, "2": {"outline": [[-0.2176, -0.0188], [-0.2176, -0.0105], [-0.226, -0.0105], [-0.226, -0.0187]]}}, "icon": [[-0.182, -0.012700000000000012], [-0.157, 0.01230000000000001]]}