{"inputs": [[0.5377, 0.0747, 361.332], [0.539, 0.0222, 357.373], [0.5326, -0.0327, 349.992], [0.5193, -0.0887, 343.242], [0.4987, -0.1451, 337.006], [0.4715, -0.201, 331.169], [0.4384, -0.2552, 325.623], [0.3993, -0.307, 320.2653], [0.3552, -0.3552, 315.0], [0.3069, -0.399, 309.7347], [0.2552, -0.4382, 304.3768], [0.201, -0.4716, 298.83050000000003], [0.1452, -0.4986, 292.9941], [0.0886, -0.5193, 286.7585], [0.0329, -0.5326, 280.00800000000004], [-0.022, -0.5389, 272.6271], [-0.0747, -0.5373, 268.6676]], "name": "plane_boomWhisp_8_10", "outputs": [[0.192, -0.8043, 548.409], [0.1831, -0.7439, 544.55], [0.1823, -0.6823, 536.9870000000001], [0.1897, -0.62, 529.629], [0.2048, -0.5584, 522.457], [0.2282, -0.4986, 515.4449999999999], [0.2585, -0.4413, 508.558], [0.2958, -0.3879, 501.757], [0.3392, -0.3391, 495.0], [0.388, -0.2956, 488.243], [0.4416, -0.2582, 481.442], [0.4987, -0.2281, 474.555], [0.5586, -0.2048, 467.543], [0.6201, -0.1896, 460.371], [0.6822, -0.1822, 453.01300000000003], [0.7441, -0.1831, 445.45], [0.8044, -0.192, 441.591]], "outline": [[0.4063, -0.4741], [0.4437, -0.4435], [0.4744, -0.4061], [0.4971, -0.3635], [0.5113, -0.3174], [0.5164, -0.2695], [0.5117, -0.2218], [0.4979, -0.1758], [0.4754, -0.1332], [0.4452, -0.096], [0.4078, -0.0657], [0.3655, -0.0433], [0.3403, -0.0357], [0.3507, -0.0478], [0.3706, -0.0856], [0.383, -0.1266], [0.3875, -0.1691], [0.3832, -0.2117], [0.3708, -0.2526], [0.3505, -0.2904], [0.3236, -0.3232], [0.2905, -0.3505], [0.2527, -0.3705], [0.2117, -0.3832], [0.1692, -0.3872], [0.1266, -0.3831], [0.0858, -0.3705], [0.048, -0.3503], [0.0356, -0.3404], [0.0433, -0.3653], [0.0659, -0.4078], [0.0962, -0.445], [0.1332, -0.4753], [0.1757, -0.4979], [0.2218, -0.5116], [0.2696, -0.5162], [0.3175, -0.5112], [0.3636, -0.4971]], "flags": {"1": {"outline": [[0.3474, -0.3202], [0.3397, -0.3281], [0.3475, -0.3363], [0.3556, -0.3283]]}, "0": {"outline": [[0.3305, -0.3507], [0.3369, -0.3443], [0.3305, -0.3379], [0.3241, -0.3443]]}, "3": {"outline": [[0.3456, -0.366], [0.351, -0.3609], [0.3453, -0.3549], [0.3396, -0.3605]]}, "2": {"outline": [[0.3635, -0.3374], [0.3577, -0.343], [0.3637, -0.349], [0.3696, -0.3431]]}}, "icon": [[0.32339999999999997, -0.3482], [0.3484, -0.3232]]}