{"inputs": [[-0.3303, 0.334, 473.832], [-0.282, 0.3549, 469.873], [-0.2295, 0.3704, 462.492], [-0.1723, 0.3793, 455.742], [-0.1124, 0.3823, 449.506], [-0.0504, 0.3783, 443.669], [0.0126, 0.3684, 438.123], [0.0752, 0.3521, 432.7653], [0.1364, 0.3298, 427.5], [0.1958, 0.3019, 422.2347], [0.2519, 0.269, 416.8768], [0.3033, 0.2318, 411.33050000000003], [0.3495, 0.1908, 405.4941], [0.3904, 0.1466, 399.2585], [0.4242, 0.0997, 392.50800000000004], [0.4508, 0.0516, 385.1271], [0.4697, 0.0025, 381.1676]], "name": "plane_boomWhisp_4_15", "outputs": [[0.6123, 0.3463, 660.909], [0.5599, 0.315, 657.05], [0.5031, 0.2909, 649.4870000000001], [0.4429, 0.2737, 642.129], [0.3801, 0.2641, 634.957], [0.316, 0.2628, 627.9449999999999], [0.2516, 0.2687, 621.058], [0.1878, 0.2829, 614.2570000000001], [0.1262, 0.3041, 607.5], [0.0674, 0.3327, 600.7429999999999], [0.0123, 0.368, 593.942], [-0.0376, 0.4091, 587.0550000000001], [-0.082, 0.4557, 580.043], [-0.1197, 0.5064, 572.871], [-0.15, 0.5614, 565.513], [-0.1732, 0.6187, 557.95], [-0.1879, 0.6777, 554.091]], "outline": [[0.2533, 0.4923], [0.2129, 0.5136], [0.1691, 0.5273], [0.1235, 0.5322], [0.0784, 0.5289], [0.0352, 0.5169], [-0.0047, 0.4969], [-0.0396, 0.4696], [-0.0677, 0.4362], [-0.0885, 0.3977], [-0.1008, 0.3559], [-0.1046, 0.3122], [-0.0995, 0.2685], [-0.0854, 0.2262], [-0.0834, 0.2223], [-0.071, 0.2376], [-0.0451, 0.2589], [-0.0158, 0.2743], [0.0157, 0.284], [0.0491, 0.2872], [0.082, 0.2841], [0.1139, 0.2746], [0.1429, 0.2589], [0.1686, 0.2377], [0.1898, 0.2121], [0.2055, 0.1827], [0.2147, 0.1509], [0.2183, 0.1179], [0.2162, 0.0982], [0.2204, 0.0997], [0.2601, 0.1196], [0.2949, 0.1469], [0.3231, 0.1802], [0.3439, 0.2187], [0.3565, 0.2605], [0.3601, 0.3039], [0.3548, 0.3481], [0.3408, 0.3902], [0.3186, 0.4294], [0.2892, 0.464]], "flags": {"1": {"outline": [[0.1056, 0.3055], [0.1162, 0.301], [0.1205, 0.3115], [0.1098, 0.3158]]}, "0": {"outline": [[0.1406, 0.3015], [0.132, 0.3047], [0.1285, 0.2965], [0.1368, 0.293]]}, "3": {"outline": [[0.1487, 0.3209], [0.1421, 0.3239], [0.1386, 0.3166], [0.1459, 0.3132]]}, "2": {"outline": [[0.1152, 0.3267], [0.1228, 0.3235], [0.1263, 0.3312], [0.1184, 0.3343]]}}, "icon": [[0.10659999999999999, 0.2742], [0.1316, 0.2992]]}