{"inputs": [[-0.433013, 0.141422, 136.332], [-0.396677, 0.179489, 132.373], [-0.353553, 0.21391, 124.992], [-0.304381, 0.244096, 118.242], [-0.25, 0.269531, 112.006], [-0.191342, 0.28978, 106.169], [-0.12941, 0.304496, 100.623], [-0.0652631, 0.313428, 95.2653], [2.18557e-08, 0.316422, 90], [0.0652631, 0.313428, 84.7347], [0.12941, 0.304496, 79.3768], [0.191342, 0.28978, 73.8305], [0.25, 0.269531, 67.9941], [0.304381, 0.244096, 61.7585], [0.353553, 0.21391, 55.008], [0.396677, 0.179489, 47.6271], [0.433013, 0.141422, 43.6676]], "name": "plane_boomWhisp_3_0", "outputs": [[0.433013, 0.512262, 323.409], [0.396677, 0.463319, 319.55], [0.353553, 0.419064, 311.987], [0.304381, 0.380253, 304.629], [0.25, 0.34755, 297.457], [0.191342, 0.321516, 290.445], [0.12941, 0.302595, 283.558], [0.065263, 0.291111, 276.757], [5.96244e-09, 0.287262, 270], [-0.0652632, 0.291111, 263.243], [-0.129409, 0.302595, 256.442], [-0.191342, 0.321516, 249.555], [-0.25, 0.34755, 242.543], [-0.304381, 0.380253, 235.371], [-0.353553, 0.419064, 228.013], [-0.396677, 0.463319, 220.45], [-0.433013, 0.512262, 216.591]], "outline": [[0.0441815, 0.506852], [3.1282e-17, 0.510874], [-0.0441815, 0.506852], [-0.0866651, 0.494939], [-0.125818, 0.475593], [-0.160136, 0.449557], [-0.1883, 0.417833], [-0.209228, 0.381639], [-0.222115, 0.342366], [-0.226467, 0.301524], [-0.222115, 0.260682], [-0.209228, 0.221409], [-0.1883, 0.185215], [-0.160136, 0.153491], [-0.145664, 0.142511], [-0.143598, 0.149321], [-0.129235, 0.176193], [-0.109905, 0.199746], [-0.0863518, 0.219076], [-0.0594802, 0.233439], [-0.0303227, 0.242284], [1.50185e-17, 0.24527], [0.0303227, 0.242284], [0.0594802, 0.233439], [0.0863518, 0.219076], [0.109905, 0.199746], [0.129235, 0.176193], [0.143598, 0.149321], [0.145664, 0.142511], [0.160136, 0.153491], [0.1883, 0.185215], [0.209228, 0.221409], [0.222115, 0.260682], [0.226467, 0.301524], [0.222115, 0.342366], [0.209228, 0.381639], [0.1883, 0.417833], [0.160136, 0.449557], [0.125818, 0.475593], [0.0866651, 0.494939]], "flags": {"1": {"outline": [[-0.0192751, 0.280671], [-0.00796014, 0.280671], [-0.00796014, 0.291986], [-0.019275, 0.291986]]}, "0": {"outline": [[0.0144482, 0.290287], [0.00539548, 0.290287], [0.00545735, 0.281196], [0.0143864, 0.281196]]}, "3": {"outline": [[0.0144246, 0.311761], [0.00706542, 0.311761], [0.00670603, 0.303545], [0.0147839, 0.303545]]}, "2": {"outline": [[-0.01855, 0.304144], [-0.0102311, 0.304144], [-0.0102311, 0.312463], [-0.01855, 0.312463]]}}, "icon": [[-0.0125, 0.252031], [0.0125, 0.277031]]}