{"inputs": [[0.3945, -0.1795, 293.832], [0.3464, -0.2007, 289.873], [0.2933, -0.2161, 282.492], [0.2365, -0.2253, 275.742], [0.1764, -0.2281, 269.506], [0.1145, -0.2241, 263.669], [0.0518, -0.214, 258.123], [-0.0109, -0.1978, 252.7653], [-0.0725, -0.1755, 247.5], [-0.1316, -0.1477, 242.2347], [-0.1875, -0.1149, 236.8768], [-0.2391, -0.0778, 231.3305], [-0.2854, -0.0365, 225.4941], [-0.3259, 0.0077, 219.2585], [-0.3598, 0.0543, 212.508], [-0.3866, 0.1029, 205.12709999999998], [-0.4056, 0.1519, 201.1676]], "name": "plane_boomWhisp_0_7", "outputs": [[-0.5457, -0.1868, 480.909], [-0.4935, -0.1555, 477.05], [-0.4366, -0.1311, 469.487], [-0.3764, -0.114, 462.129], [-0.3136, -0.1045, 454.957], [-0.2494, -0.103, 447.945], [-0.185, -0.1093, 441.058], [-0.1213, -0.123, 434.257], [-0.0597, -0.1446, 427.5], [-0.0009, -0.1731, 420.743], [0.054, -0.2082, 413.942], [0.1041, -0.2494, 407.055], [0.1482, -0.2958, 400.043], [0.1861, -0.3469, 392.871], [0.2166, -0.4016, 385.51300000000003], [0.2397, -0.4591, 377.95], [0.2544, -0.5181, 374.091]], "outline": [[-0.0977, -0.1599], [-0.0717, -0.1737], [-0.0436, -0.1822], [-0.0142, -0.1851], [0.015, -0.1824], [0.0431, -0.1738], [0.069, -0.1597], [0.0919, -0.1412], [0.1104, -0.1186], [0.1242, -0.0926], [0.1328, -0.0645], [0.1357, -0.0352], [0.1328, -0.006], [0.1244, 0.0223], [0.1187, 0.0329], [0.1092, 0.0213], [0.0939, 0.0089], [0.0767, -0.0004], [0.0578, -0.006], [0.0383, -0.0081], [0.019, -0.0059], [0.0, 0.0], [-0.0172, 0.009], [-0.0323, 0.0212], [-0.0446, 0.0365], [-0.0539, 0.0537], [-0.0598, 0.0725], [-0.0616, 0.0921], [-0.0602, 0.107], [-0.0718, 0.1034], [-0.0977, 0.0895], [-0.1203, 0.0708], [-0.139, 0.0483], [-0.1528, 0.0222], [-0.1614, -0.0059], [-0.1642, -0.0351], [-0.1614, -0.0643], [-0.1529, -0.0926], [-0.139, -0.1185], [-0.1203, -0.1413]], "flags": {"1": {"outline": [[-0.0394, -0.1463], [-0.0499, -0.1419], [-0.0542, -0.1526], [-0.0438, -0.1567]]}, "0": {"outline": [[-0.0743, -0.1423], [-0.0659, -0.1458], [-0.0626, -0.1371], [-0.0709, -0.134]]}, "3": {"outline": [[-0.0825, -0.1621], [-0.0758, -0.1649], [-0.0724, -0.1575], [-0.0796, -0.1545]]}, "2": {"outline": [[-0.0491, -0.1678], [-0.0567, -0.1645], [-0.06, -0.1723], [-0.0523, -0.1755]]}}, "icon": [[-0.0586, -0.12469999999999999], [-0.033600000000000005, -0.0997]]}