{"inputs": [[-0.6096, -0.003, 181.332], [-0.6109, 0.0497, 177.373], [-0.6047, 0.1045, 169.99200000000002], [-0.5912, 0.1606, 163.24200000000002], [-0.5708, 0.2171, 157.006], [-0.5437, 0.2729, 151.16899999999998], [-0.5103, 0.3271, 145.623], [-0.4713, 0.3788, 140.2654], [-0.4272, 0.427, 135.0], [-0.379, 0.471, 129.7347], [-0.3273, 0.5101, 124.3768], [-0.273, 0.5435, 118.8305], [-0.2173, 0.5707, 112.9941], [-0.1608, 0.5911, 106.7585], [-0.1047, 0.6045, 100.00800000000001], [-0.0499, 0.6107, 92.6271], [0.0027, 0.6094, 88.6676]], "name": "plane_boomWhisp_12_2", "outputs": [[-0.2665, 0.8787, 368.409], [-0.2576, 0.8184, 364.55], [-0.2568, 0.7566, 356.987], [-0.2641, 0.6944, 349.629], [-0.2794, 0.6328, 342.457], [-0.3025, 0.5729, 335.445], [-0.333, 0.5157, 328.558], [-0.3702, 0.4623, 321.757], [-0.4135, 0.4134, 315.0], [-0.4624, 0.37, 308.243], [-0.516, 0.3327, 301.442], [-0.5731, 0.3024, 294.555], [-0.633, 0.2793, 287.543], [-0.6946, 0.264, 280.371], [-0.7568, 0.2566, 273.01300000000003], [-0.8186, 0.2574, 265.45], [-0.8789, 0.2663, 261.591]], "outline": [[-0.4153, 0.484], [-0.4531, 0.453], [-0.4842, 0.4151], [-0.5072, 0.372], [-0.5214, 0.3252], [-0.5262, 0.2765], [-0.5215, 0.2279], [-0.5073, 0.181], [-0.4843, 0.1379], [-0.4533, 0.1001], [-0.4445, 0.093], [-0.4585, 0.1192], [-0.4733, 0.1679], [-0.4783, 0.2186], [-0.4733, 0.2691], [-0.4585, 0.3179], [-0.4345, 0.3627], [-0.4022, 0.402], [-0.3629, 0.4344], [-0.3181, 0.4583], [-0.2694, 0.4731], [-0.2188, 0.478], [-0.1681, 0.4731], [-0.1195, 0.4583], [-0.0931, 0.4443], [-0.1004, 0.453], [-0.1381, 0.4841], [-0.1812, 0.5071], [-0.228, 0.5213], [-0.2767, 0.526], [-0.3254, 0.5212], [-0.3721, 0.5071]], "flags": {"1": {"outline": [[-0.4218, 0.3943], [-0.4137, 0.4023], [-0.4218, 0.4103], [-0.4297, 0.4023]]}, "0": {"outline": [[-0.4047, 0.425], [-0.4111, 0.4185], [-0.4046, 0.4122], [-0.3983, 0.4185]]}, "3": {"outline": [[-0.4199, 0.4401], [-0.4251, 0.4349], [-0.4195, 0.4289], [-0.4139, 0.4346]]}, "2": {"outline": [[-0.4378, 0.4114], [-0.432, 0.4173], [-0.4378, 0.4231], [-0.4437, 0.4173]]}}, "icon": [[-0.4299, 0.40470000000000006], [-0.4049, 0.4297000000000001]]}