{"inputs": [[0.236, -0.5623, 293.832], [0.1878, -0.5837, 289.873], [0.1348, -0.599, 282.492], [0.0778, -0.6079, 275.742], [0.0178, -0.6107, 269.506], [-0.0441, -0.6071, 263.669], [-0.107, -0.5969, 258.123], [-0.1697, -0.5807, 252.7654], [-0.2311, -0.5584, 247.5], [-0.2902, -0.5307, 242.2347], [-0.3461, -0.4979, 236.8768], [-0.3976, -0.4605, 231.3305], [-0.4442, -0.4194, 225.4941], [-0.4845, -0.3751, 219.2585], [-0.5184, -0.3284, 212.508], [-0.5451, -0.2802, 205.12709999999998], [-0.5641, -0.2311, 201.1676]], "name": "plane_boomWhisp_12_7", "outputs": [[-0.7098, -0.5827, 480.909], [-0.6576, -0.5515, 477.05], [-0.6007, -0.527, 469.487], [-0.5404, -0.5101, 462.129], [-0.4777, -0.5005, 454.957], [-0.4136, -0.4991, 447.945], [-0.3491, -0.5054, 441.058], [-0.2855, -0.5193, 434.257], [-0.2237, -0.5406, 427.5], [-0.1649, -0.569, 420.743], [-0.1098, -0.6044, 413.942], [-0.06, -0.6454, 407.055], [-0.0158, -0.6919, 400.043], [0.0219, -0.7431, 392.871], [0.0526, -0.7976, 385.51300000000003], [0.0755, -0.855, 377.95], [0.0903, -0.9143, 374.091]], "outline": [[-0.2883, -0.5692], [-0.2451, -0.5923], [-0.1983, -0.6065], [-0.1497, -0.6112], [-0.101, -0.6064], [-0.0542, -0.5922], [-0.0109, -0.5694], [0.027, -0.5383], [0.0579, -0.5006], [0.0809, -0.4575], [0.084, -0.4466], [0.0653, -0.4696], [0.026, -0.5018], [-0.019, -0.5258], [-0.0674, -0.5406], [-0.1183, -0.5455], [-0.1688, -0.5406], [-0.2173, -0.5257], [-0.2624, -0.5018], [-0.3016, -0.4695], [-0.3339, -0.4303], [-0.3578, -0.3854], [-0.3727, -0.3367], [-0.3777, -0.286], [-0.3749, -0.2564], [-0.38, -0.2664], [-0.3945, -0.3132], [-0.3991, -0.3618], [-0.3943, -0.4104], [-0.38, -0.4573], [-0.357, -0.5003], [-0.3261, -0.5382]], "flags": {"1": {"outline": [[-0.2028, -0.5408], [-0.2134, -0.5365], [-0.2177, -0.5471], [-0.2073, -0.5512]]}, "0": {"outline": [[-0.2377, -0.5369], [-0.2293, -0.5403], [-0.2259, -0.5319], [-0.2342, -0.5285]]}, "3": {"outline": [[-0.2459, -0.5567], [-0.2392, -0.5594], [-0.2357, -0.5521], [-0.2431, -0.549]]}, "2": {"outline": [[-0.2125, -0.5622], [-0.2202, -0.5592], [-0.2234, -0.5667], [-0.2157, -0.5699]]}}, "icon": [[-0.23820000000000008, -0.558], [-0.21319999999999995, -0.5329999999999999]]}