{
"name": "plane_evil02_9_0",
"flags": {
	"0": { "outline": [[-0.108561,0.705806],[0.107878,0.701365],[0.0478804,0.773461],[-0.0480145,0.775627]] },
	"1": { "outline": [[-0.0443638,-0.565358],[0.0442493,-0.563899],[0.0442493,-0.475062],[-0.0443638,-0.476291]] },
	"2": { "outline": [[-0.0443638,-0.432196],[0.0442493,-0.431081],[0.0442493,-0.342244],[-0.0443638,-0.34313]] },
	"3": { "outline": [[-0.0382039,-1.2944],[0.038119,-1.29152],[0.015529,-0.939449],[-0.015543,-0.940301]] }
},
"outline": [[-0.223224,0.449661],[-0.524784,0.45359],[-0.635639,0.619971],[-0.489786,0.632343],[-0.494072,0.647384],[-0.638507,0.657145],[-0.718394,0.658648],[-0.864699,0.654282],[-0.869069,0.639239],[-0.721257,0.621491],[-0.832999,0.448905],[-1.14612,0.382259],[-1.14605,-0.0388405],[-0.832938,-0.108507],[-0.721173,-0.282122],[-0.63557,-0.281432],[-0.524755,-0.116177],[-0.223228,-0.115171],[-0.173789,-0.486361],[-0.126891,-0.859816],[-0.126894,-0.949545],[-0.453252,-1.02895],[-0.453242,-1.25351],[-0.126905,-1.31146],[-0.071934,-1.39894],[0.0714977,-1.3931],[0.125847,-1.30183],[0.441454,-1.22123],[0.441489,-1.00245],[0.125878,-0.942571],[0.125886,-0.853501],[0.172016,-0.481481],[0.220382,-0.113691],[0.509193,-0.112727],[0.612856,-0.271373],[0.692066,-0.270734],[0.79437,-0.103479],[1.07427,-0.0364069],[1.07437,0.358306],[0.794478,0.428104],[0.692235,0.5964],[0.82724,0.608398],[0.823284,0.622866],[0.689608,0.632158],[0.615687,0.633549],[0.480337,0.629249],[0.476283,0.614778],[0.613011,0.597806],[0.509275,0.440118],[0.220434,0.443881],[0.170625,0.772409],[0.0524353,0.831798],[-0.0513121,0.834318],[-0.171416,0.780152]],
"inputs": [[-0.436861,0.634885,136.332],[-0.399774,0.672717,132.373],[-0.355863,0.706644,124.992],[-0.305928,0.736081,118.242],[-0.250871,0.760531,112.006],[-0.191679,0.77959,106.169],[-0.129404,0.792954,100.623],[-0.0651382,0.800422,95.2653],[2.17725e-08,0.801898,90],[0.0648917,0.797392,84.7347],[0.128434,0.787014,79.3768],[0.18956,0.77097,73.8305],[0.247253,0.749563,67.9942],[0.300565,0.723177,61.7585],[0.348627,0.692275,55.008],[0.390665,0.657389,47.6271],[0.426006,0.61911,43.6677]],
"outputs": [[0.426006,-1.33646,278.512],[0.390665,-1.34323,277.425],[0.348627,-1.34976,275.711],[0.300564,-1.35595,274.388],[0.247253,-1.36168,273.304],[0.18956,-1.36687,272.372],[0.128434,-1.37141,271.535],[0.0648916,-1.37524,270.754],[5.93975e-09,-1.37827,270],[-0.0651384,-1.38046,269.246],[-0.129404,-1.38176,268.465],[-0.191679,-1.38215,267.628],[-0.250871,-1.38161,266.696],[-0.305928,-1.38014,265.612],[-0.355863,-1.37778,264.289],[-0.399774,-1.37455,262.575],[-0.436861,-1.37051,261.488]],
"icon": [[-0.124978,0.0323966],[0.124074,0.281258]]
}