{"inputs": [[0.5754, -0.2572, 338.832], [0.5566, -0.3065, 334.873], [0.5298, -0.3546, 327.492], [0.4959, -0.4013, 320.742], [0.4554, -0.4457, 314.506], [0.4089, -0.4869, 308.669], [0.3574, -0.5241, 303.123], [0.3016, -0.5569, 297.7653], [0.2422, -0.5846, 292.5], [0.1808, -0.6068, 287.2347], [0.1181, -0.6232, 281.8768], [0.0555, -0.6333, 276.33050000000003], [-0.0066, -0.6369, 270.4942], [-0.0667, -0.6344, 264.2585], [-0.1235, -0.6252, 257.50800000000004], [-0.1766, -0.6099, 250.12709999999998], [-0.2248, -0.5886, 246.1676]], "name": "plane_boomWhisp_14_9", "outputs": [[-0.0787, -0.9415, 525.909], [-0.0639, -0.8821, 522.05], [-0.0408, -0.8251, 514.4870000000001], [-0.0102, -0.7703, 507.129], [0.0275, -0.7193, 499.957], [0.0716, -0.6727, 492.945], [0.1217, -0.6314, 486.058], [0.1766, -0.5963, 479.257], [0.2351, -0.5679, 472.5], [0.2971, -0.5463, 465.743], [0.3609, -0.5325, 458.942], [0.4252, -0.5263, 452.055], [0.4895, -0.5278, 445.043], [0.5521, -0.5371, 437.871], [0.6125, -0.5544, 430.51300000000003], [0.6692, -0.5786, 422.95], [0.7215, -0.61, 419.091]], "outline": [[0.1993, -0.6077], [0.246, -0.5933], [0.2891, -0.5703], [0.327, -0.5395], [0.3581, -0.5013], [0.3811, -0.4583], [0.3956, -0.4115], [0.4003, -0.3625], [0.3993, -0.3531], [0.3987, -0.3596], [0.3828, -0.4116], [0.3574, -0.4595], [0.3227, -0.5015], [0.2806, -0.5359], [0.2328, -0.5616], [0.1809, -0.5775], [0.1268, -0.5828], [0.0725, -0.5774], [0.0205, -0.5616], [-0.0274, -0.5361], [-0.0324, -0.5319], [-0.0263, -0.5395], [0.0116, -0.5703], [0.0546, -0.5935], [0.1015, -0.6077], [0.1504, -0.6125]], "flags": {"1": {"outline": [[0.2501, -0.5531], [0.2399, -0.5576], [0.244, -0.568], [0.2546, -0.5636]]}, "0": {"outline": [[0.2227, -0.5751], [0.231, -0.5714], [0.2275, -0.5629], [0.2192, -0.5665]]}, "3": {"outline": [[0.231, -0.5948], [0.2378, -0.592], [0.235, -0.5842], [0.2275, -0.5873]]}, "2": {"outline": [[0.2586, -0.5751], [0.2508, -0.5784], [0.2541, -0.5859], [0.2617, -0.5829]]}}, "icon": [[0.22599999999999992, -0.5879000000000001], [0.25100000000000006, -0.5629]]}