{
"name": "plane_evil01_9_0",
"flags": {
	"0": { "outline": [[-0.0341653,0.185572],[0.0340973,0.185203],[0.0153547,0.28775],[-0.0153685,0.288008]] },
	"1": { "outline": [[-0.0332173,-0.109377],[0.0331531,-0.109166],[0.0331531,-0.0426061],[-0.0332173,-0.0426887]] },
	"2": { "outline": [[-0.0313131,0.0873116],[0.031256,0.0871525],[0.031256,0.149903],[-0.0313131,0.150177]] },
	"3": { "outline": [[-0.0157131,-0.467491],[0.0156987,-0.467063],[0.00639291,-0.333307],[-0.00639529,-0.333431]] }
},
"outline": [[-0.0766236,0.0698554],[-0.213476,0.0701336],[-0.216406,0.102406],[-0.245151,0.102491],[-0.247971,0.0677649],[-0.386452,0.0483307],[-0.386465,-0.0827999],[-0.24797,-0.100448],[-0.245148,-0.116487],[-0.216397,-0.11639],[-0.21347,-0.101626],[-0.0765974,-0.107904],[-0.0596628,-0.218937],[-0.0435746,-0.303697],[-0.0435698,-0.334569],[-0.154844,-0.359726],[-0.154838,-0.436527],[-0.0435505,-0.459115],[-0.0246617,-0.489724],[0.0247958,-0.489018],[0.043598,-0.45795],[0.1536,-0.432618],[0.153577,-0.356505],[0.0435711,-0.333719],[0.0435644,-0.302926],[0.0595276,-0.218177],[0.0762704,-0.107424],[0.210855,-0.100376],[0.213717,-0.114939],[0.241709,-0.114845],[0.244444,-0.0990163],[0.377949,-0.0809747],[0.377884,0.0472654],[0.244378,0.0667989],[0.241622,0.101047],[0.213635,0.10113],[0.210791,0.0692712],[0.0762227,0.0695447],[0.0589861,0.195887],[0.0183815,0.312944],[-0.0173557,0.313271],[-0.0587735,0.196561]],
"inputs": [[-0.436861,0.138137,136.332],[-0.399774,0.1765,132.373],[-0.355863,0.211055,124.992],[-0.305928,0.241206,118.242],[-0.250871,0.266444,112.006],[-0.191679,0.286349,106.169],[-0.129404,0.300604,100.623],[-0.0651382,0.308991,95.2653],[2.17725e-08,0.3114,90],[0.0648917,0.307822,84.7347],[0.128434,0.298352,79.3768],[0.18956,0.283183,73.8305],[0.247253,0.262601,67.9941],[0.300565,0.236978,61.7585],[0.348627,0.206763,55.008],[0.390665,0.172478,47.6271],[0.426006,0.134705,43.6676]],
"outputs": [[0.426006,-0.253219,323.409],[0.390665,-0.301869,319.55],[0.348627,-0.346049,311.987],[0.300564,-0.385009,304.629],[0.247253,-0.41808,297.457],[0.18956,-0.444679,290.445],[0.128434,-0.464326,283.558],[0.0648916,-0.476651,276.757],[5.93975e-09,-0.481405,270],[-0.0651384,-0.478462,263.243],[-0.129404,-0.46783,256.442],[-0.191679,-0.44965,249.555],[-0.250871,-0.424197,242.543],[-0.305928,-0.391879,235.371],[-0.355863,-0.353231,228.013],[-0.399774,-0.308907,220.45],[-0.436861,-0.259671,216.591]],
"icon": [[-0.0498822,-0.0243367],[0.0497375,0.0755888]]
}