{"inputs": [[0.3342, 0.3303, 383.832], [0.3551, 0.282, 379.873], [0.3707, 0.2294, 372.492], [0.3796, 0.1723, 365.742], [0.3825, 0.1123, 359.506], [0.3785, 0.0503, 353.669], [0.3687, -0.0127, 348.123], [0.3524, -0.0753, 342.7653], [0.33, -0.1365, 337.5], [0.3022, -0.1959, 332.2347], [0.2694, -0.2519, 326.8768], [0.232, -0.3033, 321.33050000000003], [0.191, -0.3495, 315.4941], [0.1469, -0.3904, 309.2585], [0.1, -0.4242, 302.50800000000004], [0.0519, -0.4508, 295.1271], [0.0028, -0.4698, 291.1676]], "name": "plane_boomWhisp_4_11", "outputs": [[0.3466, -0.6124, 570.909], [0.3153, -0.5599, 567.05], [0.2911, -0.5033, 559.4870000000001], [0.274, -0.4429, 552.129], [0.2644, -0.3802, 544.957], [0.263, -0.316, 537.9449999999999], [0.269, -0.2515, 531.058], [0.2831, -0.1878, 524.2570000000001], [0.3043, -0.1262, 517.5], [0.3329, -0.0674, 510.743], [0.3682, -0.0124, 503.942], [0.4094, 0.0375, 497.055], [0.4559, 0.0819, 490.043], [0.5067, 0.1196, 482.871], [0.5617, 0.15, 475.51300000000003], [0.6189, 0.1732, 467.95], [0.6781, 0.1879, 464.091]], "outline": [[0.4926, -0.2534], [0.5139, -0.2129], [0.5276, -0.1692], [0.5325, -0.1235], [0.5292, -0.0784], [0.5171, -0.0352], [0.4972, 0.0046], [0.4698, 0.0395], [0.4364, 0.0677], [0.398, 0.0884], [0.3561, 0.1008], [0.3125, 0.1046], [0.2689, 0.0994], [0.2265, 0.0854], [0.2226, 0.0833], [0.2378, 0.0709], [0.2591, 0.0451], [0.2746, 0.0158], [0.2842, -0.0158], [0.2874, -0.0491], [0.2843, -0.0821], [0.2747, -0.114], [0.2591, -0.143], [0.2379, -0.1686], [0.2122, -0.1899], [0.1829, -0.2055], [0.1512, -0.2148], [0.1182, -0.2184], [0.0985, -0.2163], [0.0999, -0.2204], [0.1198, -0.2601], [0.1471, -0.2949], [0.1804, -0.3231], [0.219, -0.3439], [0.2608, -0.3565], [0.3042, -0.3602], [0.3483, -0.355], [0.3905, -0.3408], [0.4296, -0.3186], [0.4642, -0.2892]], "flags": {"1": {"outline": [[0.3057, -0.1056], [0.3012, -0.1162], [0.3118, -0.1205], [0.3161, -0.1099]]}, "0": {"outline": [[0.3018, -0.1406], [0.3049, -0.1321], [0.2967, -0.1286], [0.2933, -0.1369]]}, "3": {"outline": [[0.3213, -0.1488], [0.3242, -0.1421], [0.3168, -0.1386], [0.3135, -0.1459]]}, "2": {"outline": [[0.3269, -0.1152], [0.3237, -0.1229], [0.3314, -0.1263], [0.3346, -0.1185]]}}, "icon": [[0.2744, -0.1316], [0.2994, -0.10659999999999999]]}