{"inputs": [[0.2965, 0.3459, 383.832], [0.3177, 0.2976, 379.873], [0.3332, 0.2447, 372.492], [0.3424, 0.1876, 365.742], [0.3451, 0.1278, 359.506], [0.3412, 0.0658, 353.669], [0.331, 0.0029, 348.123], [0.3146, -0.0597, 342.7653], [0.2927, -0.1212, 337.5], [0.265, -0.1802, 332.2347], [0.2322, -0.2362, 326.8768], [0.1947, -0.2878, 321.33050000000003], [0.1537, -0.3342, 315.4941], [0.1093, -0.3748, 309.2585], [0.0626, -0.4088, 302.50800000000004], [0.0144, -0.4353, 295.1271], [-0.0347, -0.4544, 291.1676]], "name": "plane_boomWhisp_3_11", "outputs": [[0.3079, -0.5963, 570.909], [0.2764, -0.5439, 567.05], [0.2521, -0.487, 559.4870000000001], [0.2351, -0.4265, 552.129], [0.2258, -0.3641, 544.957], [0.2242, -0.3, 537.9449999999999], [0.2303, -0.2353, 531.058], [0.2442, -0.1719, 524.2570000000001], [0.2657, -0.11, 517.5], [0.2942, -0.0514, 510.743], [0.3293, 0.0037, 503.942], [0.3706, 0.0538, 497.055], [0.417, 0.0979, 490.043], [0.4681, 0.1356, 482.871], [0.5229, 0.1662, 475.51300000000003], [0.58, 0.1891, 467.95], [0.6393, 0.2038, 464.091]], "outline": [[0.4517, -0.2349], [0.4724, -0.1957], [0.4853, -0.1533], [0.4906, -0.1095], [0.4877, -0.0659], [0.4768, -0.0241], [0.4584, 0.0139], [0.433, 0.0472], [0.4016, 0.0741], [0.3655, 0.0936], [0.3262, 0.1053], [0.2849, 0.1085], [0.2435, 0.1029], [0.2034, 0.0891], [0.1877, 0.0798], [0.1934, 0.0754], [0.2126, 0.0521], [0.2268, 0.0251], [0.2359, -0.0042], [0.2388, -0.0345], [0.2359, -0.0648], [0.2268, -0.0942], [0.2126, -0.1207], [0.1932, -0.1443], [0.1694, -0.1639], [0.1429, -0.178], [0.1137, -0.1871], [0.0832, -0.1901], [0.0763, -0.189], [0.0807, -0.2069], [0.0991, -0.2449], [0.1249, -0.2781], [0.1563, -0.305], [0.192, -0.3248], [0.2316, -0.3365], [0.2727, -0.3395], [0.3142, -0.3339], [0.3544, -0.3201], [0.3915, -0.2983], [0.4246, -0.2695]], "flags": {"1": {"outline": [[0.267, -0.0898], [0.2626, -0.1003], [0.273, -0.1045], [0.2773, -0.094]]}, "0": {"outline": [[0.2627, -0.1247], [0.2664, -0.1161], [0.2581, -0.1129], [0.2545, -0.1208]]}, "3": {"outline": [[0.2828, -0.1326], [0.2856, -0.1261], [0.2783, -0.1225], [0.2752, -0.1299]]}, "2": {"outline": [[0.2884, -0.0994], [0.2853, -0.107], [0.2928, -0.1102], [0.2961, -0.1025]]}}, "icon": [[0.23199999999999996, -0.11380000000000001], [0.257, -0.08879999999999999]]}