{"inputs": [[-0.6351, 0.0225, 181.332], [-0.6364, 0.0752, 177.373], [-0.6302, 0.13, 169.99200000000002], [-0.6167, 0.1861, 163.24200000000002], [-0.5963, 0.2426, 157.006], [-0.5692, 0.2984, 151.16899999999998], [-0.5358, 0.3526, 145.623], [-0.4967, 0.4043, 140.2654], [-0.4527, 0.4525, 135.0], [-0.4045, 0.4965, 129.7347], [-0.3528, 0.5355, 124.3768], [-0.2985, 0.5689, 118.8305], [-0.2428, 0.5961, 112.9941], [-0.1863, 0.6166, 106.7585], [-0.1302, 0.63, 100.00800000000001], [-0.0753, 0.6362, 92.6271], [-0.0228, 0.6349, 88.6676]], "name": "plane_boomWhisp_15_2", "outputs": [[-0.2929, 0.9051, 368.409], [-0.2839, 0.8447, 364.55], [-0.2831, 0.7829, 356.987], [-0.2905, 0.7208, 349.629], [-0.3058, 0.6592, 342.457], [-0.3289, 0.5993, 335.445], [-0.3593, 0.5421, 328.558], [-0.3965, 0.4886, 321.757], [-0.44, 0.4398, 315.0], [-0.4889, 0.3964, 308.243], [-0.5423, 0.3591, 301.442], [-0.5995, 0.3287, 294.555], [-0.6594, 0.3056, 287.543], [-0.7209, 0.2903, 280.371], [-0.7832, 0.283, 273.01300000000003], [-0.845, 0.2837, 265.45], [-0.9053, 0.2926, 261.591]], "outline": [[-0.4163, 0.4852], [-0.4542, 0.454], [-0.4853, 0.4161], [-0.5084, 0.3729], [-0.5226, 0.3261], [-0.5274, 0.2773], [-0.5227, 0.2285], [-0.5217, 0.2253], [-0.5229, 0.238], [-0.5175, 0.2936], [-0.5013, 0.3469], [-0.4749, 0.3962], [-0.4395, 0.4393], [-0.3964, 0.4747], [-0.3471, 0.5011], [-0.2938, 0.5172], [-0.2382, 0.5227], [-0.2255, 0.5215], [-0.2287, 0.5224], [-0.2774, 0.5272], [-0.3262, 0.5225], [-0.3732, 0.5083]], "flags": {"1": {"outline": [[-0.448, 0.4205], [-0.4399, 0.4285], [-0.448, 0.4365], [-0.456, 0.4286]]}, "0": {"outline": [[-0.4309, 0.4512], [-0.4374, 0.4448], [-0.4309, 0.4384], [-0.4246, 0.4447]]}, "3": {"outline": [[-0.4462, 0.4663], [-0.4514, 0.4611], [-0.4458, 0.4551], [-0.4401, 0.4608]]}, "2": {"outline": [[-0.4641, 0.4377], [-0.4582, 0.4436], [-0.4641, 0.4494], [-0.47, 0.4436]]}}, "icon": [[-0.4587, 0.43360000000000004], [-0.4337, 0.45860000000000006]]}