{"inputs": [[-0.2527, 0.521, 473.832], [-0.2045, 0.5425, 469.873], [-0.1515, 0.5576, 462.492], [-0.0947, 0.5669, 455.742], [-0.0345, 0.5694, 449.506], [0.0271, 0.5656, 443.669], [0.0902, 0.5557, 438.123], [0.1528, 0.5392, 432.7653], [0.2144, 0.517, 427.5], [0.2734, 0.4891, 422.2347], [0.3292, 0.4565, 416.8768], [0.3808, 0.4192, 411.33050000000003], [0.4274, 0.3781, 405.4941], [0.4679, 0.3336, 399.2585], [0.5017, 0.287, 392.50800000000004], [0.5284, 0.2389, 385.1271], [0.5473, 0.1895, 381.1676]], "name": "plane_boomWhisp_10_15", "outputs": [[0.6926, 0.5399, 660.909], [0.6401, 0.509, 657.05], [0.5835, 0.4844, 649.4870000000001], [0.523, 0.4671, 642.129], [0.4602, 0.458, 634.957], [0.3963, 0.4564, 627.9449999999999], [0.3317, 0.4625, 621.058], [0.2681, 0.4764, 614.2570000000001], [0.2063, 0.498, 607.5], [0.1474, 0.5266, 600.7429999999999], [0.0926, 0.5617, 593.942], [0.0427, 0.603, 587.0550000000001], [-0.0015, 0.6491, 580.043], [-0.0393, 0.7001, 572.871], [-0.0697, 0.755, 565.513], [-0.0929, 0.8125, 557.95], [-0.1077, 0.8713, 554.091]], "outline": [[0.2868, 0.5653], [0.2438, 0.5882], [0.1971, 0.6025], [0.1487, 0.6072], [0.1002, 0.6025], [0.0535, 0.5885], [0.0103, 0.5657], [-0.0271, 0.5349], [-0.0579, 0.4971], [-0.081, 0.4543], [-0.0951, 0.4077], [-0.0975, 0.3812], [-0.0928, 0.3905], [-0.0629, 0.427], [-0.0267, 0.4565], [0.0149, 0.4785], [0.0597, 0.4924], [0.1066, 0.4968], [0.1534, 0.4924], [0.1985, 0.4786], [0.2397, 0.4567], [0.2761, 0.4268], [0.3059, 0.3905], [0.328, 0.3492], [0.3418, 0.304], [0.3464, 0.2574], [0.3417, 0.2106], [0.3387, 0.2007], [0.3558, 0.2213], [0.3786, 0.2641], [0.3927, 0.3105], [0.3972, 0.3589], [0.3927, 0.4075], [0.3784, 0.4537], [0.3555, 0.4968], [0.3243, 0.5346]], "flags": {"1": {"outline": [[0.1855, 0.4983], [0.1961, 0.4939], [0.2003, 0.5042], [0.1899, 0.5087]]}, "0": {"outline": [[0.2202, 0.4942], [0.2121, 0.4978], [0.2086, 0.4894], [0.217, 0.486]]}, "3": {"outline": [[0.2287, 0.5141], [0.2217, 0.5167], [0.2185, 0.5095], [0.2257, 0.5063]]}, "2": {"outline": [[0.1952, 0.5197], [0.2029, 0.5166], [0.2061, 0.5242], [0.1983, 0.5274]]}}, "icon": [[0.19399999999999998, 0.4865005], [0.219, 0.5114995]]}