{
"name": "plane_evil01_14_0",
"flags": {
	"0": { "outline": [[-0.0298419,0.186452],[0.029503,0.184335],[0.0133201,0.287141],[-0.0133887,0.288621]] },
	"1": { "outline": [[-0.0290101,-0.109881],[0.0286897,-0.108668],[0.0286897,-0.0424119],[-0.02901,-0.0428854]] },
	"2": { "outline": [[-0.0273398,0.087691],[0.0270551,0.0867778],[0.0270551,0.149259],[-0.0273398,0.150829]] },
	"3": { "outline": [[-0.0136896,-0.468508],[0.0136179,-0.466052],[0.00555267,-0.333013],[-0.00556456,-0.333726]] }
},
"outline": [[-0.0674735,0.0706035],[-0.191375,0.0722654],[-0.194114,0.105563],[-0.220778,0.106085],[-0.223369,0.0701693],[-0.355039,0.0510568],[-0.354908,-0.0874695],[-0.223188,-0.104011],[-0.220542,-0.12057],[-0.193876,-0.119976],[-0.191188,-0.104714],[-0.0672668,-0.109058],[-0.0521204,-0.220753],[-0.0378634,-0.30553],[-0.037831,-0.336588],[-0.137248,-0.36758],[-0.137171,-0.446056],[-0.0377001,-0.46188],[-0.0210972,-0.491383],[0.0218928,-0.487334],[0.0380555,-0.455195],[0.131106,-0.423618],[0.13102,-0.349091],[0.0379207,-0.331716],[0.0378873,-0.301109],[0.0515,-0.216395],[0.0656459,-0.106304],[0.17814,-0.0975349],[0.180502,-0.111643],[0.203375,-0.111134],[0.205585,-0.0957818],[0.312266,-0.0769567],[0.312095,0.0449209],[0.205372,0.0646182],[0.203096,0.0977842],[0.180226,0.0982321],[0.177923,0.0673119],[0.0654283,0.0688208],[0.05186,0.19429],[0.0184701,0.312093],[-0.0125722,0.313964],[-0.0504885,0.198155]],
"inputs": [[-0.404168,0.147009,136.332],[-0.367852,0.186817,132.373],[-0.325358,0.221966,124.992],[-0.277689,0.25185,118.242],[-0.22592,0.276009,112.006],[-0.171165,0.294138,106.169],[-0.114542,0.306075,100.623],[-0.057141,0.311797,95.2653],[1.89276e-08,0.3114,90],[0.0559113,0.305087,84.7347],[0.109706,0.293151,79.3768],[0.160586,0.275957,73.8305],[0.207846,0.253928,67.9941],[0.250874,0.227531,61.7585],[0.289148,0.197263,55.008],[0.322229,0.163647,47.6271],[0.349758,0.127218,43.6676]],
"outputs": [[0.349758,-0.239146,323.409],[0.322229,-0.286412,319.55],[0.289148,-0.330149,311.987],[0.250874,-0.369661,304.629],[0.207846,-0.404272,297.457],[0.160586,-0.433332,290.445],[0.109706,-0.456231,283.558],[0.0559112,-0.472416,276.757],[5.16362e-09,-0.481405,270],[-0.0571411,-0.482807,263.243],[-0.114542,-0.476345,256.442],[-0.171165,-0.46188,249.555],[-0.22592,-0.439426,242.543],[-0.277689,-0.409171,235.371],[-0.325358,-0.371493,228.013],[-0.367852,-0.326964,220.45],[-0.404168,-0.276349,216.591]],
"icon": [[-0.0436651,-0.0245056],[0.0429434,0.075073]]
}