{"inputs": [[0.1002, 0.4331, 406.332], [0.1382, 0.3965, 402.373], [0.1726, 0.3535, 394.992], [0.2025, 0.3042, 388.242], [0.2281, 0.25, 382.006], [0.2484, 0.1912, 376.169], [0.2632, 0.1292, 370.623], [0.2721, 0.0653, 365.2653], [0.275, -0.0002, 360.0], [0.2723, -0.0651, 354.7347], [0.263, -0.1295, 349.3768], [0.2485, -0.1914, 343.83050000000003], [0.2282, -0.2499, 337.9941], [0.2027, -0.3043, 331.7585], [0.1725, -0.3536, 325.00800000000004], [0.1381, -0.3969, 317.6271], [0.1001, -0.4332, 313.6676]], "name": "plane_boomWhisp_2_12", "outputs": [[0.4695, -0.4331, 593.409], [0.4206, -0.3967, 589.55], [0.3761, -0.3537, 581.9870000000001], [0.3375, -0.3044, 574.629], [0.3049, -0.2499, 567.457], [0.2786, -0.1915, 560.4449999999999], [0.2599, -0.1294, 553.558], [0.2481, -0.0651, 546.7570000000001], [0.2445, -0.0002, 540.0], [0.2483, 0.0652, 533.2429999999999], [0.2597, 0.1293, 526.442], [0.2787, 0.1914, 519.5550000000001], [0.3046, 0.2499, 512.543], [0.3375, 0.3044, 505.371], [0.3764, 0.3536, 498.01300000000003], [0.4204, 0.3968, 490.45], [0.4694, 0.4332, 486.591]], "outline": [[0.4384, -0.0418], [0.4423, 0.0], [0.4385, 0.042], [0.4275, 0.082], [0.4101, 0.1191], [0.386, 0.1516], [0.3568, 0.1783], [0.3239, 0.198], [0.2877, 0.2102], [0.2503, 0.2146], [0.2129, 0.2102], [0.177, 0.1982], [0.1439, 0.1782], [0.1147, 0.1517], [0.0987, 0.1298], [0.0991, 0.1295], [0.1231, 0.1165], [0.1445, 0.0991], [0.162, 0.0778], [0.1749, 0.0538], [0.1827, 0.0274], [0.1857, -0.0001], [0.1828, -0.0273], [0.1749, -0.0537], [0.162, -0.0782], [0.1444, -0.099], [0.1231, -0.1166], [0.099, -0.1298], [0.0985, -0.1297], [0.1147, -0.1517], [0.1437, -0.1784], [0.177, -0.1982], [0.2129, -0.2105], [0.2505, -0.2145], [0.2878, -0.2102], [0.3237, -0.1982], [0.3571, -0.1785], [0.386, -0.1517], [0.41, -0.1193], [0.4278, -0.082]], "flags": {"1": {"outline": [[0.2381, 0.0194], [0.238, 0.0078], [0.2494, 0.008], [0.2493, 0.0192]]}, "0": {"outline": [[0.2479, -0.0146], [0.2477, -0.0053], [0.2384, -0.0056], [0.2385, -0.0146]]}, "3": {"outline": [[0.269, -0.0144], [0.2692, -0.007], [0.261, -0.0068], [0.2609, -0.0149]]}, "2": {"outline": [[0.2615, 0.0186], [0.2615, 0.0101], [0.2699, 0.0102], [0.27, 0.0186]]}}, "icon": [[0.2053, -0.012400000000000012], [0.23029999999999998, 0.01260000000000001]]}