{
"name": "plane_boomMain_2_0",
"flags": {
	"0": { "outline": [[0.0144482,-0.00680666],[0.00539548,-0.00680666],[0.00545735,-0.015898],[0.0143864,-0.015898]] },
	"1": { "outline": [[-0.019275,-0.0164226],[-0.00796014,-0.0164226],[-0.00796014,-0.00510782],[-0.019275,-0.00510782]] },
	"2": { "outline": [[-0.01855,0.00705035],[-0.0102311,0.00705035],[-0.0102311,0.0153692],[-0.01855,0.0153692]] },
	"3": { "outline": [[0.0144246,0.0146672],[0.00706539,0.0146672],[0.00670603,0.00645125],[0.0147839,0.00645125]] }
},
"outline": [[0.354861,0],[0.195621,0.00961022],[0.215742,0.0212487],[0.288775,0.0428358],[0.258026,0.0513246],[0.257639,0.0645353],[0.216399,0.0656439],[0.377082,0.134922],[0.493862,0.204565],[0.477715,0.225942],[0.301325,0.161061],[0.2394,0.143491],[0.219672,0.14678],[0.230325,0.170821],[0.255944,0.210047],[0.331442,0.300402],[0.498141,0.498141],[0.74241,0.819124],[0.539705,0.657633],[0.504646,0.680436],[0.342887,0.513167],[0.276464,0.461252],[0.294714,0.551371],[0.167811,0.354806],[0.135983,0.328293],[0.131316,0.367003],[0.177775,0.586047],[0.0750274,0.299526],[0.0635815,0.319646],[0.033397,0.225144],[0.0201783,0.204873],[0.00973342,0.198128],[-7.76777e-09,0.177706],[-0.00820297,0.166975],[-0.0177026,0.179738],[-0.0352408,0.237574],[-0.0626984,0.315206],[-0.102674,0.409898],[-0.136738,0.450763],[-0.166148,0.464351],[-0.158694,0.383121],[-0.139509,0.294968],[-0.145732,0.272645],[-0.296356,0.49444],[-0.2608,0.390314],[-0.284455,0.383543],[-0.280739,0.342082],[-0.252126,0.278179],[-0.23224,0.23224],[-0.216491,0.196216],[-0.28143,0.230964],[-0.448067,0.332309],[-0.531343,0.355032],[-0.545043,0.326686],[-0.592748,0.31683],[-0.60381,0.285581],[-0.575516,0.238386],[-0.544202,0.194719],[-0.549428,0.166667],[-0.65437,0.163911],[-0.698407,0.138922],[-0.424891,0.0630265],[-0.355949,0.0350579],[-0.213053,0.0104666],[-0.253952,-2.22012e-08],[-0.255775,-0.0125654],[-0.312841,-0.0308122],[-0.316801,-0.046993],[-0.355506,-0.0707146],[-0.383356,-0.0960257],[-0.368059,-0.11165],[-0.243744,-0.0872132],[-0.227255,-0.0941321],[-0.225262,-0.106541],[-0.393571,-0.210368],[-0.618161,-0.370512],[-0.732991,-0.489769],[-0.683391,-0.506837],[-0.590687,-0.484765],[-0.533379,-0.483427],[-0.378848,-0.378848],[-0.291919,-0.322083],[-0.163298,-0.198979],[-0.118379,-0.159615],[-0.14345,-0.214688],[-0.19313,-0.322219],[-0.140506,-0.262868],[-0.140969,-0.298054],[-0.207349,-0.500586],[-0.300399,-0.839559],[-0.188979,-0.62298],[-0.100339,-0.400577],[-0.067625,-0.339974],[-0.0648196,-0.436978],[-0.059192,-0.600988],[-0.0429987,-0.875266],[1.00798e-08,-0.845277],[0.0330962,-0.673687],[0.0618783,-0.628259],[0.0705422,-0.475557],[0.0772972,-0.388599],[0.0789622,-0.315235],[0.112704,-0.371536],[0.131631,-0.367884],[0.0894254,-0.215892],[0.139458,-0.294858],[0.170599,-0.319169],[0.120243,-0.200613],[0.1131,-0.169267],[0.10587,-0.14275],[0.152528,-0.185856],[0.244347,-0.269596],[0.30929,-0.309289],[0.19171,-0.173756],[0.175882,-0.144343],[0.456615,-0.338649],[0.475661,-0.317827],[0.603555,-0.361757],[0.473197,-0.252929],[0.782611,-0.370147],[0.554419,-0.229648],[0.455948,-0.163141],[0.393596,-0.119396],[0.569301,-0.142603],[0.763253,-0.15182],[0.73474,-0.108988],[0.792406,-0.0780449],[0.613707,-0.0301495]],
"inputs": [[-0.433013,-0.173761,136.332],[-0.396677,-0.135695,132.373],[-0.353553,-0.101274,124.992],[-0.304381,-0.0710876,118.242],[-0.25,-0.0456524,112.006],[-0.191342,-0.0254034,106.169],[-0.12941,-0.0106872,100.623],[-0.0652631,-0.00175557,95.2653],[2.18557e-08,0.00123873,90],[0.0652631,-0.00175557,84.7347],[0.12941,-0.0106872,79.3768],[0.191342,-0.0254034,73.8305],[0.25,-0.0456524,67.9941],[0.304381,-0.0710876,61.7585],[0.353553,-0.101274,55.008],[0.396677,-0.135695,47.6271],[0.433013,-0.173761,43.6676]],
"outputs": [[0.433013,0.22411,323.409],[0.396677,0.175167,319.55],[0.353553,0.130912,311.987],[0.304381,0.0921006,304.629],[0.25,0.0593982,297.457],[0.191342,0.0333638,290.445],[0.12941,0.014443,283.558],[0.065263,0.00295946,276.757],[5.96244e-09,-0.000890344,270],[-0.0652632,0.00295949,263.243],[-0.129409,0.014443,256.442],[-0.191342,0.0333639,249.555],[-0.25,0.0593982,242.543],[-0.304381,0.0921007,235.371],[-0.353553,0.130912,228.013],[-0.396677,0.175167,220.45],[-0.433013,0.22411,216.591]],
"icon": [[-0.0525,-0.0268014],[0.0525,0.0781986]]
}