{
"name": "plane_evil01_3_0",
"flags": {
	"0": { "outline": [[-0.0309024,0.184497],[0.0312022,0.186287],[0.0140059,0.288506],[-0.0139452,0.287255]] },
	"1": { "outline": [[-0.0300499,-0.108761],[0.0303332,-0.109786],[0.0303332,-0.0428484],[-0.0300499,-0.0424482]] },
	"2": { "outline": [[-0.0283363,0.0868478],[0.0285882,0.0876196],[0.0285882,0.150707],[-0.0283363,0.149379]] },
	"3": { "outline": [[-0.0142571,-0.466242],[0.0143206,-0.468317],[0.00582242,-0.333671],[-0.00581191,-0.333068]] }
},
"outline": [[-0.0686399,0.0689552],[-0.187225,0.0676705],[-0.189668,0.0987623],[-0.213878,0.0983794],[-0.21628,0.0650159],[-0.329704,0.0453424],[-0.329857,-0.0776792],[-0.216468,-0.0963718],[-0.214122,-0.111811],[-0.18991,-0.112246],[-0.187414,-0.0980552],[-0.0688261,-0.106512],[-0.053937,-0.216727],[-0.0396368,-0.301448],[-0.0396652,-0.332091],[-0.137583,-0.350458],[-0.137658,-0.425278],[-0.0397799,-0.455711],[-0.0228284,-0.487651],[0.022163,-0.491073],[0.0395013,-0.461362],[0.143055,-0.44424],[0.143119,-0.366083],[0.0396111,-0.336208],[0.0396383,-0.305186],[0.054502,-0.220411],[0.0702629,-0.10884],[0.198954,-0.104121],[0.201739,-0.119287],[0.229304,-0.119783],[0.232033,-0.103324],[0.367532,-0.0865546],[0.367634,0.0505226],[0.232179,0.0697056],[0.229494,0.105392],[0.201932,0.104957],[0.199106,0.0718559],[0.0704352,0.0704619],[0.0529989,0.197857],[0.0137564,0.313844],[-0.0187383,0.312262],[-0.0541185,0.19459]],
"inputs": [[-0.36988,0.128558,136.332],[-0.340485,0.165233,132.373],[-0.305226,0.198977,124.992],[-0.26452,0.229244,118.242],[-0.218869,0.25551,112.006],[-0.168863,0.277283,106.169],[-0.115185,0.294112,100.623],[-0.0586096,0.305596,95.2653],[1.9808e-08,0.3114,90],[0.0596973,0.311267,84.7347],[0.119463,0.305035,79.3768],[0.178218,0.292646,73.8305],[0.234848,0.274164,67.9941],[0.288221,0.249784,61.7585],[0.337224,0.219836,55.008],[0.38079,0.184792,47.6271],[0.417937,0.14526,43.6676]],
"outputs": [[0.417937,-0.273062,323.409],[0.38079,-0.323421,319.55],[0.337224,-0.367928,311.987],[0.288221,-0.405815,304.629],[0.234848,-0.436489,297.457],[0.178218,-0.459537,290.445],[0.119463,-0.474726,283.558],[0.0596972,-0.481986,276.757],[5.40381e-09,-0.481405,270],[-0.0586097,-0.473204,263.243],[-0.115185,-0.457727,256.442],[-0.168863,-0.435414,249.555],[-0.218869,-0.40679,242.543],[-0.26452,-0.372444,235.371],[-0.305226,-0.333017,228.013],[-0.340485,-0.289187,220.45],[-0.36988,-0.241663,216.591]],
"icon": [[-0.0449984,-0.0241314],[0.0456368,0.0762356]]
}