{"inputs": [[-0.3727, 0.2316, 473.832], [-0.3247, 0.253, 469.873], [-0.2717, 0.2679, 462.492], [-0.2146, 0.2773, 455.742], [-0.1546, 0.2799, 449.506], [-0.0927, 0.2762, 443.669], [-0.0298, 0.2661, 438.123], [0.0329, 0.2497, 432.7653], [0.0943, 0.2276, 427.5], [0.1535, 0.1998, 422.2347], [0.2093, 0.1671, 416.8768], [0.2607, 0.1298, 411.33050000000003], [0.3073, 0.0887, 405.4941], [0.348, 0.0443, 399.2585], [0.3815, -0.0024, 392.50800000000004], [0.4084, -0.0506, 385.1271], [0.4273, -0.0998, 381.1676]], "name": "plank_15", "outputs": [[0.0096, -1.1082, 616.012], [-0.0259, -1.0994, 614.925], [-0.0675, -1.0873, 613.211], [-0.115, -1.0726, 611.8879999999999], [-0.1664, -1.0552, 610.804], [-0.2216, -1.0357, 609.8720000000001], [-0.2798, -1.0137, 609.0350000000001], [-0.3396, -0.9902, 608.254], [-0.3997, -0.9657, 607.5], [-0.4599, -0.9403, 606.746], [-0.519, -0.9146, 605.9649999999999], [-0.5754, -0.8891, 605.1279999999999], [-0.6282, -0.8638, 604.196], [-0.6773, -0.8395, 603.1120000000001], [-0.7208, -0.817, 601.789], [-0.7591, -0.7958, 600.075], [-0.7905, -0.7771, 598.988]], "outline": [[-0.1365, -0.9825], [0.2921, 0.0521], [0.2996, 0.0801], [0.296, 0.1033], [0.2818, 0.1225], [0.2572, 0.1369], [-0.0848, 0.2787], [-0.1125, 0.2857], [-0.1359, 0.2822], [-0.1549, 0.2683], [-0.1694, 0.2435], [-0.5982, -0.7913], [-0.6056, -0.8191], [-0.602, -0.8425], [-0.5878, -0.8616], [-0.563, -0.8763], [-0.2212, -1.0176], [-0.1936, -1.0249], [-0.1701, -1.0216], [-0.1508, -1.0072]], "flags": {"1": {"outline": [[-0.5878, -0.8616], [-0.563, -0.8763], [-0.5032, -0.9009], [-0.0249, 0.2538], [-0.0848, 0.2787], [-0.1125, 0.2857], [-0.1201, 0.2845], [-0.5923, -0.8555]]}, "0": {"outline": [[-0.6056, -0.8191], [-0.602, -0.8425], [-0.5923, -0.8555], [-0.1201, 0.2845], [-0.1359, 0.2822], [-0.1549, 0.2683], [-0.1694, 0.2435], [-0.5982, -0.7913]]}, "3": {"outline": [[-0.1508, -1.0072], [-0.1365, -0.9825], [0.2921, 0.0521], [0.2996, 0.0801], [0.296, 0.1033], [0.2864, 0.1161], [-0.1858, -1.0236], [-0.1701, -1.0216]]}, "2": {"outline": [[-0.2212, -1.0176], [-0.1936, -1.0249], [-0.1858, -1.0236], [0.2864, 0.1161], [0.2818, 0.1225], [0.2572, 0.1369], [0.1972, 0.162], [-0.2813, -0.9929]]}}, "icon": [[-0.125, -0.125], [0.125, 0.125]]}