{"inputs": [[-0.2119, -0.5567, 248.832], [-0.261, -0.5379, 244.873], [-0.3092, -0.5111, 237.49200000000002], [-0.356, -0.4771, 230.74200000000002], [-0.4003, -0.4367, 224.506], [-0.4414, -0.3903, 218.66899999999998], [-0.4788, -0.3386, 213.123], [-0.5116, -0.2828, 207.7654], [-0.5392, -0.2236, 202.5], [-0.5614, -0.1622, 197.2347], [-0.5778, -0.0995, 191.8768], [-0.5878, -0.0366, 186.3305], [-0.5916, 0.0253, 180.4941], [-0.5889, 0.0852, 174.2585], [-0.5798, 0.1422, 167.508], [-0.5646, 0.1953, 160.12709999999998], [-0.5432, 0.2433, 156.1676]], "name": "plane_boomWhisp_11_5", "outputs": [[-0.8944, 0.0979, 435.909], [-0.8353, 0.083, 432.05], [-0.7779, 0.0602, 424.487], [-0.7232, 0.0296, 417.129], [-0.6722, -0.0082, 409.957], [-0.6257, -0.0523, 402.945], [-0.5846, -0.1023, 396.058], [-0.5493, -0.1572, 389.257], [-0.5208, -0.2161, 382.5], [-0.4994, -0.2777, 375.743], [-0.4853, -0.3415, 368.942], [-0.4792, -0.4058, 362.055], [-0.4809, -0.47, 355.043], [-0.4903, -0.5329, 347.871], [-0.5072, -0.5932, 340.51300000000003], [-0.5317, -0.6498, 332.95], [-0.5629, -0.7021, 329.091]], "outline": [[-0.6048, -0.1981], [-0.5904, -0.2448], [-0.5676, -0.2879], [-0.5365, -0.3256], [-0.4988, -0.3567], [-0.4557, -0.3798], [-0.409, -0.394], [-0.3606, -0.3989], [-0.3119, -0.394], [-0.2653, -0.38], [-0.2248, -0.3583], [-0.2725, -0.3629], [-0.3212, -0.3581], [-0.3681, -0.344], [-0.4114, -0.3208], [-0.4491, -0.2899], [-0.4803, -0.252], [-0.5033, -0.2087], [-0.5176, -0.1619], [-0.5223, -0.1131], [-0.5175, -0.0645], [-0.5033, -0.0176], [-0.4802, 0.0256], [-0.4491, 0.0633], [-0.4121, 0.0938], [-0.4561, 0.0806], [-0.4991, 0.0576], [-0.5369, 0.0265], [-0.5676, -0.0111], [-0.5906, -0.0543], [-0.6048, -0.1009], [-0.6095, -0.1497]], "flags": {"1": {"outline": [[-0.5064, -0.2309], [-0.5106, -0.2204], [-0.5211, -0.2248], [-0.5169, -0.2352]]}, "0": {"outline": [[-0.5281, -0.2035], [-0.5247, -0.2117], [-0.5164, -0.2083], [-0.5197, -0.2]]}, "3": {"outline": [[-0.5479, -0.2116], [-0.5452, -0.2184], [-0.5375, -0.2156], [-0.5405, -0.2082]]}, "2": {"outline": [[-0.5283, -0.2392], [-0.5316, -0.2315], [-0.5392, -0.2347], [-0.536, -0.2424]]}}, "icon": [[-0.5364, -0.22979999999999995], [-0.5114000000000001, -0.20480000000000004]]}