{"inputs": [[-0.2189, -0.3783, 203.832], [-0.2401, -0.3301, 199.873], [-0.2554, -0.277, 192.49200000000002], [-0.2645, -0.2201, 185.74200000000002], [-0.2671, -0.1601, 179.506], [-0.2634, -0.0982, 173.66899999999998], [-0.2533, -0.0354, 168.123], [-0.2371, 0.0273, 162.7653], [-0.2148, 0.0887, 157.5], [-0.1871, 0.1479, 152.2347], [-0.1543, 0.2037, 146.8768], [-0.117, 0.2553, 141.3305], [-0.0758, 0.3018, 135.4941], [-0.0316, 0.3423, 129.2585], [0.0152, 0.3762, 122.50800000000001], [0.0635, 0.4028, 115.1271], [0.1126, 0.4219, 111.1676]], "name": "plane_boomWhisp_1_3", "outputs": [[-0.2274, 0.5627, 390.909], [-0.196, 0.5103, 387.05], [-0.1717, 0.4536, 379.487], [-0.1547, 0.3933, 372.129], [-0.1452, 0.3306, 364.957], [-0.1436, 0.2664, 357.945], [-0.1499, 0.202, 351.058], [-0.1637, 0.1382, 344.257], [-0.1852, 0.0765, 337.5], [-0.2138, 0.0177, 330.743], [-0.2489, -0.0372, 323.942], [-0.2901, -0.0872, 317.055], [-0.3366, -0.1314, 310.043], [-0.3876, -0.1691, 302.871], [-0.4423, -0.1997, 295.51300000000003], [-0.4997, -0.2227, 287.95], [-0.5588, -0.2375, 284.091]], "outline": [[-0.2949, 0.1628], [-0.3124, 0.1293], [-0.3238, 0.093], [-0.3287, 0.0557], [-0.3268, 0.0187], [-0.3183, -0.0164], [-0.3036, -0.0486], [-0.283, -0.0766], [-0.2576, -0.099], [-0.228, -0.1154], [-0.1956, -0.1247], [-0.1617, -0.1269], [-0.1274, -0.1216], [-0.0942, -0.1094], [-0.0716, -0.0956], [-0.0763, -0.0917], [-0.0915, -0.0731], [-0.103, -0.0518], [-0.11, -0.0287], [-0.1123, -0.0048], [-0.1099, 0.0194], [-0.1029, 0.0424], [-0.0916, 0.0637], [-0.0763, 0.0823], [-0.0575, 0.0977], [-0.0363, 0.109], [-0.0133, 0.116], [0.0108, 0.1184], [0.0167, 0.1178], [0.0105, 0.1435], [-0.0042, 0.1757], [-0.0248, 0.2037], [-0.0503, 0.2261], [-0.0799, 0.2423], [-0.1123, 0.2518], [-0.1461, 0.2539], [-0.1804, 0.2487], [-0.2137, 0.2364], [-0.2445, 0.2175], [-0.272, 0.1927]], "flags": {"1": {"outline": [[-0.1868, 0.0563], [-0.1825, 0.0668], [-0.1929, 0.071], [-0.1973, 0.0606]]}, "0": {"outline": [[-0.1828, 0.091], [-0.1862, 0.0828], [-0.1779, 0.0793], [-0.1745, 0.0876]]}, "3": {"outline": [[-0.2026, 0.0994], [-0.2054, 0.0925], [-0.198, 0.0891], [-0.1948, 0.0966]]}, "2": {"outline": [[-0.2082, 0.0659], [-0.205, 0.0736], [-0.2128, 0.0768], [-0.2159, 0.0692]]}}, "icon": [[-0.1691, 0.05219999999999998], [-0.1441, 0.0772]]}