{"inputs": [[0.5954, 0.0169, 361.332], [0.5969, -0.0355, 357.373], [0.5906, -0.0904, 349.992], [0.577, -0.1467, 343.242], [0.5566, -0.2031, 337.006], [0.5296, -0.2588, 331.169], [0.496, -0.313, 325.623], [0.457, -0.3647, 320.2654], [0.4129, -0.4128, 315.0], [0.3647, -0.4567, 309.7347], [0.313, -0.4961, 304.3768], [0.2587, -0.5293, 298.83050000000003], [0.2031, -0.5566, 292.9941], [0.1467, -0.577, 286.7585], [0.0906, -0.5904, 280.00800000000004], [0.0357, -0.5967, 272.6271], [-0.0169, -0.5952, 268.6676]], "name": "plane_boomWhisp_11_10", "outputs": [[0.2518, -0.8641, 548.409], [0.2429, -0.8038, 544.55], [0.242, -0.742, 536.9870000000001], [0.2494, -0.6797, 529.629], [0.2648, -0.6181, 522.457], [0.2877, -0.5583, 515.4449999999999], [0.3182, -0.5012, 508.558], [0.3555, -0.4476, 501.757], [0.399, -0.3987, 495.0], [0.4476, -0.3555, 488.243], [0.5014, -0.318, 481.442], [0.5583, -0.2878, 474.555], [0.6182, -0.2647, 467.543], [0.6799, -0.2494, 460.371], [0.7421, -0.2419, 453.01300000000003], [0.8039, -0.2428, 445.45], [0.8641, -0.2516, 441.591]], "outline": [[0.4143, -0.4833], [0.4521, -0.452], [0.483, -0.4145], [0.5061, -0.3713], [0.5205, -0.3247], [0.5253, -0.2759], [0.5206, -0.2273], [0.5067, -0.1807], [0.4834, -0.1376], [0.4526, -0.0999], [0.417, -0.0709], [0.4396, -0.1131], [0.4538, -0.16], [0.4587, -0.2087], [0.4538, -0.2577], [0.4396, -0.3042], [0.4167, -0.3476], [0.3854, -0.3855], [0.3476, -0.4165], [0.3044, -0.4395], [0.2577, -0.4538], [0.2089, -0.4585], [0.1602, -0.4538], [0.1134, -0.4395], [0.0711, -0.4169], [0.1, -0.4525], [0.1377, -0.4834], [0.181, -0.5065], [0.2274, -0.5205], [0.2762, -0.5251], [0.3246, -0.5204], [0.3716, -0.5061]], "flags": {"1": {"outline": [[0.4071, -0.3797], [0.399, -0.3876], [0.4072, -0.3957], [0.4152, -0.3879]]}, "0": {"outline": [[0.3902, -0.4104], [0.3963, -0.404], [0.3901, -0.3975], [0.3836, -0.404]]}, "3": {"outline": [[0.4051, -0.4256], [0.4104, -0.4205], [0.4048, -0.4144], [0.3992, -0.4199]]}, "2": {"outline": [[0.4231, -0.3969], [0.4173, -0.4029], [0.4231, -0.4086], [0.429, -0.4027]]}}, "icon": [[0.38880000000000003, -0.41369999999999996], [0.41379999999999995, -0.38870000000000005]]}