{"inputs": [[0.4332, -0.3273, 316.332], [0.3969, -0.3654, 312.373], [0.3536, -0.3997, 304.992], [0.3046, -0.4299, 298.242], [0.2502, -0.4553, 292.006], [0.1915, -0.4755, 286.169], [0.1296, -0.4904, 280.623], [0.0654, -0.4994, 275.2653], [0.0001, -0.5023, 270.0], [-0.065, -0.4991, 264.7347], [-0.1293, -0.4903, 259.3768], [-0.1912, -0.4756, 253.8305], [-0.2498, -0.4552, 247.9941], [-0.3044, -0.4299, 241.7585], [-0.3532, -0.3998, 235.008], [-0.3965, -0.3654, 227.62709999999998], [-0.4327, -0.3271, 223.6676]], "name": "plane_boomWhisp_8_8", "outputs": [[-0.4328, -0.7045, 503.409], [-0.3964, -0.6555, 499.55], [-0.3534, -0.6113, 491.987], [-0.3041, -0.5726, 484.629], [-0.2499, -0.5396, 477.457], [-0.1911, -0.5139, 470.445], [-0.1291, -0.4948, 463.558], [-0.065, -0.4834, 456.757], [0.0002, -0.4796, 450.0], [0.0654, -0.4834, 443.243], [0.1298, -0.4948, 436.442], [0.1915, -0.5139, 429.555], [0.2503, -0.5398, 422.543], [0.3046, -0.5725, 415.371], [0.3537, -0.6112, 408.01300000000003], [0.3968, -0.6556, 400.45], [0.4332, -0.7046, 396.591]], "outline": [[-0.0478, -0.6226], [0.0003, -0.6273], [0.0484, -0.6226], [0.0946, -0.6085], [0.1372, -0.586], [0.1747, -0.5557], [0.2051, -0.5186], [0.2279, -0.4763], [0.2421, -0.4304], [0.247, -0.3826], [0.2421, -0.3348], [0.228, -0.2891], [0.2155, -0.2659], [0.2143, -0.2818], [0.2016, -0.3226], [0.1815, -0.3603], [0.1545, -0.3935], [0.1214, -0.4206], [0.0837, -0.4408], [0.0427, -0.4532], [0.0004, -0.4573], [-0.0423, -0.4532], [-0.0832, -0.4406], [-0.1211, -0.4206], [-0.154, -0.3934], [-0.1812, -0.3603], [-0.2012, -0.3226], [-0.2136, -0.2817], [-0.2154, -0.2659], [-0.2276, -0.289], [-0.2416, -0.3349], [-0.2465, -0.3826], [-0.2418, -0.4303], [-0.2276, -0.4763], [-0.2048, -0.5186], [-0.1742, -0.5556], [-0.1368, -0.586], [-0.0942, -0.6086]], "flags": {"1": {"outline": [[0.0194, -0.472], [0.0083, -0.4722], [0.0081, -0.4834], [0.0195, -0.4836]]}, "0": {"outline": [[-0.0142, -0.4817], [-0.0051, -0.4817], [-0.0051, -0.4726], [-0.0142, -0.4726]]}, "3": {"outline": [[-0.0143, -0.5032], [-0.0069, -0.5033], [-0.0066, -0.4951], [-0.0146, -0.495]]}, "2": {"outline": [[0.0186, -0.4956], [0.0105, -0.4955], [0.0105, -0.5039], [0.0188, -0.5039]]}}, "icon": [[-0.01230000000000001, -0.4874], [0.012700000000000012, -0.4624]]}