{"inputs": [[0.6097, 0.0027, 361.332], [0.611, -0.0501, 357.373], [0.6049, -0.1049, 349.992], [0.5913, -0.1609, 343.242], [0.571, -0.2175, 337.006], [0.5439, -0.2733, 331.169], [0.5104, -0.3275, 325.623], [0.4715, -0.3791, 320.2654], [0.4273, -0.4274, 315.0], [0.3792, -0.4714, 309.7347], [0.3274, -0.5105, 304.3768], [0.2732, -0.5438, 298.83050000000003], [0.2174, -0.571, 292.9941], [0.1611, -0.5913, 286.7585], [0.105, -0.6048, 280.00800000000004], [0.0502, -0.611, 272.6271], [-0.0025, -0.6098, 268.6676]], "name": "plane_boomWhisp_12_10", "outputs": [[0.2667, -0.8789, 548.409], [0.2578, -0.8187, 544.55], [0.2569, -0.7568, 536.9870000000001], [0.2644, -0.6946, 529.629], [0.2795, -0.6332, 522.457], [0.3027, -0.5733, 515.4449999999999], [0.3332, -0.5162, 508.558], [0.3704, -0.4627, 501.757], [0.4137, -0.4137, 495.0], [0.4624, -0.3702, 488.243], [0.5164, -0.333, 481.442], [0.5733, -0.3026, 474.555], [0.6331, -0.2795, 467.543], [0.6949, -0.2643, 460.371], [0.7569, -0.2568, 453.01300000000003], [0.8187, -0.2576, 445.45], [0.8792, -0.2667, 441.591]], "outline": [[0.4154, -0.4843], [0.4534, -0.4533], [0.4843, -0.4155], [0.5073, -0.3725], [0.5215, -0.3255], [0.5263, -0.2769], [0.5219, -0.2282], [0.5075, -0.1812], [0.4846, -0.1383], [0.4536, -0.1005], [0.4447, -0.0935], [0.4588, -0.1195], [0.4735, -0.1682], [0.4785, -0.219], [0.4736, -0.2693], [0.4586, -0.3182], [0.4347, -0.363], [0.4025, -0.4021], [0.3632, -0.4346], [0.3183, -0.4584], [0.2697, -0.4733], [0.2191, -0.4782], [0.1684, -0.4733], [0.1195, -0.4586], [0.0933, -0.4447], [0.1006, -0.4532], [0.1383, -0.4846], [0.1814, -0.5073], [0.2282, -0.5215], [0.277, -0.5263], [0.3256, -0.5214], [0.3724, -0.5075]], "flags": {"1": {"outline": [[0.4219, -0.3945], [0.4139, -0.4027], [0.422, -0.4107], [0.4298, -0.4026]]}, "0": {"outline": [[0.405, -0.4252], [0.4114, -0.4188], [0.4049, -0.4124], [0.3985, -0.4188]]}, "3": {"outline": [[0.4202, -0.4405], [0.4252, -0.4353], [0.4198, -0.4291], [0.4141, -0.4349]]}, "2": {"outline": [[0.438, -0.4116], [0.4323, -0.4177], [0.438, -0.4234], [0.4439, -0.4175]]}}, "icon": [[0.40509999999999996, -0.42990000000000006], [0.4301000000000001, -0.4048999999999999]]}