{"inputs": [[-0.2653, 0.3469, 451.332], [-0.2128, 0.3479, 447.373], [-0.1578, 0.3419, 439.992], [-0.1018, 0.3284, 433.242], [-0.0454, 0.308, 427.006], [0.0105, 0.2809, 421.169], [0.0645, 0.2477, 415.623], [0.1161, 0.2084, 410.2653], [0.1643, 0.1645, 405.0], [0.2086, 0.116, 399.7347], [0.2477, 0.0645, 394.3768], [0.2809, 0.0102, 388.83050000000003], [0.308, -0.0456, 382.9941], [0.3286, -0.102, 376.7585], [0.3422, -0.1581, 370.00800000000004], [0.3482, -0.2129, 362.6271], [0.3471, -0.2656, 358.6676]], "name": "plane_boomWhisp_1_14", "outputs": [[0.6071, -0.0054, 638.409], [0.5468, -0.0143, 634.55], [0.4852, -0.015, 626.9870000000001], [0.4229, -0.0078, 619.629], [0.3612, 0.0074, 612.457], [0.3014, 0.0307, 605.4449999999999], [0.2441, 0.0611, 598.558], [0.1908, 0.0982, 591.7570000000001], [0.142, 0.1416, 585.0], [0.0984, 0.1905, 578.2429999999999], [0.0611, 0.2443, 571.442], [0.0307, 0.3014, 564.5550000000001], [0.0075, 0.3614, 557.543], [-0.0076, 0.4227, 550.371], [-0.0148, 0.485, 543.013], [-0.0141, 0.5467, 535.45], [-0.0054, 0.6071, 531.591]], "outline": [[0.2635, 0.2101], [0.2392, 0.2391], [0.2101, 0.2633], [0.1774, 0.2821], [0.1427, 0.2946], [0.1069, 0.3002], [0.0716, 0.2988], [0.0378, 0.2908], [0.0075, 0.2756], [-0.0191, 0.2548], [-0.0402, 0.2284], [-0.055, 0.198], [-0.0632, 0.164], [-0.0649, 0.1287], [-0.0607, 0.1028], [-0.0553, 0.1054], [-0.0322, 0.1123], [-0.0081, 0.115], [0.016, 0.1126], [0.0389, 0.1056], [0.0603, 0.0939], [0.0788, 0.0786], [0.0941, 0.0603], [0.1055, 0.0388], [0.1127, 0.0157], [0.1149, -0.0083], [0.1124, -0.0322], [0.1055, -0.0553], [0.1028, -0.0607], [0.1287, -0.0648], [0.1644, -0.0637], [0.198, -0.0551], [0.2283, -0.0401], [0.2548, -0.019], [0.276, 0.0071], [0.2907, 0.0378], [0.2991, 0.0713], [0.3004, 0.1069], [0.2948, 0.1424], [0.2825, 0.1775]], "flags": {"1": {"outline": [[0.1237, 0.1508], [0.1317, 0.143], [0.1396, 0.151], [0.1316, 0.1589]]}, "0": {"outline": [[0.1543, 0.1339], [0.1481, 0.1402], [0.1415, 0.134], [0.1481, 0.1276]]}, "3": {"outline": [[0.1697, 0.1491], [0.1643, 0.1543], [0.1583, 0.1487], [0.1642, 0.1429]]}, "2": {"outline": [[0.1409, 0.167], [0.1468, 0.161], [0.1525, 0.1669], [0.1468, 0.1727]]}}, "icon": [[0.10760000000000002, 0.10720000000000002], [0.1326, 0.13219999999999998]]}