{"inputs": [[0.2572, 0.5752, 428.832], [0.3063, 0.5564, 424.873], [0.3546, 0.5296, 417.492], [0.4013, 0.4957, 410.742], [0.4456, 0.4551, 404.506], [0.4869, 0.4087, 398.669], [0.5241, 0.3571, 393.123], [0.5569, 0.3014, 387.7653], [0.5846, 0.2419, 382.5], [0.6068, 0.1805, 377.2347], [0.6231, 0.1178, 371.8768], [0.6333, 0.0552, 366.33050000000003], [0.6368, -0.0068, 360.4942], [0.6344, -0.0669, 354.2585], [0.6252, -0.1237, 347.50800000000004], [0.6098, -0.1768, 340.1271], [0.5885, -0.225, 336.1676]], "name": "plane_boomWhisp_14_13", "outputs": [[0.9414, -0.079, 615.909], [0.8821, -0.0641, 612.05], [0.825, -0.041, 604.4870000000001], [0.7703, -0.0105, 597.129], [0.7192, 0.0273, 589.957], [0.6726, 0.0714, 582.9449999999999], [0.6313, 0.1214, 576.058], [0.5963, 0.1764, 569.2570000000001], [0.568, 0.2349, 562.5], [0.5463, 0.2968, 555.7429999999999], [0.5324, 0.3607, 548.942], [0.5262, 0.425, 542.0550000000001], [0.5278, 0.4893, 535.043], [0.537, 0.5519, 527.871], [0.5544, 0.6123, 520.513], [0.5785, 0.669, 512.95], [0.61, 0.7213, 509.091]], "outline": [[0.6076, 0.199], [0.5932, 0.2458], [0.5702, 0.2889], [0.5394, 0.3267], [0.5013, 0.3578], [0.4582, 0.3808], [0.4113, 0.3954], [0.3624, 0.4], [0.3531, 0.3991], [0.3595, 0.3984], [0.4115, 0.3825], [0.4595, 0.3572], [0.5014, 0.3224], [0.536, 0.2803], [0.5615, 0.2325], [0.5775, 0.1806], [0.5828, 0.1265], [0.5774, 0.0722], [0.5615, 0.0202], [0.536, -0.0276], [0.5319, -0.0327], [0.5394, -0.0265], [0.5703, 0.0114], [0.5935, 0.0543], [0.6076, 0.1013], [0.6125, 0.1502]], "flags": {"1": {"outline": [[0.553, 0.2499], [0.5576, 0.2397], [0.5679, 0.2437], [0.5636, 0.2544]]}, "0": {"outline": [[0.575, 0.2226], [0.5714, 0.2307], [0.5628, 0.2272], [0.5664, 0.219]]}, "3": {"outline": [[0.5948, 0.2308], [0.592, 0.2375], [0.5841, 0.2348], [0.5873, 0.2273]]}, "2": {"outline": [[0.5751, 0.2583], [0.5783, 0.2505], [0.5859, 0.2539], [0.5828, 0.2614]]}}, "icon": [[0.563, 0.22569999999999993], [0.5880000000000001, 0.25070000000000003]]}