{"inputs": [[0.5436, 0.2434, 383.832], [0.565, 0.1956, 379.873], [0.5802, 0.1424, 372.492], [0.5892, 0.0852, 365.742], [0.5919, 0.0253, 359.506], [0.5883, -0.0365, 353.669], [0.578, -0.0994, 348.123], [0.5617, -0.1621, 342.7654], [0.5394, -0.2234, 337.5], [0.5117, -0.2824, 332.2347], [0.479, -0.3386, 326.8768], [0.4415, -0.3901, 321.33050000000003], [0.4006, -0.4366, 315.4941], [0.3563, -0.477, 309.2585], [0.3096, -0.5108, 302.50800000000004], [0.2613, -0.5377, 295.1271], [0.2121, -0.5564, 291.1676]], "name": "plane_boomWhisp_11_11", "outputs": [[0.5633, -0.702, 570.909], [0.532, -0.6497, 567.05], [0.5075, -0.593, 559.4870000000001], [0.4905, -0.5326, 552.129], [0.4811, -0.4698, 544.957], [0.4794, -0.4058, 537.9449999999999], [0.4857, -0.3413, 531.058], [0.4997, -0.2775, 524.2570000000001], [0.5212, -0.2157, 517.5], [0.5495, -0.1572, 510.743], [0.5849, -0.102, 503.942], [0.6259, -0.0523, 497.055], [0.6724, -0.008, 490.043], [0.7235, 0.0297, 482.871], [0.7781, 0.0605, 475.51300000000003], [0.8356, 0.0833, 467.95], [0.8946, 0.0982, 464.091]], "outline": [[0.5677, -0.288], [0.5906, -0.2446], [0.6048, -0.1982], [0.6096, -0.1494], [0.6051, -0.1008], [0.5908, -0.0539], [0.5679, -0.0108], [0.5372, 0.0269], [0.4992, 0.0578], [0.4563, 0.0809], [0.4123, 0.094], [0.4494, 0.0637], [0.4804, 0.0258], [0.5036, -0.0173], [0.5178, -0.0645], [0.5225, -0.1129], [0.518, -0.1617], [0.5035, -0.2087], [0.4805, -0.2518], [0.4494, -0.2896], [0.4117, -0.3207], [0.3684, -0.3437], [0.3216, -0.358], [0.2729, -0.3627], [0.2252, -0.358], [0.2655, -0.3798], [0.3122, -0.394], [0.361, -0.3987], [0.4092, -0.3939], [0.4561, -0.3795], [0.499, -0.3566], [0.5369, -0.3254]], "flags": {"1": {"outline": [[0.5214, -0.1951], [0.5169, -0.2055], [0.5276, -0.2098], [0.532, -0.1995]]}, "0": {"outline": [[0.5175, -0.2299], [0.5207, -0.2216], [0.5125, -0.218], [0.509, -0.2265]]}, "3": {"outline": [[0.5371, -0.2382], [0.54, -0.2315], [0.5325, -0.228], [0.5295, -0.2352]]}, "2": {"outline": [[0.5427, -0.2048], [0.5397, -0.2126], [0.5472, -0.2156], [0.5504, -0.2079]]}}, "icon": [[0.5117, -0.22959999999999994], [0.5367, -0.20460000000000003]]}