{"inputs": [[0.5776, 0.2294, 383.832], [0.5988, 0.1812, 379.873], [0.6141, 0.1282, 372.492], [0.6232, 0.0712, 365.742], [0.6258, 0.0114, 359.506], [0.6222, -0.0505, 353.669], [0.6121, -0.1133, 348.123], [0.5957, -0.1762, 342.7654], [0.5736, -0.2375, 337.5], [0.5457, -0.2969, 332.2347], [0.5131, -0.3525, 326.8768], [0.4756, -0.404, 321.33050000000003], [0.4346, -0.4505, 315.4941], [0.3902, -0.4911, 309.2585], [0.3435, -0.5249, 302.50800000000004], [0.2952, -0.5516, 295.1271], [0.2462, -0.5705, 291.1676]], "name": "plane_boomWhisp_13_11", "outputs": [[0.5984, -0.7165, 570.909], [0.5671, -0.6644, 567.05], [0.5427, -0.6074, 559.4870000000001], [0.5257, -0.5471, 552.129], [0.5162, -0.4846, 544.957], [0.5145, -0.4203, 537.9449999999999], [0.5209, -0.3558, 531.058], [0.5349, -0.2923, 524.2570000000001], [0.5562, -0.2304, 517.5], [0.5849, -0.1717, 510.743], [0.6199, -0.1166, 503.942], [0.6611, -0.0668, 497.055], [0.7077, -0.0224, 490.043], [0.7588, 0.0152, 482.871], [0.8134, 0.0458, 475.51300000000003], [0.8707, 0.0686, 467.95], [0.9299, 0.0836, 464.091]], "outline": [[0.5698, -0.2888], [0.5932, -0.2456], [0.6072, -0.1988], [0.6122, -0.1501], [0.6072, -0.1014], [0.5929, -0.0545], [0.57, -0.0112], [0.5389, 0.0265], [0.5012, 0.0575], [0.4896, 0.0637], [0.5203, 0.0262], [0.5454, -0.0202], [0.5606, -0.0706], [0.5659, -0.123], [0.5606, -0.1754], [0.5453, -0.2261], [0.5205, -0.2724], [0.4871, -0.3132], [0.4462, -0.3463], [0.3998, -0.3714], [0.3493, -0.3868], [0.3012, -0.3913], [0.3135, -0.3951], [0.3622, -0.3998], [0.4109, -0.3951], [0.4578, -0.3807], [0.501, -0.3577], [0.539, -0.3267]], "flags": {"1": {"outline": [[0.5564, -0.2096], [0.5522, -0.2202], [0.5624, -0.2244], [0.5668, -0.214]]}, "0": {"outline": [[0.5524, -0.2446], [0.5556, -0.2363], [0.5475, -0.2325], [0.5439, -0.2409]]}, "3": {"outline": [[0.5724, -0.2527], [0.575, -0.2458], [0.5675, -0.2424], [0.5645, -0.2497]]}, "2": {"outline": [[0.5779, -0.2194], [0.5748, -0.2271], [0.5824, -0.2302], [0.5855, -0.2225]]}}, "icon": [[0.5501, -0.24569999999999995], [0.5751, -0.22070000000000004]]}