{"inputs": [[0.4333, -0.4653, 316.332], [0.3967, -0.5035, 312.373], [0.3538, -0.5378, 304.992], [0.3045, -0.5679, 298.242], [0.2502, -0.5936, 292.006], [0.1916, -0.6137, 286.169], [0.1295, -0.6285, 280.623], [0.0654, -0.6375, 275.2654], [0.0001, -0.6404, 270.0], [-0.0651, -0.6375, 264.7347], [-0.1291, -0.6284, 259.3768], [-0.1912, -0.6137, 253.8305], [-0.2496, -0.5935, 247.9941], [-0.3041, -0.5681, 241.7585], [-0.3534, -0.5378, 235.008], [-0.3966, -0.5035, 227.62709999999998], [-0.4328, -0.4655, 223.6676]], "name": "plane_boomWhisp_15_8", "outputs": [[-0.4329, -0.8474, 503.409], [-0.3964, -0.7983, 499.55], [-0.3533, -0.754, 491.987], [-0.3041, -0.7155, 484.629], [-0.2497, -0.6827, 477.457], [-0.1911, -0.6567, 470.445], [-0.1292, -0.6377, 463.558], [-0.065, -0.6261, 456.757], [0.0002, -0.6225, 450.0], [0.0655, -0.6263, 443.243], [0.1295, -0.6377, 436.442], [0.1915, -0.6567, 429.555], [0.2502, -0.6826, 422.543], [0.3045, -0.7155, 415.371], [0.3537, -0.7543, 408.01300000000003], [0.3969, -0.7985, 400.45], [0.4333, -0.8473, 396.591]], "outline": [[-0.0486, -0.6377], [0.0001, -0.6425], [0.0489, -0.6377], [0.096, -0.6237], [0.139, -0.6003], [0.177, -0.5693], [0.2082, -0.5314], [0.2097, -0.5286], [0.2015, -0.5383], [0.1583, -0.5738], [0.1093, -0.6001], [0.0557, -0.6161], [0.0003, -0.6217], [-0.0552, -0.6163], [-0.1089, -0.6002], [-0.1579, -0.5737], [-0.2011, -0.5383], [-0.2093, -0.5286], [-0.2077, -0.5315], [-0.1767, -0.5693], [-0.1387, -0.6004], [-0.0954, -0.6236]], "flags": {"1": {"outline": [[0.0195, -0.6144], [0.0081, -0.6144], [0.0081, -0.6258], [0.0194, -0.6259]]}, "0": {"outline": [[-0.0143, -0.624], [-0.0051, -0.6241], [-0.0053, -0.615], [-0.0141, -0.615]]}, "3": {"outline": [[-0.0141, -0.6456], [-0.0068, -0.6456], [-0.0065, -0.6373], [-0.0146, -0.6373]]}, "2": {"outline": [[0.0188, -0.638], [0.0105, -0.638], [0.0105, -0.6463], [0.0187, -0.6464]]}}, "icon": [[-0.012399999999999956, -0.6437], [0.012599999999999955, -0.6186999999999999]]}