{"inputs": [[-0.2211, -0.4333, 226.332], [-0.2592, -0.3968, 222.373], [-0.2937, -0.3537, 214.99200000000002], [-0.3238, -0.3046, 208.24200000000002], [-0.3493, -0.2503, 202.006], [-0.3695, -0.1915, 196.16899999999998], [-0.3842, -0.1295, 190.623], [-0.3931, -0.0656, 185.2653], [-0.3961, -0.0002, 180.0], [-0.3932, 0.065, 174.7347], [-0.3841, 0.1292, 169.3768], [-0.3695, 0.191, 163.8305], [-0.3492, 0.2497, 157.9941], [-0.3238, 0.3042, 151.7585], [-0.2936, 0.3533, 145.008], [-0.2592, 0.3965, 137.62709999999998], [-0.2211, 0.4328, 133.6677]], "name": "plane_boomWhisp_5_4", "outputs": [[-0.5948, 0.4328, 413.409], [-0.5458, 0.3965, 409.55], [-0.5016, 0.3533, 401.987], [-0.4628, 0.3041, 394.629], [-0.43, 0.2497, 387.457], [-0.404, 0.191, 380.445], [-0.3851, 0.1292, 373.558], [-0.3735, 0.065, 366.757], [-0.3697, -0.0002, 360.0], [-0.3736, -0.0655, 353.243], [-0.3851, -0.1298, 346.442], [-0.404, -0.1916, 339.555], [-0.43, -0.2503, 332.543], [-0.4626, -0.3046, 325.371], [-0.5016, -0.3538, 318.01300000000003], [-0.5458, -0.3969, 310.45], [-0.5947, -0.4333, 306.591]], "outline": [[-0.5814, 0.0465], [-0.5859, -0.0002], [-0.5814, -0.0469], [-0.5682, -0.0918], [-0.5468, -0.1331], [-0.5179, -0.1693], [-0.4828, -0.1991], [-0.4427, -0.2212], [-0.3993, -0.2347], [-0.354, -0.2393], [-0.3088, -0.2348], [-0.2654, -0.221], [-0.2253, -0.199], [-0.2003, -0.1779], [-0.2303, -0.1687], [-0.2619, -0.1519], [-0.2895, -0.1293], [-0.3121, -0.1016], [-0.329, -0.07], [-0.3394, -0.0358], [-0.343, -0.0003], [-0.3393, 0.0354], [-0.329, 0.0695], [-0.3122, 0.101], [-0.2895, 0.1287], [-0.262, 0.1515], [-0.2304, 0.1682], [-0.2003, 0.1773], [-0.2253, 0.1986], [-0.2654, 0.2206], [-0.3088, 0.2343], [-0.3541, 0.2387], [-0.3993, 0.2342], [-0.4427, 0.2207], [-0.4829, 0.1985], [-0.518, 0.1687], [-0.5468, 0.1325], [-0.5682, 0.0913]], "flags": {"1": {"outline": [[-0.3628, -0.0196], [-0.3628, -0.0082], [-0.3742, -0.0083], [-0.3742, -0.0195]]}, "0": {"outline": [[-0.3724, 0.0141], [-0.3725, 0.0051], [-0.3633, 0.0052], [-0.3633, 0.0141]]}, "3": {"outline": [[-0.394, 0.0142], [-0.3938, 0.0068], [-0.3857, 0.0065], [-0.3857, 0.0145]]}, "2": {"outline": [[-0.3863, -0.0188], [-0.3863, -0.0104], [-0.3946, -0.0104], [-0.3946, -0.0188]]}}, "icon": [[-0.3673, -0.012700000000000012], [-0.3423, 0.01230000000000001]]}