{
"name": "plane_plane_7_0",
"flags": {
	"0": { "outline": [[-0.107878,0.278595],[0.108561,0.280359],[0.0480145,0.439989],[-0.0478804,0.43876]] },
	"1": { "outline": [[-0.0442493,0.0573865],[0.0443638,0.057535],[0.0443638,0.146602],[-0.0442493,0.146223]] },
	"2": { "outline": [[-0.0442493,-0.123855],[0.0443638,-0.124175],[0.0443638,-0.0351087],[-0.0442493,-0.0350181]] },
	"3": { "outline": [[-0.0256167,-0.930088],[0.025655,-0.93148],[0.0104398,-0.666729],[-0.0104335,-0.666323]] }
},
"outline": [[-0.137122,0.188084],[-0.377925,0.186758],[-0.383019,0.286099],[-0.432906,0.285678],[-0.437789,0.181224],[-0.674817,0.138364],[-0.674817,-0.138364],[-0.437789,-0.181224],[-0.432906,-0.285678],[-0.383019,-0.286099],[-0.377925,-0.186758],[-0.137122,-0.188084],[-0.106996,-0.387626],[-0.0782857,-0.618856],[-0.0782857,-0.674242],[-0.275473,-0.713156],[-0.275473,-0.849691],[-0.0782857,-0.897664],[-0.0444708,-0.953992],[0.0445865,-0.956473],[0.0786448,-0.901782],[0.279971,-0.863566],[0.279971,-0.724801],[0.0786448,-0.677335],[0.0786448,-0.621695],[0.107668,-0.39006],[0.138228,-0.1896],[0.386443,-0.190967],[0.391771,-0.292636],[0.44412,-0.293078],[0.449261,-0.185973],[0.702466,-0.144033],[0.702466,0.144033],[0.449261,0.185973],[0.44412,0.293078],[0.391771,0.292636],[0.386443,0.190967],[0.138228,0.1896],[0.106065,0.394397],[0.0316371,0.490393],[-0.0327506,0.489473],[-0.106205,0.391963]],
"inputs": [[-0.426006,0.328733,136.332],[-0.390665,0.366709,132.373],[-0.348627,0.401235,124.992],[-0.300565,0.431725,118.242],[-0.247253,0.457654,112.006],[-0.18956,0.478566,106.169],[-0.128434,0.494085,100.623],[-0.0648917,0.503919,95.2654],[2.17725e-08,0.507869,90],[0.0651383,0.505833,84.7347],[0.129404,0.497814,79.3768],[0.191679,0.483916,73.8305],[0.250871,0.46435,67.9941],[0.305928,0.439428,61.7585],[0.355863,0.409563,55.008],[0.399774,0.37526,47.6271],[0.436861,0.337109,43.6676]],
"outputs": [[0.436861,-0.941567,278.512],[0.399774,-0.946063,277.425],[0.355863,-0.949833,275.711],[0.305928,-0.952815,274.388],[0.250871,-0.954959,273.304],[0.191679,-0.956231,272.372],[0.129404,-0.956615,271.535],[0.0651381,-0.956107,270.754],[5.93975e-09,-0.954722,270],[-0.0648918,-0.952488,269.246],[-0.128434,-0.949449,268.465],[-0.18956,-0.945659,267.628],[-0.247253,-0.941187,266.696],[-0.300565,-0.936112,265.612],[-0.348627,-0.930519,264.289],[-0.390665,-0.924506,262.575],[-0.426006,-0.918171,261.488]],
"icon": [[-0.124074,-0.124548],[0.124978,0.125456]]
}