{"inputs": [[0.3461, -0.2966, 293.832], [0.2979, -0.3179, 289.873], [0.2449, -0.3333, 282.492], [0.1879, -0.3424, 275.742], [0.128, -0.3451, 269.506], [0.066, -0.3413, 263.669], [0.0031, -0.331, 258.123], [-0.0594, -0.3147, 252.7653], [-0.121, -0.2927, 247.5], [-0.1801, -0.265, 242.2347], [-0.236, -0.2322, 236.8768], [-0.2876, -0.1948, 231.3305], [-0.334, -0.1537, 225.4941], [-0.3745, -0.1094, 219.2585], [-0.4085, -0.0627, 212.508], [-0.435, -0.0144, 205.12709999999998], [-0.4541, 0.0347, 201.1676]], "name": "plane_boomWhisp_3_7", "outputs": [[-0.596, -0.3079, 480.909], [-0.5436, -0.2765, 477.05], [-0.4868, -0.2521, 469.487], [-0.4264, -0.2351, 462.129], [-0.3639, -0.2258, 454.957], [-0.2997, -0.2242, 447.945], [-0.2351, -0.2303, 441.058], [-0.1716, -0.2443, 434.257], [-0.1097, -0.2657, 427.5], [-0.0511, -0.2942, 420.743], [0.0039, -0.3293, 413.942], [0.054, -0.3706, 407.055], [0.0981, -0.417, 400.043], [0.1359, -0.4681, 392.871], [0.1664, -0.5229, 385.51300000000003], [0.1894, -0.5801, 377.95], [0.2041, -0.6393, 374.091]], "outline": [[-0.2347, -0.4517], [-0.1954, -0.4723], [-0.1529, -0.4854], [-0.1092, -0.4907], [-0.0656, -0.4878], [-0.0239, -0.4769], [0.0142, -0.4585], [0.0474, -0.4331], [0.0744, -0.4016], [0.0939, -0.3656], [0.1056, -0.3262], [0.1087, -0.2849], [0.1032, -0.2436], [0.0894, -0.2034], [0.0801, -0.1878], [0.0757, -0.1934], [0.0523, -0.2127], [0.0253, -0.2268], [-0.0039, -0.2359], [-0.0342, -0.2388], [-0.0645, -0.2359], [-0.0939, -0.2269], [-0.1205, -0.2126], [-0.1441, -0.1932], [-0.1636, -0.1696], [-0.1778, -0.1429], [-0.1868, -0.1137], [-0.1898, -0.0833], [-0.1888, -0.0763], [-0.2066, -0.0807], [-0.2447, -0.0992], [-0.2778, -0.1249], [-0.3049, -0.1563], [-0.3245, -0.1921], [-0.3362, -0.2317], [-0.3393, -0.2728], [-0.3337, -0.3143], [-0.3198, -0.3544], [-0.2981, -0.3915], [-0.2692, -0.4245]], "flags": {"1": {"outline": [[-0.0895, -0.2671], [-0.0999, -0.2626], [-0.1043, -0.273], [-0.0937, -0.2774]]}, "0": {"outline": [[-0.1244, -0.2629], [-0.1159, -0.2665], [-0.1126, -0.258], [-0.1206, -0.2546]]}, "3": {"outline": [[-0.1324, -0.2828], [-0.1258, -0.2856], [-0.1223, -0.2783], [-0.1296, -0.2752]]}, "2": {"outline": [[-0.0991, -0.2885], [-0.1068, -0.2853], [-0.1099, -0.2929], [-0.1022, -0.2961]]}}, "icon": [[-0.11350000000000002, -0.25710000000000005], [-0.08849999999999997, -0.23209999999999997]]}