{"inputs": [[-0.4697, 0.0024, 158.832], [-0.4507, 0.0514, 154.873], [-0.4241, 0.0997, 147.49200000000002], [-0.3902, 0.1464, 140.74200000000002], [-0.3497, 0.1907, 134.506], [-0.3032, 0.2319, 128.66899999999998], [-0.2516, 0.2692, 123.123], [-0.1958, 0.302, 117.7653], [-0.1367, 0.3297, 112.5], [-0.0752, 0.3519, 107.2347], [-0.0125, 0.3682, 101.8768], [0.0503, 0.3783, 96.3305], [0.1123, 0.3821, 90.4941], [0.1722, 0.3794, 84.2585], [0.2292, 0.3703, 77.50800000000001], [0.2822, 0.355, 70.1271], [0.3304, 0.3338, 66.1676]], "name": "plane_boomWhisp_4_1", "outputs": [[0.1879, 0.6777, 345.909], [0.1731, 0.6185, 342.05], [0.1502, 0.5612, 334.487], [0.1196, 0.5065, 327.129], [0.0819, 0.4555, 319.957], [0.0376, 0.409, 312.945], [-0.0123, 0.3678, 306.058], [-0.0672, 0.3326, 299.257], [-0.126, 0.3041, 292.5], [-0.1878, 0.2827, 285.743], [-0.2515, 0.2687, 278.942], [-0.3159, 0.2625, 272.055], [-0.3801, 0.2641, 265.043], [-0.4428, 0.2735, 257.871], [-0.5031, 0.2906, 250.513], [-0.5599, 0.3149, 242.95], [-0.6122, 0.3463, 239.091]], "outline": [[-0.169, 0.5273], [-0.2129, 0.5137], [-0.2534, 0.4923], [-0.2891, 0.4638], [-0.3186, 0.4293], [-0.3408, 0.3902], [-0.3548, 0.3479], [-0.36, 0.3041], [-0.3564, 0.2604], [-0.3439, 0.2185], [-0.3231, 0.1801], [-0.2949, 0.1467], [-0.2602, 0.1194], [-0.2204, 0.0994], [-0.2163, 0.0982], [-0.2182, 0.1178], [-0.215, 0.1509], [-0.2053, 0.1826], [-0.1897, 0.2119], [-0.1686, 0.2376], [-0.143, 0.2586], [-0.1137, 0.2743], [-0.0819, 0.2839], [-0.0489, 0.2872], [-0.0158, 0.2839], [0.0159, 0.2743], [0.0452, 0.2586], [0.0709, 0.2376], [0.0833, 0.2224], [0.0854, 0.226], [0.0994, 0.2683], [0.1047, 0.3122], [0.101, 0.3558], [0.0885, 0.3977], [0.0678, 0.4361], [0.0395, 0.4695], [0.0048, 0.4968], [-0.035, 0.5168], [-0.0784, 0.5288], [-0.1236, 0.5324]], "flags": {"1": {"outline": [[-0.1413, 0.2905], [-0.1308, 0.2948], [-0.1351, 0.3053], [-0.1456, 0.3009]]}, "0": {"outline": [[-0.1138, 0.3123], [-0.1221, 0.3088], [-0.1186, 0.3004], [-0.1104, 0.3038]]}, "3": {"outline": [[-0.122, 0.3321], [-0.1288, 0.3293], [-0.126, 0.3215], [-0.1185, 0.3246]]}, "2": {"outline": [[-0.1496, 0.3124], [-0.1419, 0.3156], [-0.1451, 0.3233], [-0.1527, 0.3201]]}}, "icon": [[-0.1313, 0.2742], [-0.1063, 0.2992]]}