{"inputs": [[-0.3873, 0.2252, 451.332], [-0.3347, 0.2261, 447.373], [-0.2798, 0.2199, 439.992], [-0.2237, 0.2067, 433.242], [-0.1674, 0.1863, 427.006], [-0.1115, 0.1589, 421.169], [-0.0574, 0.1258, 415.623], [-0.0055, 0.0867, 410.2653], [0.0426, 0.0424, 405.0], [0.0867, -0.0058, 399.7347], [0.1258, -0.0577, 394.3768], [0.159, -0.1117, 388.83050000000003], [0.1863, -0.1674, 382.9941], [0.2067, -0.2235, 376.7585], [0.22, -0.2799, 370.00800000000004], [0.2263, -0.3347, 362.6271], [0.225, -0.3872, 358.6676]], "name": "plane_bullet_14", "outputs": [[0.4802, -0.1322, 638.409], [0.42, -0.141, 634.55], [0.3581, -0.1419, 626.9870000000001], [0.2962, -0.1345, 619.629], [0.2344, -0.1191, 612.457], [0.1745, -0.0964, 605.4449999999999], [0.1172, -0.0659, 598.558], [0.064, -0.0285, 591.7570000000001], [0.0148, 0.0149, 585.0], [-0.0286, 0.0636, 578.2429999999999], [-0.0656, 0.1172, 571.442], [-0.0962, 0.1744, 564.5550000000001], [-0.1192, 0.2342, 557.543], [-0.1344, 0.2959, 550.371], [-0.142, 0.358, 543.013], [-0.1412, 0.4198, 535.45], [-0.1321, 0.4801, 531.591]], "outline": [[-0.3837, -0.375], [-0.3553, -0.364], [0.0614, 0.0143], [0.0611, 0.0612], [0.0141, 0.0614]], "flags": {"1": {"outline": [[-0.0536, -0.0422], [-0.0423, -0.0537], [-0.0313, -0.0423], [-0.0426, -0.0314]]}, "0": {"outline": [[-0.0468, -0.0567], [-0.0563, -0.0467], [-0.122, -0.118], [-0.118, -0.1223]]}, "3": {"outline": [[0.0546, 0.0491], [0.0492, 0.0543], [0.0159, 0.0463], [0.0465, 0.0159]]}, "2": {"outline": [[-0.0377, -0.0262], [-0.0259, -0.0376], [-0.0146, -0.0263], [-0.0262, -0.0143]]}}, "icon": [[-0.009314000000000001, -0.009314025], [0.012314, 0.012314025]]}