{"inputs": [[0.3782, -0.2192, 293.832], [0.33, -0.2403, 289.873], [0.277, -0.2557, 282.492], [0.22, -0.2648, 275.742], [0.1601, -0.2674, 269.506], [0.0981, -0.2637, 263.669], [0.0355, -0.2536, 258.123], [-0.0273, -0.2373, 252.7653], [-0.0886, -0.215, 247.5], [-0.148, -0.1873, 242.2347], [-0.2038, -0.1546, 236.8768], [-0.2554, -0.1172, 231.3305], [-0.3018, -0.076, 225.4941], [-0.3424, -0.0318, 219.2585], [-0.3763, 0.0149, 212.508], [-0.4028, 0.0632, 205.12709999999998], [-0.422, 0.1123, 201.1676]], "name": "plane_boomWhisp_1_7", "outputs": [[-0.5628, -0.2276, 480.909], [-0.5103, -0.1963, 477.05], [-0.4537, -0.172, 469.487], [-0.3934, -0.155, 462.129], [-0.3307, -0.1454, 454.957], [-0.2665, -0.1439, 447.945], [-0.202, -0.1502, 441.058], [-0.1384, -0.164, 434.257], [-0.0766, -0.1853, 427.5], [-0.0178, -0.2139, 420.743], [0.0372, -0.2493, 413.942], [0.0871, -0.2904, 407.055], [0.1315, -0.3369, 400.043], [0.169, -0.3878, 392.871], [0.1996, -0.4426, 385.51300000000003], [0.2226, -0.5, 377.95], [0.2375, -0.5591, 374.091]], "outline": [[-0.1628, -0.2951], [-0.1294, -0.3128], [-0.0931, -0.324], [-0.0556, -0.3289], [-0.0188, -0.327], [0.0164, -0.3185], [0.0485, -0.3038], [0.0766, -0.2833], [0.0989, -0.2579], [0.1154, -0.2283], [0.1247, -0.1958], [0.1269, -0.162], [0.1215, -0.1276], [0.1094, -0.0944], [0.0956, -0.0719], [0.0917, -0.0765], [0.073, -0.0918], [0.0518, -0.1033], [0.0286, -0.1103], [0.0048, -0.1127], [-0.0195, -0.1102], [-0.0424, -0.1031], [-0.0637, -0.0919], [-0.0824, -0.0765], [-0.0978, -0.0578], [-0.1091, -0.0366], [-0.116, -0.0136], [-0.1185, 0.0105], [-0.1179, 0.0164], [-0.1435, 0.0102], [-0.1758, -0.0044], [-0.2038, -0.0251], [-0.2261, -0.0505], [-0.2423, -0.0802], [-0.2519, -0.1126], [-0.2539, -0.1463], [-0.2488, -0.1807], [-0.2364, -0.2139], [-0.2176, -0.2447], [-0.1927, -0.2723]], "flags": {"1": {"outline": [[-0.0564, -0.187], [-0.0668, -0.1827], [-0.071, -0.1931], [-0.0606, -0.1975]]}, "0": {"outline": [[-0.0911, -0.183], [-0.0829, -0.1865], [-0.0793, -0.1782], [-0.0877, -0.1748]]}, "3": {"outline": [[-0.0995, -0.2029], [-0.0925, -0.2056], [-0.0892, -0.1982], [-0.0968, -0.1951]]}, "2": {"outline": [[-0.066, -0.2085], [-0.0737, -0.2053], [-0.0768, -0.2129], [-0.0693, -0.2161]]}}, "icon": [[-0.07729999999999998, -0.16940000000000002], [-0.0523, -0.14440000000000003]]}