{"inputs": [[-0.2062, 0.4061, 451.332], [-0.1535, 0.4072, 447.373], [-0.0986, 0.4013, 439.992], [-0.0424, 0.388, 433.242], [0.0139, 0.3676, 427.006], [0.0697, 0.3403, 421.169], [0.1239, 0.3067, 415.623], [0.1754, 0.2676, 410.2653], [0.2239, 0.2239, 405.0], [0.2678, 0.1757, 399.7347], [0.307, 0.124, 394.3768], [0.3403, 0.0696, 388.83050000000003], [0.3675, 0.0139, 382.9941], [0.3881, -0.0426, 376.7585], [0.4015, -0.0988, 370.00800000000004], [0.4076, -0.1534, 362.6271], [0.4064, -0.2061, 358.6676]], "name": "plane_boomWhisp_3_14", "outputs": [[0.6687, 0.0561, 638.409], [0.6082, 0.047, 634.55], [0.5463, 0.0464, 626.9870000000001], [0.484, 0.0539, 619.629], [0.4227, 0.0691, 612.457], [0.3629, 0.0922, 605.4449999999999], [0.3055, 0.1226, 598.558], [0.2521, 0.1596, 591.7570000000001], [0.2032, 0.2032, 585.0], [0.16, 0.2519, 578.2429999999999], [0.1225, 0.3055, 571.442], [0.0921, 0.3628, 564.5550000000001], [0.069, 0.4225, 557.543], [0.0537, 0.4842, 550.371], [0.0465, 0.5464, 543.013], [0.0472, 0.608, 535.45], [0.0563, 0.6685, 531.591]], "outline": [[0.3899, 0.3273], [0.3616, 0.3613], [0.3273, 0.3895], [0.2889, 0.4111], [0.2474, 0.4251], [0.2047, 0.4311], [0.1625, 0.4286], [0.122, 0.418], [0.0851, 0.3992], [0.0533, 0.3733], [0.0274, 0.3415], [0.0087, 0.3045], [-0.002, 0.2641], [-0.0045, 0.2218], [-0.002, 0.2037], [0.0043, 0.2073], [0.0332, 0.2161], [0.0636, 0.219], [0.0941, 0.2161], [0.1232, 0.2073], [0.15, 0.193], [0.1738, 0.1733], [0.1928, 0.1501], [0.2072, 0.1231], [0.2162, 0.0936], [0.219, 0.0637], [0.2163, 0.0333], [0.2074, 0.0039], [0.2038, -0.002], [0.2219, -0.0048], [0.2641, -0.0023], [0.3046, 0.0088], [0.3415, 0.0276], [0.3735, 0.0528], [0.3994, 0.085], [0.4179, 0.1219], [0.4287, 0.1623], [0.4313, 0.2047], [0.4253, 0.2474], [0.4114, 0.289]], "flags": {"1": {"outline": [[0.185, 0.2121], [0.193, 0.2041], [0.201, 0.2121], [0.1929, 0.22]]}, "0": {"outline": [[0.2157, 0.1948], [0.2092, 0.2015], [0.2031, 0.195], [0.2089, 0.1887]]}, "3": {"outline": [[0.2307, 0.2104], [0.2258, 0.2154], [0.2196, 0.2101], [0.2252, 0.2044]]}, "2": {"outline": [[0.2021, 0.2282], [0.2079, 0.2225], [0.2138, 0.2282], [0.2079, 0.2341]]}}, "icon": [[0.17459999999999998, 0.1744], [0.1996, 0.19940000000000002]]}