{"inputs": [[0.4352, 0.1773, 361.332], [0.4361, 0.1247, 357.373], [0.4303, 0.0701, 349.992], [0.4167, 0.0139, 343.242], [0.3964, -0.0426, 337.006], [0.369, -0.0984, 331.169], [0.3358, -0.1528, 325.623], [0.2968, -0.2044, 320.2653], [0.2527, -0.2524, 315.0], [0.2043, -0.2966, 309.7347], [0.1526, -0.3358, 304.3768], [0.0983, -0.369, 298.83050000000003], [0.0428, -0.396, 292.9941], [-0.0136, -0.4169, 286.7585], [-0.0699, -0.4301, 280.00800000000004], [-0.1245, -0.4363, 272.6271], [-0.1771, -0.4351, 268.6676]], "name": "plane_boomWhisp_4_10", "outputs": [[0.0859, -0.6984, 548.409], [0.0771, -0.6379, 544.55], [0.0764, -0.5764, 536.9870000000001], [0.0837, -0.514, 529.629], [0.0988, -0.4524, 522.457], [0.1221, -0.3926, 515.4449999999999], [0.1523, -0.3353, 508.558], [0.1897, -0.2818, 501.757], [0.2329, -0.233, 495.0], [0.2818, -0.1896, 488.243], [0.3355, -0.1523, 481.442], [0.3926, -0.122, 474.555], [0.4526, -0.0988, 467.543], [0.514, -0.0834, 460.371], [0.5764, -0.0763, 453.01300000000003], [0.6381, -0.0768, 445.45], [0.6984, -0.0859, 441.591]], "outline": [[0.3582, -0.4226], [0.3934, -0.3933], [0.4228, -0.3582], [0.4448, -0.3179], [0.459, -0.2749], [0.4643, -0.2304], [0.4612, -0.186], [0.4492, -0.1433], [0.4292, -0.1044], [0.4016, -0.0706], [0.3676, -0.0431], [0.3288, -0.0229], [0.2865, -0.011], [0.242, -0.0077], [0.2376, -0.0082], [0.2469, -0.0255], [0.2567, -0.0575], [0.2598, -0.0905], [0.2566, -0.1233], [0.2468, -0.1553], [0.2313, -0.1846], [0.2102, -0.2104], [0.1847, -0.2312], [0.1553, -0.2468], [0.1234, -0.2566], [0.0904, -0.2598], [0.0575, -0.2563], [0.0257, -0.247], [0.0083, -0.2375], [0.008, -0.2418], [0.0112, -0.2861], [0.0231, -0.3287], [0.0431, -0.3675], [0.0708, -0.4015], [0.1046, -0.4291], [0.1433, -0.4492], [0.186, -0.4612], [0.2304, -0.4643], [0.275, -0.4587], [0.3183, -0.4448]], "flags": {"1": {"outline": [[0.2421, -0.2145], [0.2339, -0.2226], [0.242, -0.2306], [0.25, -0.2225]]}, "0": {"outline": [[0.2251, -0.2454], [0.2312, -0.2387], [0.225, -0.2323], [0.2186, -0.2387]]}, "3": {"outline": [[0.24, -0.2604], [0.2452, -0.2553], [0.2397, -0.2493], [0.2339, -0.2547]]}, "2": {"outline": [[0.258, -0.2315], [0.2521, -0.2374], [0.2579, -0.2435], [0.2638, -0.2375]]}}, "icon": [[0.20709999999999995, -0.2323], [0.23210000000000003, -0.20729999999999998]]}