{"inputs": [[0.3273, 0.4329, 406.332], [0.3653, 0.3967, 402.373], [0.3996, 0.3534, 394.992], [0.4299, 0.3044, 388.242], [0.4552, 0.2499, 382.006], [0.4755, 0.1912, 376.169], [0.4904, 0.1294, 370.623], [0.4993, 0.0651, 365.2653], [0.5022, -0.0001, 360.0], [0.4991, -0.0652, 354.7347], [0.4902, -0.1295, 349.3768], [0.4755, -0.1914, 343.83050000000003], [0.4551, -0.25, 337.9941], [0.4297, -0.3047, 331.7585], [0.3998, -0.3534, 325.00800000000004], [0.3655, -0.3967, 317.6271], [0.3271, -0.4328, 313.6676]], "name": "plane_boomWhisp_8_12", "outputs": [[0.7044, -0.4331, 593.409], [0.6554, -0.3967, 589.55], [0.6113, -0.3536, 581.9870000000001], [0.5725, -0.3044, 574.629], [0.5396, -0.2502, 567.457], [0.5139, -0.1913, 560.4449999999999], [0.4948, -0.1293, 553.558], [0.4834, -0.0652, 546.7570000000001], [0.4795, 0.0, 540.0], [0.4833, 0.0652, 533.2429999999999], [0.4947, 0.1296, 526.442], [0.5139, 0.1913, 519.5550000000001], [0.5397, 0.2501, 512.543], [0.5725, 0.3043, 505.371], [0.6111, 0.3534, 498.01300000000003], [0.6556, 0.3965, 490.45], [0.7045, 0.4329, 486.591]], "outline": [[0.6225, -0.0481], [0.6273, 0.0], [0.6225, 0.0482], [0.6084, 0.0944], [0.5859, 0.137], [0.5557, 0.1745], [0.5186, 0.2049], [0.4763, 0.2277], [0.4302, 0.2418], [0.3826, 0.2468], [0.3348, 0.2418], [0.289, 0.2277], [0.2658, 0.2153], [0.2817, 0.2141], [0.3225, 0.2014], [0.3602, 0.1812], [0.3935, 0.1543], [0.4206, 0.1211], [0.4407, 0.0835], [0.4531, 0.0424], [0.4573, 0.0002], [0.4532, -0.0425], [0.4406, -0.0834], [0.4206, -0.1214], [0.3933, -0.1543], [0.3603, -0.1815], [0.3226, -0.2014], [0.2816, -0.2138], [0.2658, -0.2156], [0.2888, -0.2278], [0.3349, -0.2419], [0.3826, -0.2468], [0.4302, -0.242], [0.4762, -0.2279], [0.5185, -0.205], [0.5556, -0.1745], [0.5859, -0.1371], [0.6085, -0.0945]], "flags": {"1": {"outline": [[0.4719, 0.0191], [0.4722, 0.0081], [0.4835, 0.0078], [0.4835, 0.0192]]}, "0": {"outline": [[0.4816, -0.0144], [0.4816, -0.0053], [0.4726, -0.0054], [0.4725, -0.0144]]}, "3": {"outline": [[0.5031, -0.0145], [0.5033, -0.0072], [0.4951, -0.0069], [0.495, -0.0148]]}, "2": {"outline": [[0.4956, 0.0183], [0.4954, 0.0102], [0.5039, 0.0103], [0.5039, 0.0186]]}}, "icon": [[0.4623, -0.012500000000000011], [0.4873, 0.012500000000000011]]}