{"inputs": [[-0.5473, 0.1896, 158.832], [-0.5283, 0.2387, 154.873], [-0.5016, 0.287, 147.49200000000002], [-0.4678, 0.3337, 140.74200000000002], [-0.4272, 0.378, 134.506], [-0.3808, 0.4192, 128.66899999999998], [-0.3292, 0.4565, 123.123], [-0.2734, 0.4893, 117.7653], [-0.2142, 0.517, 112.5], [-0.1528, 0.5392, 107.2347], [-0.0901, 0.5555, 101.8768], [-0.0272, 0.5656, 96.3305], [0.0347, 0.5693, 90.4941], [0.0947, 0.5667, 84.2585], [0.1517, 0.5576, 77.50800000000001], [0.2047, 0.5423, 70.1271], [0.2528, 0.521, 66.1676]], "name": "plane_boomWhisp_10_1", "outputs": [[0.1077, 0.8714, 345.909], [0.0928, 0.8123, 342.05], [0.0699, 0.7549, 334.487], [0.0394, 0.7002, 327.129], [0.0016, 0.6492, 319.957], [-0.0426, 0.6027, 312.945], [-0.0926, 0.5615, 306.058], [-0.1474, 0.5263, 299.257], [-0.2063, 0.4978, 292.5], [-0.268, 0.4764, 285.743], [-0.3317, 0.4625, 278.942], [-0.3962, 0.4562, 272.055], [-0.4603, 0.4578, 265.043], [-0.5231, 0.4672, 257.871], [-0.5833, 0.4843, 250.513], [-0.6401, 0.5087, 242.95], [-0.6924, 0.54, 239.091]], "outline": [[-0.197, 0.6023], [-0.2437, 0.5881], [-0.2867, 0.5652], [-0.3244, 0.5343], [-0.3553, 0.4967], [-0.3783, 0.4538], [-0.3925, 0.4072], [-0.3973, 0.3589], [-0.3926, 0.3105], [-0.3785, 0.264], [-0.3556, 0.2211], [-0.3386, 0.2005], [-0.3417, 0.2105], [-0.3463, 0.2572], [-0.3417, 0.304], [-0.328, 0.3489], [-0.3059, 0.3904], [-0.2761, 0.4267], [-0.2398, 0.4565], [-0.1983, 0.4786], [-0.1534, 0.4923], [-0.1066, 0.4969], [-0.0599, 0.4923], [-0.0149, 0.4786], [0.0265, 0.4565], [0.0628, 0.4267], [0.0926, 0.3904], [0.0976, 0.3812], [0.095, 0.4078], [0.0809, 0.4543], [0.058, 0.4971], [0.0271, 0.5347], [-0.0105, 0.5655], [-0.0535, 0.5883], [-0.1001, 0.6024], [-0.1486, 0.6071]], "flags": {"1": {"outline": [[-0.2212, 0.4834], [-0.2107, 0.4878], [-0.2151, 0.4982], [-0.2255, 0.4939]]}, "0": {"outline": [[-0.1937, 0.5052], [-0.2021, 0.5018], [-0.1985, 0.4934], [-0.1903, 0.4968]]}, "3": {"outline": [[-0.2019, 0.5251], [-0.2087, 0.5222], [-0.2059, 0.5145], [-0.1985, 0.5176]]}, "2": {"outline": [[-0.2295, 0.5054], [-0.2218, 0.5086], [-0.225, 0.5163], [-0.2327, 0.5131]]}}, "icon": [[-0.2192, 0.4863005], [-0.19419999999999998, 0.5112995]]}