{"inputs": [[0.0342, -0.5785, 271.332], [-0.0184, -0.5797, 267.373], [-0.0732, -0.5736, 259.992], [-0.1293, -0.5602, 253.24200000000002], [-0.1858, -0.5396, 247.006], [-0.2415, -0.5126, 241.16899999999998], [-0.2958, -0.4792, 235.623], [-0.3475, -0.4401, 230.2653], [-0.3957, -0.396, 225.0], [-0.4397, -0.3477, 219.7347], [-0.4788, -0.2961, 214.3768], [-0.5121, -0.2418, 208.8305], [-0.5393, -0.1861, 202.9941], [-0.5599, -0.1296, 196.7585], [-0.5733, -0.0735, 190.008], [-0.5794, -0.0187, 182.62709999999998], [-0.578, 0.0339, 178.6676]], "name": "plane_boomWhisp_10_6", "outputs": [[-0.8463, -0.2342, 458.409], [-0.786, -0.2256, 454.55], [-0.7243, -0.2246, 446.987], [-0.6618, -0.2318, 439.629], [-0.6003, -0.2473, 432.457], [-0.5405, -0.2703, 425.445], [-0.4834, -0.3007, 418.558], [-0.4299, -0.3379, 411.757], [-0.3809, -0.3814, 405.0], [-0.3376, -0.4303, 398.243], [-0.3005, -0.4838, 391.442], [-0.2699, -0.541, 384.555], [-0.2469, -0.6007, 377.543], [-0.2315, -0.6623, 370.371], [-0.2243, -0.7245, 363.01300000000003], [-0.225, -0.7864, 355.45], [-0.2339, -0.8466, 351.591]], "outline": [[-0.481, -0.4127], [-0.4501, -0.4506], [-0.4124, -0.4815], [-0.3695, -0.5044], [-0.323, -0.5187], [-0.2743, -0.5235], [-0.226, -0.5188], [-0.1796, -0.5048], [-0.1368, -0.4818], [-0.099, -0.451], [-0.0681, -0.4135], [-0.0557, -0.3899], [-0.0637, -0.3967], [-0.105, -0.4187], [-0.15, -0.4324], [-0.1968, -0.4368], [-0.2436, -0.4325], [-0.2885, -0.4186], [-0.33, -0.3965], [-0.3663, -0.3666], [-0.3961, -0.3304], [-0.4182, -0.289], [-0.4319, -0.2441], [-0.4365, -0.1974], [-0.432, -0.1505], [-0.4183, -0.1056], [-0.3961, -0.0642], [-0.3896, -0.0561], [-0.4132, -0.0686], [-0.4507, -0.0993], [-0.4815, -0.137], [-0.5043, -0.1799], [-0.5185, -0.2265], [-0.5231, -0.2748], [-0.5183, -0.3233], [-0.504, -0.37]], "flags": {"1": {"outline": [[-0.3619, -0.3896], [-0.3701, -0.3817], [-0.3779, -0.3896], [-0.3701, -0.3976]]}, "0": {"outline": [[-0.3926, -0.3727], [-0.3862, -0.3791], [-0.3799, -0.3726], [-0.3862, -0.3663]]}, "3": {"outline": [[-0.4078, -0.3878], [-0.4025, -0.393], [-0.3966, -0.3874], [-0.4022, -0.3817]]}, "2": {"outline": [[-0.3791, -0.4058], [-0.385, -0.3999], [-0.3909, -0.4057], [-0.3849, -0.4117]]}}, "icon": [[-0.3942, -0.3946995], [-0.3692, -0.3697005]]}