{"inputs": [[-0.5374, -0.0751, 181.332], [-0.5387, -0.0225, 177.373], [-0.5325, 0.0324, 169.99200000000002], [-0.5191, 0.0884, 163.24200000000002], [-0.4987, 0.1449, 157.006], [-0.4715, 0.2007, 151.16899999999998], [-0.4381, 0.2549, 145.623], [-0.3991, 0.3066, 140.2653], [-0.355, 0.3548, 135.0], [-0.3067, 0.3988, 129.7347], [-0.2551, 0.4379, 124.3768], [-0.2009, 0.4713, 118.8305], [-0.145, 0.4984, 112.9941], [-0.0886, 0.519, 106.7585], [-0.0326, 0.5323, 100.00800000000001], [0.0223, 0.5385, 92.6271], [0.0749, 0.5372, 88.6676]], "name": "plane_boomWhisp_8_2", "outputs": [[-0.1918, 0.804, 368.409], [-0.1829, 0.7437, 364.55], [-0.1821, 0.6819, 356.987], [-0.1895, 0.6197, 349.629], [-0.2047, 0.5581, 342.457], [-0.2279, 0.4982, 335.445], [-0.2582, 0.4411, 328.558], [-0.2955, 0.3876, 321.757], [-0.3389, 0.3388, 315.0], [-0.3878, 0.2953, 308.243], [-0.4413, 0.258, 301.442], [-0.4984, 0.2277, 294.555], [-0.5584, 0.2046, 287.543], [-0.6199, 0.1893, 280.371], [-0.6821, 0.1819, 273.01300000000003], [-0.7439, 0.1827, 265.45], [-0.8042, 0.1916, 261.591]], "outline": [[-0.4061, 0.474], [-0.4434, 0.4432], [-0.4741, 0.4059], [-0.497, 0.3633], [-0.5112, 0.3172], [-0.5161, 0.2693], [-0.5115, 0.2214], [-0.4978, 0.1753], [-0.4752, 0.1329], [-0.4448, 0.0958], [-0.4076, 0.0654], [-0.3653, 0.0429], [-0.3402, 0.0354], [-0.3504, 0.0476], [-0.3705, 0.0854], [-0.3829, 0.1262], [-0.3871, 0.1688], [-0.3829, 0.2113], [-0.3705, 0.2523], [-0.3503, 0.29], [-0.3232, 0.323], [-0.2902, 0.3502], [-0.2525, 0.3702], [-0.2115, 0.3828], [-0.169, 0.3869], [-0.1264, 0.3827], [-0.0856, 0.3703], [-0.0478, 0.3501], [-0.0355, 0.3401], [-0.0431, 0.3651], [-0.0656, 0.4075], [-0.096, 0.4446], [-0.1331, 0.475], [-0.1755, 0.4975], [-0.2215, 0.5113], [-0.2695, 0.5158], [-0.3174, 0.511], [-0.3635, 0.4968]], "flags": {"1": {"outline": [[-0.3473, 0.3199], [-0.3394, 0.3279], [-0.3474, 0.3359], [-0.3554, 0.3279]]}, "0": {"outline": [[-0.3304, 0.3505], [-0.3367, 0.3441], [-0.3303, 0.3378], [-0.3239, 0.3441]]}, "3": {"outline": [[-0.3455, 0.3657], [-0.3507, 0.3605], [-0.3452, 0.3545], [-0.3394, 0.3602]]}, "2": {"outline": [[-0.3634, 0.3371], [-0.3576, 0.3429], [-0.3634, 0.3488], [-0.3693, 0.3429]]}}, "icon": [[-0.3482, 0.32289999999999996], [-0.3232, 0.3479]]}