{"inputs": [[-0.2222, 0.5954, 473.832], [-0.1736, 0.6166, 469.873], [-0.1209, 0.6318, 462.492], [-0.0639, 0.6408, 455.742], [-0.0038, 0.6438, 449.506], [0.058, 0.64, 443.669], [0.121, 0.6298, 438.123], [0.1837, 0.6137, 432.7654], [0.2452, 0.5913, 427.5], [0.3044, 0.5638, 422.2347], [0.3599, 0.5309, 416.8768], [0.4116, 0.4935, 411.33050000000003], [0.4579, 0.4524, 405.4941], [0.4986, 0.4081, 399.2585], [0.5324, 0.3613, 392.50800000000004], [0.5592, 0.313, 385.1271], [0.5782, 0.264, 381.1676]], "name": "plane_boomWhisp_15_15", "outputs": [[0.7243, 0.6168, 660.909], [0.6719, 0.5856, 657.05], [0.615, 0.5611, 649.4870000000001], [0.555, 0.5444, 642.129], [0.492, 0.5348, 634.957], [0.428, 0.5332, 627.9449999999999], [0.3635, 0.5394, 621.058], [0.2997, 0.5532, 614.2570000000001], [0.2381, 0.575, 607.5], [0.1793, 0.6034, 600.7429999999999], [0.1245, 0.6383, 593.942], [0.0745, 0.6796, 587.0550000000001], [0.0301, 0.7261, 580.043], [-0.0073, 0.7773, 572.871], [-0.0379, 0.8319, 565.513], [-0.061, 0.8892, 557.95], [-0.0759, 0.9482, 554.091]], "outline": [[0.2891, 0.5703], [0.246, 0.5933], [0.1992, 0.6076], [0.15, 0.6125], [0.1015, 0.6075], [0.0544, 0.5934], [0.0111, 0.5702], [0.0085, 0.5683], [0.02, 0.574], [0.0734, 0.5904], [0.1287, 0.5959], [0.1843, 0.5904], [0.2377, 0.5741], [0.2871, 0.548], [0.3305, 0.5125], [0.3656, 0.4692], [0.3918, 0.42], [0.3958, 0.408], [0.3954, 0.4113], [0.3811, 0.4581], [0.358, 0.5012], [0.3269, 0.5394]], "flags": {"1": {"outline": [[0.2172, 0.5748], [0.2278, 0.5703], [0.2321, 0.5808], [0.2218, 0.5854]]}, "0": {"outline": [[0.2522, 0.5706], [0.2437, 0.5744], [0.2405, 0.566], [0.2484, 0.5624]]}, "3": {"outline": [[0.2603, 0.5907], [0.2535, 0.5935], [0.2501, 0.5859], [0.2575, 0.5828]]}, "2": {"outline": [[0.227, 0.5963], [0.2347, 0.5931], [0.2377, 0.6009], [0.2303, 0.6041]]}}, "icon": [[0.22920000000000004, 0.5703999999999998], [0.2542, 0.5954000000000002]]}