{"inputs": [[0.4961, 0.2633, 383.832], [0.5173, 0.215, 379.873], [0.5327, 0.1621, 372.492], [0.5418, 0.1051, 365.742], [0.5445, 0.0452, 359.506], [0.5407, -0.0169, 353.669], [0.5304, -0.0798, 348.123], [0.5144, -0.1424, 342.7654], [0.4921, -0.2036, 337.5], [0.4644, -0.2628, 332.2347], [0.4314, -0.3189, 326.8768], [0.3942, -0.3705, 321.33050000000003], [0.353, -0.417, 315.4941], [0.3089, -0.4574, 309.2585], [0.2621, -0.4912, 302.50800000000004], [0.2139, -0.5178, 295.1271], [0.1647, -0.537, 291.1676]], "name": "plane_boomWhisp_9_11", "outputs": [[0.5144, -0.6816, 570.909], [0.4828, -0.6295, 567.05], [0.4586, -0.5726, 559.4870000000001], [0.4415, -0.5123, 552.129], [0.4319, -0.4496, 544.957], [0.4305, -0.3854, 537.9449999999999], [0.4368, -0.3209, 531.058], [0.4506, -0.2574, 524.2570000000001], [0.4721, -0.1955, 517.5], [0.5005, -0.1367, 510.743], [0.5356, -0.0817, 503.942], [0.5769, -0.032, 497.055], [0.6236, 0.0123, 490.043], [0.6743, 0.0501, 482.871], [0.7292, 0.0806, 475.51300000000003], [0.7864, 0.1037, 467.95], [0.8455, 0.1186, 464.091]], "outline": [[0.562, -0.2851], [0.585, -0.2424], [0.5991, -0.1959], [0.6039, -0.1476], [0.5991, -0.0992], [0.5854, -0.0527], [0.5626, -0.0101], [0.5318, 0.0274], [0.4945, 0.0581], [0.452, 0.0811], [0.4055, 0.0952], [0.3576, 0.0997], [0.352, 0.0992], [0.3674, 0.0909], [0.4023, 0.0625], [0.4308, 0.0274], [0.4519, -0.012], [0.465, -0.0551], [0.4695, -0.0996], [0.4648, -0.1444], [0.4519, -0.1872], [0.4309, -0.2269], [0.4024, -0.2614], [0.3676, -0.29], [0.3281, -0.3112], [0.2851, -0.3241], [0.2401, -0.3285], [0.1956, -0.3243], [0.1789, -0.3191], [0.1824, -0.3234], [0.2196, -0.3539], [0.2622, -0.3768], [0.3085, -0.3907], [0.3568, -0.3956], [0.4049, -0.3908], [0.4512, -0.3764], [0.4938, -0.3538], [0.5314, -0.3227]], "flags": {"1": {"outline": [[0.4726, -0.1748], [0.4682, -0.1853], [0.4786, -0.1895], [0.483, -0.1791]]}, "0": {"outline": [[0.4684, -0.2096], [0.472, -0.2012], [0.4635, -0.1978], [0.46, -0.2061]]}, "3": {"outline": [[0.4885, -0.2179], [0.4911, -0.2109], [0.4836, -0.2078], [0.4805, -0.2151]]}, "2": {"outline": [[0.494, -0.1845], [0.4909, -0.1922], [0.4985, -0.1954], [0.5017, -0.1876]]}}, "icon": [[0.4579999999999999, -0.20750000000000007], [0.48300000000000004, -0.18249999999999994]]}