{"inputs": [[0.63, -0.0175, 361.332], [0.6315, -0.0702, 357.373], [0.6251, -0.1249, 349.992], [0.6117, -0.181, 343.242], [0.5912, -0.2375, 337.006], [0.5641, -0.2934, 331.169], [0.5307, -0.3475, 325.623], [0.4917, -0.3991, 320.2653], [0.4474, -0.4475, 315.0], [0.3992, -0.4915, 309.7347], [0.3475, -0.5306, 304.3768], [0.2936, -0.5639, 298.83050000000003], [0.2376, -0.591, 292.9942], [0.1811, -0.6117, 286.7585], [0.1251, -0.6249, 280.00800000000004], [0.0702, -0.6311, 272.6271], [0.0175, -0.6299, 268.6676]], "name": "plane_boomWhisp_14_10", "outputs": [[0.2875, -0.9, 548.409], [0.2785, -0.8395, 544.55], [0.278, -0.778, 536.9870000000001], [0.2853, -0.7156, 529.629], [0.3006, -0.6541, 522.457], [0.3235, -0.5941, 515.4449999999999], [0.354, -0.5368, 508.558], [0.3913, -0.4834, 501.757], [0.4345, -0.4348, 495.0], [0.4835, -0.3911, 488.243], [0.5372, -0.3539, 481.442], [0.5942, -0.3236, 474.555], [0.6542, -0.3004, 467.543], [0.7156, -0.285, 460.371], [0.778, -0.2779, 453.01300000000003], [0.8396, -0.2785, 445.45], [0.9, -0.2875, 441.591]], "outline": [[0.4166, -0.4852], [0.4543, -0.454], [0.4853, -0.4163], [0.5085, -0.3733], [0.5226, -0.3262], [0.5274, -0.2776], [0.5229, -0.2288], [0.5085, -0.1818], [0.504, -0.1735], [0.5059, -0.1797], [0.5111, -0.2338], [0.506, -0.2878], [0.49, -0.3399], [0.4643, -0.3878], [0.4299, -0.4298], [0.3881, -0.4644], [0.3401, -0.49], [0.2879, -0.5058], [0.2338, -0.5111], [0.1798, -0.5058], [0.1736, -0.5039], [0.1821, -0.5085], [0.2289, -0.5225], [0.2775, -0.5275], [0.3263, -0.5226], [0.3733, -0.5084]], "flags": {"1": {"outline": [[0.4427, -0.4153], [0.435, -0.4234], [0.4427, -0.4314], [0.4509, -0.4233]]}, "0": {"outline": [[0.4258, -0.4461], [0.432, -0.4396], [0.4255, -0.433], [0.4193, -0.4395]]}, "3": {"outline": [[0.441, -0.4612], [0.4462, -0.456], [0.4406, -0.4498], [0.4349, -0.4556]]}, "2": {"outline": [[0.4589, -0.4324], [0.453, -0.4384], [0.4589, -0.4441], [0.4648, -0.4384]]}}, "icon": [[0.42799999999999994, -0.4529000000000001], [0.45300000000000007, -0.42789999999999995]]}