{
"name": "plane_evil01_2_0",
"flags": {
	"0": { "outline": [[-0.029503,0.184335],[0.0298419,0.186452],[0.0133887,0.288621],[-0.0133201,0.287141]] },
	"1": { "outline": [[-0.0286897,-0.108668],[0.0290101,-0.109881],[0.02901,-0.0428854],[-0.0286897,-0.0424119]] },
	"2": { "outline": [[-0.0270551,0.0867778],[0.0273398,0.087691],[0.0273398,0.150829],[-0.0270551,0.149259]] },
	"3": { "outline": [[-0.0136179,-0.466052],[0.0136896,-0.468508],[0.00556456,-0.333726],[-0.00555267,-0.333013]] }
},
"outline": [[-0.0654283,0.0688208],[-0.177923,0.0673119],[-0.180226,0.0982321],[-0.203096,0.0977842],[-0.205372,0.0646182],[-0.312095,0.0449209],[-0.312266,-0.0769567],[-0.205585,-0.0957818],[-0.203375,-0.111134],[-0.180502,-0.111643],[-0.17814,-0.0975349],[-0.0656459,-0.106304],[-0.0514999,-0.216395],[-0.0378873,-0.301109],[-0.0379207,-0.331716],[-0.13102,-0.349091],[-0.131106,-0.423618],[-0.0380555,-0.455195],[-0.0218928,-0.487334],[0.0210972,-0.491383],[0.0377001,-0.46188],[0.137171,-0.446056],[0.137248,-0.36758],[0.037831,-0.336588],[0.0378634,-0.30553],[0.0521204,-0.220753],[0.0672668,-0.109058],[0.191188,-0.104714],[0.193876,-0.119976],[0.220542,-0.12057],[0.223188,-0.104011],[0.354908,-0.0874695],[0.355039,0.0510568],[0.223369,0.0701693],[0.220778,0.106085],[0.194114,0.105563],[0.191375,0.0722654],[0.0674734,0.0706035],[0.0504885,0.198155],[0.0125722,0.313964],[-0.0184701,0.312093],[-0.05186,0.19429]],
"inputs": [[-0.349758,0.127218,136.332],[-0.322229,0.163647,132.373],[-0.289148,0.197263,124.992],[-0.250874,0.227531,118.242],[-0.207846,0.253928,112.006],[-0.160586,0.275957,106.169],[-0.109706,0.293151,100.623],[-0.0559113,0.305087,95.2653],[1.89276e-08,0.3114,90],[0.057141,0.311797,84.7347],[0.114542,0.306075,79.3768],[0.171165,0.294138,73.8305],[0.22592,0.276009,67.9941],[0.277689,0.25185,61.7585],[0.325358,0.221966,55.008],[0.367852,0.186817,47.6271],[0.404168,0.147009,43.6676]],
"outputs": [[0.404168,-0.276349,323.409],[0.367852,-0.326964,319.55],[0.325358,-0.371493,311.987],[0.277689,-0.409171,304.629],[0.22592,-0.439426,297.457],[0.171165,-0.46188,290.445],[0.114542,-0.476345,283.558],[0.0571409,-0.482807,276.757],[5.16362e-09,-0.481405,270],[-0.0559114,-0.472416,263.243],[-0.109706,-0.456231,256.442],[-0.160586,-0.433332,249.555],[-0.207846,-0.404272,242.543],[-0.250875,-0.369661,235.371],[-0.289148,-0.330149,228.013],[-0.322229,-0.286412,220.45],[-0.349758,-0.239146,216.591]],
"icon": [[-0.0429434,-0.0241005],[0.0436651,0.0763348]]
}