{"inputs": [[-0.433013, 0.0998118, 136.332], [-0.396677, 0.137878, 132.373], [-0.353553, 0.172299, 124.992], [-0.304381, 0.202485, 118.242], [-0.25, 0.227921, 112.006], [-0.191342, 0.24817, 106.169], [-0.12941, 0.262886, 100.623], [-0.0652631, 0.271817, 95.2653], [2.18557e-08, 0.274812, 90], [0.0652631, 0.271817, 84.7347], [0.12941, 0.262886, 79.3768], [0.191342, 0.24817, 73.8305], [0.25, 0.227921, 67.9941], [0.304381, 0.202485, 61.7585], [0.353553, 0.172299, 55.008], [0.396677, 0.137878, 47.6271], [0.433013, 0.0998118, 43.6676]], "name": "plane_boomWhisp_2_0", "outputs": [[0.433013, 0.469216, 323.409], [0.396677, 0.420273, 319.55], [0.353553, 0.376018, 311.987], [0.304381, 0.337207, 304.629], [0.25, 0.304505, 297.457], [0.191342, 0.27847, 290.445], [0.12941, 0.259549, 283.558], [0.065263, 0.248066, 276.757], [5.96244e-09, 0.244216, 270], [-0.0652632, 0.248066, 263.243], [-0.129409, 0.259549, 256.442], [-0.191342, 0.27847, 249.555], [-0.25, 0.304505, 242.543], [-0.304381, 0.337207, 235.371], [-0.353553, 0.376018, 228.013], [-0.396677, 0.420273, 220.45], [-0.433013, 0.469216, 216.591]], "outline": [[0.0418405, 0.438349], [2.7067e-17, 0.442037], [-0.0418405, 0.438349], [-0.0820732, 0.427427], [-0.119152, 0.409691], [-0.151651, 0.385822], [-0.178323, 0.356738], [-0.198142, 0.323556], [-0.210347, 0.287552], [-0.214468, 0.250109], [-0.210347, 0.212665], [-0.198142, 0.176661], [-0.178323, 0.143479], [-0.151651, 0.114395], [-0.129753, 0.0983113], [-0.129627, 0.0987263], [-0.116661, 0.122983], [-0.0992119, 0.144245], [-0.0779503, 0.161694], [-0.0536931, 0.17466], [-0.0273725, 0.182644], [1.13488e-17, 0.18534], [0.0273725, 0.182644], [0.0536931, 0.17466], [0.0779503, 0.161694], [0.0992119, 0.144245], [0.116661, 0.122984], [0.129627, 0.0987263], [0.129753, 0.0983113], [0.151652, 0.114395], [0.178323, 0.143479], [0.198142, 0.176661], [0.210347, 0.212665], [0.214468, 0.250109], [0.210347, 0.287552], [0.198142, 0.323556], [0.178323, 0.356738], [0.151651, 0.385823], [0.119152, 0.409691], [0.0820732, 0.427427]], "flags": {"1": {"outline": [[-0.0192751, 0.237793], [-0.00796014, 0.237793], [-0.00796014, 0.249107], [-0.019275, 0.249107]]}, "0": {"outline": [[0.0144482, 0.247408], [0.00539548, 0.247408], [0.00545735, 0.238317], [0.0143864, 0.238317]]}, "3": {"outline": [[0.0144246, 0.268882], [0.00706542, 0.268882], [0.00670603, 0.260666], [0.0147839, 0.260666]]}, "2": {"outline": [[-0.01855, 0.261266], [-0.0102311, 0.261266], [-0.0102311, 0.269584], [-0.01855, 0.269584]]}}, "icon": [[-0.0125, 0.20492], [0.0125, 0.22992]]}