{"inputs": [[-0.0385, -0.485, 248.832], [-0.0877, -0.4658, 244.873], [-0.136, -0.4392, 237.49200000000002], [-0.1826, -0.4054, 230.74200000000002], [-0.227, -0.365, 224.506], [-0.2681, -0.3184, 218.66899999999998], [-0.3054, -0.2667, 213.123], [-0.3381, -0.2111, 207.7653], [-0.3659, -0.1518, 202.5], [-0.3882, -0.0905, 197.2347], [-0.4044, -0.0277, 191.8768], [-0.4145, 0.035, 186.3305], [-0.4182, 0.097, 180.4941], [-0.4156, 0.1571, 174.2585], [-0.4065, 0.214, 167.508], [-0.3913, 0.2671, 160.12709999999998], [-0.3699, 0.3152, 156.1677]], "name": "plane_boomWhisp_5_5", "outputs": [[-0.7152, 0.1722, 435.909], [-0.656, 0.1574, 432.05], [-0.5987, 0.1344, 424.487], [-0.544, 0.1038, 417.129], [-0.4929, 0.0661, 409.957], [-0.4464, 0.0218, 402.945], [-0.4053, -0.0281, 396.058], [-0.37, -0.0829, 389.257], [-0.3415, -0.1417, 382.5], [-0.3201, -0.2035, 375.743], [-0.3062, -0.2673, 368.942], [-0.3, -0.3317, 362.055], [-0.3015, -0.3959, 355.043], [-0.3109, -0.4585, 347.871], [-0.3281, -0.5189, 340.51300000000003], [-0.3524, -0.5756, 332.95], [-0.3837, -0.6279, 329.091]], "outline": [[-0.555, -0.1796], [-0.5413, -0.2244], [-0.5192, -0.2659], [-0.4899, -0.3023], [-0.4543, -0.3323], [-0.4137, -0.3547], [-0.3699, -0.3688], [-0.3244, -0.3738], [-0.2791, -0.3697], [-0.2355, -0.3566], [-0.1955, -0.3351], [-0.1607, -0.3058], [-0.132, -0.2701], [-0.117, -0.2411], [-0.1483, -0.244], [-0.1839, -0.2406], [-0.218, -0.2303], [-0.2495, -0.2134], [-0.2772, -0.1906], [-0.2999, -0.163], [-0.3168, -0.1316], [-0.3271, -0.0972], [-0.3306, -0.0617], [-0.3271, -0.0262], [-0.3168, 0.0081], [-0.3001, 0.0397], [-0.2773, 0.0672], [-0.253, 0.0871], [-0.2842, 0.0972], [-0.3297, 0.1022], [-0.375, 0.0982], [-0.4185, 0.085], [-0.4586, 0.0635], [-0.4935, 0.0344], [-0.5222, -0.0015], [-0.5432, -0.0424], [-0.5559, -0.0869], [-0.5599, -0.1331]], "flags": {"1": {"outline": [[-0.3277, -0.157], [-0.3321, -0.1465], [-0.3426, -0.1509], [-0.3383, -0.1613]]}, "0": {"outline": [[-0.3495, -0.1295], [-0.3461, -0.1379], [-0.3377, -0.1343], [-0.3411, -0.1261]]}, "3": {"outline": [[-0.3695, -0.1377], [-0.3665, -0.1445], [-0.3589, -0.1416], [-0.3619, -0.1343]]}, "2": {"outline": [[-0.3498, -0.1652], [-0.353, -0.1575], [-0.3606, -0.1607], [-0.3574, -0.1684]]}}, "icon": [[-0.3403, -0.14850000000000002], [-0.31529999999999997, -0.1235]]}