{"inputs": [[0.1823, 0.433, 406.332], [0.2201, 0.3964, 402.373], [0.2546, 0.3537, 394.992], [0.2847, 0.3044, 388.242], [0.3104, 0.2501, 382.006], [0.3304, 0.1913, 376.169], [0.3454, 0.1293, 370.623], [0.3543, 0.0652, 365.2653], [0.3571, 0.0001, 360.0], [0.3541, -0.0654, 354.7347], [0.3452, -0.1297, 349.3768], [0.3304, -0.1915, 343.83050000000003], [0.3102, -0.2499, 337.9941], [0.2851, -0.3045, 331.7585], [0.2547, -0.3537, 325.00800000000004], [0.2204, -0.3967, 317.6271], [0.1823, -0.433, 313.6676]], "name": "plane_boomWhisp_4_12", "outputs": [[0.5545, -0.4332, 593.409], [0.5055, -0.3967, 589.55], [0.4615, -0.3536, 581.9870000000001], [0.4226, -0.3044, 574.629], [0.3897, -0.2501, 567.457], [0.3639, -0.1914, 560.4449999999999], [0.3447, -0.1295, 553.558], [0.3334, -0.0652, 546.7570000000001], [0.3294, -0.0002, 540.0], [0.3333, 0.0651, 533.2429999999999], [0.3449, 0.1294, 526.442], [0.3638, 0.1913, 519.5550000000001], [0.3898, 0.2501, 512.543], [0.4223, 0.3044, 505.371], [0.4615, 0.3535, 498.01300000000003], [0.5055, 0.3968, 490.45], [0.5545, 0.433, 486.591]], "outline": [[0.552, -0.0457], [0.5562, -0.0001], [0.5521, 0.0455], [0.5392, 0.0896], [0.5189, 0.13], [0.4912, 0.1653], [0.4575, 0.1945], [0.4189, 0.2162], [0.3772, 0.2295], [0.3338, 0.2339], [0.2904, 0.2294], [0.2486, 0.2162], [0.2103, 0.1947], [0.1765, 0.1655], [0.1737, 0.1621], [0.1925, 0.1565], [0.2221, 0.1408], [0.2476, 0.1196], [0.2686, 0.0941], [0.2843, 0.0646], [0.294, 0.0329], [0.2974, -0.0002], [0.2941, -0.033], [0.2843, -0.0648], [0.2687, -0.0943], [0.2476, -0.1199], [0.2218, -0.1406], [0.1927, -0.1566], [0.1737, -0.1622], [0.1766, -0.1654], [0.2102, -0.1945], [0.2487, -0.2162], [0.2903, -0.2295], [0.3339, -0.234], [0.3773, -0.2296], [0.4188, -0.2164], [0.4576, -0.1947], [0.4911, -0.1655], [0.5188, -0.13], [0.5395, -0.0896]], "flags": {"1": {"outline": [[0.3228, 0.0194], [0.3227, 0.0079], [0.3341, 0.0079], [0.334, 0.0194]]}, "0": {"outline": [[0.3326, -0.0145], [0.3322, -0.0054], [0.3233, -0.0053], [0.3233, -0.0143]]}, "3": {"outline": [[0.3537, -0.0146], [0.3539, -0.0073], [0.3457, -0.0069], [0.3454, -0.0149]]}, "2": {"outline": [[0.3461, 0.0186], [0.346, 0.0103], [0.3545, 0.0101], [0.3544, 0.0185]]}}, "icon": [[0.2981, -0.012800000000000011], [0.3231, 0.012199999999999997]]}