{"inputs": [[-0.433013, 0.258532, 136.332], [-0.396677, 0.296598, 132.373], [-0.353553, 0.331019, 124.992], [-0.304381, 0.361206, 118.242], [-0.25, 0.386641, 112.006], [-0.191342, 0.40689, 106.169], [-0.12941, 0.421606, 100.623], [-0.0652631, 0.430538, 95.2653], [2.18557e-08, 0.433532, 90], [0.0652631, 0.430538, 84.7347], [0.12941, 0.421606, 79.3768], [0.191342, 0.40689, 73.8305], [0.25, 0.386641, 67.9941], [0.304381, 0.361206, 61.7585], [0.353553, 0.331019, 55.008], [0.396677, 0.296598, 47.6271], [0.433013, 0.258532, 43.6676]], "name": "plane_boomWhisp_6_0", "outputs": [[0.433013, 0.633411, 323.409], [0.396677, 0.584468, 319.55], [0.353553, 0.540213, 311.987], [0.304381, 0.501402, 304.629], [0.25, 0.468699, 297.457], [0.191342, 0.442665, 290.445], [0.12941, 0.423744, 283.558], [0.065263, 0.41226, 276.757], [5.96244e-09, 0.408411, 270], [-0.0652632, 0.41226, 263.243], [-0.129409, 0.423744, 256.442], [-0.191342, 0.442665, 249.555], [-0.25, 0.468699, 242.543], [-0.304381, 0.501402, 235.371], [-0.353553, 0.540213, 228.013], [-0.396677, 0.584468, 220.45], [-0.433013, 0.633411, 216.591]], "outline": [[0.0473129, 0.600757], [3.70657e-17, 0.605328], [-0.0473129, 0.600757], [-0.0928076, 0.58722], [-0.134736, 0.565237], [-0.171486, 0.535653], [-0.201646, 0.499605], [-0.224057, 0.458478], [-0.237858, 0.413852], [-0.242518, 0.367443], [-0.237858, 0.321034], [-0.224057, 0.276409], [-0.201646, 0.235281], [-0.191491, 0.223143], [-0.191056, 0.227562], [-0.179971, 0.264105], [-0.161969, 0.297783], [-0.137744, 0.327302], [-0.108224, 0.351528], [-0.0745462, 0.369529], [-0.0380033, 0.380614], [2.35351e-17, 0.384357], [0.0380033, 0.380614], [0.0745462, 0.369529], [0.108224, 0.351528], [0.137743, 0.327302], [0.161969, 0.297783], [0.179971, 0.264105], [0.191056, 0.227562], [0.191491, 0.223143], [0.201646, 0.235282], [0.224057, 0.276409], [0.237858, 0.321034], [0.242518, 0.367443], [0.237858, 0.413852], [0.224057, 0.458478], [0.201646, 0.499605], [0.171486, 0.535653], [0.134736, 0.565237], [0.0928076, 0.58722]], "flags": {"1": {"outline": [[-0.0192751, 0.401349], [-0.00796014, 0.401349], [-0.00796014, 0.412664], [-0.019275, 0.412664]]}, "0": {"outline": [[0.0144482, 0.410965], [0.00539548, 0.410965], [0.00545735, 0.401874], [0.0143864, 0.401874]]}, "3": {"outline": [[0.0144246, 0.432439], [0.00706542, 0.432439], [0.00670603, 0.424223], [0.0147839, 0.424223]]}, "2": {"outline": [[-0.01855, 0.424822], [-0.0102311, 0.424822], [-0.0102311, 0.433141], [-0.01855, 0.433141]]}}, "icon": [[-0.0125, 0.384624], [0.0125, 0.409624]]}