{"inputs": [[-0.5954, -0.2223, 203.832], [-0.6168, -0.1741, 199.873], [-0.632, -0.1211, 192.49200000000002], [-0.641, -0.0641, 185.74200000000002], [-0.6438, -0.0041, 179.506], [-0.6401, 0.0578, 173.66899999999998], [-0.63, 0.1207, 168.123], [-0.6137, 0.1834, 162.7654], [-0.5915, 0.2448, 157.5], [-0.5638, 0.3039, 152.2347], [-0.5309, 0.3597, 146.8768], [-0.4935, 0.4113, 141.3305], [-0.4525, 0.4578, 135.4941], [-0.4081, 0.4983, 129.2585], [-0.3614, 0.5322, 122.50800000000001], [-0.3131, 0.5589, 115.1271], [-0.2641, 0.5778, 111.1676]], "name": "plane_boomWhisp_15_3", "outputs": [[-0.617, 0.7241, 390.909], [-0.5856, 0.6717, 387.05], [-0.5612, 0.6149, 379.487], [-0.5443, 0.5547, 372.129], [-0.5348, 0.4919, 364.957], [-0.5333, 0.4278, 357.945], [-0.5395, 0.3633, 351.058], [-0.5533, 0.2996, 344.257], [-0.5749, 0.2379, 337.5], [-0.6034, 0.1791, 330.743], [-0.6385, 0.1242, 323.942], [-0.6797, 0.0742, 317.055], [-0.7262, 0.0299, 310.043], [-0.7772, -0.0077, 302.871], [-0.8319, -0.0383, 295.51300000000003], [-0.8893, -0.0613, 287.95], [-0.9484, -0.0762, 284.091]], "outline": [[-0.5703, 0.2889], [-0.5934, 0.2456], [-0.6076, 0.1987], [-0.6125, 0.1499], [-0.6077, 0.1012], [-0.5934, 0.0543], [-0.5704, 0.011], [-0.5683, 0.0085], [-0.5742, 0.0197], [-0.5905, 0.0732], [-0.5959, 0.1286], [-0.5904, 0.1843], [-0.5742, 0.2376], [-0.5479, 0.2868], [-0.5125, 0.3301], [-0.4694, 0.3653], [-0.4201, 0.3917], [-0.408, 0.3955], [-0.4113, 0.3951], [-0.4581, 0.3809], [-0.5014, 0.3578], [-0.5394, 0.3267]], "flags": {"1": {"outline": [[-0.5749, 0.217], [-0.5704, 0.2275], [-0.581, 0.2318], [-0.5854, 0.2214]]}, "0": {"outline": [[-0.5708, 0.2519], [-0.5744, 0.2435], [-0.5659, 0.2401], [-0.5625, 0.2483]]}, "3": {"outline": [[-0.5907, 0.26], [-0.5935, 0.2532], [-0.5861, 0.2498], [-0.583, 0.2573]]}, "2": {"outline": [[-0.5963, 0.2267], [-0.5931, 0.2344], [-0.6008, 0.2375], [-0.604, 0.2299]]}}, "icon": [[-0.5954999999999999, 0.22879999999999998], [-0.5705, 0.2538]]}