{
"name": "plane_boomMain_3_0",
"flags": {
	"0": { "outline": [[0.0144482,-0.00680666],[0.00539548,-0.00680666],[0.00545735,-0.015898],[0.0143864,-0.015898]] },
	"1": { "outline": [[-0.019275,-0.0164226],[-0.00796014,-0.0164226],[-0.00796014,-0.00510782],[-0.019275,-0.00510782]] },
	"2": { "outline": [[-0.01855,0.00705035],[-0.0102311,0.00705035],[-0.0102311,0.0153692],[-0.01855,0.0153692]] },
	"3": { "outline": [[0.0144246,0.0146672],[0.00706539,0.0146672],[0.00670603,0.00645125],[0.0147839,0.00645125]] }
},
"outline": [[0.297851,0],[0.221012,0.0108576],[0.23168,0.0228185],[0.267231,0.03964],[0.25153,0.0500323],[0.249959,0.0626115],[0.227531,0.0690207],[0.297926,0.1066],[0.337739,0.139896],[0.328576,0.155405],[0.257752,0.137771],[0.226572,0.135802],[0.213688,0.142782],[0.215058,0.159498],[0.2224,0.182519],[0.247781,0.224576],[0.296748,0.296748],[0.353048,0.389529],[0.292569,0.356496],[0.274143,0.369639],[0.21823,0.326605],[0.188501,0.314495],[0.186365,0.348664],[0.133929,0.28317],[0.11406,0.275365],[0.105165,0.293917],[0.113584,0.374437],[0.0675096,0.269513],[0.0556869,0.279957],[0.0350013,0.235959],[0.0222363,0.225769],[0.010927,0.222424],[-9.21331e-09,0.210776],[-0.0100312,0.20419],[-0.0208277,0.211467],[-0.0359545,0.242385],[-0.0552988,0.278006],[-0.0789743,0.315283],[-0.0996153,0.328388],[-0.118294,0.330608],[-0.123217,0.297472],[-0.122115,0.25819],[-0.131051,0.245179],[-0.195165,0.325613],[-0.190324,0.28484],[-0.205821,0.277518],[-0.211009,0.257115],[-0.205741,0.227],[-0.202619,0.202619],[-0.200256,0.181501],[-0.233211,0.191391],[-0.299954,0.222461],[-0.332338,0.222061],[-0.341869,0.204909],[-0.36151,0.193231],[-0.369404,0.174715],[-0.364591,0.151019],[-0.357907,0.128061],[-0.36255,0.109978],[-0.398359,0.0997837],[-0.41382,0.0823139],[-0.32415,0.048083],[-0.297588,0.0293099],[-0.230649,0.011331],[-0.251968,-2.20278e-08],[-0.252719,-0.0124153],[-0.278987,-0.0274779],[-0.279898,-0.041519],[-0.295244,-0.0587277],[-0.304905,-0.0763746],[-0.296737,-0.0900142],[-0.239529,-0.0857048],[-0.229105,-0.0948984],[-0.225629,-0.106715],[-0.294576,-0.157454],[-0.364079,-0.218221],[-0.390339,-0.260817],[-0.370441,-0.274737],[-0.337864,-0.277278],[-0.314328,-0.28489],[-0.258789,-0.258789],[-0.221382,-0.244258],[-0.160931,-0.196095],[-0.132776,-0.179028],[-0.141153,-0.21125],[-0.157551,-0.262857],[-0.12868,-0.240743],[-0.122752,-0.259537],[-0.140845,-0.34003],[-0.159061,-0.444545],[-0.117109,-0.386055],[-0.0780711,-0.311678],[-0.0574304,-0.288722],[-0.0487622,-0.328728],[-0.0380848,-0.386683],[-0.0229665,-0.467496],[5.4818e-09,-0.459695],[0.0201492,-0.410145],[0.0389395,-0.395359],[0.0508692,-0.342932],[0.0614002,-0.308679],[0.0692573,-0.27649],[0.0904384,-0.298135],[0.105292,-0.29427],[0.0924955,-0.223304],[0.122092,-0.258142],[0.141792,-0.265274],[0.124315,-0.207408],[0.125335,-0.187577],[0.125566,-0.169306],[0.155534,-0.189518],[0.202542,-0.223471],[0.233827,-0.233827],[0.188446,-0.170798],[0.184363,-0.151303],[0.302802,-0.224573],[0.314443,-0.210104],[0.359752,-0.215627],[0.323002,-0.172648],[0.420557,-0.198908],[0.357846,-0.148225],[0.327603,-0.117218],[0.306858,-0.0930843],[0.371564,-0.093072],[0.432605,-0.0860504],[0.426259,-0.0632295],[0.444013,-0.0437313],[0.391461,-0.0192312]],
"inputs": [[-0.433013,-0.173761,136.332],[-0.396677,-0.135695,132.373],[-0.353553,-0.101274,124.992],[-0.304381,-0.0710876,118.242],[-0.25,-0.0456524,112.006],[-0.191342,-0.0254034,106.169],[-0.12941,-0.0106872,100.623],[-0.0652631,-0.00175557,95.2653],[2.18557e-08,0.00123873,90],[0.0652631,-0.00175557,84.7347],[0.12941,-0.0106872,79.3768],[0.191342,-0.0254034,73.8305],[0.25,-0.0456524,67.9941],[0.304381,-0.0710876,61.7585],[0.353553,-0.101274,55.008],[0.396677,-0.135695,47.6271],[0.433013,-0.173761,43.6676]],
"outputs": [[0.433013,0.22411,323.409],[0.396677,0.175167,319.55],[0.353553,0.130912,311.987],[0.304381,0.0921006,304.629],[0.25,0.0593982,297.457],[0.191342,0.0333638,290.445],[0.12941,0.014443,283.558],[0.065263,0.00295946,276.757],[5.96244e-09,-0.000890344,270],[-0.0652632,0.00295949,263.243],[-0.129409,0.014443,256.442],[-0.191342,0.0333639,249.555],[-0.25,0.0593982,242.543],[-0.304381,0.0921007,235.371],[-0.353553,0.130912,228.013],[-0.396677,0.175167,220.45],[-0.433013,0.22411,216.591]],
"icon": [[-0.0525,-0.0268014],[0.0525,0.0781986]]
}