{"inputs": [[-0.433013, 0.38465, 136.332], [-0.396677, 0.422716, 132.373], [-0.353553, 0.457137, 124.992], [-0.304381, 0.487324, 118.242], [-0.25, 0.512759, 112.006], [-0.191342, 0.533008, 106.169], [-0.12941, 0.547724, 100.623], [-0.0652631, 0.556656, 95.2653], [2.18557e-08, 0.55965, 90], [0.0652631, 0.556656, 84.7347], [0.12941, 0.547724, 79.3768], [0.191342, 0.533008, 73.8305], [0.25, 0.512759, 67.9941], [0.304381, 0.487324, 61.7585], [0.353553, 0.457137, 55.008], [0.396677, 0.422716, 47.6271], [0.433013, 0.38465, 43.6676]], "name": "plane_boomWhisp_10_0", "outputs": [[0.433013, 0.763879, 323.409], [0.396677, 0.714936, 319.55], [0.353553, 0.670681, 311.987], [0.304381, 0.63187, 304.629], [0.25, 0.599167, 297.457], [0.191342, 0.573133, 290.445], [0.12941, 0.554212, 283.558], [0.065263, 0.542729, 276.757], [5.96244e-09, 0.538879, 270], [-0.0652632, 0.542729, 263.243], [-0.129409, 0.554212, 256.442], [-0.191342, 0.573133, 249.555], [-0.25, 0.599167, 242.543], [-0.304381, 0.63187, 235.371], [-0.353553, 0.670681, 228.013], [-0.396677, 0.714936, 220.45], [-0.433013, 0.763879, 216.591]], "outline": [[0.0485052, 0.631877], [3.89829e-17, 0.636639], [-0.0485053, 0.631877], [-0.0951465, 0.617771], [-0.138131, 0.594865], [-0.175808, 0.564039], [-0.206728, 0.526478], [-0.229704, 0.483624], [-0.243852, 0.437125], [-0.24863, 0.388767], [-0.243852, 0.34041], [-0.236072, 0.31484], [-0.235048, 0.325238], [-0.22141, 0.370195], [-0.199264, 0.411628], [-0.16946, 0.447944], [-0.133144, 0.477748], [-0.0917111, 0.499894], [-0.0467539, 0.513532], [3.17267e-17, 0.518137], [0.0467539, 0.513532], [0.0917111, 0.499894], [0.133144, 0.477748], [0.16946, 0.447944], [0.199264, 0.411628], [0.22141, 0.370195], [0.235048, 0.325238], [0.236072, 0.31484], [0.243852, 0.34041], [0.24863, 0.388767], [0.243852, 0.437125], [0.229704, 0.483624], [0.206728, 0.526478], [0.175808, 0.564039], [0.138131, 0.594865], [0.0951465, 0.617771]], "flags": {"1": {"outline": [[-0.0192751, 0.531311], [-0.00796014, 0.531311], [-0.00796014, 0.542626], [-0.019275, 0.542626]]}, "0": {"outline": [[0.0144482, 0.540927], [0.00539548, 0.540927], [0.00545735, 0.531836], [0.0143864, 0.531836]]}, "3": {"outline": [[0.0144246, 0.562401], [0.00706542, 0.562401], [0.00670603, 0.554185], [0.0147839, 0.554185]]}, "2": {"outline": [[-0.01855, 0.554784], [-0.0102311, 0.554784], [-0.0102311, 0.563103], [-0.01855, 0.563103]]}}, "icon": [[-0.0125, 0.527416], [0.0125, 0.552415]]}