{"inputs": [[0.0984, -0.5143, 271.332], [0.0457, -0.5156, 267.373], [-0.0091, -0.5095, 259.992], [-0.0651, -0.4959, 253.24200000000002], [-0.1217, -0.4755, 247.006], [-0.1774, -0.4483, 241.16899999999998], [-0.2315, -0.415, 235.623], [-0.2833, -0.3759, 230.2653], [-0.3316, -0.332, 225.0], [-0.3756, -0.2837, 219.7347], [-0.4145, -0.232, 214.3768], [-0.4479, -0.1778, 208.8305], [-0.4752, -0.1219, 202.9941], [-0.4955, -0.0656, 196.7585], [-0.5091, -0.0095, 190.008], [-0.5153, 0.0454, 182.62709999999998], [-0.5139, 0.098, 178.6676]], "name": "plane_boomWhisp_7_6", "outputs": [[-0.78, -0.1679, 458.409], [-0.7196, -0.1589, 454.55], [-0.6579, -0.1583, 446.987], [-0.5957, -0.1655, 439.629], [-0.5341, -0.1809, 432.457], [-0.4742, -0.204, 425.445], [-0.4169, -0.2344, 418.558], [-0.3635, -0.2716, 411.757], [-0.3146, -0.315, 405.0], [-0.2713, -0.3638, 398.243], [-0.2339, -0.4174, 391.442], [-0.2036, -0.4745, 384.555], [-0.1805, -0.5345, 377.543], [-0.1651, -0.596, 370.371], [-0.1579, -0.6582, 363.01300000000003], [-0.1586, -0.7201, 355.45], [-0.1676, -0.7803, 351.591]], "outline": [[-0.4676, -0.4005], [-0.4371, -0.4375], [-0.4001, -0.468], [-0.3579, -0.4907], [-0.3122, -0.505], [-0.2646, -0.51], [-0.2171, -0.5055], [-0.1715, -0.492], [-0.1296, -0.4697], [-0.0929, -0.4396], [-0.0628, -0.4028], [-0.0405, -0.361], [-0.0272, -0.3161], [-0.0375, -0.3245], [-0.0733, -0.3437], [-0.1121, -0.3555], [-0.1524, -0.3595], [-0.1928, -0.3553], [-0.2315, -0.3437], [-0.2672, -0.3247], [-0.2984, -0.2988], [-0.3241, -0.2677], [-0.3434, -0.2319], [-0.355, -0.1931], [-0.3591, -0.1527], [-0.3551, -0.1125], [-0.3432, -0.0737], [-0.3241, -0.0379], [-0.3157, -0.0275], [-0.3605, -0.0409], [-0.4025, -0.0633], [-0.4391, -0.0932], [-0.4693, -0.13], [-0.4916, -0.1718], [-0.5051, -0.2176], [-0.5096, -0.265], [-0.5045, -0.3124], [-0.4905, -0.3583]], "flags": {"1": {"outline": [[-0.296, -0.3235], [-0.304, -0.3155], [-0.3119, -0.3236], [-0.3039, -0.3317]]}, "0": {"outline": [[-0.3265, -0.3065], [-0.3201, -0.3129], [-0.3138, -0.3064], [-0.3201, -0.3001]]}, "3": {"outline": [[-0.3418, -0.3217], [-0.3365, -0.327], [-0.3304, -0.3213], [-0.3361, -0.3157]]}, "2": {"outline": [[-0.3129, -0.3396], [-0.3189, -0.3338], [-0.3248, -0.3397], [-0.3189, -0.3457]]}}, "icon": [[-0.3215, -0.3221], [-0.2965, -0.2971]]}