{
"name": "plane_plane_14_0",
"flags": {
	"0": { "outline": [[-0.0958127,0.284628],[0.092405,0.274504],[0.0413505,0.435877],[-0.0420193,0.442927]] },
	"1": { "outline": [[-0.0388048,0.0578897],[0.0382337,0.0570378],[0.0382337,0.145335],[-0.0388048,0.147505]] },
	"2": { "outline": [[-0.0388048,-0.124941],[0.0382337,-0.123102],[0.0382337,-0.0348053],[-0.0388048,-0.0353252]] },
	"3": { "outline": [[-0.0223821,-0.934792],[0.0221909,-0.926808],[0.00905713,-0.665364],[-0.00908881,-0.667692]] }
},
"outline": [[-0.122505,0.193291],[-0.354893,0.201737],[-0.360067,0.309379],[-0.411323,0.312234],[-0.416399,0.198278],[-0.676305,0.159512],[-0.676305,-0.159512],[-0.416399,-0.198278],[-0.411323,-0.312234],[-0.360066,-0.309379],[-0.354893,-0.201737],[-0.122505,-0.193291],[-0.0950128,-0.395949],[-0.0691195,-0.628523],[-0.0691195,-0.684775],[-0.25318,-0.753961],[-0.25318,-0.898308],[-0.0691195,-0.911686],[-0.0390007,-0.962401],[0.0384239,-0.948167],[0.0673283,-0.88806],[0.230699,-0.818542],[0.230699,-0.687012],[0.0673283,-0.667029],[0.0673283,-0.612235],[0.0916608,-0.38198],[0.116989,-0.184588],[0.312241,-0.177492],[0.316239,-0.271722],[0.355104,-0.269558],[0.358881,-0.170889],[0.536618,-0.126566],[0.536618,0.126566],[0.358881,0.170889],[0.355104,0.269558],[0.316239,0.271722],[0.312241,0.177492],[0.116989,0.184588],[0.0928842,0.386241],[0.0311779,0.487166],[-0.0247464,0.492441],[-0.0915897,0.400203]],
"inputs": [[-0.404168,0.35876,136.332],[-0.367852,0.397195,132.373],[-0.325358,0.430737,124.992],[-0.277689,0.458818,118.242],[-0.22592,0.48102,112.006],[-0.171165,0.497078,106.169],[-0.114542,0.506875,100.623],[-0.057141,0.510426,95.2654],[1.89276e-08,0.507869,90],[0.0559113,0.499442,84.7347],[0.109706,0.485472,79.3768],[0.160586,0.466354,73.8305],[0.207846,0.442538,67.9941],[0.250875,0.414514,61.7585],[0.289148,0.382799,55.008],[0.322229,0.347932,47.6271],[0.349758,0.310463,43.6676]],
"outputs": [[0.349758,-0.867141,278.512],[0.322229,-0.877168,277.425],[0.289148,-0.887765,275.711],[0.250874,-0.898794,274.388],[0.207846,-0.910102,273.304],[0.160586,-0.921528,272.372],[0.109706,-0.932897,271.535],[0.0559112,-0.944026,270.754],[5.16362e-09,-0.954722,270],[-0.0571411,-0.964788,269.246],[-0.114542,-0.974026,268.465],[-0.171165,-0.98224,267.628],[-0.22592,-0.989242,266.696],[-0.277689,-0.994859,265.612],[-0.325358,-0.99894,264.289],[-0.367852,-1.00136,262.575],[-0.404168,-1.00204,261.488]],
"icon": [[-0.110556,-0.12766],[0.106044,0.122449]]
}