{"inputs": [[-0.433013, 0.293922, 136.332], [-0.396677, 0.331989, 132.373], [-0.353553, 0.36641, 124.992], [-0.304381, 0.396596, 118.242], [-0.25, 0.422031, 112.006], [-0.191342, 0.44228, 106.169], [-0.12941, 0.456996, 100.623], [-0.0652631, 0.465928, 95.2653], [2.18557e-08, 0.468922, 90], [0.0652631, 0.465928, 84.7347], [0.12941, 0.456996, 79.3768], [0.191342, 0.44228, 73.8305], [0.25, 0.422031, 67.9941], [0.304381, 0.396596, 61.7585], [0.353553, 0.36641, 55.008], [0.396677, 0.331989, 47.6271], [0.433013, 0.293922, 43.6676]], "name": "plane_boomWhisp_7_0", "outputs": [[0.433013, 0.670021, 323.409], [0.396677, 0.621079, 319.55], [0.353553, 0.576823, 311.987], [0.304381, 0.538013, 304.629], [0.25, 0.50531, 297.457], [0.191342, 0.479276, 290.445], [0.12941, 0.460355, 283.558], [0.065263, 0.448871, 276.757], [5.96244e-09, 0.445022, 270], [-0.0652632, 0.448871, 263.243], [-0.129409, 0.460355, 256.442], [-0.191342, 0.479276, 249.555], [-0.25, 0.50531, 242.543], [-0.304381, 0.538013, 235.371], [-0.353553, 0.576824, 228.013], [-0.396677, 0.621079, 220.45], [-0.433013, 0.670022, 216.591]], "outline": [[0.0477828, 0.613671], [3.78612e-17, 0.618321], [-0.0477828, 0.613671], [-0.0937294, 0.599901], [-0.136074, 0.57754], [-0.173189, 0.547447], [-0.203649, 0.510778], [-0.226283, 0.468943], [-0.240221, 0.423549], [-0.244927, 0.376341], [-0.240221, 0.329134], [-0.226283, 0.28374], [-0.204014, 0.242579], [-0.202704, 0.255878], [-0.190943, 0.294649], [-0.171844, 0.330381], [-0.146141, 0.361699], [-0.114822, 0.387402], [-0.0790911, 0.406501], [-0.0403203, 0.418262], [2.58543e-17, 0.422233], [0.0403203, 0.418262], [0.0790911, 0.406501], [0.114822, 0.387402], [0.146141, 0.361699], [0.171844, 0.330381], [0.190943, 0.294649], [0.202704, 0.255878], [0.204014, 0.242579], [0.226283, 0.28374], [0.240221, 0.329134], [0.244927, 0.376341], [0.240221, 0.423549], [0.226283, 0.468943], [0.203649, 0.510778], [0.173189, 0.547447], [0.136074, 0.57754], [0.0937294, 0.599901]], "flags": {"1": {"outline": [[-0.0192751, 0.437818], [-0.00796014, 0.437818], [-0.00796014, 0.449133], [-0.019275, 0.449133]]}, "0": {"outline": [[0.0144482, 0.447434], [0.00539548, 0.447434], [0.00545735, 0.438343], [0.0143864, 0.438343]]}, "3": {"outline": [[0.0144246, 0.468908], [0.00706542, 0.468908], [0.00670603, 0.460692], [0.0147839, 0.460692]]}, "2": {"outline": [[-0.01855, 0.461291], [-0.0102311, 0.461291], [-0.0102311, 0.46961], [-0.01855, 0.46961]]}}, "icon": [[-0.0125, 0.424693], [0.0125, 0.449693]]}