{
"name": "plane_plane_15_0",
"flags": {
	"0": { "outline": [[-0.0908735,0.285402],[0.0871755,0.273788],[0.0390667,0.435367],[-0.0397924,0.443454]] },
	"1": { "outline": [[-0.0367449,0.0579534],[0.0361252,0.0569761],[0.0361252,0.145178],[-0.0367449,0.147668]] },
	"2": { "outline": [[-0.0367449,-0.125078],[0.0361252,-0.122969],[0.0361252,-0.0347677],[-0.0367449,-0.0353641]] },
	"3": { "outline": [[-0.0211841,-0.935385],[0.0209766,-0.926226],[0.00856472,-0.665194],[-0.0085991,-0.667864]] }
},
"outline": [[-0.116278,0.193964],[-0.339093,0.203785],[-0.344087,0.312567],[-0.393646,0.315913],[-0.398562,0.200644],[-0.652191,0.162627],[-0.652191,-0.162627],[-0.398562,-0.200644],[-0.393646,-0.315913],[-0.344086,-0.312567],[-0.339093,-0.203785],[-0.116278,-0.193964],[-0.0901128,-0.397018],[-0.0655066,-0.629756],[-0.0655066,-0.686118],[-0.241206,-0.759405],[-0.241206,-0.904796],[-0.0655066,-0.913474],[-0.0369306,-0.963465],[0.0363047,-0.947137],[0.063563,-0.88637],[0.216796,-0.813229],[0.216796,-0.682553],[0.063563,-0.665759],[0.063563,-0.61107],[0.0864752,-0.380991],[0.110292,-0.183978],[0.292753,-0.175936],[0.296468,-0.26931],[0.33254,-0.266874],[0.336041,-0.16917],[0.499975,-0.124671],[0.499975,0.124671],[0.336041,0.16917],[0.33254,0.266874],[0.296467,0.26931],[0.292753,0.175936],[0.110292,0.183978],[0.0880764,0.385225],[0.0301374,0.486731],[-0.0227415,0.492781],[-0.0863877,0.401241]],
"inputs": [[-0.386719,0.362914,136.332],[-0.351605,0.401376,132.373],[-0.31061,0.434743,124.992],[-0.264741,0.462455,118.242],[-0.215068,0.484117,112.006],[-0.16269,0.4995,106.169],[-0.108695,0.508525,100.623],[-0.0541359,0.511254,95.2654],[1.79031e-08,0.507869,90],[0.0528016,0.498652,84.7347],[0.103447,0.483968,79.3768],[0.151206,0.464243,73.8305],[0.195446,0.439949,67.9941],[0.235622,0.41159,61.7585],[0.271277,0.37969,55.008],[0.302032,0.344786,47.6271],[0.327583,0.307418,43.6676]],
"outputs": [[0.327583,-0.858637,278.512],[0.302032,-0.869236,277.425],[0.271277,-0.880555,275.711],[0.235622,-0.892453,274.388],[0.195446,-0.904777,273.304],[0.151206,-0.917356,272.372],[0.103447,-0.930008,271.535],[0.0528015,-0.942533,270.754],[4.88414e-09,-0.954722,270],[-0.054136,-0.966352,269.246],[-0.108695,-0.977196,268.465],[-0.16269,-0.987024,267.628],[-0.215068,-0.995611,266.696],[-0.264741,-1.00274,265.612],[-0.31061,-1.00823,264.289],[-0.351605,-1.0119,262.575],[-0.386719,-1.01364,261.488]],
"icon": [[-0.104901,-0.128061],[0.100004,0.122082]]
}