{
"name": "plane_evil01_8_0",
"flags": {
	"0": { "outline": [[-0.0342616,0.185388],[0.0342616,0.185388],[0.0154203,0.287879],[-0.0154203,0.287879]] },
	"1": { "outline": [[-0.0333119,-0.109271],[0.0333119,-0.109271],[0.0333119,-0.0426474],[-0.0333119,-0.0426474]] },
	"2": { "outline": [[-0.031404,0.087232],[0.031404,0.087232],[0.031404,0.15004],[-0.031404,0.15004]] },
	"3": { "outline": [[-0.0157659,-0.467277],[0.0157659,-0.467277],[0.00641853,-0.333369],[-0.00641853,-0.333369]] }
},
"outline": [[-0.0767146,0.0696997],[-0.212936,0.0696997],[-0.215833,0.101764],[-0.244304,0.101764],[-0.247102,0.0672784],[-0.38358,0.0477921],[-0.383619,-0.0818771],[-0.247135,-0.0997272],[-0.244346,-0.11566],[-0.21587,-0.11566],[-0.212964,-0.100997],[-0.0767255,-0.107664],[-0.0598227,-0.218557],[-0.0437359,-0.303311],[-0.0437369,-0.334144],[-0.154797,-0.358108],[-0.154805,-0.434564],[-0.0437408,-0.458532],[-0.0248233,-0.489371],[0.0248233,-0.489371],[0.0437408,-0.458532],[0.154805,-0.434564],[0.154797,-0.358108],[0.0437369,-0.334144],[0.043736,-0.303311],[0.0598228,-0.218556],[0.0767255,-0.107664],[0.212964,-0.100997],[0.21587,-0.11566],[0.244346,-0.11566],[0.247135,-0.0997272],[0.383619,-0.0818771],[0.38358,0.0477921],[0.247102,0.0672784],[0.244304,0.101764],[0.215833,0.101764],[0.212936,0.0696997],[0.0767146,0.0696997],[0.059105,0.196224],[0.0179372,0.31311],[-0.0179373,0.31311],[-0.059105,0.196224]],
"inputs": [[-0.433013,0.1364,136.332],[-0.396677,0.174466,132.373],[-0.353553,0.208887,124.992],[-0.304381,0.239073,118.242],[-0.25,0.264509,112.006],[-0.191342,0.284757,106.169],[-0.12941,0.299474,100.623],[-0.0652631,0.308405,95.2653],[2.18557e-08,0.3114,90],[0.0652631,0.308405,84.7347],[0.12941,0.299474,79.3768],[0.191342,0.284757,73.8305],[0.25,0.264508,67.9941],[0.304381,0.239073,61.7585],[0.353553,0.208887,55.008],[0.396677,0.174466,47.6271],[0.433013,0.1364,43.6676]],
"outputs": [[0.433013,-0.256405,323.409],[0.396677,-0.305348,319.55],[0.353553,-0.349603,311.987],[0.304381,-0.388414,304.629],[0.25,-0.421116,297.457],[0.191342,-0.447151,290.445],[0.12941,-0.466071,283.558],[0.065263,-0.477555,276.757],[5.96244e-09,-0.481405,270],[-0.0652632,-0.477555,263.243],[-0.12941,-0.466071,256.442],[-0.191342,-0.447151,249.555],[-0.25,-0.421116,242.543],[-0.304381,-0.388414,235.371],[-0.353553,-0.349603,228.013],[-0.396677,-0.305347,220.45],[-0.433013,-0.256405,216.591]],
"icon": [[-0.05,-0.0243014],[0.05,0.0756986]]
}