{"inputs": [[0.5887, 0.2249, 383.832], [0.6102, 0.1768, 379.873], [0.6253, 0.1238, 372.492], [0.6344, 0.0668, 365.742], [0.637, 0.0068, 359.506], [0.6334, -0.0552, 353.669], [0.6232, -0.118, 348.123], [0.607, -0.1806, 342.7653], [0.5845, -0.2423, 337.5], [0.5569, -0.3014, 332.2347], [0.524, -0.3573, 326.8768], [0.487, -0.4087, 321.33050000000003], [0.4456, -0.4551, 315.4942], [0.4014, -0.4959, 309.2585], [0.3547, -0.5295, 302.50800000000004], [0.3063, -0.5562, 295.1271], [0.2572, -0.5753, 291.1676]], "name": "plane_boomWhisp_14_11", "outputs": [[0.61, -0.7215, 570.909], [0.5785, -0.6691, 567.05], [0.5545, -0.6124, 559.4870000000001], [0.5374, -0.552, 552.129], [0.528, -0.4893, 544.957], [0.5262, -0.4251, 537.9449999999999], [0.5324, -0.3605, 531.058], [0.5465, -0.2969, 524.2570000000001], [0.5678, -0.2355, 517.5], [0.5963, -0.1764, 510.743], [0.6317, -0.1214, 503.942], [0.6728, -0.0716, 497.055], [0.7193, -0.0272, 490.043], [0.7701, 0.0105, 482.871], [0.8251, 0.0409, 475.51300000000003], [0.8822, 0.064, 467.95], [0.9415, 0.0787, 464.091]], "outline": [[0.5705, -0.2889], [0.5934, -0.2456], [0.6076, -0.1989], [0.6126, -0.1503], [0.6076, -0.1014], [0.5934, -0.0547], [0.5706, -0.0113], [0.5393, 0.0266], [0.532, 0.0325], [0.5361, 0.0275], [0.5616, -0.0205], [0.5776, -0.0723], [0.5827, -0.1266], [0.5773, -0.1807], [0.5616, -0.2326], [0.5362, -0.2806], [0.5017, -0.3226], [0.4595, -0.3572], [0.4115, -0.3828], [0.3596, -0.3985], [0.3532, -0.3992], [0.3628, -0.4002], [0.4114, -0.3952], [0.4582, -0.3812], [0.5014, -0.358], [0.5394, -0.3269]], "flags": {"1": {"outline": [[0.5679, -0.2143], [0.5639, -0.2248], [0.574, -0.2292], [0.5785, -0.2186]]}, "0": {"outline": [[0.5641, -0.2492], [0.5673, -0.2409], [0.5588, -0.2373], [0.5555, -0.2456]]}, "3": {"outline": [[0.5839, -0.2574], [0.5867, -0.2506], [0.5791, -0.247], [0.5761, -0.2545]]}, "2": {"outline": [[0.5894, -0.2239], [0.5862, -0.2317], [0.5939, -0.2347], [0.5971, -0.2272]]}}, "icon": [[0.563, -0.25090000000000007], [0.5880000000000001, -0.22589999999999993]]}