{"inputs": [[-0.1897, -0.5475, 248.832], [-0.2388, -0.5285, 244.873], [-0.2871, -0.5019, 237.49200000000002], [-0.3338, -0.468, 230.74200000000002], [-0.3781, -0.4274, 224.506], [-0.4192, -0.3811, 218.66899999999998], [-0.4566, -0.3295, 213.123], [-0.4894, -0.2736, 207.7653], [-0.5171, -0.2144, 202.5], [-0.5392, -0.153, 197.2347], [-0.5556, -0.0903, 191.8768], [-0.5656, -0.0274, 186.3305], [-0.5694, 0.0345, 180.4941], [-0.5668, 0.0945, 174.2585], [-0.5577, 0.1515, 167.508], [-0.5424, 0.2045, 160.12709999999998], [-0.521, 0.2525, 156.1676]], "name": "plane_boomWhisp_10_5", "outputs": [[-0.8714, 0.1075, 435.909], [-0.8124, 0.0924, 432.05], [-0.755, 0.0697, 424.487], [-0.7001, 0.0391, 417.129], [-0.6492, 0.0013, 409.957], [-0.6027, -0.0429, 402.945], [-0.5616, -0.0928, 396.058], [-0.5264, -0.1476, 389.257], [-0.4978, -0.2066, 382.5], [-0.4765, -0.2683, 375.743], [-0.4627, -0.3319, 368.942], [-0.4563, -0.3965, 362.055], [-0.4579, -0.4605, 355.043], [-0.4673, -0.5233, 347.871], [-0.4844, -0.5835, 340.51300000000003], [-0.5087, -0.6404, 332.95], [-0.54, -0.6926, 329.091]], "outline": [[-0.6023, -0.1972], [-0.5882, -0.244], [-0.5652, -0.287], [-0.5343, -0.3246], [-0.4968, -0.3556], [-0.4537, -0.3786], [-0.4073, -0.3928], [-0.359, -0.3976], [-0.3107, -0.3928], [-0.264, -0.3788], [-0.2211, -0.3559], [-0.2006, -0.3389], [-0.2106, -0.3421], [-0.2572, -0.3466], [-0.304, -0.342], [-0.3489, -0.3282], [-0.3905, -0.3063], [-0.4267, -0.2763], [-0.4566, -0.24], [-0.4786, -0.1985], [-0.4923, -0.1537], [-0.4969, -0.1069], [-0.4924, -0.0602], [-0.4787, -0.0153], [-0.4566, 0.0263], [-0.4268, 0.0625], [-0.3905, 0.0923], [-0.3813, 0.0973], [-0.4079, 0.0948], [-0.4543, 0.0807], [-0.4972, 0.0577], [-0.5347, 0.0268], [-0.5656, -0.0108], [-0.5884, -0.0537], [-0.6025, -0.1003], [-0.6072, -0.1489]], "flags": {"1": {"outline": [[-0.4834, -0.2214], [-0.4879, -0.211], [-0.4982, -0.2153], [-0.494, -0.2257]]}, "0": {"outline": [[-0.5053, -0.194], [-0.5018, -0.2024], [-0.4935, -0.1988], [-0.4969, -0.1906]]}, "3": {"outline": [[-0.5251, -0.2022], [-0.5222, -0.209], [-0.5146, -0.2061], [-0.5176, -0.1987]]}, "2": {"outline": [[-0.5055, -0.2298], [-0.5087, -0.2221], [-0.5163, -0.2252], [-0.5131, -0.233]]}}, "icon": [[-0.5113000000000001, -0.2194995], [-0.48630000000000007, -0.1945005]]}