{"inputs": [[0.3306, -0.3342, 293.832], [0.2823, -0.3552, 289.873], [0.2296, -0.3707, 282.492], [0.1725, -0.3797, 275.742], [0.1125, -0.3825, 269.506], [0.0505, -0.3786, 263.669], [-0.0125, -0.3686, 258.123], [-0.0751, -0.3523, 252.7653], [-0.1364, -0.3301, 247.5], [-0.1957, -0.3023, 242.2347], [-0.2516, -0.2695, 236.8768], [-0.303, -0.2321, 231.3305], [-0.3493, -0.1911, 225.4941], [-0.3901, -0.1469, 219.2585], [-0.4239, -0.1001, 212.508], [-0.4505, -0.0519, 205.12709999999998], [-0.4696, -0.0029, 201.1676]], "name": "plane_boomWhisp_4_7", "outputs": [[-0.6121, -0.3467, 480.909], [-0.5596, -0.3153, 477.05], [-0.503, -0.2911, 469.487], [-0.4426, -0.274, 462.129], [-0.3799, -0.2644, 454.957], [-0.3158, -0.263, 447.945], [-0.2512, -0.269, 441.058], [-0.1876, -0.2831, 434.257], [-0.1259, -0.3044, 427.5], [-0.0671, -0.3329, 420.743], [-0.0122, -0.3682, 413.942], [0.0378, -0.4094, 407.055], [0.0821, -0.4559, 400.043], [0.1198, -0.5068, 392.871], [0.1503, -0.5617, 385.51300000000003], [0.1734, -0.6189, 377.95], [0.1881, -0.678, 374.091]], "outline": [[-0.2532, -0.4927], [-0.2126, -0.514], [-0.1689, -0.5277], [-0.1233, -0.5326], [-0.0781, -0.5292], [-0.0349, -0.5172], [0.0049, -0.4973], [0.0396, -0.4699], [0.0679, -0.4365], [0.0887, -0.3981], [0.1011, -0.3561], [0.1048, -0.3125], [0.0996, -0.2689], [0.0857, -0.2265], [0.0835, -0.2227], [0.0711, -0.2379], [0.0453, -0.2591], [0.0161, -0.2747], [-0.0156, -0.2842], [-0.0488, -0.2875], [-0.0818, -0.2843], [-0.1137, -0.2747], [-0.1427, -0.2591], [-0.1684, -0.2379], [-0.1896, -0.2122], [-0.2052, -0.183], [-0.2147, -0.1512], [-0.2181, -0.1183], [-0.2161, -0.0986], [-0.2201, -0.0999], [-0.2599, -0.1198], [-0.2947, -0.1471], [-0.3229, -0.1804], [-0.3436, -0.219], [-0.3562, -0.2608], [-0.3599, -0.3043], [-0.3547, -0.3483], [-0.3406, -0.3905], [-0.3184, -0.4296], [-0.2889, -0.4642]], "flags": {"1": {"outline": [[-0.1054, -0.3057], [-0.116, -0.3013], [-0.1202, -0.3118], [-0.1097, -0.3161]]}, "0": {"outline": [[-0.1403, -0.3018], [-0.1319, -0.3049], [-0.1284, -0.2967], [-0.1367, -0.2934]]}, "3": {"outline": [[-0.1485, -0.3214], [-0.1418, -0.3243], [-0.1383, -0.3168], [-0.1456, -0.3136]]}, "2": {"outline": [[-0.115, -0.3269], [-0.1227, -0.3237], [-0.126, -0.3315], [-0.1182, -0.3346]]}}, "icon": [[-0.13130000000000003, -0.2995], [-0.10629999999999999, -0.27449999999999997]]}