{
"name": "plane_plane_3_0",
"flags": {
	"0": { "outline": [[-0.09697,0.275262],[0.099984,0.283818],[0.0439188,0.442373],[-0.0433273,0.436415]] },
	"1": { "outline": [[-0.0400577,0.0571029],[0.0405629,0.0578229],[0.0405629,0.147335],[-0.0400577,0.1455]] },
	"2": { "outline": [[-0.0400577,-0.123243],[0.0405629,-0.124797],[0.0405629,-0.0352844],[-0.0400577,-0.034845]] },
	"3": { "outline": [[-0.0232384,-0.927421],[0.0234075,-0.93417],[0.009509,-0.667511],[-0.00948097,-0.665544]] }
},
"outline": [[-0.122859,0.185233],[-0.329832,0.179158],[-0.334095,0.274305],[-0.375593,0.272439],[-0.379632,0.172735],[-0.570699,0.128621],[-0.570699,-0.128621],[-0.379632,-0.172735],[-0.375593,-0.272439],[-0.334095,-0.274305],[-0.329832,-0.179158],[-0.122859,-0.185233],[-0.0961869,-0.383026],[-0.0706015,-0.613465],[-0.0706015,-0.668369],[-0.2431,-0.691765],[-0.2431,-0.824205],[-0.0706016,-0.889845],[-0.0402572,-0.949254],[0.0407675,-0.961284],[0.0721859,-0.909813],[0.262974,-0.891585],[0.262974,-0.748318],[0.0721859,-0.683368],[0.0721859,-0.627232],[0.0991517,-0.394832],[0.127737,-0.192589],[0.367516,-0.199627],[0.372816,-0.306097],[0.425246,-0.308455],[0.43043,-0.195849],[0.693787,-0.156362],[0.693787,0.156362],[0.43043,0.195849],[0.425246,0.308455],[0.372816,0.306097],[0.367516,0.199627],[0.127737,0.192589],[0.0960553,0.399112],[0.0265588,0.492073],[-0.0319836,0.487614],[-0.0970206,0.38731]],
"inputs": [[-0.36988,0.313731,136.332],[-0.340485,0.351304,132.373],[-0.305226,0.386125,124.992],[-0.26452,0.417635,118.242],[-0.218869,0.445295,112.006],[-0.168863,0.468596,106.169],[-0.115185,0.487063,100.623],[-0.0586096,0.500275,95.2654],[1.9808e-08,0.507869,90],[0.0596973,0.509559,84.7347],[0.119463,0.505152,79.3768],[0.178218,0.494557,73.8305],[0.234848,0.477805,67.9941],[0.288221,0.455055,61.7585],[0.337224,0.426603,55.008],[0.38079,0.39289,47.6271],[0.417937,0.354493,43.6676]],
"outputs": [[0.417937,-0.990119,278.512],[0.38079,-0.990511,277.425],[0.337224,-0.989353,275.711],[0.288221,-0.986698,274.388],[0.234848,-0.982629,273.304],[0.178218,-0.977258,272.372],[0.119463,-0.970715,271.535],[0.0596972,-0.963149,270.754],[5.40381e-09,-0.954722,270],[-0.0586097,-0.9456,269.246],[-0.115185,-0.935955,268.465],[-0.168863,-0.925957,267.628],[-0.218869,-0.915771,266.696],[-0.26452,-0.90556,265.612],[-0.305226,-0.895477,264.289],[-0.340485,-0.885668,262.575],[-0.36988,-0.87627,261.488]],
"icon": [[-0.111328,-0.122837],[0.115319,0.127241]]
}