{"inputs": [[0.4058, 0.1519, 338.832], [0.3868, 0.1029, 334.873], [0.3601, 0.0544, 327.492], [0.3265, 0.0078, 320.742], [0.2859, -0.0367, 314.506], [0.2394, -0.0776, 308.669], [0.1879, -0.1148, 303.123], [0.1321, -0.1477, 297.7653], [0.0727, -0.1755, 292.5], [0.0113, -0.1976, 287.2347], [-0.0514, -0.214, 281.8768], [-0.1142, -0.2242, 276.33050000000003], [-0.1761, -0.2278, 270.4941], [-0.236, -0.2252, 264.2585], [-0.2928, -0.2161, 257.50800000000004], [-0.3462, -0.2007, 250.12709999999998], [-0.3943, -0.1795, 246.1676]], "name": "plane_boomWhisp_0_9", "outputs": [[-0.2538, -0.5181, 525.909], [-0.2391, -0.4591, 522.05], [-0.216, -0.4016, 514.4870000000001], [-0.1857, -0.3469, 507.129], [-0.1479, -0.2958, 499.957], [-0.1035, -0.2493, 492.945], [-0.0536, -0.2082, 486.058], [0.0012, -0.1728, 479.257], [0.0599, -0.1446, 472.5], [0.1217, -0.1231, 465.743], [0.1853, -0.1091, 458.942], [0.2499, -0.1028, 452.055], [0.3139, -0.1045, 445.043], [0.3768, -0.1138, 437.871], [0.437, -0.131, 430.51300000000003], [0.4941, -0.1553, 422.95], [0.5462, -0.1866, 419.091]], "outline": [[0.0439, -0.1823], [0.0721, -0.1737], [0.0979, -0.1598], [0.1208, -0.141], [0.1395, -0.1185], [0.1533, -0.0925], [0.1616, -0.0643], [0.1647, -0.0349], [0.1618, -0.006], [0.1532, 0.0222], [0.1394, 0.0482], [0.1208, 0.071], [0.098, 0.0895], [0.0721, 0.1036], [0.0606, 0.1071], [0.0621, 0.0922], [0.06, 0.0726], [0.0545, 0.0538], [0.045, 0.0365], [0.0327, 0.0212], [0.0176, 0.0092], [0.0, 0.0], [-0.0186, -0.0059], [-0.0379, -0.0079], [-0.0574, -0.0058], [-0.0762, -0.0003], [-0.0936, 0.0088], [-0.1088, 0.0215], [-0.1183, 0.033], [-0.124, 0.0222], [-0.1325, -0.006], [-0.1352, -0.0351], [-0.1326, -0.0642], [-0.1238, -0.0924], [-0.11, -0.1184], [-0.0914, -0.141], [-0.0688, -0.1597], [-0.0427, -0.1737], [-0.0146, -0.1822], [0.0148, -0.1851]], "flags": {"1": {"outline": [[0.0755, -0.1314], [0.065, -0.1357], [0.0695, -0.1464], [0.0798, -0.1419]]}, "0": {"outline": [[0.0481, -0.1533], [0.0565, -0.1498], [0.0526, -0.1413], [0.0445, -0.145]]}, "3": {"outline": [[0.0562, -0.1731], [0.0629, -0.1703], [0.0601, -0.1627], [0.0529, -0.1657]]}, "2": {"outline": [[0.0839, -0.1535], [0.0761, -0.1565], [0.0794, -0.1644], [0.087, -0.1612]]}}, "icon": [[0.0342, -0.1246], [0.059199999999999996, -0.09960000000000001]]}