{"inputs": [[-0.2358, 0.5619, 473.832], [-0.1876, 0.5833, 469.873], [-0.1346, 0.5986, 462.492], [-0.0776, 0.6075, 455.742], [-0.0175, 0.6104, 449.506], [0.0443, 0.6067, 443.669], [0.1072, 0.5965, 438.123], [0.1699, 0.5804, 432.7654], [0.2314, 0.558, 427.5], [0.2904, 0.5305, 422.2347], [0.3464, 0.4975, 416.8768], [0.3978, 0.4602, 411.33050000000003], [0.4444, 0.419, 405.4941], [0.4847, 0.3749, 399.2585], [0.5186, 0.3281, 392.50800000000004], [0.5453, 0.2799, 385.1271], [0.5644, 0.2307, 381.1676]], "name": "plane_boomWhisp_12_15", "outputs": [[0.71, 0.5825, 660.909], [0.6578, 0.5512, 657.05], [0.6009, 0.5266, 649.4870000000001], [0.5405, 0.5098, 642.129], [0.4781, 0.5002, 634.957], [0.4138, 0.4988, 627.9449999999999], [0.3494, 0.505, 621.058], [0.2857, 0.5189, 614.2570000000001], [0.2239, 0.5403, 607.5], [0.165, 0.5685, 600.7429999999999], [0.11, 0.6043, 593.942], [0.0602, 0.6452, 587.0550000000001], [0.016, 0.6915, 580.043], [-0.0218, 0.7429, 572.871], [-0.0525, 0.7973, 565.513], [-0.0754, 0.8547, 557.95], [-0.09, 0.914, 554.091]], "outline": [[0.2884, 0.5688], [0.2452, 0.5921], [0.1986, 0.6061], [0.15, 0.611], [0.1011, 0.6061], [0.0544, 0.592], [0.0113, 0.5692], [-0.0269, 0.5379], [-0.0576, 0.5004], [-0.0808, 0.4572], [-0.0838, 0.4464], [-0.0651, 0.4694], [-0.0258, 0.5015], [0.0193, 0.5256], [0.0675, 0.5403], [0.1184, 0.5452], [0.169, 0.5403], [0.2175, 0.5255], [0.2625, 0.5015], [0.3017, 0.4691], [0.3341, 0.43], [0.358, 0.3852], [0.3729, 0.3365], [0.3779, 0.2855], [0.3751, 0.256], [0.3802, 0.266], [0.3947, 0.3129], [0.3992, 0.3615], [0.3944, 0.4101], [0.3803, 0.457], [0.3571, 0.5001], [0.3263, 0.538]], "flags": {"1": {"outline": [[0.2031, 0.5404], [0.2137, 0.5363], [0.2179, 0.5467], [0.2074, 0.5508]]}, "0": {"outline": [[0.2378, 0.5365], [0.2293, 0.54], [0.226, 0.5315], [0.2344, 0.5282]]}, "3": {"outline": [[0.2462, 0.5565], [0.2394, 0.5591], [0.2359, 0.5517], [0.2433, 0.5487]]}, "2": {"outline": [[0.2127, 0.5618], [0.2205, 0.559], [0.2236, 0.5664], [0.2159, 0.5696]]}}, "icon": [[0.21329999999999993, 0.5327999999999999], [0.23830000000000007, 0.5578000000000001]]}