{"inputs": [[0.6215, -0.0091, 361.332], [0.6226, -0.0617, 357.373], [0.6165, -0.1165, 349.992], [0.6031, -0.1727, 343.242], [0.5826, -0.2289, 337.006], [0.5556, -0.2847, 331.169], [0.5222, -0.3389, 325.623], [0.483, -0.3907, 320.2654], [0.4391, -0.4389, 315.0], [0.3906, -0.4831, 309.7347], [0.3392, -0.522, 304.3768], [0.2849, -0.5552, 298.83050000000003], [0.2292, -0.5825, 292.9941], [0.1726, -0.603, 286.7585], [0.1165, -0.6164, 280.00800000000004], [0.0617, -0.6225, 272.6271], [0.0092, -0.6213, 268.6676]], "name": "plane_boomWhisp_13_10", "outputs": [[0.2787, -0.8909, 548.409], [0.2697, -0.8308, 544.55], [0.269, -0.7688, 536.9870000000001], [0.2764, -0.7066, 529.629], [0.2915, -0.6452, 522.457], [0.3146, -0.5852, 515.4449999999999], [0.3452, -0.528, 508.558], [0.3824, -0.4747, 501.757], [0.4258, -0.4257, 495.0], [0.4747, -0.3824, 488.243], [0.5282, -0.3449, 481.442], [0.5853, -0.3147, 474.555], [0.6453, -0.2915, 467.543], [0.7069, -0.2763, 460.371], [0.7691, -0.2689, 453.01300000000003], [0.8307, -0.2698, 445.45], [0.8912, -0.2786, 441.591]], "outline": [[0.416, -0.4848], [0.4541, -0.4539], [0.485, -0.416], [0.5082, -0.3729], [0.5222, -0.326], [0.527, -0.2772], [0.5224, -0.2285], [0.5081, -0.1817], [0.4851, -0.1386], [0.4768, -0.1285], [0.4908, -0.1749], [0.4962, -0.2273], [0.491, -0.2797], [0.4758, -0.3302], [0.4509, -0.3766], [0.4173, -0.4175], [0.3767, -0.4508], [0.3302, -0.4757], [0.2798, -0.4907], [0.2273, -0.4961], [0.1748, -0.491], [0.1286, -0.4767], [0.1385, -0.485], [0.1817, -0.5079], [0.2285, -0.5223], [0.2773, -0.5269], [0.326, -0.5222], [0.373, -0.5081]], "flags": {"1": {"outline": [[0.4339, -0.4065], [0.426, -0.4147], [0.4338, -0.4225], [0.4418, -0.4146]]}, "0": {"outline": [[0.4168, -0.4373], [0.423, -0.4309], [0.4169, -0.4243], [0.4104, -0.4307]]}, "3": {"outline": [[0.4322, -0.4525], [0.4372, -0.4471], [0.4316, -0.4411], [0.426, -0.4467]]}, "2": {"outline": [[0.45, -0.4238], [0.4442, -0.4297], [0.4501, -0.4355], [0.4558, -0.4296]]}}, "icon": [[0.4181, -0.4432], [0.44309999999999994, -0.41820000000000007]]}