{
"name": "plane_evil01_1_0",
"flags": {
	"0": { "outline": [[-0.0278828,0.184181],[0.0282506,0.18661],[0.0126689,0.288731],[-0.0125944,0.287033]] },
	"1": { "outline": [[-0.0271148,-0.10858],[0.0274625,-0.109972],[0.0274625,-0.0429207],[-0.0271148,-0.0423774]] },
	"2": { "outline": [[-0.0255711,0.0867113],[0.02588,0.0877589],[0.02588,0.150946],[-0.0255711,0.149144]] },
	"3": { "outline": [[-0.0128759,-0.465873],[0.0129537,-0.46869],[0.00526421,-0.333779],[-0.00525131,-0.332961]] }
},
"outline": [[-0.0617383,0.0686936],[-0.167416,0.0669744],[-0.169565,0.0977334],[-0.190965,0.0972251],[-0.1931,0.0642445],[-0.292589,0.0445273],[-0.292777,-0.0762821],[-0.193338,-0.0952273],[-0.191275,-0.110497],[-0.169873,-0.111075],[-0.167658,-0.0970453],[-0.0619854,-0.106107],[-0.0486826,-0.21608],[-0.0358557,-0.300786],[-0.0358938,-0.33136],[-0.123538,-0.3478],[-0.123635,-0.422051],[-0.0360475,-0.454704],[-0.0207925,-0.487031],[0.0198688,-0.491676],[0.0356056,-0.462373],[0.130164,-0.447794],[0.130254,-0.369014],[0.0357566,-0.336948],[0.0357941,-0.305858],[0.0493302,-0.22108],[0.0637394,-0.109266],[0.181818,-0.105284],[0.184385,-0.120638],[0.209906,-0.121327],[0.212445,-0.104673],[0.339105,-0.0883576],[0.339265,0.0515754],[0.21266,0.070616],[0.210187,0.106753],[0.184667,0.106147],[0.18204,0.0726593],[0.063979,0.0707387],[0.0475818,0.198438],[0.011291,0.314073],[-0.0180619,0.311927],[-0.0492178,0.194004]],
"inputs": [[-0.327583,0.125971,136.332],[-0.302032,0.162167,132.373],[-0.271277,0.195661,124.992],[-0.235622,0.225926,118.242],[-0.195446,0.252442,112.006],[-0.151206,0.274708,106.169],[-0.103447,0.292243,100.623],[-0.0528015,0.304604,95.2653],[1.79031e-08,0.3114,90],[0.0541359,0.312302,84.7347],[0.108695,0.307071,79.3768],[0.16269,0.29557,73.8305],[0.215068,0.277786,67.9941],[0.264741,0.253846,61.7585],[0.31061,0.224031,55.008],[0.351605,0.188784,47.6271],[0.386719,0.148711,43.6676]],
"outputs": [[0.386719,-0.279548,323.409],[0.351605,-0.330406,319.55],[0.31061,-0.374948,311.987],[0.264741,-0.412414,304.629],[0.215068,-0.442255,297.457],[0.16269,-0.46413,290.445],[0.108695,-0.477896,283.558],[0.0541358,-0.483589,276.757],[4.88415e-09,-0.481405,270],[-0.0528016,-0.47167,263.243],[-0.103447,-0.454818,256.442],[-0.151206,-0.43137,249.555],[-0.195446,-0.401906,242.543],[-0.235622,-0.367053,235.371],[-0.271277,-0.327467,228.013],[-0.302032,-0.283822,220.45],[-0.327583,-0.2368,216.591]],
"icon": [[-0.0405698,-0.0240713],[0.0413529,0.0764293]]
}