{"inputs": [[-0.3943, 0.1791, 473.832], [-0.3461, 0.2005, 469.873], [-0.2929, 0.2158, 462.492], [-0.2363, 0.2251, 455.742], [-0.1761, 0.2277, 449.506], [-0.1143, 0.2238, 443.669], [-0.0516, 0.2138, 438.123], [0.0112, 0.1975, 432.7653], [0.0727, 0.1753, 427.5], [0.1319, 0.1474, 422.2347], [0.1877, 0.1146, 416.8768], [0.2394, 0.0774, 411.33050000000003], [0.2856, 0.0362, 405.4941], [0.3262, -0.0079, 399.2585], [0.3599, -0.0546, 392.50800000000004], [0.3869, -0.1032, 385.1271], [0.4059, -0.1522, 381.1676]], "name": "plane_boomWhisp_0_15", "outputs": [[0.5458, 0.1865, 660.909], [0.4938, 0.1551, 657.05], [0.4367, 0.1309, 649.4870000000001], [0.3767, 0.1136, 642.129], [0.3137, 0.1043, 634.957], [0.2495, 0.1027, 627.9449999999999], [0.1851, 0.1089, 621.058], [0.1213, 0.1227, 614.2570000000001], [0.0599, 0.1442, 607.5], [0.001, 0.1727, 600.7429999999999], [-0.0539, 0.2079, 593.942], [-0.1039, 0.2492, 587.0550000000001], [-0.148, 0.2954, 580.043], [-0.1859, 0.3465, 572.871], [-0.2163, 0.4012, 565.513], [-0.2395, 0.4589, 557.95], [-0.2543, 0.5179, 554.091]], "outline": [[0.0979, 0.1597], [0.0717, 0.1734], [0.0438, 0.1819], [0.0144, 0.1848], [-0.0149, 0.1821], [-0.043, 0.1735], [-0.0687, 0.1595], [-0.0917, 0.1409], [-0.11, 0.1184], [-0.1239, 0.0924], [-0.1326, 0.0641], [-0.1356, 0.0348], [-0.1324, 0.0056], [-0.1242, -0.0227], [-0.1185, -0.0331], [-0.1091, -0.0216], [-0.0938, -0.0092], [-0.0764, 0.0001], [-0.0576, 0.0058], [-0.0379, 0.0078], [-0.019, 0.0057], [0.0, 0.0], [0.0173, -0.0093], [0.0324, -0.0215], [0.0447, -0.0368], [0.0542, -0.0539], [0.0599, -0.0729], [0.0617, -0.0924], [0.0603, -0.1073], [0.0721, -0.1036], [0.0981, -0.0899], [0.1205, -0.071], [0.1392, -0.0488], [0.1529, -0.0225], [0.1615, 0.0056], [0.1644, 0.0347], [0.1616, 0.0639], [0.1532, 0.0923], [0.1392, 0.1182], [0.1204, 0.141]], "flags": {"1": {"outline": [[0.0396, 0.146], [0.0501, 0.1415], [0.0545, 0.1524], [0.044, 0.1565]]}, "0": {"outline": [[0.0745, 0.1422], [0.066, 0.1455], [0.0629, 0.1367], [0.0712, 0.1337]]}, "3": {"outline": [[0.0827, 0.1618], [0.076, 0.1645], [0.0726, 0.1571], [0.0799, 0.1543]]}, "2": {"outline": [[0.0494, 0.1675], [0.0569, 0.164], [0.0603, 0.172], [0.0525, 0.1751]]}}, "icon": [[0.0337, 0.0995], [0.058699999999999995, 0.1245]]}