{"inputs": [[-0.4087, -0.4332, 226.332], [-0.4469, -0.397, 222.373], [-0.4812, -0.3538, 214.99200000000002], [-0.5114, -0.3045, 208.24200000000002], [-0.5369, -0.2502, 202.006], [-0.5571, -0.1916, 196.16899999999998], [-0.5719, -0.1296, 190.623], [-0.5808, -0.0655, 185.2654], [-0.5837, -0.0002, 180.0], [-0.5807, 0.065, 174.7347], [-0.5718, 0.1292, 169.3768], [-0.557, 0.1912, 163.8305], [-0.5368, 0.2498, 157.9941], [-0.5114, 0.3041, 151.7585], [-0.4812, 0.3533, 145.008], [-0.4468, 0.3965, 137.62709999999998], [-0.4087, 0.4327, 133.6676]], "name": "plane_boomWhisp_11_4", "outputs": [[-0.7888, 0.4327, 413.409], [-0.7399, 0.3964, 409.55], [-0.6956, 0.3533, 401.987], [-0.6568, 0.3041, 394.629], [-0.6241, 0.2497, 387.457], [-0.598, 0.1911, 380.445], [-0.5792, 0.1292, 373.558], [-0.5676, 0.065, 366.757], [-0.5638, -0.0003, 360.0], [-0.5676, -0.0654, 353.243], [-0.579, -0.1297, 346.442], [-0.598, -0.1915, 339.555], [-0.6241, -0.2502, 332.543], [-0.6568, -0.3047, 325.371], [-0.6955, -0.3539, 318.01300000000003], [-0.7398, -0.3968, 310.45], [-0.7887, -0.4332, 306.591]], "outline": [[-0.6345, 0.0484], [-0.6391, -0.0002], [-0.6345, -0.0488], [-0.6202, -0.0955], [-0.5973, -0.1386], [-0.5663, -0.1765], [-0.5286, -0.2075], [-0.4857, -0.2305], [-0.4389, -0.2446], [-0.3905, -0.2495], [-0.3447, -0.245], [-0.3906, -0.231], [-0.4337, -0.2079], [-0.4717, -0.1769], [-0.5028, -0.1389], [-0.5258, -0.0959], [-0.5401, -0.049], [-0.5448, -0.0002], [-0.5401, 0.0485], [-0.5258, 0.0954], [-0.5027, 0.1385], [-0.4717, 0.1764], [-0.4338, 0.2075], [-0.3906, 0.2304], [-0.3448, 0.2444], [-0.3905, 0.249], [-0.439, 0.2442], [-0.4858, 0.23], [-0.5286, 0.207], [-0.5663, 0.1759], [-0.5973, 0.1382], [-0.6203, 0.095]], "flags": {"1": {"outline": [[-0.5561, -0.0195], [-0.556, -0.0082], [-0.5674, -0.0082], [-0.5675, -0.0195]]}, "0": {"outline": [[-0.5657, 0.0141], [-0.5657, 0.0052], [-0.5567, 0.0052], [-0.5566, 0.0141]]}, "3": {"outline": [[-0.5871, 0.0142], [-0.5872, 0.0069], [-0.579, 0.0065], [-0.579, 0.0145]]}, "2": {"outline": [[-0.5796, -0.0188], [-0.5796, -0.0104], [-0.5879, -0.0105], [-0.5879, -0.0188]]}}, "icon": [[-0.5796, -0.012799999999999956], [-0.5546000000000001, 0.012199999999999956]]}