{"inputs": [[0.4332, -0.1416, 316.332], [0.3968, -0.1797, 312.373], [0.3538, -0.2143, 304.992], [0.3046, -0.2445, 298.242], [0.2503, -0.2699, 292.006], [0.1915, -0.2901, 286.169], [0.1295, -0.3047, 280.623], [0.0655, -0.3135, 275.2653], [0.0002, -0.3168, 270.0], [-0.065, -0.3138, 264.7347], [-0.1292, -0.3049, 259.3768], [-0.1912, -0.2901, 253.8305], [-0.2498, -0.2699, 247.9941], [-0.3042, -0.2444, 241.7585], [-0.3535, -0.2143, 235.008], [-0.3964, -0.1798, 227.62709999999998], [-0.4329, -0.1418, 223.6676]], "name": "plane_boomWhisp_3_8", "outputs": [[-0.4329, -0.5126, 503.409], [-0.3965, -0.4635, 499.55], [-0.3533, -0.4193, 491.987], [-0.304, -0.3804, 484.629], [-0.2498, -0.3479, 477.457], [-0.1911, -0.3219, 470.445], [-0.1291, -0.3028, 463.558], [-0.0651, -0.2914, 456.757], [0.0003, -0.2875, 450.0], [0.0653, -0.2914, 443.243], [0.1296, -0.3028, 436.442], [0.1917, -0.3218, 429.555], [0.2502, -0.3478, 422.543], [0.3046, -0.3805, 415.371], [0.3538, -0.4195, 408.01300000000003], [0.3969, -0.4635, 400.45], [0.4332, -0.5126, 396.591]], "outline": [[-0.044, -0.5072], [0.0002, -0.5112], [0.0444, -0.507], [0.0868, -0.4952], [0.126, -0.4758], [0.1604, -0.4498], [0.1885, -0.4182], [0.2095, -0.382], [0.2224, -0.3426], [0.2266, -0.3019], [0.2223, -0.261], [0.2094, -0.2217], [0.1885, -0.1856], [0.1604, -0.1538], [0.1458, -0.1429], [0.1439, -0.1498], [0.1297, -0.1765], [0.1101, -0.1999], [0.0866, -0.2195], [0.0597, -0.2338], [0.0306, -0.2427], [0.0, -0.2456], [-0.03, -0.2426], [-0.0592, -0.2337], [-0.0863, -0.2193], [-0.1096, -0.2001], [-0.1291, -0.1766], [-0.1435, -0.1496], [-0.1453, -0.1428], [-0.16, -0.1537], [-0.1882, -0.1853], [-0.2089, -0.2218], [-0.2219, -0.2611], [-0.2263, -0.3017], [-0.222, -0.3428], [-0.2091, -0.3819], [-0.1881, -0.4181], [-0.1599, -0.4499], [-0.1256, -0.4758], [-0.0863, -0.4953]], "flags": {"1": {"outline": [[0.0195, -0.2811], [0.0081, -0.2809], [0.0081, -0.2922], [0.0195, -0.2922]]}, "0": {"outline": [[-0.0144, -0.2905], [-0.0051, -0.2906], [-0.0053, -0.2815], [-0.014, -0.2814]]}, "3": {"outline": [[-0.0141, -0.312], [-0.007, -0.3121], [-0.0065, -0.304], [-0.0145, -0.3039]]}, "2": {"outline": [[0.0188, -0.3045], [0.0105, -0.3045], [0.0105, -0.3127], [0.0188, -0.3127]]}}, "icon": [[-0.012300000000000024, -0.2772], [0.012700000000000026, -0.2522]]}