{"inputs": [[-0.4373, -0.2878, 203.832], [-0.4587, -0.2396, 199.873], [-0.4739, -0.1866, 192.49200000000002], [-0.4829, -0.1296, 185.74200000000002], [-0.4857, -0.0696, 179.506], [-0.4819, -0.0077, 173.66899999999998], [-0.4718, 0.0551, 168.123], [-0.4554, 0.1179, 162.7653], [-0.4334, 0.1793, 157.5], [-0.4056, 0.2384, 152.2347], [-0.3727, 0.2942, 146.8768], [-0.3354, 0.3458, 141.3305], [-0.2943, 0.3923, 135.4941], [-0.25, 0.4327, 129.2585], [-0.2033, 0.4667, 122.50800000000001], [-0.155, 0.4934, 115.1271], [-0.1059, 0.5123, 111.1676]], "name": "plane_boomWhisp_7_3", "outputs": [[-0.4534, 0.6563, 390.909], [-0.422, 0.604, 387.05], [-0.3978, 0.5472, 379.487], [-0.3807, 0.487, 372.129], [-0.3713, 0.4242, 364.957], [-0.3697, 0.36, 357.945], [-0.3759, 0.2955, 351.058], [-0.3898, 0.2319, 344.257], [-0.4112, 0.17, 337.5], [-0.4398, 0.1114, 330.743], [-0.4749, 0.0564, 323.942], [-0.516, 0.0065, 317.055], [-0.5626, -0.0378, 310.043], [-0.6136, -0.0756, 302.871], [-0.6683, -0.106, 295.51300000000003], [-0.7258, -0.129, 287.95], [-0.7848, -0.1438, 284.091]], "outline": [[-0.5487, 0.2788], [-0.5713, 0.2364], [-0.5853, 0.1905], [-0.5901, 0.1428], [-0.5858, 0.0952], [-0.5722, 0.0493], [-0.5499, 0.0071], [-0.52, -0.0298], [-0.4833, -0.06], [-0.4415, -0.0825], [-0.396, -0.0961], [-0.3488, -0.1007], [-0.3023, -0.0959], [-0.314, -0.0895], [-0.3453, -0.0638], [-0.3711, -0.0325], [-0.3902, 0.0032], [-0.4019, 0.042], [-0.4059, 0.0823], [-0.402, 0.1226], [-0.3901, 0.1614], [-0.3711, 0.197], [-0.3454, 0.2285], [-0.314, 0.2541], [-0.2782, 0.2733], [-0.2395, 0.285], [-0.1992, 0.2889], [-0.1589, 0.285], [-0.146, 0.2811], [-0.1756, 0.3174], [-0.2123, 0.3477], [-0.254, 0.3701], [-0.2995, 0.3839], [-0.3467, 0.3884], [-0.3941, 0.3834], [-0.4396, 0.3694], [-0.4815, 0.3466], [-0.5185, 0.316]], "flags": {"1": {"outline": [[-0.412, 0.1496], [-0.4076, 0.1601], [-0.4181, 0.1643], [-0.4224, 0.1538]]}, "0": {"outline": [[-0.4079, 0.1844], [-0.4114, 0.176], [-0.403, 0.1726], [-0.3995, 0.1809]]}, "3": {"outline": [[-0.4278, 0.1926], [-0.4307, 0.1858], [-0.4231, 0.1822], [-0.4201, 0.1898]]}, "2": {"outline": [[-0.4333, 0.1592], [-0.4302, 0.1669], [-0.4379, 0.1701], [-0.4411, 0.1623]]}}, "icon": [[-0.4166, 0.1546], [-0.3916, 0.1796]]}