{"inputs": [[0.3575, 0.4331, 406.332], [0.3956, 0.3965, 402.373], [0.4301, 0.3536, 394.992], [0.4603, 0.3044, 388.242], [0.4857, 0.2501, 382.006], [0.506, 0.1913, 376.169], [0.5205, 0.1292, 370.623], [0.5297, 0.0652, 365.2654], [0.5325, 0.0002, 360.0], [0.5296, -0.0651, 354.7347], [0.5205, -0.1296, 349.3768], [0.5059, -0.1915, 343.83050000000003], [0.4857, -0.2502, 337.9941], [0.4604, -0.3044, 331.7585], [0.4301, -0.3536, 325.00800000000004], [0.3957, -0.3966, 317.6271], [0.3576, -0.4331, 313.6676]], "name": "plane_boomWhisp_9_12", "outputs": [[0.736, -0.4329, 593.409], [0.6869, -0.3969, 589.55], [0.6428, -0.3536, 581.9870000000001], [0.6039, -0.3044, 574.629], [0.571, -0.2501, 567.457], [0.5452, -0.1914, 560.4449999999999], [0.5263, -0.1294, 553.558], [0.5148, -0.0654, 546.7570000000001], [0.5109, 0.0, 540.0], [0.5147, 0.0652, 533.2429999999999], [0.526, 0.1294, 526.442], [0.5452, 0.1912, 519.5550000000001], [0.5714, 0.25, 512.543], [0.6037, 0.3043, 505.371], [0.6428, 0.3535, 498.01300000000003], [0.6868, 0.3967, 490.45], [0.7357, 0.4331, 486.591]], "outline": [[0.6283, -0.0484], [0.6332, -0.0001], [0.6284, 0.0482], [0.6144, 0.0947], [0.5914, 0.1376], [0.561, 0.1753], [0.5236, 0.2059], [0.4808, 0.2288], [0.4346, 0.2429], [0.3865, 0.2478], [0.3382, 0.2431], [0.2922, 0.2289], [0.2872, 0.2263], [0.3046, 0.2245], [0.3477, 0.2116], [0.3875, 0.1901], [0.422, 0.1618], [0.4506, 0.127], [0.4718, 0.0876], [0.4846, 0.0444], [0.4891, -0.0001], [0.4849, -0.0448], [0.4718, -0.0876], [0.4505, -0.1273], [0.4222, -0.162], [0.3874, -0.1904], [0.3475, -0.2117], [0.3048, -0.2248], [0.2873, -0.2264], [0.2922, -0.229], [0.3383, -0.243], [0.3864, -0.2478], [0.4345, -0.243], [0.481, -0.229], [0.5236, -0.2062], [0.5608, -0.1751], [0.5916, -0.1379], [0.6144, -0.0948]], "flags": {"1": {"outline": [[0.5035, 0.0193], [0.5034, 0.0079], [0.5146, 0.008], [0.5147, 0.0193]]}, "0": {"outline": [[0.5129, -0.0144], [0.513, -0.0053], [0.5039, -0.0054], [0.5038, -0.0144]]}, "3": {"outline": [[0.5347, -0.0144], [0.5344, -0.007], [0.5263, -0.007], [0.5262, -0.0149]]}, "2": {"outline": [[0.527, 0.0185], [0.527, 0.0102], [0.5353, 0.0102], [0.5353, 0.0186]]}}, "icon": [[0.4967999999999999, -0.012700000000000067], [0.5218, 0.012300000000000066]]}