{"inputs": [[0.3157, -0.3703, 293.832], [0.2673, -0.3915, 289.873], [0.2144, -0.4069, 282.492], [0.1575, -0.4159, 275.742], [0.0975, -0.4187, 269.506], [0.0355, -0.4148, 263.669], [-0.0274, -0.4046, 258.123], [-0.0898, -0.3885, 252.7653], [-0.1515, -0.3662, 247.5], [-0.2106, -0.3386, 242.2347], [-0.2665, -0.3057, 236.8768], [-0.3179, -0.2684, 231.3305], [-0.3643, -0.2272, 225.4941], [-0.405, -0.1829, 219.2585], [-0.4388, -0.1362, 212.508], [-0.4657, -0.0879, 205.12709999999998], [-0.4845, -0.0388, 201.1677]], "name": "plane_boomWhisp_5_7", "outputs": [[-0.6275, -0.3841, 480.909], [-0.5752, -0.3527, 477.05], [-0.5184, -0.3284, 469.487], [-0.4582, -0.3114, 462.129], [-0.3953, -0.3019, 454.957], [-0.3311, -0.3003, 447.945], [-0.2668, -0.3065, 441.058], [-0.2031, -0.3203, 434.257], [-0.1413, -0.3418, 427.5], [-0.0825, -0.3704, 420.743], [-0.0276, -0.4057, 413.942], [0.0223, -0.4468, 407.055], [0.0667, -0.4933, 400.043], [0.1043, -0.5441, 392.871], [0.1348, -0.599, 385.51300000000003], [0.1577, -0.6563, 377.95], [0.1726, -0.7155, 374.091]], "outline": [[-0.2655, -0.5196], [-0.2242, -0.5415], [-0.1792, -0.5553], [-0.1328, -0.5603], [-0.0863, -0.5563], [-0.0418, -0.5435], [-0.0009, -0.5224], [0.0348, -0.4938], [0.064, -0.4589], [0.0855, -0.4188], [0.0987, -0.3753], [0.1025, -0.33], [0.0976, -0.2844], [0.0877, -0.2534], [0.0676, -0.2775], [0.04, -0.3003], [0.0086, -0.3171], [-0.0256, -0.3275], [-0.0613, -0.3309], [-0.0968, -0.3274], [-0.131, -0.3172], [-0.1627, -0.3001], [-0.1902, -0.2776], [-0.2128, -0.2499], [-0.2298, -0.2184], [-0.2404, -0.1842], [-0.2437, -0.1487], [-0.2405, -0.1174], [-0.2698, -0.1323], [-0.3055, -0.161], [-0.3347, -0.1958], [-0.3561, -0.236], [-0.3692, -0.2795], [-0.3733, -0.3247], [-0.3682, -0.3704], [-0.3542, -0.4142], [-0.3317, -0.4547], [-0.3019, -0.4902]], "flags": {"1": {"outline": [[-0.1208, -0.3428], [-0.1313, -0.3385], [-0.1356, -0.3491], [-0.1253, -0.3534]]}, "0": {"outline": [[-0.1557, -0.3388], [-0.1473, -0.3423], [-0.1438, -0.3339], [-0.1521, -0.3305]]}, "3": {"outline": [[-0.1639, -0.3588], [-0.1571, -0.3615], [-0.1537, -0.354], [-0.161, -0.351]]}, "2": {"outline": [[-0.1306, -0.3642], [-0.1383, -0.361], [-0.1414, -0.3687], [-0.1337, -0.3719]]}}, "icon": [[-0.14830000000000002, -0.3406], [-0.12329999999999999, -0.3156]]}