{"inputs": [[-0.3567, -0.2559, 181.332], [-0.3579, -0.2034, 177.373], [-0.3517, -0.1485, 169.99200000000002], [-0.3383, -0.0923, 163.24200000000002], [-0.3178, -0.0359, 157.006], [-0.2907, 0.0198, 151.16899999999998], [-0.2573, 0.074, 145.623], [-0.2182, 0.1257, 140.2653], [-0.1742, 0.174, 135.0], [-0.1259, 0.2181, 129.7347], [-0.0743, 0.2571, 124.3768], [-0.0201, 0.2905, 118.8305], [0.0357, 0.3176, 112.9941], [0.0922, 0.3381, 106.7585], [0.1483, 0.3515, 100.00800000000001], [0.2031, 0.3576, 92.6271], [0.2557, 0.3565, 88.6676]], "name": "plank_2", "outputs": [[1.0275, -0.4153, 323.512], [1.0058, -0.4449, 322.425], [0.9787, -0.4789, 320.711], [0.9469, -0.5167, 319.388], [0.9111, -0.5577, 318.304], [0.8717, -0.6012, 317.372], [0.8294, -0.6465, 316.535], [0.7849, -0.6928, 315.754], [0.7391, -0.7392, 315.0], [0.6926, -0.785, 314.246], [0.6463, -0.8296, 313.465], [0.601, -0.8719, 312.628], [0.5575, -0.9112, 311.696], [0.5165, -0.9472, 310.612], [0.4787, -0.9789, 309.289], [0.4447, -1.0059, 307.575], [0.4152, -1.0278, 306.488]], "outline": [[0.8555, -0.5022], [0.0636, 0.2898], [0.0406, 0.3071], [0.0176, 0.3128], [-0.0054, 0.307], [-0.0283, 0.2898], [-0.29, 0.0281], [-0.3072, 0.0052], [-0.313, -0.0178], [-0.3072, -0.0408], [-0.2899, -0.0637], [0.502, -0.8557], [0.525, -0.873], [0.5479, -0.8787], [0.571, -0.873], [0.5939, -0.8557], [0.8555, -0.5941], [0.8727, -0.5711], [0.8785, -0.5482], [0.8727, -0.5251]], "flags": {"1": {"outline": [[0.571, -0.873], [0.5939, -0.8557], [0.6398, -0.8097], [-0.244, 0.0741], [-0.29, 0.0281], [-0.3072, 0.0052], [-0.309, -0.0023], [0.5635, -0.8748]]}, "0": {"outline": [[0.525, -0.873], [0.5479, -0.8787], [0.5635, -0.8748], [-0.309, -0.0023], [-0.313, -0.0178], [-0.3072, -0.0408], [-0.2899, -0.0637], [0.502, -0.8557]]}, "3": {"outline": [[0.8727, -0.5251], [0.8555, -0.5022], [0.0636, 0.2898], [0.0406, 0.3071], [0.0176, 0.3128], [0.0021, 0.3089], [0.8746, -0.5636], [0.8785, -0.5482]]}, "2": {"outline": [[0.8555, -0.5941], [0.8727, -0.5711], [0.8746, -0.5636], [0.0021, 0.3089], [-0.0054, 0.307], [-0.0283, 0.2898], [-0.0743, 0.2438], [0.8096, -0.64]]}}, "icon": [[-0.125, -0.125], [0.125, 0.125]]}