{"inputs": [[0.6353, -0.0227, 361.332], [0.6364, -0.0756, 357.373], [0.6303, -0.1302, 349.992], [0.6168, -0.1864, 343.242], [0.5966, -0.2429, 337.006], [0.5693, -0.2986, 331.169], [0.5359, -0.353, 325.623], [0.4969, -0.4047, 320.2654], [0.4528, -0.4529, 315.0], [0.4047, -0.4969, 309.7347], [0.353, -0.5357, 304.3768], [0.2987, -0.5692, 298.83050000000003], [0.2431, -0.5963, 292.9941], [0.1866, -0.6169, 286.7585], [0.1304, -0.6303, 280.00800000000004], [0.0755, -0.6366, 272.6271], [0.023, -0.6353, 268.6676]], "name": "plane_boomWhisp_15_10", "outputs": [[0.293, -0.9054, 548.409], [0.2841, -0.8449, 544.55], [0.2833, -0.7831, 536.9870000000001], [0.2908, -0.7211, 529.629], [0.3061, -0.6594, 522.457], [0.3292, -0.5996, 515.4449999999999], [0.3595, -0.5424, 508.558], [0.3967, -0.4888, 501.757], [0.4403, -0.4401, 495.0], [0.4891, -0.3967, 488.243], [0.5424, -0.3595, 481.442], [0.5997, -0.3291, 474.555], [0.6595, -0.3058, 467.543], [0.7212, -0.2908, 460.371], [0.7834, -0.2834, 453.01300000000003], [0.8452, -0.2841, 445.45], [0.9054, -0.2928, 441.591]], "outline": [[0.4165, -0.4854], [0.4543, -0.4544], [0.4855, -0.4165], [0.5088, -0.3732], [0.5227, -0.3263], [0.5276, -0.2775], [0.5229, -0.2286], [0.522, -0.2256], [0.523, -0.2383], [0.5176, -0.2939], [0.5015, -0.3471], [0.475, -0.3963], [0.4397, -0.4395], [0.3967, -0.475], [0.3473, -0.5015], [0.2939, -0.5174], [0.2384, -0.5229], [0.2257, -0.5219], [0.2289, -0.5228], [0.2776, -0.5276], [0.3264, -0.5227], [0.3735, -0.5085]], "flags": {"1": {"outline": [[0.4482, -0.4208], [0.4401, -0.4288], [0.4481, -0.4369], [0.4562, -0.429]]}, "0": {"outline": [[0.431, -0.4515], [0.4377, -0.445], [0.4311, -0.4388], [0.4248, -0.4449]]}, "3": {"outline": [[0.4465, -0.4666], [0.4516, -0.4614], [0.4459, -0.4553], [0.4402, -0.4611]]}, "2": {"outline": [[0.4644, -0.438], [0.4585, -0.4439], [0.4644, -0.4497], [0.4702, -0.444]]}}, "icon": [[0.43379999999999996, -0.4589000000000001], [0.45879999999999993, -0.43389999999999995]]}