{"inputs": [[0.2122, 0.5563, 428.832], [0.2611, 0.5377, 424.873], [0.3095, 0.5108, 417.492], [0.3563, 0.4767, 410.742], [0.4006, 0.4363, 404.506], [0.4417, 0.3901, 398.669], [0.4789, 0.3383, 393.123], [0.5117, 0.2824, 387.7654], [0.5393, 0.2234, 382.5], [0.5615, 0.1621, 377.2347], [0.5781, 0.0991, 371.8768], [0.5879, 0.0362, 366.33050000000003], [0.5919, -0.0256, 360.4941], [0.5892, -0.0855, 354.2585], [0.5801, -0.1424, 347.50800000000004], [0.5649, -0.1955, 340.1271], [0.5433, -0.2436, 336.1676]], "name": "plane_boomWhisp_11_13", "outputs": [[0.8946, -0.0982, 615.909], [0.8355, -0.0833, 612.05], [0.7781, -0.0606, 604.4870000000001], [0.7233, -0.0299, 597.129], [0.6723, 0.0079, 589.957], [0.6259, 0.0519, 582.9449999999999], [0.5847, 0.102, 576.058], [0.5495, 0.157, 569.2570000000001], [0.521, 0.2159, 562.5], [0.4997, 0.2773, 555.7429999999999], [0.4857, 0.3413, 548.942], [0.4794, 0.4055, 542.0550000000001], [0.481, 0.4697, 535.043], [0.4905, 0.5325, 527.871], [0.5074, 0.5929, 520.513], [0.5319, 0.6497, 512.95], [0.5631, 0.7019, 509.091]], "outline": [[0.605, 0.1976], [0.5905, 0.2446], [0.5678, 0.2874], [0.5366, 0.3253], [0.4991, 0.3565], [0.4558, 0.3795], [0.4092, 0.3938], [0.3608, 0.3988], [0.312, 0.3937], [0.2654, 0.3797], [0.225, 0.3579], [0.2727, 0.3627], [0.3214, 0.3578], [0.3682, 0.3437], [0.4117, 0.3204], [0.4492, 0.2895], [0.4805, 0.2518], [0.5035, 0.2083], [0.5177, 0.1616], [0.5225, 0.1129], [0.5178, 0.0642], [0.5034, 0.0173], [0.4805, -0.0258], [0.4494, -0.0636], [0.4123, -0.094], [0.4562, -0.0809], [0.4993, -0.058], [0.5371, -0.0268], [0.5678, 0.0107], [0.5908, 0.0541], [0.6049, 0.1006], [0.6096, 0.1495]], "flags": {"1": {"outline": [[0.5066, 0.2306], [0.5107, 0.2201], [0.5214, 0.2246], [0.5172, 0.235]]}, "0": {"outline": [[0.5284, 0.2032], [0.5248, 0.2114], [0.5165, 0.2082], [0.52, 0.1997]]}, "3": {"outline": [[0.5481, 0.2112], [0.5454, 0.218], [0.5377, 0.2152], [0.5407, 0.208]]}, "2": {"outline": [[0.5285, 0.2388], [0.5318, 0.2312], [0.5393, 0.2344], [0.5361, 0.2421]]}}, "icon": [[0.5116, 0.20450000000000004], [0.5366, 0.22949999999999995]]}