{"inputs": [[-0.4542, -0.0351, 158.832], [-0.4352, 0.014, 154.873], [-0.4086, 0.0623, 147.49200000000002], [-0.3747, 0.109, 140.74200000000002], [-0.3342, 0.1533, 134.506], [-0.2877, 0.1944, 128.66899999999998], [-0.2361, 0.2317, 123.123], [-0.1803, 0.2645, 117.7653], [-0.1211, 0.2923, 112.5], [-0.0597, 0.3145, 107.2347], [0.003, 0.3308, 101.8768], [0.0658, 0.3409, 96.3305], [0.1278, 0.3446, 90.4941], [0.1877, 0.3419, 84.2585], [0.2447, 0.3329, 77.50800000000001], [0.2977, 0.3176, 70.1271], [0.3459, 0.2963, 66.1676]], "name": "plane_boomWhisp_3_1", "outputs": [[0.204, 0.6389, 345.909], [0.1891, 0.5798, 342.05], [0.1662, 0.5224, 334.487], [0.1356, 0.4677, 327.129], [0.0979, 0.4167, 319.957], [0.0537, 0.3702, 312.945], [0.0037, 0.329, 306.058], [-0.0512, 0.2939, 299.257], [-0.11, 0.2653, 292.5], [-0.1717, 0.2439, 285.743], [-0.2354, 0.23, 278.942], [-0.2999, 0.2238, 272.055], [-0.364, 0.2254, 265.043], [-0.4268, 0.2348, 257.871], [-0.4871, 0.2518, 250.513], [-0.5438, 0.2762, 242.95], [-0.5961, 0.3075, 239.091]], "outline": [[-0.1532, 0.4851], [-0.1956, 0.4719], [-0.2348, 0.4513], [-0.2695, 0.424], [-0.2983, 0.3912], [-0.32, 0.354], [-0.3339, 0.3139], [-0.3394, 0.2725], [-0.3363, 0.2313], [-0.3247, 0.1919], [-0.305, 0.1558], [-0.2781, 0.1244], [-0.2449, 0.099], [-0.2067, 0.0805], [-0.1892, 0.0759], [-0.1899, 0.083], [-0.1869, 0.1133], [-0.178, 0.1424], [-0.1637, 0.1693], [-0.1443, 0.1929], [-0.1208, 0.2122], [-0.0939, 0.2265], [-0.0648, 0.2354], [-0.0344, 0.2384], [-0.0041, 0.2354], [0.025, 0.2266], [0.0519, 0.2122], [0.0755, 0.1929], [0.08, 0.1874], [0.0892, 0.203], [0.103, 0.2431], [0.1085, 0.2846], [0.1054, 0.3258], [0.0938, 0.3652], [0.0741, 0.4013], [0.0472, 0.4326], [0.014, 0.458], [-0.0241, 0.4766], [-0.0658, 0.4875], [-0.1094, 0.4904]], "flags": {"1": {"outline": [[-0.1253, 0.2519], [-0.1148, 0.2562], [-0.1191, 0.2667], [-0.1296, 0.2623]]}, "0": {"outline": [[-0.0978, 0.2737], [-0.1062, 0.2702], [-0.1026, 0.2618], [-0.0944, 0.2652]]}, "3": {"outline": [[-0.106, 0.2935], [-0.1128, 0.2907], [-0.11, 0.283], [-0.1026, 0.286]]}, "2": {"outline": [[-0.1336, 0.2738], [-0.1259, 0.277], [-0.1291, 0.2847], [-0.1368, 0.2815]]}}, "icon": [[-0.1138, 0.23179999999999998], [-0.0888, 0.25680000000000003]]}