{"inputs": [[-0.2434, 0.5433, 473.832], [-0.1957, 0.5647, 469.873], [-0.1424, 0.5799, 462.492], [-0.0852, 0.5889, 455.742], [-0.0253, 0.5916, 449.506], [0.0364, 0.5881, 443.669], [0.0993, 0.5778, 438.123], [0.162, 0.5614, 432.7654], [0.2233, 0.5392, 427.5], [0.2824, 0.5116, 422.2347], [0.3386, 0.4787, 416.8768], [0.39, 0.4412, 411.33050000000003], [0.4366, 0.4003, 405.4941], [0.477, 0.356, 399.2585], [0.5108, 0.3094, 392.50800000000004], [0.5376, 0.2611, 385.1271], [0.5563, 0.2118, 381.1676]], "name": "plane_boomWhisp_11_15", "outputs": [[0.7019, 0.563, 660.909], [0.6496, 0.5317, 657.05], [0.593, 0.5072, 649.4870000000001], [0.5325, 0.4902, 642.129], [0.4698, 0.4809, 634.957], [0.4058, 0.4791, 627.9449999999999], [0.3413, 0.4854, 621.058], [0.2774, 0.4995, 614.2570000000001], [0.2157, 0.521, 607.5], [0.1572, 0.5493, 600.7429999999999], [0.1021, 0.5846, 593.942], [0.0522, 0.6256, 587.0550000000001], [0.0079, 0.6722, 580.043], [-0.0298, 0.7232, 572.871], [-0.0606, 0.7779, 565.513], [-0.0834, 0.8353, 557.95], [-0.0982, 0.8944, 554.091]], "outline": [[0.288, 0.5674], [0.2445, 0.5904], [0.1981, 0.6046], [0.1493, 0.6093], [0.1007, 0.6049], [0.0538, 0.5905], [0.0108, 0.5677], [-0.0269, 0.537], [-0.0579, 0.4989], [-0.0809, 0.456], [-0.094, 0.4121], [-0.0637, 0.4492], [-0.0258, 0.4802], [0.0172, 0.5033], [0.0645, 0.5175], [0.1129, 0.5222], [0.1616, 0.5177], [0.2086, 0.5032], [0.2517, 0.4803], [0.2896, 0.4492], [0.3207, 0.4114], [0.3436, 0.3681], [0.3579, 0.3214], [0.3627, 0.2727], [0.3579, 0.225], [0.3797, 0.2653], [0.394, 0.3119], [0.3987, 0.3607], [0.3938, 0.4089], [0.3795, 0.4559], [0.3565, 0.4988], [0.3252, 0.5367]], "flags": {"1": {"outline": [[0.195, 0.5212], [0.2054, 0.5166], [0.2098, 0.5274], [0.1994, 0.5318]]}, "0": {"outline": [[0.2299, 0.5172], [0.2215, 0.5205], [0.2179, 0.5124], [0.2264, 0.5087]]}, "3": {"outline": [[0.2382, 0.5368], [0.2314, 0.5397], [0.228, 0.5322], [0.2352, 0.5293]]}, "2": {"outline": [[0.2047, 0.5424], [0.2125, 0.5394], [0.2155, 0.547], [0.2078, 0.5502]]}}, "icon": [[0.20460000000000003, 0.5114000000000001], [0.22959999999999994, 0.5364]]}