{"inputs": [[-0.2964, -0.3461, 203.832], [-0.3177, -0.298, 199.873], [-0.333, -0.245, 192.49200000000002], [-0.3421, -0.1879, 185.74200000000002], [-0.3448, -0.128, 179.506], [-0.341, -0.066, 173.66899999999998], [-0.3308, -0.0032, 168.123], [-0.3145, 0.0594, 162.7653], [-0.2924, 0.121, 157.5], [-0.2647, 0.1801, 152.2347], [-0.2319, 0.2359, 146.8768], [-0.1946, 0.2875, 141.3305], [-0.1534, 0.3339, 135.4941], [-0.1092, 0.3744, 129.2585], [-0.0625, 0.4083, 122.50800000000001], [-0.0142, 0.4349, 115.1271], [0.035, 0.454, 111.1676]], "name": "plane_boomWhisp_3_3", "outputs": [[-0.3076, 0.5959, 390.909], [-0.2763, 0.5436, 387.05], [-0.2519, 0.4868, 379.487], [-0.2349, 0.4264, 372.129], [-0.2255, 0.3638, 364.957], [-0.2239, 0.2996, 357.945], [-0.2301, 0.2351, 351.058], [-0.2441, 0.1715, 344.257], [-0.2655, 0.1097, 337.5], [-0.2939, 0.051, 330.743], [-0.3291, -0.0039, 323.942], [-0.3704, -0.054, 317.055], [-0.4168, -0.0981, 310.043], [-0.4679, -0.1359, 302.871], [-0.5225, -0.1665, 295.51300000000003], [-0.5799, -0.1894, 287.95], [-0.639, -0.2042, 284.091]], "outline": [[-0.4514, 0.2346], [-0.472, 0.1953], [-0.4852, 0.1529], [-0.4904, 0.1091], [-0.4876, 0.0656], [-0.4767, 0.0239], [-0.4582, -0.0143], [-0.4328, -0.0474], [-0.4014, -0.0744], [-0.3654, -0.094], [-0.326, -0.1056], [-0.2847, -0.1088], [-0.2433, -0.1033], [-0.2031, -0.0894], [-0.1875, -0.0802], [-0.1931, -0.0757], [-0.2124, -0.0522], [-0.2266, -0.0253], [-0.2356, 0.0038], [-0.2385, 0.0342], [-0.2356, 0.0645], [-0.2267, 0.0937], [-0.2123, 0.1205], [-0.193, 0.1441], [-0.1694, 0.1635], [-0.1427, 0.1778], [-0.1134, 0.1867], [-0.0831, 0.1897], [-0.0761, 0.1889], [-0.0805, 0.2065], [-0.0991, 0.2447], [-0.1246, 0.2778], [-0.156, 0.3048], [-0.1919, 0.3244], [-0.2315, 0.3361], [-0.2726, 0.3392], [-0.314, 0.3336], [-0.3541, 0.3198], [-0.3913, 0.2981], [-0.4242, 0.2693]], "flags": {"1": {"outline": [[-0.2668, 0.0894], [-0.2624, 0.0998], [-0.2728, 0.1043], [-0.2772, 0.0937]]}, "0": {"outline": [[-0.2627, 0.1243], [-0.2662, 0.1158], [-0.2577, 0.1125], [-0.2544, 0.1206]]}, "3": {"outline": [[-0.2826, 0.1324], [-0.2854, 0.1257], [-0.278, 0.1222], [-0.2749, 0.1295]]}, "2": {"outline": [[-0.2882, 0.099], [-0.285, 0.1067], [-0.2927, 0.1099], [-0.2959, 0.1022]]}}, "icon": [[-0.2569, 0.08849999999999997], [-0.2319, 0.11350000000000002]]}