{"inputs": [[0.3876, -0.2254, 271.332], [0.3349, -0.2264, 267.373], [0.2801, -0.2203, 259.992], [0.224, -0.207, 253.24200000000002], [0.1675, -0.1865, 247.006], [0.1116, -0.1593, 241.16899999999998], [0.0575, -0.126, 235.623], [0.0057, -0.0869, 230.2653], [-0.0424, -0.0428, 225.0], [-0.0865, 0.0055, 219.7347], [-0.1256, 0.0573, 214.3768], [-0.1588, 0.1113, 208.8305], [-0.1861, 0.1671, 202.9941], [-0.2065, 0.2234, 196.7585], [-0.2199, 0.2797, 190.008], [-0.2261, 0.3344, 182.62709999999998], [-0.2249, 0.387, 178.6676]], "name": "plane_bullet_6", "outputs": [[-0.48, 0.132, 458.409], [-0.4197, 0.1408, 454.55], [-0.3579, 0.1417, 446.987], [-0.2959, 0.1343, 439.629], [-0.2341, 0.1189, 432.457], [-0.1743, 0.096, 425.445], [-0.117, 0.0655, 418.558], [-0.0638, 0.0283, 411.757], [-0.0147, -0.0152, 405.0], [0.0287, -0.0639, 398.243], [0.0659, -0.1175, 391.442], [0.0964, -0.1747, 384.555], [0.1194, -0.2346, 377.543], [0.1347, -0.2961, 370.371], [0.1421, -0.3583, 363.01300000000003], [0.1413, -0.4202, 355.45], [0.1323, -0.4804, 351.591]], "outline": [[0.3839, 0.3747], [0.3555, 0.3638], [-0.0613, -0.0145], [-0.0609, -0.0614], [-0.014, -0.0616]], "flags": {"1": {"outline": [[0.0537, 0.0421], [0.0425, 0.0534], [0.0315, 0.0421], [0.0427, 0.0312]]}, "0": {"outline": [[0.047, 0.0562], [0.0565, 0.0465], [0.1223, 0.1176], [0.1181, 0.1219]]}, "3": {"outline": [[-0.0544, -0.0495], [-0.0489, -0.0547], [-0.0158, -0.0466], [-0.0462, -0.0162]]}, "2": {"outline": [[0.0379, 0.0259], [0.0262, 0.0374], [0.0147, 0.026], [0.0263, 0.0141]]}}, "icon": [[-0.012014, -0.012514025], [0.009614000000000001, 0.009114025]]}