{"inputs": [[-0.3562, -0.2719, 158.832], [-0.3371, -0.2228, 154.873], [-0.3105, -0.1745, 147.49200000000002], [-0.2766, -0.1278, 140.74200000000002], [-0.2361, -0.0835, 134.506], [-0.1897, -0.0423, 128.66899999999998], [-0.1381, -0.005, 123.123], [-0.0822, 0.0278, 117.7653], [-0.0231, 0.0555, 112.5], [0.0384, 0.0777, 107.2347], [0.1011, 0.094, 101.8768], [0.1639, 0.1041, 96.3305], [0.2258, 0.1079, 90.4941], [0.2858, 0.1052, 84.2585], [0.3428, 0.0961, 77.50800000000001], [0.3958, 0.0808, 70.1271], [0.444, 0.0596, 66.1676]], "name": "plane_bullet_1", "outputs": [[0.3059, 0.3929, 345.909], [0.291, 0.3338, 342.05], [0.2681, 0.2764, 334.487], [0.2376, 0.2217, 327.129], [0.1998, 0.1707, 319.957], [0.1556, 0.1242, 312.945], [0.1056, 0.083, 306.058], [0.0508, 0.0478, 299.257], [-0.0081, 0.0193, 292.5], [-0.0698, -0.0021, 285.743], [-0.1335, -0.0161, 278.942], [-0.1979, -0.0223, 272.055], [-0.2621, -0.0207, 265.043], [-0.3249, -0.0113, 257.871], [-0.3851, 0.0058, 250.513], [-0.4419, 0.0302, 242.95], [-0.4942, 0.0615, 239.091]], "outline": [[0.1996, -0.4982], [0.2003, -0.4677], [0.0103, 0.0619], [-0.0331, 0.0797], [-0.0512, 0.0364]], "flags": {"1": {"outline": [[0.0187, -0.0659], [0.0333, -0.0599], [0.0272, -0.0453], [0.0127, -0.0514]]}, "0": {"outline": [[0.0343, -0.0649], [0.0216, -0.0702], [0.0621, -0.1582], [0.0678, -0.1559]]}, "3": {"outline": [[-0.0246, 0.069], [-0.0315, 0.0661], [-0.0368, 0.0323], [0.003, 0.0488]]}, "2": {"outline": [[0.0097, -0.045], [0.0249, -0.0387], [0.0186, -0.0236], [0.0034, -0.0299]]}}, "icon": [[-0.011614000000000001, -0.009114025], [0.010014, 0.012514025]]}