{"inputs": [[-0.4847, 0.0385, 158.832], [-0.4657, 0.0876, 154.873], [-0.439, 0.1359, 147.49200000000002], [-0.4052, 0.1826, 140.74200000000002], [-0.3647, 0.2269, 134.506], [-0.3182, 0.2681, 128.66899999999998], [-0.2666, 0.3054, 123.123], [-0.2108, 0.3382, 117.7653], [-0.1516, 0.3659, 112.5], [-0.0902, 0.3881, 107.2347], [-0.0275, 0.4044, 101.8768], [0.0353, 0.4145, 96.3305], [0.0973, 0.4183, 90.4941], [0.1573, 0.4156, 84.2585], [0.2142, 0.4065, 77.50800000000001], [0.2673, 0.3912, 70.1271], [0.3154, 0.3699, 66.1677]], "name": "plane_boomWhisp_5_1", "outputs": [[0.1724, 0.7151, 345.909], [0.1576, 0.656, 342.05], [0.1347, 0.5986, 334.487], [0.1041, 0.5439, 327.129], [0.0664, 0.4929, 319.957], [0.0221, 0.4464, 312.945], [-0.0278, 0.4052, 306.058], [-0.0827, 0.37, 299.257], [-0.1415, 0.3415, 292.5], [-0.2033, 0.3201, 285.743], [-0.267, 0.3061, 278.942], [-0.3314, 0.2999, 272.055], [-0.3956, 0.3015, 265.043], [-0.4583, 0.3109, 257.871], [-0.5186, 0.328, 250.513], [-0.5754, 0.3524, 242.95], [-0.6277, 0.3837, 239.091]], "outline": [[-0.1794, 0.5549], [-0.2242, 0.5411], [-0.2656, 0.5192], [-0.302, 0.4898], [-0.332, 0.4542], [-0.3544, 0.4137], [-0.3684, 0.3699], [-0.3735, 0.3244], [-0.3695, 0.2791], [-0.3564, 0.2355], [-0.3349, 0.1955], [-0.3056, 0.1606], [-0.2699, 0.132], [-0.2408, 0.117], [-0.2438, 0.1482], [-0.2403, 0.1838], [-0.23, 0.218], [-0.2131, 0.2495], [-0.1904, 0.2772], [-0.1628, 0.2999], [-0.1313, 0.3167], [-0.097, 0.3271], [-0.0615, 0.3306], [-0.0259, 0.3271], [0.0083, 0.3167], [0.0399, 0.2999], [0.0675, 0.2772], [0.0874, 0.2529], [0.0974, 0.2842], [0.1025, 0.3296], [0.0984, 0.375], [0.0853, 0.4185], [0.0638, 0.4585], [0.0346, 0.4935], [-0.0012, 0.5221], [-0.0421, 0.5431], [-0.0866, 0.5559], [-0.1329, 0.5599]], "flags": {"1": {"outline": [[-0.1567, 0.3277], [-0.1462, 0.3321], [-0.1506, 0.3425], [-0.161, 0.3382]]}, "0": {"outline": [[-0.1292, 0.3495], [-0.1376, 0.3461], [-0.134, 0.3377], [-0.1258, 0.3411]]}, "3": {"outline": [[-0.1375, 0.3694], [-0.1443, 0.3665], [-0.1414, 0.3588], [-0.134, 0.3619]]}, "2": {"outline": [[-0.165, 0.3497], [-0.1573, 0.3529], [-0.1605, 0.3606], [-0.1682, 0.3574]]}}, "icon": [[-0.14830000000000002, 0.3152], [-0.1233, 0.3402]]}