{
"name": "plane_evil01_4_0",
"flags": {
	"0": { "outline": [[-0.0320701,0.184666],[0.0323217,0.186114],[0.0145158,0.288386],[-0.0144649,0.287374]] },
	"1": { "outline": [[-0.0311846,-0.108858],[0.0314223,-0.109688],[0.0314223,-0.0428099],[-0.0311846,-0.042486]] },
	"2": { "outline": [[-0.0294048,0.0869208],[0.0296161,0.0875454],[0.0296161,0.150579],[-0.0294048,0.149505]] },
	"3": { "outline": [[-0.0147885,-0.466439],[0.0148418,-0.468119],[0.00603586,-0.333613],[-0.00602703,-0.333125]] }
},
"outline": [[-0.0713464,0.0690958],[-0.195237,0.0680482],[-0.197807,0.0993208],[-0.223211,0.0990072],[-0.225726,0.0654354],[-0.345251,0.0457899],[-0.345384,-0.0784462],[-0.225886,-0.0969942],[-0.223419,-0.112525],[-0.198011,-0.112882],[-0.195398,-0.098603],[-0.0714997,-0.10673],[-0.0559739,-0.217074],[-0.04109,-0.301803],[-0.0411133,-0.332482],[-0.14317,-0.351893],[-0.143232,-0.42702],[-0.0412071,-0.456248],[-0.023592,-0.487981],[0.0230581,-0.49075],[0.0409962,-0.460822],[0.147782,-0.442364],[0.147831,-0.364536],[0.041084,-0.335814],[0.0411058,-0.304828],[0.0564585,-0.220055],[0.0727073,-0.108614],[0.205079,-0.10351],[0.207936,-0.118578],[0.236155,-0.118974],[0.238943,-0.102618],[0.376965,-0.0856218],[0.377038,0.0499779],[0.239052,0.0692291],[0.236298,0.10468],[0.208083,0.104332],[0.205195,0.0714343],[0.072844,0.0703151],[0.0550952,0.197546],[0.0148346,0.313714],[-0.0188641,0.312433],[-0.0559747,0.194902]],
"inputs": [[-0.387757,0.129983,136.332],[-0.356626,0.166917,132.373],[-0.319359,0.200794,124.992],[-0.276432,0.231055,118.242],[-0.228413,0.257178,112.006],[-0.175964,0.278678,106.169],[-0.119837,0.29512,100.623],[-0.0608743,0.306128,95.2653],[2.05376e-08,0.3114,90],[0.061787,0.310717,84.7347],[0.123426,0.303958,79.3768],[0.183812,0.291108,73.8305],[0.241815,0.272269,67.9941],[0.296307,0.247668,61.7585],[0.346185,0.21766,55.008],[0.39041,0.18273,47.6271],[0.428029,0.143483,43.6676]],
"outputs": [[0.428029,-0.26972,323.409],[0.39041,-0.319811,319.55],[0.346185,-0.364286,311.987],[0.296306,-0.402377,304.629],[0.241815,-0.433471,297.457],[0.183812,-0.457122,290.445],[0.123426,-0.473051,283.558],[0.0617869,-0.481135,276.757],[5.60286e-09,-0.481405,270],[-0.0608744,-0.474028,263.243],[-0.119837,-0.459295,256.442],[-0.175964,-0.437605,249.555],[-0.228413,-0.409446,242.543],[-0.276432,-0.375387,235.371],[-0.319359,-0.336057,228.013],[-0.356626,-0.292136,220.45],[-0.387757,-0.244343,216.591]],
"icon": [[-0.0467183,-0.0241636],[0.047254,0.0761326]]
}