{"inputs": [[0.1899, 0.5471, 428.832], [0.2391, 0.5283, 424.873], [0.2873, 0.5015, 417.492], [0.334, 0.4678, 410.742], [0.3784, 0.4271, 404.506], [0.4193, 0.3808, 398.669], [0.4568, 0.3292, 393.123], [0.4895, 0.2732, 387.7653], [0.5173, 0.214, 382.5], [0.5393, 0.1526, 377.2347], [0.5557, 0.09, 371.8768], [0.5658, 0.0272, 366.33050000000003], [0.5697, -0.0348, 360.4941], [0.5669, -0.0949, 354.2585], [0.5578, -0.1518, 347.50800000000004], [0.5427, -0.2047, 340.1271], [0.5211, -0.2529, 336.1676]], "name": "plane_boomWhisp_10_13", "outputs": [[0.8717, -0.1079, 615.909], [0.8126, -0.0927, 612.05], [0.7553, -0.07, 604.4870000000001], [0.7002, -0.0395, 597.129], [0.6494, -0.0015, 589.957], [0.603, 0.0425, 582.9449999999999], [0.5617, 0.0925, 576.058], [0.5266, 0.1473, 569.2570000000001], [0.4981, 0.2063, 562.5], [0.4767, 0.2681, 555.7429999999999], [0.4628, 0.3317, 548.942], [0.4567, 0.3962, 542.0550000000001], [0.4581, 0.4601, 535.043], [0.4674, 0.5229, 527.871], [0.4847, 0.5831, 520.513], [0.509, 0.6402, 512.95], [0.5401, 0.6923, 509.091]], "outline": [[0.6027, 0.1969], [0.5885, 0.2436], [0.5655, 0.2867], [0.5346, 0.3242], [0.497, 0.3552], [0.4541, 0.3784], [0.4074, 0.3927], [0.3592, 0.3974], [0.3107, 0.3924], [0.2641, 0.3785], [0.2212, 0.3556], [0.2008, 0.3385], [0.2107, 0.3417], [0.2576, 0.3464], [0.3041, 0.3417], [0.349, 0.3279], [0.3906, 0.306], [0.4268, 0.2759], [0.4568, 0.2397], [0.4789, 0.1981], [0.4926, 0.1534], [0.4972, 0.1066], [0.4926, 0.0599], [0.479, 0.015], [0.4568, -0.0267], [0.4271, -0.0629], [0.3906, -0.0927], [0.3815, -0.0976], [0.4082, -0.0951], [0.4546, -0.081], [0.4974, -0.0581], [0.5348, -0.0271], [0.5659, 0.0105], [0.5885, 0.0533], [0.6028, 0.1], [0.6075, 0.1487]], "flags": {"1": {"outline": [[0.4836, 0.2212], [0.4881, 0.2106], [0.4983, 0.2149], [0.4941, 0.2254]]}, "0": {"outline": [[0.5053, 0.1938], [0.5021, 0.2021], [0.4937, 0.1985], [0.4972, 0.1903]]}, "3": {"outline": [[0.5254, 0.2019], [0.5223, 0.2087], [0.5149, 0.2058], [0.5177, 0.1984]]}, "2": {"outline": [[0.5057, 0.2295], [0.5089, 0.2219], [0.5165, 0.2249], [0.5133, 0.2327]]}}, "icon": [[0.48650000000000004, 0.19430050000000001], [0.5115000000000001, 0.2192995]]}