{"inputs": [[0.0148, 0.4328, 406.332], [0.0529, 0.3965, 402.373], [0.0875, 0.3533, 394.992], [0.1177, 0.3045, 388.242], [0.1432, 0.2499, 382.006], [0.1632, 0.1913, 376.169], [0.1779, 0.1295, 370.623], [0.187, 0.0653, 365.2653], [0.19, -0.0001, 360.0], [0.1868, -0.0654, 354.7347], [0.1779, -0.1295, 349.3768], [0.1633, -0.1915, 343.83050000000003], [0.143, -0.25, 337.9941], [0.1177, -0.3044, 331.7585], [0.0875, -0.3534, 325.00800000000004], [0.0529, -0.3969, 317.6271], [0.0149, -0.4332, 313.6676]], "name": "plane_boomWhisp_0_12", "outputs": [[0.3814, -0.4329, 593.409], [0.3325, -0.3968, 589.55], [0.2883, -0.3534, 581.9870000000001], [0.2493, -0.3045, 574.629], [0.2166, -0.25, 567.457], [0.1906, -0.1912, 560.4449999999999], [0.1717, -0.1294, 553.558], [0.16, -0.0651, 546.7570000000001], [0.1564, -0.0002, 540.0], [0.1602, 0.0651, 533.2429999999999], [0.1716, 0.1293, 526.442], [0.1906, 0.1914, 519.5550000000001], [0.2165, 0.2498, 512.543], [0.2492, 0.3043, 505.371], [0.2881, 0.3534, 498.01300000000003], [0.3325, 0.3969, 490.45], [0.3813, 0.4331, 486.591]], "outline": [[0.1852, -0.0294], [0.1879, 0.0], [0.185, 0.0292], [0.1764, 0.0574], [0.1628, 0.0834], [0.144, 0.1061], [0.1212, 0.1245], [0.0953, 0.1386], [0.0674, 0.147], [0.0381, 0.1499], [0.0087, 0.147], [-0.0195, 0.1386], [-0.0453, 0.1245], [-0.0683, 0.1061], [-0.0758, 0.0968], [-0.0615, 0.0925], [-0.0442, 0.0831], [-0.0289, 0.0707], [-0.0165, 0.0554], [-0.0072, 0.038], [-0.0018, 0.0197], [0.0, 0.0], [-0.0018, -0.0196], [-0.0072, -0.0382], [-0.0167, -0.0554], [-0.0289, -0.0707], [-0.0441, -0.0832], [-0.0616, -0.0924], [-0.0759, -0.0968], [-0.068, -0.1062], [-0.0453, -0.125], [-0.0193, -0.1385], [0.0084, -0.1473], [0.0379, -0.1499], [0.0672, -0.1471], [0.0952, -0.1385], [0.1211, -0.1249], [0.1441, -0.1062], [0.1627, -0.0834], [0.1766, -0.0573]], "flags": {"1": {"outline": [[0.1503, 0.0193], [0.1501, 0.0079], [0.1618, 0.008], [0.1616, 0.0193]]}, "0": {"outline": [[0.16, -0.0144], [0.1599, -0.0053], [0.1506, -0.0057], [0.151, -0.0146]]}, "3": {"outline": [[0.1814, -0.0145], [0.1813, -0.0073], [0.1732, -0.007], [0.1733, -0.0147]]}, "2": {"outline": [[0.1739, 0.0185], [0.1736, 0.0102], [0.1822, 0.0102], [0.1821, 0.0185]]}}, "icon": [[0.10880000000000001, -0.012399999999999998], [0.1338, 0.012599999999999997]]}