{"inputs": [[-0.433013, 0.0146606, 136.332], [-0.396677, 0.0527271, 132.373], [-0.353553, 0.087148, 124.992], [-0.304381, 0.117334, 118.242], [-0.25, 0.14277, 112.006], [-0.191342, 0.163018, 106.169], [-0.12941, 0.177735, 100.623], [-0.0652631, 0.186666, 95.2653], [2.18557e-08, 0.189661, 90], [0.0652631, 0.186666, 84.7347], [0.12941, 0.177735, 79.3768], [0.191342, 0.163018, 73.8305], [0.25, 0.142769, 67.9941], [0.304381, 0.117334, 61.7585], [0.353553, 0.087148, 55.008], [0.396677, 0.052727, 47.6271], [0.433013, 0.0146606, 43.6676]], "name": "plane_boomWhisp_0_0", "outputs": [[0.433013, 0.381128, 323.409], [0.396677, 0.332185, 319.55], [0.353553, 0.28793, 311.987], [0.304381, 0.249119, 304.629], [0.25, 0.216416, 297.457], [0.191342, 0.190382, 290.445], [0.12941, 0.171461, 283.558], [0.065263, 0.159978, 276.757], [5.96244e-09, 0.156128, 270], [-0.0652632, 0.159978, 263.243], [-0.129409, 0.171461, 256.442], [-0.191342, 0.190382, 249.555], [-0.25, 0.216416, 242.543], [-0.304381, 0.249119, 235.371], [-0.353553, 0.28793, 228.013], [-0.396677, 0.332185, 220.45], [-0.433013, 0.381128, 216.591]], "outline": [[0.0292635, 0.184789], [1.14915e-17, 0.187671], [-0.0292636, 0.184789], [-0.0574025, 0.176253], [-0.0833355, 0.162391], [-0.106066, 0.143737], [-0.12472, 0.121007], [-0.138582, 0.0950735], [-0.147118, 0.0669345], [-0.15, 0.037671], [-0.147118, 0.00840745], [-0.138582, -0.0197315], [-0.12472, -0.0456646], [-0.106066, -0.068395], [-0.0967328, -0.0760546], [-0.092388, -0.0617317], [-0.083147, -0.044443], [-0.0707107, -0.0292893], [-0.055557, -0.016853], [-0.0382683, -0.00761205], [-0.019509, -0.00192147], [0, 0], [0.019509, -0.00192147], [0.0382683, -0.00761204], [0.055557, -0.016853], [0.0707107, -0.0292893], [0.083147, -0.044443], [0.0923879, -0.0617316], [0.0967328, -0.0760546], [0.106066, -0.068395], [0.12472, -0.0456645], [0.138582, -0.0197315], [0.147118, 0.00840744], [0.15, 0.037671], [0.147118, 0.0669346], [0.138582, 0.0950735], [0.12472, 0.121007], [0.106066, 0.143737], [0.0833355, 0.162391], [0.0574025, 0.176253]], "flags": {"1": {"outline": [[-0.0192751, 0.150046], [-0.00796014, 0.150046], [-0.00796014, 0.161361], [-0.019275, 0.161361]]}, "0": {"outline": [[0.0144482, 0.159662], [0.00539548, 0.159662], [0.00545735, 0.150571], [0.0143864, 0.150571]]}, "3": {"outline": [[0.0144246, 0.181136], [0.00706542, 0.181136], [0.00670603, 0.17292], [0.0147839, 0.17292]]}, "2": {"outline": [[-0.01855, 0.173519], [-0.0102311, 0.173519], [-0.0102311, 0.181838], [-0.01855, 0.181838]]}}, "icon": [[-0.0125, 0.108511], [0.0125, 0.133511]]}