{"inputs": [[0.15, -0.4629, 271.332], [0.0972, -0.464, 267.373], [0.0424, -0.4579, 259.992], [-0.0136, -0.4445, 253.24200000000002], [-0.0701, -0.4241, 247.006], [-0.1259, -0.3968, 241.16899999999998], [-0.1801, -0.3633, 235.623], [-0.2316, -0.3245, 230.2653], [-0.28, -0.2803, 225.0], [-0.3241, -0.2322, 219.7347], [-0.3631, -0.1804, 214.3768], [-0.3964, -0.1263, 208.8305], [-0.4235, -0.0705, 202.9941], [-0.4441, -0.014, 196.7585], [-0.4575, 0.0421, 190.008], [-0.4638, 0.097, 182.62709999999998], [-0.4624, 0.1496, 178.6677]], "name": "plane_boomWhisp_5_6", "outputs": [[-0.7267, -0.1147, 458.409], [-0.6663, -0.1057, 454.55], [-0.6046, -0.105, 446.987], [-0.5424, -0.1123, 439.629], [-0.4807, -0.1276, 432.457], [-0.4208, -0.1507, 425.445], [-0.3637, -0.1811, 418.558], [-0.3102, -0.2182, 411.757], [-0.2613, -0.2617, 405.0], [-0.2179, -0.3106, 398.243], [-0.1807, -0.3642, 391.442], [-0.1503, -0.4213, 384.555], [-0.1271, -0.4812, 377.543], [-0.1118, -0.5426, 370.371], [-0.1046, -0.605, 363.01300000000003], [-0.1054, -0.6667, 355.45], [-0.1143, -0.727, 351.591]], "outline": [[-0.4441, -0.3784], [-0.4143, -0.4145], [-0.378, -0.4444], [-0.337, -0.4668], [-0.2926, -0.4809], [-0.2465, -0.4861], [-0.2007, -0.4823], [-0.1567, -0.4695], [-0.1164, -0.4484], [-0.0812, -0.4196], [-0.0524, -0.3845], [-0.0315, -0.3441], [-0.0186, -0.3001], [-0.0159, -0.2676], [-0.0437, -0.2822], [-0.0779, -0.2927], [-0.1133, -0.2962], [-0.1489, -0.2927], [-0.1832, -0.2822], [-0.2147, -0.2654], [-0.2424, -0.2429], [-0.2651, -0.215], [-0.2819, -0.1836], [-0.2922, -0.1494], [-0.2958, -0.1138], [-0.2925, -0.0782], [-0.282, -0.0441], [-0.2671, -0.0164], [-0.2998, -0.019], [-0.3438, -0.0318], [-0.3841, -0.0528], [-0.4192, -0.0817], [-0.448, -0.1169], [-0.4691, -0.1571], [-0.4819, -0.2013], [-0.4857, -0.2471], [-0.4804, -0.2931], [-0.4664, -0.3373]], "flags": {"1": {"outline": [[-0.2427, -0.2705], [-0.2508, -0.2625], [-0.2588, -0.2706], [-0.2509, -0.2785]]}, "0": {"outline": [[-0.2734, -0.2534], [-0.267, -0.2599], [-0.2606, -0.2534], [-0.2669, -0.2471]]}, "3": {"outline": [[-0.2887, -0.2687], [-0.2834, -0.2738], [-0.2774, -0.2682], [-0.283, -0.2626]]}, "2": {"outline": [[-0.26, -0.2865], [-0.2659, -0.2806], [-0.2717, -0.2865], [-0.2658, -0.2924]]}}, "icon": [[-0.2634, -0.2636], [-0.2384, -0.23859999999999998]]}