{"inputs": [[-0.1793, -0.3946, 203.832], [-0.2006, -0.3465, 199.873], [-0.2159, -0.2934, 192.49200000000002], [-0.225, -0.2365, 185.74200000000002], [-0.2278, -0.1765, 179.506], [-0.2238, -0.1146, 173.66899999999998], [-0.2137, -0.0518, 168.123], [-0.1975, 0.0109, 162.7653], [-0.1753, 0.0724, 157.5], [-0.1475, 0.1315, 152.2347], [-0.1147, 0.1874, 146.8768], [-0.0775, 0.239, 141.3305], [-0.0363, 0.2854, 135.4941], [0.008, 0.3259, 129.2585], [0.0546, 0.3598, 122.50800000000001], [0.1031, 0.3865, 115.1271], [0.1522, 0.4055, 111.1676]], "name": "plane_boomWhisp_0_3", "outputs": [[-0.1865, 0.5457, 390.909], [-0.1552, 0.4934, 387.05], [-0.1308, 0.4366, 379.487], [-0.1138, 0.3764, 372.129], [-0.1043, 0.3136, 364.957], [-0.1027, 0.2494, 357.945], [-0.109, 0.1851, 351.058], [-0.1229, 0.1213, 344.257], [-0.1443, 0.0596, 337.5], [-0.1729, 0.0008, 330.743], [-0.208, -0.0541, 323.942], [-0.2492, -0.1041, 317.055], [-0.2956, -0.1483, 310.043], [-0.3467, -0.1861, 302.871], [-0.4014, -0.2166, 295.51300000000003], [-0.4588, -0.2396, 287.95], [-0.5179, -0.2544, 284.091]], "outline": [[-0.1596, 0.0976], [-0.1734, 0.0715], [-0.182, 0.0435], [-0.1849, 0.0142], [-0.182, -0.015], [-0.1735, -0.0431], [-0.1595, -0.0691], [-0.1409, -0.0919], [-0.1183, -0.1105], [-0.0923, -0.1243], [-0.0642, -0.1329], [-0.0349, -0.1357], [-0.0056, -0.1329], [0.0225, -0.1244], [0.0332, -0.1187], [0.0216, -0.1092], [0.0091, -0.094], [-0.0001, -0.0768], [-0.0057, -0.0579], [-0.0078, -0.0384], [-0.0057, -0.019], [0.0, 0.0], [0.0092, 0.0171], [0.0215, 0.0323], [0.0368, 0.0446], [0.054, 0.0539], [0.0728, 0.0597], [0.0923, 0.0616], [0.1072, 0.0601], [0.1037, 0.0717], [0.0898, 0.0976], [0.0711, 0.1203], [0.0485, 0.139], [0.0225, 0.1528], [-0.0056, 0.1614], [-0.0349, 0.1642], [-0.0641, 0.1614], [-0.0923, 0.1528], [-0.1183, 0.139], [-0.141, 0.1203]], "flags": {"1": {"outline": [[-0.1461, 0.0394], [-0.1417, 0.0498], [-0.1523, 0.0542], [-0.1565, 0.0438]]}, "0": {"outline": [[-0.1421, 0.0742], [-0.1456, 0.0659], [-0.137, 0.0625], [-0.1337, 0.0708]]}, "3": {"outline": [[-0.1619, 0.0825], [-0.1647, 0.0757], [-0.1573, 0.0722], [-0.1542, 0.0796]]}, "2": {"outline": [[-0.1675, 0.0491], [-0.1643, 0.0567], [-0.172, 0.0599], [-0.1752, 0.0522]]}}, "icon": [[-0.1244, 0.033600000000000005], [-0.0994, 0.0586]]}