{"inputs": [[-0.0244, -0.6372, 271.332], [-0.0771, -0.6384, 267.373], [-0.1319, -0.6322, 259.992], [-0.1881, -0.6188, 253.24200000000002], [-0.2445, -0.5983, 247.006], [-0.3001, -0.5713, 241.16899999999998], [-0.3543, -0.5379, 235.623], [-0.4061, -0.4988, 230.2654], [-0.4543, -0.4548, 225.0], [-0.4986, -0.4065, 219.7347], [-0.5374, -0.3549, 214.3768], [-0.5709, -0.3007, 208.8305], [-0.598, -0.2449, 202.9941], [-0.6185, -0.1883, 196.7585], [-0.6318, -0.1323, 190.008], [-0.638, -0.0775, 182.62709999999998], [-0.6367, -0.0249, 178.6676]], "name": "plane_boomWhisp_16_6", "outputs": [[-0.9069, -0.295, 458.409], [-0.8466, -0.2861, 454.55], [-0.7847, -0.2852, 446.987], [-0.7226, -0.2925, 439.629], [-0.6612, -0.3079, 432.457], [-0.6011, -0.3311, 425.445], [-0.5441, -0.3613, 418.558], [-0.4906, -0.3986, 411.757], [-0.4416, -0.442, 405.0], [-0.3983, -0.491, 398.243], [-0.3611, -0.5445, 391.442], [-0.3307, -0.6017, 384.555], [-0.3075, -0.6616, 377.543], [-0.2922, -0.7231, 370.371], [-0.2849, -0.7853, 363.01300000000003], [-0.2857, -0.847, 355.45], [-0.2946, -0.9073, 351.591]], "outline": [[-0.4852, -0.4166], [-0.4541, -0.4546], [-0.4162, -0.4857], [-0.3731, -0.5087], [-0.3262, -0.523], [-0.2774, -0.5278], [-0.2671, -0.5267], [-0.2961, -0.5238], [-0.3506, -0.5074], [-0.4005, -0.4807], [-0.4444, -0.4447], [-0.4802, -0.4008], [-0.5071, -0.3509], [-0.5234, -0.2966], [-0.5264, -0.2675], [-0.5273, -0.2778], [-0.5225, -0.3265], [-0.5083, -0.3735]], "flags": {"1": {"outline": [[-0.4225, -0.4502], [-0.4305, -0.4421], [-0.4385, -0.4502], [-0.4305, -0.458]]}, "0": {"outline": [[-0.4531, -0.4331], [-0.4468, -0.4395], [-0.4403, -0.433], [-0.4467, -0.4266]]}, "3": {"outline": [[-0.4682, -0.4483], [-0.4631, -0.4536], [-0.4569, -0.4479], [-0.4627, -0.4423]]}, "2": {"outline": [[-0.4395, -0.4662], [-0.4454, -0.4603], [-0.4513, -0.4661], [-0.4455, -0.4721]]}}, "icon": [[-0.46070000000000005, -0.461], [-0.4356999999999999, -0.43600000000000005]]}