{"inputs": [[-0.1145, 0.4331, 406.332], [-0.0766, 0.3965, 402.373], [-0.0422, 0.3534, 394.992], [-0.0119, 0.3044, 388.242], [0.0135, 0.2501, 382.006], [0.0337, 0.1912, 376.169], [0.0485, 0.1295, 370.623], [0.0576, 0.0652, 365.2653], [0.0603, -0.0001, 360.0], [0.0573, -0.0654, 354.7347], [0.0483, -0.1297, 349.3768], [0.0336, -0.1914, 343.83050000000003], [0.0135, -0.25, 337.9941], [-0.0118, -0.3042, 331.7585], [-0.0422, -0.3535, 325.00800000000004], [-0.0765, -0.3967, 317.6271], [-0.1145, -0.4329, 313.6676]], "name": "plane_bullet_12", "outputs": [[0.2462, -0.433, 593.409], [0.1974, -0.3967, 589.55], [0.153, -0.3535, 581.9870000000001], [0.1144, -0.3045, 574.629], [0.0816, -0.2499, 567.457], [0.0554, -0.1915, 560.4449999999999], [0.0364, -0.1294, 553.558], [0.0252, -0.0654, 546.7570000000001], [0.0211, 0.0001, 540.0], [0.0249, 0.0652, 533.2429999999999], [0.0366, 0.1293, 526.442], [0.0554, 0.1914, 519.5550000000001], [0.0815, 0.2499, 512.543], [0.1143, 0.3043, 505.371], [0.1529, 0.3535, 498.01300000000003], [0.1972, 0.3967, 490.45], [0.2462, 0.4329, 486.591]], "outline": [[-0.5363, 0.0062], [-0.5085, -0.0061], [0.0537, -0.0333], [0.0866, 0.0001], [0.0535, 0.0334]], "flags": {"1": {"outline": [[-0.0676, 0.008], [-0.0678, -0.008], [-0.0519, -0.0078], [-0.0522, 0.0079]]}, "0": {"outline": [[-0.073, -0.0069], [-0.0727, 0.0068], [-0.1696, 0.0029], [-0.1697, -0.003]]}, "3": {"outline": [[0.0735, -0.0039], [0.0733, 0.0037], [0.0441, 0.0215], [0.0442, -0.0216]]}, "2": {"outline": [[-0.045, 0.0082], [-0.0448, -0.0082], [-0.0288, -0.0083], [-0.0285, 0.0084]]}}, "icon": [[-0.008614, -0.010814025], [0.013014000000000001, 0.010814025]]}