{"inputs": [[0.4064, 0.2061, 361.332], [0.4075, 0.1534, 357.373], [0.4016, 0.0986, 349.992], [0.3882, 0.0423, 343.242], [0.3678, -0.014, 337.006], [0.3405, -0.0698, 331.169], [0.307, -0.124, 325.623], [0.2679, -0.1755, 320.2653], [0.2241, -0.224, 315.0], [0.1759, -0.2679, 309.7347], [0.1242, -0.3071, 304.3768], [0.0698, -0.3404, 298.83050000000003], [0.0142, -0.3676, 292.9941], [-0.0424, -0.3881, 286.7585], [-0.0985, -0.4016, 280.00800000000004], [-0.1532, -0.4076, 272.6271], [-0.2059, -0.4065, 268.6676]], "name": "plane_boomWhisp_3_10", "outputs": [[0.0563, -0.6687, 548.409], [0.0473, -0.6082, 544.55], [0.0466, -0.5464, 536.9870000000001], [0.054, -0.484, 529.629], [0.0693, -0.4228, 522.457], [0.0924, -0.3629, 515.4449999999999], [0.1228, -0.3055, 508.558], [0.1599, -0.2522, 501.757], [0.2034, -0.2033, 495.0], [0.2522, -0.16, 488.243], [0.3057, -0.1226, 481.442], [0.363, -0.0921, 474.555], [0.4228, -0.0691, 467.543], [0.4844, -0.0538, 460.371], [0.5468, -0.0465, 453.01300000000003], [0.6083, -0.0472, 445.45], [0.6687, -0.0563, 441.591]], "outline": [[0.3275, -0.3899], [0.3616, -0.3615], [0.3898, -0.3273], [0.4114, -0.2889], [0.4254, -0.2475], [0.4314, -0.2047], [0.4289, -0.1626], [0.4182, -0.1221], [0.3994, -0.0852], [0.3736, -0.0534], [0.3417, -0.0275], [0.3048, -0.0088], [0.2644, 0.0019], [0.2221, 0.0045], [0.204, 0.0019], [0.2076, -0.0043], [0.2164, -0.0332], [0.2192, -0.0636], [0.2164, -0.0941], [0.2075, -0.1232], [0.1932, -0.1501], [0.1736, -0.1738], [0.1503, -0.1929], [0.1233, -0.2072], [0.0939, -0.2162], [0.064, -0.2191], [0.0335, -0.2163], [0.0042, -0.2074], [-0.0018, -0.2038], [-0.0046, -0.222], [-0.0021, -0.2642], [0.009, -0.3047], [0.0277, -0.3416], [0.0532, -0.3735], [0.0853, -0.3995], [0.1221, -0.418], [0.1626, -0.4287], [0.205, -0.4313], [0.2476, -0.4254], [0.2892, -0.4114]], "flags": {"1": {"outline": [[0.2124, -0.1851], [0.2043, -0.1931], [0.2123, -0.201], [0.2203, -0.1929]]}, "0": {"outline": [[0.1951, -0.2157], [0.2018, -0.2092], [0.1953, -0.203], [0.189, -0.209]]}, "3": {"outline": [[0.2106, -0.2307], [0.2157, -0.2258], [0.2103, -0.2197], [0.2046, -0.2253]]}, "2": {"outline": [[0.2285, -0.2022], [0.2227, -0.208], [0.2284, -0.2138], [0.2344, -0.208]]}}, "icon": [[0.17469999999999997, -0.1996], [0.19970000000000004, -0.17459999999999998]]}