{
"name": "plane_evil01_10_0",
"flags": {
	"0": { "outline": [[-0.0338082,0.185756],[0.0336743,0.185021],[0.0151724,0.287623],[-0.0151996,0.288136]] },
	"1": { "outline": [[-0.0328692,-0.109482],[0.0327427,-0.109061],[0.0327427,-0.0425653],[-0.0328692,-0.0427297]] },
	"2": { "outline": [[-0.0309832,0.0873908],[0.0308708,0.0870737],[0.0308708,0.149768],[-0.0309832,0.150313]] },
	"3": { "outline": [[-0.0155406,-0.467704],[0.0155122,-0.466851],[0.00631867,-0.333245],[-0.00632336,-0.333493]] }
},
"outline": [[-0.0759466,0.0700107],[-0.212379,0.0705696],[-0.215318,0.103052],[-0.244118,0.103224],[-0.246939,0.0682548],[-0.386383,0.0488774],[-0.386368,-0.0837365],[-0.246902,-0.101174],[-0.244069,-0.117319],[-0.215264,-0.117124],[-0.212336,-0.102258],[-0.0758831,-0.108144],[-0.0590466,-0.219315],[-0.0430804,-0.30408],[-0.0430699,-0.334991],[-0.153701,-0.361345],[-0.153681,-0.438491],[-0.0430274,-0.459694],[-0.0243119,-0.490073],[0.0245798,-0.488667],[0.0431245,-0.457372],[0.151246,-0.430703],[0.15121,-0.354927],[0.0430748,-0.333299],[0.0430624,-0.302544],[0.0587819,-0.217802],[0.0752394,-0.107188],[0.207186,-0.0997673],[0.209983,-0.114233],[0.237294,-0.114047],[0.239958,-0.0983207],[0.369587,-0.0800985],[0.369498,0.0467541],[0.239859,0.0663298],[0.237166,0.100345],[0.209859,0.100508],[0.207089,0.0688512],[0.0751555,0.0693917],[0.0584198,0.195553],[0.0186853,0.312776],[-0.016641,0.313426],[-0.0579916,0.196896]],
"inputs": [[-0.437397,0.139906,136.332],[-0.399831,0.178566,132.373],[-0.355456,0.213251,124.992],[-0.305132,0.243361,118.242],[-0.249817,0.268392,112.006],[-0.190545,0.287947,106.169],[-0.128405,0.301734,100.623],[-0.0645153,0.309575,95.2653],[2.15237e-08,0.3114,90],[0.0640297,0.307245,84.7347],[0.126496,0.297247,79.3768],[0.186371,0.281638,73.8305],[0.24269,0.260735,67.9941],[0.294567,0.234934,61.7585],[0.3412,0.204698,55.008],[0.381882,0.17055,47.6271],[0.416007,0.133065,43.6676]],
"outputs": [[0.416007,-0.250135,323.409],[0.381882,-0.298494,319.55],[0.3412,-0.342592,311.987],[0.294567,-0.381689,304.629],[0.24269,-0.415109,297.457],[0.186371,-0.442253,290.445],[0.126496,-0.462606,283.558],[0.0640296,-0.475758,276.757],[5.87186e-09,-0.481405,270],[-0.0645154,-0.479366,263.243],[-0.128405,-0.469589,256.442],[-0.190545,-0.452158,249.555],[-0.249817,-0.4273,242.543],[-0.305132,-0.39538,235.371],[-0.355456,-0.356907,228.013],[-0.399831,-0.312523,220.45],[-0.437397,-0.262997,216.591]],
"icon": [[-0.0493833,-0.0243719],[0.0490983,0.0754802]]
}