{"inputs": [[-0.6298, 0.0173, 181.332], [-0.6311, 0.0699, 177.373], [-0.6249, 0.1247, 169.99200000000002], [-0.6115, 0.1808, 163.24200000000002], [-0.591, 0.2372, 157.006], [-0.5638, 0.293, 151.16899999999998], [-0.5304, 0.3472, 145.623], [-0.4914, 0.3989, 140.2653], [-0.4474, 0.4472, 135.0], [-0.3991, 0.4912, 129.7347], [-0.3474, 0.5303, 124.3768], [-0.2933, 0.5636, 118.8305], [-0.2374, 0.5908, 112.9942], [-0.181, 0.6113, 106.7585], [-0.1249, 0.6247, 100.00800000000001], [-0.07, 0.6309, 92.6271], [-0.0174, 0.6296, 88.6676]], "name": "plane_boomWhisp_14_2", "outputs": [[-0.2874, 0.8996, 368.409], [-0.2784, 0.8393, 364.55], [-0.2776, 0.7775, 356.987], [-0.285, 0.7153, 349.629], [-0.3003, 0.6537, 342.457], [-0.3234, 0.5938, 335.445], [-0.3538, 0.5366, 328.558], [-0.391, 0.4831, 321.757], [-0.4344, 0.4343, 315.0], [-0.4833, 0.3909, 308.243], [-0.5369, 0.3536, 301.442], [-0.594, 0.3232, 294.555], [-0.6539, 0.3001, 287.543], [-0.7154, 0.2848, 280.371], [-0.7777, 0.2775, 273.01300000000003], [-0.8395, 0.2783, 265.45], [-0.8998, 0.2872, 261.591]], "outline": [[-0.4163, 0.485], [-0.4541, 0.4538], [-0.4852, 0.416], [-0.5082, 0.3729], [-0.5225, 0.3259], [-0.5273, 0.2772], [-0.5225, 0.2284], [-0.5083, 0.1816], [-0.5037, 0.1731], [-0.5058, 0.1795], [-0.5111, 0.2336], [-0.5057, 0.2876], [-0.4899, 0.3396], [-0.4643, 0.3876], [-0.4298, 0.4296], [-0.3878, 0.4641], [-0.3398, 0.4897], [-0.2878, 0.5055], [-0.2337, 0.5108], [-0.1797, 0.5055], [-0.1733, 0.5036], [-0.1817, 0.5081], [-0.2287, 0.5223], [-0.2774, 0.5271], [-0.3262, 0.5223], [-0.373, 0.5081]], "flags": {"1": {"outline": [[-0.4425, 0.4151], [-0.4346, 0.4231], [-0.4425, 0.4311], [-0.4506, 0.4231]]}, "0": {"outline": [[-0.4255, 0.4458], [-0.4319, 0.4393], [-0.4254, 0.4329], [-0.4191, 0.4392]]}, "3": {"outline": [[-0.4407, 0.4609], [-0.4459, 0.4557], [-0.4403, 0.4496], [-0.4346, 0.4553]]}, "2": {"outline": [[-0.4587, 0.4321], [-0.4528, 0.4381], [-0.4587, 0.4439], [-0.4645, 0.4381]]}}, "icon": [[-0.45280000000000004, 0.42750000000000005], [-0.4278, 0.45250000000000007]]}