{"inputs": [[-0.433013, 0.457575, 136.332], [-0.396677, 0.495642, 132.373], [-0.353553, 0.530063, 124.992], [-0.304381, 0.560249, 118.242], [-0.25, 0.585684, 112.006], [-0.191342, 0.605933, 106.169], [-0.12941, 0.620649, 100.623], [-0.0652631, 0.629581, 95.2653], [2.18557e-08, 0.632575, 90], [0.0652631, 0.629581, 84.7347], [0.12941, 0.620649, 79.3768], [0.191342, 0.605933, 73.8305], [0.25, 0.585684, 67.9942], [0.304381, 0.560249, 61.7585], [0.353553, 0.530063, 55.008], [0.396677, 0.495642, 47.6271], [0.433013, 0.457575, 43.6676]], "name": "plane_boomWhisp_14_0", "outputs": [[0.433013, 0.839319, 323.409], [0.396677, 0.790377, 319.55], [0.353553, 0.746121, 311.987], [0.304381, 0.70731, 304.629], [0.25, 0.674608, 297.457], [0.191342, 0.648574, 290.445], [0.12941, 0.629653, 283.558], [0.065263, 0.618169, 276.757], [5.96244e-09, 0.61432, 270], [-0.0652632, 0.618169, 263.243], [-0.129409, 0.629653, 256.442], [-0.191342, 0.648574, 249.555], [-0.25, 0.674608, 242.543], [-0.304381, 0.707311, 235.371], [-0.353553, 0.746121, 228.013], [-0.396677, 0.790377, 220.45], [-0.433013, 0.839319, 216.591]], "outline": [[0.0487572, 0.637267], [3.93153e-17, 0.642068], [-0.0487572, 0.637267], [-0.0956408, 0.623048], [-0.138849, 0.599958], [-0.176721, 0.568884], [-0.207802, 0.531021], [-0.230897, 0.487822], [-0.23369, 0.478617], [-0.230535, 0.48452], [-0.196054, 0.526535], [-0.154039, 0.561016], [-0.106104, 0.586638], [-0.0540912, 0.602416], [3.72135e-17, 0.607743], [0.0540912, 0.602416], [0.106104, 0.586638], [0.154039, 0.561016], [0.196054, 0.526535], [0.230535, 0.48452], [0.23369, 0.478617], [0.230897, 0.487822], [0.207802, 0.531021], [0.176721, 0.568884], [0.138849, 0.599958], [0.0956407, 0.623048]], "flags": {"1": {"outline": [[-0.0192751, 0.606459], [-0.00796014, 0.606459], [-0.00796014, 0.617774], [-0.019275, 0.617774]]}, "0": {"outline": [[0.0144482, 0.616075], [0.00539548, 0.616075], [0.00545735, 0.606983], [0.0143864, 0.606983]]}, "3": {"outline": [[0.0144246, 0.637549], [0.00706542, 0.637549], [0.00670603, 0.629333], [0.0147839, 0.629333]]}, "2": {"outline": [[-0.01855, 0.629932], [-0.0102311, 0.629932], [-0.0102311, 0.638251], [-0.01855, 0.638251]]}}, "icon": [[-0.0125, 0.609982], [0.0125, 0.634982]]}