{"inputs": [[-0.182, -0.4333, 226.332], [-0.22, -0.3968, 222.373], [-0.2545, -0.3539, 214.99200000000002], [-0.2846, -0.3046, 208.24200000000002], [-0.3101, -0.2503, 202.006], [-0.3303, -0.1915, 196.16899999999998], [-0.3451, -0.1295, 190.623], [-0.354, -0.0655, 185.2653], [-0.3569, -0.0003, 180.0], [-0.354, 0.0651, 174.7347], [-0.3451, 0.1292, 169.3768], [-0.3303, 0.1911, 163.8305], [-0.31, 0.2497, 157.9941], [-0.2847, 0.3042, 151.7585], [-0.2545, 0.3533, 145.008], [-0.2201, 0.3963, 137.62709999999998], [-0.1821, 0.4328, 133.6676]], "name": "plane_boomWhisp_4_4", "outputs": [[-0.5543, 0.4328, 413.409], [-0.5052, 0.3964, 409.55], [-0.4611, 0.3533, 401.987], [-0.4223, 0.3041, 394.629], [-0.3895, 0.2498, 387.457], [-0.3636, 0.1911, 380.445], [-0.3446, 0.1291, 373.558], [-0.3331, 0.065, 366.757], [-0.3292, -0.0002, 360.0], [-0.3331, -0.0655, 353.243], [-0.3446, -0.1297, 346.442], [-0.3635, -0.1916, 339.555], [-0.3896, -0.2503, 332.543], [-0.4222, -0.3046, 325.371], [-0.4611, -0.3538, 318.01300000000003], [-0.5052, -0.397, 310.45], [-0.5543, -0.4333, 306.591]], "outline": [[-0.5519, 0.0454], [-0.5561, -0.0003], [-0.5519, -0.0459], [-0.5391, -0.0898], [-0.5186, -0.1303], [-0.4909, -0.1657], [-0.4573, -0.1949], [-0.4187, -0.2164], [-0.377, -0.2298], [-0.3336, -0.2343], [-0.2901, -0.2297], [-0.2484, -0.2165], [-0.21, -0.1949], [-0.1762, -0.1658], [-0.1736, -0.1624], [-0.1924, -0.1567], [-0.2218, -0.141], [-0.2474, -0.12], [-0.2684, -0.0943], [-0.284, -0.065], [-0.2937, -0.0333], [-0.2971, -0.0002], [-0.2938, 0.0327], [-0.2841, 0.0646], [-0.2684, 0.0939], [-0.2474, 0.1195], [-0.2217, 0.1405], [-0.1925, 0.1562], [-0.1736, 0.1619], [-0.1762, 0.1652], [-0.2099, 0.1943], [-0.2485, 0.216], [-0.2901, 0.2293], [-0.3336, 0.2337], [-0.377, 0.2293], [-0.4187, 0.216], [-0.4573, 0.1944], [-0.4909, 0.1652], [-0.5186, 0.1298], [-0.5392, 0.0893]], "flags": {"1": {"outline": [[-0.3226, -0.0196], [-0.3225, -0.0082], [-0.3338, -0.0082], [-0.3338, -0.0196]]}, "0": {"outline": [[-0.3322, 0.0141], [-0.332, 0.0052], [-0.323, 0.0051], [-0.3231, 0.0141]]}, "3": {"outline": [[-0.3536, 0.0141], [-0.3536, 0.0069], [-0.3453, 0.0065], [-0.3453, 0.0145]]}, "2": {"outline": [[-0.3459, -0.0188], [-0.3459, -0.0105], [-0.3543, -0.0105], [-0.3542, -0.0188]]}}, "icon": [[-0.3229, -0.01260000000000001], [-0.2979, 0.012400000000000012]]}