{"inputs": [[-0.2354, 0.377, 451.332], [-0.1827, 0.378, 447.373], [-0.128, 0.3719, 439.992], [-0.072, 0.3582, 433.242], [-0.0156, 0.3379, 427.006], [0.0404, 0.3108, 421.169], [0.0947, 0.2773, 415.623], [0.1461, 0.2384, 410.2653], [0.1945, 0.1942, 405.0], [0.2385, 0.1464, 399.7347], [0.2775, 0.0943, 394.3768], [0.311, 0.0403, 388.83050000000003], [0.338, -0.0155, 382.9941], [0.3584, -0.0719, 376.7585], [0.3719, -0.1282, 370.00800000000004], [0.3782, -0.1831, 362.6271], [0.377, -0.2357, 358.6676]], "name": "plane_boomWhisp_2_14", "outputs": [[0.6382, 0.0257, 638.409], [0.5778, 0.0168, 634.55], [0.516, 0.0157, 626.9870000000001], [0.4538, 0.0233, 619.629], [0.3922, 0.0388, 612.457], [0.3323, 0.0614, 605.4449999999999], [0.2752, 0.0922, 598.558], [0.2214, 0.1292, 591.7570000000001], [0.173, 0.1726, 585.0], [0.1294, 0.2216, 578.2429999999999], [0.0921, 0.275, 571.442], [0.0617, 0.3323, 564.5550000000001], [0.0386, 0.392, 557.543], [0.0234, 0.4538, 550.371], [0.0161, 0.5161, 543.013], [0.0166, 0.5777, 535.45], [0.0255, 0.6381, 531.591]], "outline": [[0.3395, 0.2803], [0.3127, 0.3126], [0.2803, 0.3397], [0.2442, 0.3601], [0.2057, 0.3741], [0.1657, 0.38], [0.1262, 0.3783], [0.0889, 0.3689], [0.0547, 0.3519], [0.0252, 0.3286], [0.0018, 0.299], [-0.0151, 0.2652], [-0.0244, 0.2277], [-0.0262, 0.1883], [-0.022, 0.1614], [-0.0216, 0.1615], [0.0046, 0.1693], [0.032, 0.1721], [0.0594, 0.1694], [0.0855, 0.1616], [0.1098, 0.1485], [0.1314, 0.1311], [0.1485, 0.1099], [0.1616, 0.0856], [0.1697, 0.0591], [0.172, 0.0319], [0.1694, 0.0044], [0.1617, -0.0219], [0.1613, -0.0222], [0.1883, -0.0263], [0.2277, -0.0247], [0.2652, -0.0151], [0.2993, 0.0015], [0.3288, 0.0253], [0.3521, 0.0548], [0.369, 0.0886], [0.3787, 0.1262], [0.3801, 0.1655], [0.3742, 0.2054], [0.3604, 0.2444]], "flags": {"1": {"outline": [[0.1546, 0.182], [0.1627, 0.1736], [0.1706, 0.1819], [0.1626, 0.1897]]}, "0": {"outline": [[0.1856, 0.1648], [0.1788, 0.1712], [0.1724, 0.1645], [0.1789, 0.1582]]}, "3": {"outline": [[0.2003, 0.1799], [0.1952, 0.1853], [0.1893, 0.1796], [0.195, 0.1738]]}, "2": {"outline": [[0.1717, 0.1979], [0.1777, 0.192], [0.1835, 0.198], [0.1777, 0.204]]}}, "icon": [[0.1413, 0.1415], [0.16629999999999998, 0.1665]]}