{"inputs": [[-0.0732, 0.4384, 428.832], [-0.0241, 0.4192, 424.873], [0.0241, 0.3926, 417.492], [0.0706, 0.3585, 410.742], [0.115, 0.3182, 404.506], [0.1563, 0.2717, 398.669], [0.1937, 0.22, 393.123], [0.2263, 0.1644, 387.7653], [0.2541, 0.105, 382.5], [0.2764, 0.044, 377.2347], [0.2925, -0.019, 371.8768], [0.3028, -0.0818, 366.33050000000003], [0.3064, -0.1436, 360.4941], [0.3037, -0.2036, 354.2585], [0.2946, -0.2607, 347.50800000000004], [0.2794, -0.3139, 340.1271], [0.2582, -0.362, 336.1676]], "name": "plane_boomWhisp_2_13", "outputs": [[0.5995, -0.2205, 615.909], [0.5403, -0.2056, 612.05], [0.4828, -0.1829, 604.4870000000001], [0.4282, -0.1521, 597.129], [0.3773, -0.1142, 589.957], [0.3306, -0.0704, 582.9449999999999], [0.2896, -0.0201, 576.058], [0.2541, 0.0347, 569.2570000000001], [0.2259, 0.0933, 562.5], [0.2044, 0.1552, 555.7429999999999], [0.1904, 0.2188, 548.942], [0.1842, 0.2834, 542.0550000000001], [0.1857, 0.3474, 535.043], [0.1953, 0.4103, 527.871], [0.2124, 0.4707, 520.513], [0.2365, 0.5274, 512.95], [0.2678, 0.5798, 509.091]], "outline": [[0.421, 0.1291], [0.4086, 0.1692], [0.389, 0.2066], [0.3635, 0.2393], [0.3333, 0.2669], [0.2986, 0.2877], [0.2614, 0.3012], [0.2234, 0.3068], [0.1853, 0.3042], [0.1491, 0.294], [0.1162, 0.2756], [0.0876, 0.2508], [0.0647, 0.2197], [0.0479, 0.184], [0.0415, 0.1576], [0.0419, 0.1575], [0.0691, 0.1547], [0.0955, 0.1468], [0.1198, 0.1338], [0.1409, 0.1166], [0.1583, 0.0952], [0.1716, 0.0709], [0.1793, 0.0447], [0.1821, 0.0173], [0.1795, -0.0103], [0.1712, -0.0363], [0.1583, -0.0607], [0.1411, -0.0821], [0.1406, -0.0822], [0.164, -0.0963], [0.201, -0.1099], [0.2393, -0.1154], [0.2772, -0.1131], [0.3135, -0.1024], [0.3463, -0.0841], [0.3749, -0.0593], [0.3982, -0.0283], [0.4146, 0.0075], [0.4244, 0.0466], [0.4266, 0.0879]], "flags": {"1": {"outline": [[0.2125, 0.109], [0.2168, 0.0982], [0.2273, 0.1028], [0.2229, 0.1131]]}, "0": {"outline": [[0.2346, 0.0813], [0.2308, 0.0898], [0.2223, 0.086], [0.2259, 0.0777]]}, "3": {"outline": [[0.254, 0.0896], [0.2513, 0.0965], [0.2437, 0.0935], [0.2467, 0.086]]}, "2": {"outline": [[0.2344, 0.1172], [0.2377, 0.1094], [0.2454, 0.1127], [0.2423, 0.1205]]}}, "icon": [[0.18860000000000002, 0.07089999999999999], [0.21359999999999998, 0.09590000000000001]]}