{"inputs": [[-0.2459, -0.5709, 248.832], [-0.295, -0.5518, 244.873], [-0.3433, -0.5251, 237.49200000000002], [-0.39, -0.4913, 230.74200000000002], [-0.4342, -0.4507, 224.506], [-0.4753, -0.4044, 218.66899999999998], [-0.5127, -0.3528, 213.123], [-0.5455, -0.2969, 207.7654], [-0.5732, -0.2378, 202.5], [-0.5955, -0.1762, 197.2347], [-0.6117, -0.1137, 191.8768], [-0.6218, -0.0509, 186.3305], [-0.6255, 0.0111, 180.4941], [-0.6229, 0.0711, 174.2585], [-0.6138, 0.1281, 167.508], [-0.5985, 0.1811, 160.12709999999998], [-0.5772, 0.2292, 156.1676]], "name": "plane_boomWhisp_13_5", "outputs": [[-0.9295, 0.0834, 435.909], [-0.8705, 0.0686, 432.05], [-0.813, 0.0456, 424.487], [-0.7583, 0.015, 417.129], [-0.7073, -0.0226, 409.957], [-0.6608, -0.0669, 402.945], [-0.6197, -0.117, 396.058], [-0.5846, -0.1718, 389.257], [-0.556, -0.2305, 382.5], [-0.5346, -0.2924, 375.743], [-0.5206, -0.3561, 368.942], [-0.5144, -0.4205, 362.055], [-0.516, -0.4847, 355.043], [-0.5255, -0.5474, 347.871], [-0.5424, -0.6077, 340.51300000000003], [-0.5668, -0.6644, 332.95], [-0.5981, -0.7168, 329.091]], "outline": [[-0.6069, -0.1989], [-0.5928, -0.2459], [-0.5697, -0.2889], [-0.5387, -0.3269], [-0.5008, -0.3578], [-0.4575, -0.381], [-0.4107, -0.3953], [-0.362, -0.4], [-0.3134, -0.3952], [-0.301, -0.3915], [-0.3492, -0.3867], [-0.3996, -0.3715], [-0.446, -0.3467], [-0.4868, -0.3133], [-0.5202, -0.2725], [-0.5451, -0.226], [-0.5603, -0.1757], [-0.5655, -0.1232], [-0.5602, -0.0708], [-0.545, -0.0203], [-0.5202, 0.0262], [-0.4894, 0.0635], [-0.5009, 0.0575], [-0.5386, 0.0263], [-0.5698, -0.0114], [-0.5927, -0.0546], [-0.607, -0.1015], [-0.6119, -0.1502]], "flags": {"1": {"outline": [[-0.5414, -0.2454], [-0.5458, -0.235], [-0.5561, -0.2393], [-0.5519, -0.2497]]}, "0": {"outline": [[-0.5631, -0.2179], [-0.5597, -0.2261], [-0.5513, -0.2228], [-0.5547, -0.2145]]}, "3": {"outline": [[-0.5831, -0.2262], [-0.5801, -0.2329], [-0.5725, -0.2301], [-0.5755, -0.2227]]}, "2": {"outline": [[-0.5634, -0.2537], [-0.5666, -0.246], [-0.5743, -0.2492], [-0.5711, -0.2568]]}}, "icon": [[-0.5749, -0.2457], [-0.5499, -0.22069999999999998]]}