{"inputs": [[0.5793, -0.2665, 338.832], [0.5602, -0.3158, 334.873], [0.5335, -0.364, 327.492], [0.4996, -0.4107, 320.742], [0.4591, -0.4551, 314.506], [0.4129, -0.4961, 308.669], [0.3613, -0.5333, 303.123], [0.3053, -0.5663, 297.7654], [0.2463, -0.594, 292.5], [0.1847, -0.6164, 287.2347], [0.1222, -0.6325, 281.8768], [0.0593, -0.6427, 276.33050000000003], [-0.0026, -0.6464, 270.4941], [-0.0628, -0.6437, 264.2585], [-0.1196, -0.6345, 257.50800000000004], [-0.1726, -0.6192, 250.12709999999998], [-0.2208, -0.5979, 246.1676]], "name": "plane_boomWhisp_16_9", "outputs": [[-0.0745, -0.9509, 525.909], [-0.0597, -0.8919, 522.05], [-0.0369, -0.8343, 514.4870000000001], [-0.0064, -0.7797, 507.129], [0.0313, -0.7288, 499.957], [0.0758, -0.6823, 492.945], [0.1255, -0.6412, 486.058], [0.1805, -0.606, 479.257], [0.2393, -0.5773, 472.5], [0.3011, -0.556, 465.743], [0.3648, -0.5422, 458.942], [0.4293, -0.5359, 452.055], [0.4935, -0.5375, 445.043], [0.5561, -0.5468, 437.871], [0.6164, -0.5638, 430.51300000000003], [0.6731, -0.5883, 422.95], [0.7255, -0.6196, 419.091]], "outline": [[0.1991, -0.6079], [0.2461, -0.5936], [0.2894, -0.5706], [0.3271, -0.5395], [0.3583, -0.5017], [0.3813, -0.4585], [0.3844, -0.4486], [0.3705, -0.4742], [0.3345, -0.5183], [0.2907, -0.5542], [0.2408, -0.5809], [0.1865, -0.5972], [0.13, -0.603], [0.0737, -0.5973], [0.0457, -0.5889], [0.0548, -0.5937], [0.1016, -0.6078], [0.1505, -0.6127]], "flags": {"1": {"outline": [[0.2542, -0.5628], [0.2436, -0.5671], [0.248, -0.5776], [0.2583, -0.5731]]}, "0": {"outline": [[0.2267, -0.5846], [0.235, -0.5813], [0.2315, -0.5726], [0.2231, -0.5761]]}, "3": {"outline": [[0.2349, -0.6043], [0.2418, -0.6016], [0.2388, -0.5937], [0.2314, -0.5969]]}, "2": {"outline": [[0.2625, -0.5847], [0.2548, -0.5879], [0.2578, -0.5955], [0.2656, -0.5925]]}}, "icon": [[0.23019999999999993, -0.5984], [0.2552000000000001, -0.5734]]}