{"inputs": [[0.2558, -0.357, 271.332], [0.2033, -0.3582, 267.373], [0.1485, -0.3519, 259.992], [0.0923, -0.3386, 253.24200000000002], [0.0359, -0.318, 247.006], [-0.0198, -0.291, 241.16899999999998], [-0.0741, -0.2576, 235.623], [-0.1258, -0.2184, 230.2653], [-0.174, -0.1745, 225.0], [-0.2181, -0.1261, 219.7347], [-0.2571, -0.0746, 214.3768], [-0.2905, -0.0204, 208.8305], [-0.3176, 0.0354, 202.9941], [-0.3382, 0.0919, 196.7585], [-0.3515, 0.1479, 190.008], [-0.3577, 0.2028, 182.62709999999998], [-0.3565, 0.2555, 178.6676]], "name": "plank_6", "outputs": [[0.4153, 1.0273, 413.512], [0.4448, 1.0055, 412.425], [0.4788, 0.9785, 410.711], [0.5167, 0.9466, 409.388], [0.5576, 0.9109, 408.304], [0.6012, 0.8716, 407.372], [0.6465, 0.8291, 406.535], [0.6927, 0.7846, 405.754], [0.7391, 0.739, 405.0], [0.7849, 0.6924, 404.246], [0.8296, 0.646, 403.465], [0.8719, 0.6008, 402.628], [0.9111, 0.5573, 401.696], [0.9472, 0.5162, 400.612], [0.9788, 0.4785, 399.289], [1.0059, 0.4443, 397.575], [1.0278, 0.415, 396.488]], "outline": [[0.5021, 0.8552], [-0.2897, 0.0633], [-0.3072, 0.0403], [-0.3128, 0.0174], [-0.3071, -0.0057], [-0.2898, -0.0285], [-0.0282, -0.2902], [-0.0052, -0.3075], [0.0177, -0.3132], [0.0407, -0.3075], [0.0636, -0.2901], [0.8556, 0.5018], [0.873, 0.5248], [0.8786, 0.5477], [0.873, 0.5707], [0.8556, 0.5937], [0.5939, 0.8553], [0.5711, 0.8725], [0.5482, 0.8783], [0.525, 0.8725]], "flags": {"1": {"outline": [[0.873, 0.5707], [0.8556, 0.5937], [0.8097, 0.6395], [-0.0741, -0.2443], [-0.0282, -0.2902], [-0.0052, -0.3075], [0.0022, -0.3092], [0.8747, 0.5633]]}, "0": {"outline": [[0.873, 0.5248], [0.8786, 0.5477], [0.8747, 0.5633], [0.0022, -0.3092], [0.0177, -0.3132], [0.0407, -0.3075], [0.0636, -0.2901], [0.8556, 0.5018]]}, "3": {"outline": [[0.525, 0.8725], [0.5021, 0.8552], [-0.2897, 0.0633], [-0.3072, 0.0403], [-0.3128, 0.0174], [-0.3089, 0.0019], [0.5635, 0.8744], [0.5482, 0.8783]]}, "2": {"outline": [[0.5939, 0.8553], [0.5711, 0.8725], [0.5635, 0.8744], [-0.3089, 0.0019], [-0.3071, -0.0057], [-0.2898, -0.0285], [-0.2439, -0.0745], [0.64, 0.8093]]}}, "icon": [[-0.125, -0.125], [0.125, 0.125]]}