{"inputs": [[-0.2581, -0.362, 203.832], [-0.2793, -0.3139, 199.873], [-0.2945, -0.2609, 192.49200000000002], [-0.3035, -0.2039, 185.74200000000002], [-0.3063, -0.1439, 179.506], [-0.3026, -0.082, 173.66899999999998], [-0.2925, -0.0191, 168.123], [-0.2762, 0.0435, 162.7653], [-0.254, 0.105, 157.5], [-0.2263, 0.1642, 152.2347], [-0.1933, 0.2199, 146.8768], [-0.1561, 0.2716, 141.3305], [-0.115, 0.318, 135.4941], [-0.0706, 0.3585, 129.2585], [-0.0239, 0.3924, 122.50800000000001], [0.0244, 0.4191, 115.1271], [0.0734, 0.4381, 111.1676]], "name": "plane_boomWhisp_2_3", "outputs": [[-0.2679, 0.5795, 390.909], [-0.2365, 0.5271, 387.05], [-0.2121, 0.4703, 379.487], [-0.1952, 0.4101, 372.129], [-0.1857, 0.3472, 364.957], [-0.1841, 0.2832, 357.945], [-0.1904, 0.2188, 351.058], [-0.2042, 0.155, 344.257], [-0.2257, 0.0933, 337.5], [-0.2543, 0.0345, 330.743], [-0.2894, -0.0204, 323.942], [-0.3306, -0.0704, 317.055], [-0.377, -0.1146, 310.043], [-0.4281, -0.1523, 302.871], [-0.4828, -0.183, 295.51300000000003], [-0.5402, -0.2059, 287.95], [-0.5993, -0.2208, 284.091]], "outline": [[-0.389, 0.2062], [-0.4084, 0.1689], [-0.4211, 0.1288], [-0.4263, 0.0876], [-0.4242, 0.0466], [-0.4146, 0.0074], [-0.3979, -0.0284], [-0.3749, -0.0594], [-0.3462, -0.0844], [-0.3132, -0.1027], [-0.277, -0.1132], [-0.2391, -0.1156], [-0.2009, -0.11], [-0.1638, -0.0965], [-0.1405, -0.0825], [-0.141, -0.0821], [-0.1583, -0.0609], [-0.1713, -0.0367], [-0.1793, -0.0103], [-0.182, 0.017], [-0.1792, 0.0445], [-0.1714, 0.0707], [-0.1584, 0.095], [-0.1409, 0.1163], [-0.1197, 0.1338], [-0.0953, 0.1466], [-0.069, 0.1546], [-0.0418, 0.1574], [-0.0412, 0.1573], [-0.0477, 0.1837], [-0.0643, 0.2195], [-0.0875, 0.2505], [-0.116, 0.2755], [-0.1491, 0.2937], [-0.1853, 0.3041], [-0.2231, 0.3067], [-0.2614, 0.3012], [-0.2985, 0.2875], [-0.333, 0.2667], [-0.3636, 0.2391]], "flags": {"1": {"outline": [[-0.2272, 0.073], [-0.2228, 0.0835], [-0.2332, 0.0878], [-0.2376, 0.0773]]}, "0": {"outline": [[-0.2231, 0.1079], [-0.2266, 0.0995], [-0.2181, 0.096], [-0.2147, 0.1042]]}, "3": {"outline": [[-0.243, 0.116], [-0.2458, 0.1092], [-0.2383, 0.1057], [-0.2352, 0.1132]]}, "2": {"outline": [[-0.2486, 0.0826], [-0.2454, 0.0903], [-0.2531, 0.0935], [-0.2563, 0.0858]]}}, "icon": [[-0.2135, 0.0705], [-0.18850000000000003, 0.09550000000000002]]}