{
"name": "plane_evil02_6_0",
"flags": {
	"0": { "outline": [[-0.106313,0.699182],[0.107659,0.708031],[0.0475317,0.776706],[-0.0472676,0.772391]] },
	"1": { "outline": [[-0.0436876,-0.563177],[0.0439131,-0.566084],[0.0439131,-0.476903],[-0.0436876,-0.474454]] },
	"2": { "outline": [[-0.0436876,-0.430529],[0.0439131,-0.432752],[0.0439131,-0.343571],[-0.0436876,-0.341806]] },
	"3": { "outline": [[-0.0376417,-1.2901],[0.037809,-1.29583],[0.0153723,-0.940724],[-0.0153446,-0.939027]] }
},
"outline": [[-0.216572,0.441067],[-0.49618,0.433725],[-0.595488,0.587385],[-0.464488,0.606419],[-0.468389,0.62062],[-0.598047,0.622457],[-0.668439,0.619788],[-0.794984,0.60837],[-0.798712,0.594172],[-0.670929,0.584686],[-0.767782,0.418482],[-1.03009,0.347501],[-1.02999,-0.0353091],[-0.767654,-0.101154],[-0.670724,-0.265418],[-0.595294,-0.266643],[-0.496074,-0.11109],[-0.216494,-0.11297],[-0.169192,-0.479096],[-0.123959,-0.850403],[-0.123946,-0.93915],[-0.430892,-0.989802],[-0.430846,-1.20583],[-0.123895,-1.29711],[-0.0704663,-1.39022],[0.0713291,-1.40186],[0.12598,-1.3163],[0.454078,-1.27017],[0.454075,-1.04262],[0.125948,-0.953045],[0.12594,-0.862986],[0.172686,-0.488819],[0.2221,-0.11592],[0.526744,-0.117969],[0.640077,-0.286706],[0.728124,-0.288136],[0.843744,-0.111187],[1.1718,-0.0401729],[1.17185,0.395374],[0.843778,0.459994],[0.728161,0.63474],[0.881246,0.655731],[0.876698,0.671075],[0.725203,0.672632],[0.643034,0.669516],[0.495453,0.656774],[0.491096,0.641435],[0.640097,0.63159],[0.526744,0.460585],[0.222067,0.452585],[0.169836,0.784036],[0.0501559,0.835551],[-0.0523976,0.83053],[-0.1683,0.768608]],
"inputs": [[-0.416007,0.61157,136.332],[-0.381882,0.650039,132.373],[-0.3412,0.68536,124.992],[-0.294567,0.716941,118.242],[-0.24269,0.744238,112.006],[-0.186371,0.766764,106.169],[-0.126496,0.784099,100.623],[-0.0640297,0.795897,95.2653],[2.15237e-08,0.801898,90],[0.0645153,0.801933,84.7347],[0.128405,0.795934,79.3768],[0.190545,0.783939,73.8305],[0.249817,0.766093,67.9942],[0.305132,0.742657,61.7585],[0.355456,0.713998,55.008],[0.399831,0.680592,47.6271],[0.437397,0.643015,43.6677]],
"outputs": [[0.437397,-1.38806,278.512],[0.399831,-1.39064,277.425],[0.355456,-1.39212,275.711],[0.305132,-1.39247,274.388],[0.249817,-1.39171,273.304],[0.190545,-1.38986,272.372],[0.128405,-1.38696,271.535],[0.0645152,-1.38307,270.754],[5.87186e-09,-1.37827,270],[-0.0640298,-1.37266,269.246],[-0.126496,-1.36633,268.465],[-0.186371,-1.35941,267.628],[-0.24269,-1.35201,266.696],[-0.294567,-1.34426,265.612],[-0.3412,-1.33628,264.289],[-0.381882,-1.32821,262.575],[-0.416007,-1.32018,261.488]],
"icon": [[-0.122217,0.0320471],[0.123998,0.284336]]
}