{"inputs": [[0.4681, 0.2747, 383.832], [0.4894, 0.2267, 379.873], [0.5045, 0.1736, 372.492], [0.5137, 0.1167, 365.742], [0.5162, 0.0567, 359.506], [0.5125, -0.0053, 353.669], [0.5026, -0.0681, 348.123], [0.4863, -0.1309, 342.7653], [0.464, -0.1923, 337.5], [0.4362, -0.2512, 332.2347], [0.4034, -0.3072, 326.8768], [0.3661, -0.3588, 321.33050000000003], [0.3249, -0.4051, 315.4941], [0.2805, -0.4459, 309.2585], [0.2342, -0.4795, 302.50800000000004], [0.1859, -0.5063, 295.1271], [0.1366, -0.525, 291.1676]], "name": "plane_boomWhisp_8_11", "outputs": [[0.4851, -0.6697, 570.909], [0.4538, -0.6173, 567.05], [0.4295, -0.5606, 559.4870000000001], [0.4125, -0.5003, 552.129], [0.4029, -0.4376, 544.957], [0.4016, -0.3734, 537.9449999999999], [0.4077, -0.3088, 531.058], [0.4217, -0.2452, 524.2570000000001], [0.4431, -0.1835, 517.5], [0.4715, -0.1247, 510.743], [0.5067, -0.0696, 503.942], [0.548, -0.0199, 497.055], [0.5944, 0.0245, 490.043], [0.6454, 0.0621, 482.871], [0.6999, 0.0927, 475.51300000000003], [0.7575, 0.1155, 467.95], [0.8166, 0.1304, 464.091]], "outline": [[0.5568, -0.2826], [0.5796, -0.24], [0.5936, -0.1937], [0.5983, -0.1456], [0.5938, -0.0976], [0.5802, -0.0514], [0.5576, -0.0091], [0.5272, 0.0281], [0.4901, 0.0588], [0.448, 0.0816], [0.4019, 0.0953], [0.3542, 0.0998], [0.328, 0.0972], [0.3422, 0.09], [0.3751, 0.0627], [0.4022, 0.0296], [0.4227, -0.008], [0.435, -0.049], [0.4392, -0.0915], [0.4349, -0.1342], [0.4226, -0.1748], [0.4025, -0.2127], [0.3752, -0.2456], [0.3422, -0.2731], [0.3044, -0.293], [0.2635, -0.3055], [0.221, -0.3095], [0.1784, -0.3053], [0.1631, -0.3009], [0.1797, -0.321], [0.2169, -0.3516], [0.2591, -0.3744], [0.3049, -0.3882], [0.3528, -0.3928], [0.4006, -0.3878], [0.4466, -0.3738], [0.4889, -0.3508], [0.5261, -0.3202]], "flags": {"1": {"outline": [[0.4434, -0.1629], [0.4394, -0.1732], [0.4497, -0.1778], [0.4541, -0.1673]]}, "0": {"outline": [[0.4395, -0.1976], [0.443, -0.1892], [0.4346, -0.1858], [0.4311, -0.1941]]}, "3": {"outline": [[0.4593, -0.2059], [0.4623, -0.1992], [0.4548, -0.1958], [0.4517, -0.2031]]}, "2": {"outline": [[0.4649, -0.1727], [0.4617, -0.1801], [0.4695, -0.1833], [0.4727, -0.1756]]}}, "icon": [[0.42619999999999997, -0.1942], [0.4512, -0.1692]]}