{"inputs": [[-0.37, -0.3157, 203.832], [-0.3913, -0.2674, 199.873], [-0.4066, -0.2144, 192.49200000000002], [-0.4157, -0.1575, 185.74200000000002], [-0.4184, -0.0976, 179.506], [-0.4146, -0.0355, 173.66899999999998], [-0.4045, 0.0274, 168.123], [-0.3882, 0.0899, 162.7653], [-0.366, 0.1514, 157.5], [-0.3383, 0.2105, 152.2347], [-0.3054, 0.2664, 146.8768], [-0.2682, 0.3179, 141.3305], [-0.227, 0.3644, 135.4941], [-0.1827, 0.405, 129.2585], [-0.136, 0.4388, 122.50800000000001], [-0.0877, 0.4655, 115.1271], [-0.0386, 0.4845, 111.1677]], "name": "plane_boomWhisp_5_3", "outputs": [[-0.3838, 0.6275, 390.909], [-0.3525, 0.5752, 387.05], [-0.3281, 0.5184, 379.487], [-0.3111, 0.4581, 372.129], [-0.3016, 0.3953, 364.957], [-0.3001, 0.3311, 357.945], [-0.3063, 0.2668, 351.058], [-0.3201, 0.203, 344.257], [-0.3416, 0.1413, 337.5], [-0.3702, 0.0825, 330.743], [-0.4054, 0.0275, 323.942], [-0.4465, -0.0224, 317.055], [-0.493, -0.0667, 310.043], [-0.5439, -0.1043, 302.871], [-0.5987, -0.1349, 295.51300000000003], [-0.6561, -0.1578, 287.95], [-0.7152, -0.1727, 284.091]], "outline": [[-0.5193, 0.2655], [-0.5413, 0.224], [-0.555, 0.1792], [-0.56, 0.1327], [-0.556, 0.0863], [-0.5432, 0.0418], [-0.5222, 0.0009], [-0.4936, -0.0349], [-0.4587, -0.064], [-0.4186, -0.0856], [-0.3751, -0.0987], [-0.3297, -0.1026], [-0.2842, -0.0976], [-0.2531, -0.0877], [-0.2773, -0.0677], [-0.3, -0.0401], [-0.3169, -0.0086], [-0.3272, 0.0256], [-0.3307, 0.0613], [-0.3272, 0.0968], [-0.3169, 0.131], [-0.2999, 0.1626], [-0.2773, 0.1901], [-0.2497, 0.2128], [-0.2182, 0.2297], [-0.184, 0.2402], [-0.1484, 0.2436], [-0.1171, 0.2405], [-0.1321, 0.2697], [-0.1607, 0.3054], [-0.1956, 0.3347], [-0.2357, 0.3561], [-0.2792, 0.3692], [-0.3245, 0.3733], [-0.3701, 0.3682], [-0.4139, 0.3541], [-0.4544, 0.3317], [-0.49, 0.3018]], "flags": {"1": {"outline": [[-0.3426, 0.1208], [-0.3383, 0.1313], [-0.3488, 0.1355], [-0.3531, 0.1252]]}, "0": {"outline": [[-0.3386, 0.1556], [-0.3421, 0.1473], [-0.3336, 0.1439], [-0.3302, 0.1521]]}, "3": {"outline": [[-0.3585, 0.1639], [-0.3612, 0.157], [-0.3538, 0.1536], [-0.3507, 0.161]]}, "2": {"outline": [[-0.364, 0.1305], [-0.3608, 0.1382], [-0.3685, 0.1414], [-0.3717, 0.1337]]}}, "icon": [[-0.3403, 0.12309999999999999], [-0.31529999999999997, 0.1481]]}