{"inputs": [[0.485, -0.0387, 338.832], [0.4658, -0.088, 334.873], [0.4392, -0.1362, 327.492], [0.4054, -0.1828, 320.742], [0.365, -0.2273, 314.506], [0.3184, -0.2683, 308.669], [0.2667, -0.3055, 303.123], [0.2112, -0.3383, 297.7653], [0.1517, -0.3662, 292.5], [0.0905, -0.3885, 287.2347], [0.0276, -0.4048, 281.8768], [-0.035, -0.4147, 276.33050000000003], [-0.097, -0.4184, 270.4941], [-0.1571, -0.4158, 264.2585], [-0.214, -0.4067, 257.50800000000004], [-0.2672, -0.3916, 250.12709999999998], [-0.3152, -0.3701, 246.1677]], "name": "plane_boomWhisp_5_9", "outputs": [[-0.1722, -0.7154, 525.909], [-0.1574, -0.6562, 522.05], [-0.1344, -0.5989, 514.4870000000001], [-0.1039, -0.5443, 507.129], [-0.0661, -0.4931, 499.957], [-0.0218, -0.4466, 492.945], [0.028, -0.4055, 486.058], [0.0828, -0.3702, 479.257], [0.1417, -0.3417, 472.5], [0.2035, -0.3203, 465.743], [0.2673, -0.3065, 458.942], [0.3316, -0.3003, 452.055], [0.396, -0.3018, 445.043], [0.4584, -0.3111, 437.871], [0.5188, -0.3284, 430.51300000000003], [0.5755, -0.3526, 422.95], [0.6279, -0.384, 419.091]], "outline": [[0.1796, -0.5553], [0.2242, -0.5415], [0.2659, -0.5195], [0.3022, -0.4902], [0.3322, -0.4545], [0.3547, -0.414], [0.3686, -0.3701], [0.3737, -0.3246], [0.3697, -0.2793], [0.3565, -0.2358], [0.3351, -0.1957], [0.3057, -0.161], [0.2701, -0.1322], [0.2411, -0.1173], [0.244, -0.1486], [0.2405, -0.1842], [0.2302, -0.2183], [0.2134, -0.2498], [0.1905, -0.2774], [0.163, -0.3001], [0.1316, -0.317], [0.0971, -0.3274], [0.0618, -0.3309], [0.0262, -0.3273], [-0.0081, -0.3171], [-0.0399, -0.3003], [-0.0673, -0.2776], [-0.0871, -0.2531], [-0.0973, -0.2844], [-0.1023, -0.33], [-0.0983, -0.3752], [-0.085, -0.4188], [-0.0635, -0.4589], [-0.0345, -0.4937], [0.0015, -0.5224], [0.0423, -0.5435], [0.0869, -0.5562], [0.1331, -0.5603]], "flags": {"1": {"outline": [[0.1569, -0.328], [0.1464, -0.3323], [0.1509, -0.3429], [0.1612, -0.3386]]}, "0": {"outline": [[0.1294, -0.3497], [0.1379, -0.3463], [0.1344, -0.3379], [0.1261, -0.3414]]}, "3": {"outline": [[0.1377, -0.3698], [0.1444, -0.3669], [0.1415, -0.3591], [0.1342, -0.3621]]}, "2": {"outline": [[0.1651, -0.35], [0.1574, -0.3532], [0.1606, -0.3608], [0.1683, -0.3576]]}}, "icon": [[0.12329999999999999, -0.3406], [0.14830000000000002, -0.3156]]}