{"inputs": [[-0.034, 0.5781, 451.332], [0.0187, 0.5795, 447.373], [0.0735, 0.5732, 439.992], [0.1295, 0.56, 433.242], [0.1861, 0.5393, 427.006], [0.2416, 0.5122, 421.169], [0.296, 0.4789, 415.623], [0.3476, 0.4397, 410.2653], [0.396, 0.3956, 405.0], [0.4398, 0.3473, 399.7347], [0.4789, 0.2958, 394.3768], [0.5123, 0.2416, 388.83050000000003], [0.5396, 0.1858, 382.9941], [0.56, 0.1292, 376.7585], [0.5734, 0.0732, 370.00800000000004], [0.5797, 0.0185, 362.6271], [0.5782, -0.0343, 358.6676]], "name": "plane_boomWhisp_10_14", "outputs": [[0.8466, 0.2338, 638.409], [0.7862, 0.2253, 634.55], [0.7245, 0.2243, 626.9870000000001], [0.662, 0.2314, 619.629], [0.6005, 0.2471, 612.457], [0.5408, 0.27, 605.4449999999999], [0.4835, 0.3004, 598.558], [0.4301, 0.3376, 591.7570000000001], [0.3812, 0.3812, 585.0], [0.3378, 0.4301, 578.2429999999999], [0.3006, 0.4835, 571.442], [0.2703, 0.5408, 564.5550000000001], [0.2471, 0.6003, 557.543], [0.2317, 0.6619, 550.371], [0.2246, 0.7242, 543.013], [0.2252, 0.7862, 535.45], [0.234, 0.8462, 531.591]], "outline": [[0.4814, 0.4125], [0.4504, 0.4502], [0.4127, 0.4812], [0.3698, 0.5041], [0.3232, 0.5183], [0.2747, 0.5233], [0.2261, 0.5187], [0.1797, 0.5046], [0.1368, 0.4814], [0.0991, 0.4507], [0.0682, 0.4131], [0.0559, 0.3895], [0.0638, 0.3963], [0.1054, 0.4186], [0.1501, 0.432], [0.1969, 0.4364], [0.2437, 0.4321], [0.2887, 0.4182], [0.3302, 0.3962], [0.3666, 0.3662], [0.3963, 0.3302], [0.4185, 0.2887], [0.4321, 0.2438], [0.4367, 0.1971], [0.4322, 0.1501], [0.4186, 0.1053], [0.3963, 0.0638], [0.3898, 0.0558], [0.4135, 0.0683], [0.4509, 0.0991], [0.4817, 0.1366], [0.5044, 0.1796], [0.5188, 0.2262], [0.5233, 0.2744], [0.5186, 0.323], [0.5043, 0.3698]], "flags": {"1": {"outline": [[0.3621, 0.3894], [0.3703, 0.3813], [0.3781, 0.3892], [0.3702, 0.3973]]}, "0": {"outline": [[0.3926, 0.3724], [0.3865, 0.3788], [0.3801, 0.3723], [0.3865, 0.366]]}, "3": {"outline": [[0.4081, 0.3875], [0.4026, 0.3926], [0.3969, 0.3871], [0.4023, 0.3814]]}, "2": {"outline": [[0.3793, 0.4055], [0.3852, 0.3997], [0.3911, 0.4054], [0.3851, 0.4114]]}}, "icon": [[0.36929999999999996, 0.3695005], [0.3943, 0.3944995]]}