{"inputs": [[0.0029, -0.6098, 271.332], [-0.0498, -0.6111, 267.373], [-0.1046, -0.605, 259.992], [-0.1607, -0.5914, 253.24200000000002], [-0.2172, -0.571, 247.006], [-0.273, -0.544, 241.16899999999998], [-0.3272, -0.5105, 235.623], [-0.3789, -0.4715, 230.2654], [-0.4271, -0.4274, 225.0], [-0.4711, -0.3792, 219.7347], [-0.5102, -0.3275, 214.3768], [-0.5435, -0.2733, 208.8305], [-0.5708, -0.2175, 202.9941], [-0.5911, -0.1611, 196.7585], [-0.6046, -0.105, 190.008], [-0.6108, -0.0502, 182.62709999999998], [-0.6095, 0.0024, 178.6676]], "name": "plane_boomWhisp_12_6", "outputs": [[-0.8787, -0.2667, 458.409], [-0.8185, -0.2578, 454.55], [-0.7566, -0.257, 446.987], [-0.6944, -0.2644, 439.629], [-0.6328, -0.2796, 432.457], [-0.573, -0.3028, 425.445], [-0.5159, -0.3333, 418.558], [-0.4624, -0.3705, 411.757], [-0.4135, -0.4138, 405.0], [-0.37, -0.4626, 398.243], [-0.3327, -0.5163, 391.442], [-0.3024, -0.5733, 384.555], [-0.2793, -0.6332, 377.543], [-0.2641, -0.6949, 370.371], [-0.2566, -0.757, 363.01300000000003], [-0.2574, -0.8188, 355.45], [-0.2664, -0.8792, 351.591]], "outline": [[-0.4841, -0.4155], [-0.453, -0.4534], [-0.4152, -0.4844], [-0.3721, -0.5074], [-0.3253, -0.5216], [-0.2766, -0.5264], [-0.2279, -0.5219], [-0.181, -0.5076], [-0.138, -0.4846], [-0.1003, -0.4536], [-0.0932, -0.4447], [-0.1193, -0.4588], [-0.1679, -0.4735], [-0.2187, -0.4785], [-0.2691, -0.4736], [-0.318, -0.4587], [-0.3628, -0.4348], [-0.4019, -0.4025], [-0.4344, -0.3632], [-0.4582, -0.3183], [-0.4731, -0.2697], [-0.478, -0.2191], [-0.4731, -0.1684], [-0.4583, -0.1197], [-0.4444, -0.0934], [-0.453, -0.1007], [-0.4843, -0.1384], [-0.5071, -0.1815], [-0.5213, -0.2282], [-0.526, -0.277], [-0.5212, -0.3256], [-0.5072, -0.3724]], "flags": {"1": {"outline": [[-0.3943, -0.422], [-0.4024, -0.414], [-0.4104, -0.4221], [-0.4024, -0.4299]]}, "0": {"outline": [[-0.425, -0.405], [-0.4185, -0.4114], [-0.4122, -0.4049], [-0.4186, -0.3986]]}, "3": {"outline": [[-0.4402, -0.4202], [-0.435, -0.4253], [-0.429, -0.4198], [-0.4346, -0.4142]]}, "2": {"outline": [[-0.4114, -0.4381], [-0.4174, -0.4323], [-0.4232, -0.438], [-0.4173, -0.4439]]}}, "icon": [[-0.4297000000000001, -0.43010000000000004], [-0.40469999999999995, -0.4051]]}