{
"name": "plane_plane_6_0",
"flags": {
	"0": { "outline": [[-0.106313,0.277728],[0.107659,0.281243],[0.0475317,0.440601],[-0.0472676,0.438153]] },
	"1": { "outline": [[-0.0436876,0.0573131],[0.0439131,0.0576089],[0.0439131,0.14679],[-0.0436876,0.146036]] },
	"2": { "outline": [[-0.0436876,-0.123696],[0.0439131,-0.124335],[0.0439131,-0.0351538],[-0.0436876,-0.0349733]] },
	"3": { "outline": [[-0.0253051,-0.929399],[0.0253806,-0.932172],[0.0103236,-0.666931],[-0.0103111,-0.666122]] }
},
"outline": [[-0.135019,0.187341],[-0.369563,0.184737],[-0.37449,0.282962],[-0.422662,0.282143],[-0.42737,0.178956],[-0.654325,0.135714],[-0.654325,-0.135714],[-0.42737,-0.178956],[-0.422662,-0.282143],[-0.37449,-0.282962],[-0.369563,-0.184737],[-0.135019,-0.187341],[-0.105447,-0.386429],[-0.0772159,-0.617457],[-0.0772159,-0.672718],[-0.27017,-0.707515],[-0.27017,-0.842971],[-0.0772159,-0.895635],[-0.043906,-0.952766],[0.0441338,-0.957709],[0.0779232,-0.903839],[0.279032,-0.87062],[0.279032,-0.730722],[0.0779232,-0.67888],[0.0779232,-0.623113],[0.10677,-0.391279],[0.137197,-0.190362],[0.386347,-0.193127],[0.391735,-0.295992],[0.44476,-0.296894],[0.449976,-0.188422],[0.708847,-0.147022],[0.708847,0.147022],[0.449976,0.188422],[0.44476,0.296894],[0.391735,0.295992],[0.386347,0.193127],[0.137197,0.190362],[0.104772,0.395609],[0.0307135,0.490838],[-0.0329334,0.489005],[-0.105066,0.39076]],
"inputs": [[-0.416007,0.32473,136.332],[-0.381882,0.362609,132.373],[-0.3412,0.397227,124.992],[-0.294567,0.428002,118.242],[-0.24269,0.454402,112.006],[-0.186371,0.475955,106.169],[-0.126496,0.492255,100.623],[-0.0640297,0.502974,95.2654],[2.15237e-08,0.507869,90],[0.0645153,0.506789,84.7347],[0.128405,0.499686,79.3768],[0.190545,0.486616,73.8305],[0.249817,0.467746,67.9941],[0.305132,0.443353,61.7585],[0.355456,0.413825,55.008],[0.399831,0.379652,47.6271],[0.437397,0.341426,43.6676]],
"outputs": [[0.437397,-0.953624,278.512],[0.399831,-0.957137,277.425],[0.355456,-0.959717,275.711],[0.305132,-0.961327,274.388],[0.249817,-0.961943,273.304],[0.190545,-0.961566,272.372],[0.128405,-0.960211,271.535],[0.0645152,-0.957913,270.754],[5.87186e-09,-0.954722,270],[-0.0640298,-0.950703,269.246],[-0.126496,-0.945933,268.465],[-0.186371,-0.940499,267.628],[-0.24269,-0.9345,266.696],[-0.294567,-0.928039,265.612],[-0.3412,-0.921225,264.289],[-0.381882,-0.91417,262.575],[-0.416007,-0.906989,261.488]],
"icon": [[-0.122217,-0.124102],[0.123998,0.125911]]
}