{"inputs": [[0.0733, 0.4988, 428.832], [0.1226, 0.48, 424.873], [0.1708, 0.4534, 417.492], [0.2176, 0.4195, 410.742], [0.2617, 0.379, 404.506], [0.303, 0.3323, 398.669], [0.34, 0.2809, 393.123], [0.3729, 0.2249, 387.7653], [0.4008, 0.1661, 382.5], [0.4229, 0.1045, 377.2347], [0.4394, 0.0419, 371.8768], [0.4493, -0.0211, 366.33050000000003], [0.453, -0.0832, 360.4941], [0.4502, -0.143, 354.2585], [0.4413, -0.2, 347.50800000000004], [0.4261, -0.2529, 340.1271], [0.4048, -0.301, 336.1676]], "name": "plane_boomWhisp_6_13", "outputs": [[0.7511, -0.1577, 615.909], [0.6918, -0.143, 612.05], [0.6344, -0.1199, 604.4870000000001], [0.5798, -0.0892, 597.129], [0.5291, -0.0517, 589.957], [0.4822, -0.0072, 582.9449999999999], [0.4411, 0.0426, 576.058], [0.406, 0.0973, 569.2570000000001], [0.3774, 0.1561, 562.5], [0.356, 0.2179, 555.7429999999999], [0.3424, 0.2816, 548.942], [0.3359, 0.3462, 542.0550000000001], [0.3377, 0.4104, 535.043], [0.3468, 0.4731, 527.871], [0.3639, 0.5332, 520.513], [0.3885, 0.5902, 512.95], [0.4197, 0.6424, 509.091]], "outline": [[0.5734, 0.1863], [0.5595, 0.2315], [0.5373, 0.2738], [0.5073, 0.3104], [0.4708, 0.3407], [0.4296, 0.3633], [0.3845, 0.3776], [0.338, 0.3825], [0.2914, 0.3782], [0.2468, 0.3647], [0.2057, 0.3426], [0.1698, 0.3127], [0.1405, 0.2765], [0.1329, 0.2624], [0.1373, 0.2637], [0.1753, 0.2674], [0.2133, 0.2633], [0.25, 0.2526], [0.2835, 0.2344], [0.3129, 0.2101], [0.3374, 0.1807], [0.3553, 0.1469], [0.3663, 0.1106], [0.37, 0.0726], [0.3664, 0.0344], [0.3553, -0.002], [0.3371, -0.0355], [0.3132, -0.0654], [0.2834, -0.0895], [0.2797, -0.0916], [0.2948, -0.0961], [0.3412, -0.1011], [0.3878, -0.0969], [0.4326, -0.0835], [0.4736, -0.0614], [0.5096, -0.0316], [0.5389, 0.0049], [0.5607, 0.0465], [0.5739, 0.0918], [0.5782, 0.1388]], "flags": {"1": {"outline": [[0.3636, 0.1714], [0.368, 0.1609], [0.3785, 0.1653], [0.374, 0.1756]]}, "0": {"outline": [[0.3856, 0.144], [0.3818, 0.1524], [0.3736, 0.1488], [0.3769, 0.1404]]}, "3": {"outline": [[0.4052, 0.152], [0.4025, 0.1589], [0.3949, 0.1561], [0.3977, 0.1486]]}, "2": {"outline": [[0.3855, 0.1798], [0.3888, 0.1722], [0.3964, 0.1752], [0.3932, 0.1829]]}}, "icon": [[0.3545, 0.13950000000000004], [0.3795, 0.16449999999999995]]}