{"inputs": [[0.0226, 0.6351, 451.332], [0.0756, 0.6361, 447.373], [0.1301, 0.63, 439.992], [0.1863, 0.6165, 433.242], [0.2429, 0.5963, 427.006], [0.2986, 0.5691, 421.169], [0.3529, 0.5356, 415.623], [0.4046, 0.4967, 410.2654], [0.4529, 0.4525, 405.0], [0.497, 0.4044, 399.7347], [0.5357, 0.3528, 394.3768], [0.5692, 0.2984, 388.83050000000003], [0.5962, 0.2428, 382.9941], [0.6169, 0.1863, 376.7585], [0.6302, 0.1301, 370.00800000000004], [0.6365, 0.0752, 362.6271], [0.6353, 0.0227, 358.6676]], "name": "plane_boomWhisp_15_14", "outputs": [[0.9053, 0.2927, 638.409], [0.8449, 0.2839, 634.55], [0.783, 0.2831, 626.9870000000001], [0.7211, 0.2906, 619.629], [0.6593, 0.3058, 612.457], [0.5995, 0.3289, 605.4449999999999], [0.5423, 0.3593, 598.558], [0.4886, 0.3964, 591.7570000000001], [0.4401, 0.4401, 585.0], [0.3966, 0.4889, 578.2429999999999], [0.3594, 0.5421, 571.442], [0.329, 0.5994, 564.5550000000001], [0.3057, 0.6593, 557.543], [0.2908, 0.7209, 550.371], [0.2834, 0.7831, 543.013], [0.284, 0.8449, 535.45], [0.2928, 0.9051, 531.591]], "outline": [[0.4854, 0.4163], [0.4544, 0.454], [0.4166, 0.4852], [0.373, 0.5085], [0.3263, 0.5224], [0.2774, 0.5274], [0.2285, 0.5226], [0.2254, 0.5218], [0.2382, 0.5227], [0.2938, 0.5174], [0.347, 0.5013], [0.3963, 0.4749], [0.4394, 0.4395], [0.475, 0.3964], [0.5015, 0.347], [0.5174, 0.2936], [0.5228, 0.2381], [0.5219, 0.2255], [0.5228, 0.2287], [0.5275, 0.2774], [0.5226, 0.3261], [0.5085, 0.3733]], "flags": {"1": {"outline": [[0.4207, 0.448], [0.4288, 0.4397], [0.4368, 0.4478], [0.429, 0.456]]}, "0": {"outline": [[0.4514, 0.4307], [0.445, 0.4375], [0.4388, 0.4309], [0.4448, 0.4246]]}, "3": {"outline": [[0.4666, 0.4462], [0.4614, 0.4513], [0.4553, 0.4456], [0.461, 0.4399]]}, "2": {"outline": [[0.438, 0.4641], [0.4439, 0.4582], [0.4496, 0.4642], [0.444, 0.47]]}}, "icon": [[0.43390000000000006, 0.4335999999999999], [0.4589, 0.4586000000000001]]}