{"inputs": [[-0.3847, -0.4332, 226.332], [-0.4228, -0.3969, 222.373], [-0.4572, -0.3538, 214.99200000000002], [-0.4874, -0.3046, 208.24200000000002], [-0.5128, -0.2502, 202.006], [-0.5331, -0.1916, 196.16899999999998], [-0.5479, -0.1297, 190.623], [-0.5568, -0.0655, 185.2653], [-0.5597, -0.0002, 180.0], [-0.5567, 0.065, 174.7347], [-0.5478, 0.1292, 169.3768], [-0.533, 0.1912, 163.8305], [-0.5128, 0.2498, 157.9941], [-0.4874, 0.3042, 151.7585], [-0.4572, 0.3534, 145.008], [-0.4228, 0.3965, 137.62709999999998], [-0.3846, 0.4327, 133.6676]], "name": "plane_boomWhisp_10_4", "outputs": [[-0.7639, 0.4328, 413.409], [-0.7151, 0.3963, 409.55], [-0.6708, 0.3533, 401.987], [-0.6318, 0.3041, 394.629], [-0.5992, 0.2497, 387.457], [-0.5732, 0.1911, 380.445], [-0.5543, 0.1292, 373.558], [-0.5427, 0.0651, 366.757], [-0.5389, -0.0003, 360.0], [-0.5428, -0.0655, 353.243], [-0.5544, -0.1296, 346.442], [-0.5732, -0.1917, 339.555], [-0.5992, -0.2502, 332.543], [-0.6319, -0.3046, 325.371], [-0.6708, -0.3537, 318.01300000000003], [-0.715, -0.3969, 310.45], [-0.7639, -0.4332, 306.591]], "outline": [[-0.6319, 0.0483], [-0.6367, -0.0003], [-0.6319, -0.0488], [-0.6178, -0.0954], [-0.595, -0.1384], [-0.564, -0.1761], [-0.5265, -0.207], [-0.4837, -0.2299], [-0.4373, -0.244], [-0.3888, -0.2489], [-0.3404, -0.2442], [-0.3149, -0.2363], [-0.3254, -0.2354], [-0.3702, -0.2218], [-0.4117, -0.1996], [-0.4479, -0.1697], [-0.4779, -0.1335], [-0.4999, -0.0919], [-0.5136, -0.047], [-0.5181, -0.0002], [-0.5136, 0.0464], [-0.4999, 0.0914], [-0.4779, 0.1329], [-0.448, 0.1691], [-0.4117, 0.199], [-0.3703, 0.2211], [-0.3254, 0.2347], [-0.315, 0.2358], [-0.3405, 0.2437], [-0.3888, 0.2484], [-0.4372, 0.2436], [-0.4837, 0.2294], [-0.5266, 0.2065], [-0.5641, 0.1756], [-0.595, 0.1379], [-0.6179, 0.0948]], "flags": {"1": {"outline": [[-0.5313, -0.0195], [-0.5314, -0.0082], [-0.5426, -0.0082], [-0.5427, -0.0195]]}, "0": {"outline": [[-0.541, 0.0142], [-0.541, 0.0051], [-0.5319, 0.0052], [-0.5319, 0.0141]]}, "3": {"outline": [[-0.5624, 0.0142], [-0.5624, 0.0068], [-0.5542, 0.0065], [-0.5542, 0.0145]]}, "2": {"outline": [[-0.5549, -0.0188], [-0.5549, -0.0105], [-0.5631, -0.0105], [-0.5631, -0.0189]]}}, "icon": [[-0.5525000000000001, -0.012799499999999997], [-0.5275000000000001, 0.012199499999999997]]}