{"inputs": [[-0.5565, 0.2118, 158.832], [-0.5375, 0.2609, 154.873], [-0.5108, 0.3092, 147.49200000000002], [-0.4769, 0.3559, 140.74200000000002], [-0.4364, 0.4002, 134.506], [-0.39, 0.4414, 128.66899999999998], [-0.3384, 0.4787, 123.123], [-0.2826, 0.5115, 117.7654], [-0.2234, 0.5392, 112.5], [-0.162, 0.5614, 107.2347], [-0.0993, 0.5777, 101.8768], [-0.0364, 0.5878, 96.3305], [0.0255, 0.5915, 90.4941], [0.0855, 0.5889, 84.2585], [0.1425, 0.5798, 77.50800000000001], [0.1955, 0.5645, 70.1271], [0.2436, 0.5432, 66.1676]], "name": "plane_boomWhisp_11_1", "outputs": [[0.0982, 0.8943, 345.909], [0.0833, 0.8352, 342.05], [0.0604, 0.7778, 334.487], [0.0298, 0.7232, 327.129], [-0.0079, 0.6721, 319.957], [-0.0521, 0.6256, 312.945], [-0.1021, 0.5845, 306.058], [-0.157, 0.5493, 299.257], [-0.2158, 0.5208, 292.5], [-0.2775, 0.4994, 285.743], [-0.3412, 0.4854, 278.942], [-0.4057, 0.4792, 272.055], [-0.4698, 0.4808, 265.043], [-0.5326, 0.4902, 257.871], [-0.5929, 0.5072, 250.513], [-0.6496, 0.5316, 242.95], [-0.7019, 0.5629, 239.091]], "outline": [[-0.1979, 0.6046], [-0.2446, 0.5904], [-0.2877, 0.5674], [-0.3255, 0.5364], [-0.3565, 0.4987], [-0.3795, 0.4557], [-0.3938, 0.409], [-0.3986, 0.3605], [-0.3938, 0.3119], [-0.3797, 0.2653], [-0.3581, 0.2248], [-0.3627, 0.2725], [-0.3579, 0.3212], [-0.3437, 0.3681], [-0.3206, 0.4113], [-0.2896, 0.4491], [-0.2517, 0.4802], [-0.2085, 0.5033], [-0.1617, 0.5175], [-0.1129, 0.5223], [-0.0642, 0.5175], [-0.0173, 0.5033], [0.0259, 0.4802], [0.0637, 0.4491], [0.0941, 0.4121], [0.0808, 0.456], [0.0578, 0.499], [0.0268, 0.5367], [-0.0109, 0.5676], [-0.054, 0.5905], [-0.1007, 0.6047], [-0.1493, 0.6094]], "flags": {"1": {"outline": [[-0.2307, 0.5063], [-0.2202, 0.5106], [-0.2245, 0.5211], [-0.235, 0.5168]]}, "0": {"outline": [[-0.2032, 0.5281], [-0.2115, 0.5246], [-0.208, 0.5163], [-0.1998, 0.5197]]}, "3": {"outline": [[-0.2114, 0.5479], [-0.2182, 0.5451], [-0.2154, 0.5374], [-0.2079, 0.5405]]}, "2": {"outline": [[-0.239, 0.5283], [-0.2313, 0.5315], [-0.2345, 0.5391], [-0.2422, 0.536]]}}, "icon": [[-0.2296, 0.5114000000000001], [-0.20459999999999998, 0.5364]]}