{"inputs": [[0.4991, -0.0734, 338.832], [0.4803, -0.1226, 334.873], [0.4536, -0.1708, 327.492], [0.4197, -0.2176, 320.742], [0.3792, -0.2618, 314.506], [0.3326, -0.303, 308.669], [0.2811, -0.3401, 303.123], [0.2252, -0.3729, 297.7653], [0.1663, -0.4008, 292.5], [0.1047, -0.423, 287.2347], [0.0422, -0.4394, 281.8768], [-0.0209, -0.4494, 276.33050000000003], [-0.0829, -0.453, 270.4941], [-0.1427, -0.4503, 264.2585], [-0.1997, -0.4413, 257.50800000000004], [-0.2526, -0.4261, 250.12709999999998], [-0.3008, -0.4049, 246.1676]], "name": "plane_boomWhisp_6_9", "outputs": [[-0.1575, -0.7512, 525.909], [-0.1426, -0.6918, 522.05], [-0.1196, -0.6345, 514.4870000000001], [-0.089, -0.5799, 507.129], [-0.0514, -0.529, 499.957], [-0.007, -0.4823, 492.945], [0.0429, -0.4412, 486.058], [0.0976, -0.406, 479.257], [0.1563, -0.3775, 472.5], [0.2182, -0.3561, 465.743], [0.282, -0.3424, 458.942], [0.3464, -0.336, 452.055], [0.4107, -0.3377, 445.043], [0.4733, -0.3469, 437.871], [0.5335, -0.364, 430.51300000000003], [0.5903, -0.3885, 422.95], [0.6427, -0.4198, 419.091]], "outline": [[0.1865, -0.5734], [0.2318, -0.5595], [0.2741, -0.5373], [0.3107, -0.5073], [0.3409, -0.4709], [0.3636, -0.4296], [0.3778, -0.3846], [0.3827, -0.338], [0.3784, -0.2914], [0.365, -0.2468], [0.3428, -0.2058], [0.313, -0.1699], [0.2767, -0.1405], [0.2626, -0.133], [0.2639, -0.1373], [0.2676, -0.1754], [0.2637, -0.2134], [0.2528, -0.25], [0.2347, -0.2836], [0.2104, -0.313], [0.181, -0.3374], [0.1472, -0.3553], [0.1108, -0.3663], [0.0728, -0.3701], [0.0347, -0.3664], [-0.0018, -0.3554], [-0.0353, -0.3372], [-0.0651, -0.3132], [-0.0892, -0.2835], [-0.0913, -0.2797], [-0.0959, -0.2948], [-0.1009, -0.3413], [-0.0967, -0.3879], [-0.0832, -0.4326], [-0.0611, -0.4736], [-0.0314, -0.5096], [0.0051, -0.5389], [0.0467, -0.5608], [0.092, -0.574], [0.1391, -0.5783]], "flags": {"1": {"outline": [[0.1716, -0.3637], [0.1612, -0.3681], [0.1656, -0.3785], [0.1759, -0.3741]]}, "0": {"outline": [[0.1443, -0.3856], [0.1525, -0.3818], [0.149, -0.3737], [0.1406, -0.377]]}, "3": {"outline": [[0.1523, -0.4053], [0.1592, -0.4025], [0.1563, -0.3949], [0.1489, -0.3977]]}, "2": {"outline": [[0.18, -0.3855], [0.1723, -0.3889], [0.1754, -0.3965], [0.1831, -0.3932]]}}, "icon": [[0.1397, -0.37949999999999995], [0.1647, -0.35450000000000004]]}