{"inputs": [[0.0998, -0.4277, 248.832], [0.0508, -0.4087, 244.873], [0.0026, -0.3819, 237.49200000000002], [-0.0442, -0.3481, 230.74200000000002], [-0.0885, -0.3075, 224.506], [-0.1296, -0.2612, 218.66899999999998], [-0.167, -0.2096, 213.123], [-0.1997, -0.1536, 207.7653], [-0.2275, -0.0946, 202.5], [-0.2497, -0.033, 197.2347], [-0.266, 0.0295, 191.8768], [-0.2761, 0.0923, 186.3305], [-0.2798, 0.1543, 180.4941], [-0.2772, 0.2143, 174.2585], [-0.2681, 0.2712, 167.508], [-0.2528, 0.3243, 160.12709999999998], [-0.2315, 0.3725, 156.1676]], "name": "plank_5", "outputs": [[0.7769, 0.7902, 391.012], [0.7958, 0.7588, 389.925], [0.8169, 0.7208, 388.211], [0.8397, 0.6768, 386.888], [0.8638, 0.6282, 385.804], [0.889, 0.5752, 384.872], [0.9146, 0.5186, 384.035], [0.9403, 0.4598, 383.254], [0.9657, 0.3999, 382.5], [0.9902, 0.3393, 381.746], [1.0137, 0.2794, 380.965], [1.0355, 0.2214, 380.128], [1.0551, 0.1662, 379.196], [1.0727, 0.1145, 378.112], [1.0875, 0.0675, 376.789], [1.0994, 0.0256, 375.075], [1.1084, -0.0099, 373.988]], "outline": [[0.7912, 0.598], [-0.2434, 0.1694], [-0.2683, 0.1548], [-0.2823, 0.1358], [-0.2858, 0.1123], [-0.2786, 0.0846], [-0.137, -0.2573], [-0.1224, -0.2821], [-0.1034, -0.2961], [-0.08, -0.2996], [-0.0522, -0.2923], [0.9826, 0.1362], [1.0074, 0.1508], [1.0214, 0.1698], [1.025, 0.1932], [1.0177, 0.2211], [0.8761, 0.5629], [0.8616, 0.5876], [0.8426, 0.6017], [0.819, 0.6052]], "flags": {"1": {"outline": [[1.025, 0.1932], [1.0177, 0.2211], [0.9929, 0.281], [-0.1619, -0.1973], [-0.137, -0.2573], [-0.1224, -0.2821], [-0.1162, -0.2865], [1.0237, 0.1857]]}, "0": {"outline": [[1.0074, 0.1508], [1.0214, 0.1698], [1.0237, 0.1857], [-0.1162, -0.2865], [-0.1034, -0.2961], [-0.08, -0.2996], [-0.0522, -0.2923], [0.9826, 0.1362]]}, "3": {"outline": [[0.819, 0.6052], [0.7912, 0.598], [-0.2434, 0.1694], [-0.2683, 0.1548], [-0.2823, 0.1358], [-0.2846, 0.12], [0.8553, 0.5922], [0.8426, 0.6017]]}, "2": {"outline": [[0.8761, 0.5629], [0.8616, 0.5876], [0.8553, 0.5922], [-0.2846, 0.12], [-0.2858, 0.1123], [-0.2786, 0.0846], [-0.2538, 0.0245], [0.901, 0.5028]]}}, "icon": [[-0.125, -0.125], [0.125, 0.125]]}