{"inputs": [[0.1776, -0.4352, 271.332], [0.1249, -0.4362, 267.373], [0.0703, -0.4303, 259.992], [0.0141, -0.4168, 253.24200000000002], [-0.0424, -0.3964, 247.006], [-0.0982, -0.3691, 241.16899999999998], [-0.1525, -0.3357, 235.623], [-0.2041, -0.2967, 230.2653], [-0.2523, -0.2527, 225.0], [-0.2964, -0.2044, 219.7347], [-0.3355, -0.1527, 214.3768], [-0.3687, -0.0985, 208.8305], [-0.3958, -0.0428, 202.9941], [-0.4165, 0.0136, 196.7585], [-0.4299, 0.0698, 190.008], [-0.436, 0.1245, 182.62709999999998], [-0.4349, 0.1771, 178.6676]], "name": "plane_boomWhisp_4_6", "outputs": [[-0.6981, -0.086, 458.409], [-0.6376, -0.0771, 454.55], [-0.576, -0.0764, 446.987], [-0.5137, -0.0837, 439.629], [-0.4521, -0.0989, 432.457], [-0.3923, -0.1221, 425.445], [-0.335, -0.1524, 418.558], [-0.2816, -0.1897, 411.757], [-0.2327, -0.233, 405.0], [-0.1893, -0.2819, 398.243], [-0.1521, -0.3355, 391.442], [-0.1217, -0.3927, 384.555], [-0.0986, -0.4526, 377.543], [-0.0832, -0.514, 370.371], [-0.076, -0.5764, 363.01300000000003], [-0.0766, -0.6381, 355.45], [-0.0856, -0.6984, 351.591]], "outline": [[-0.4224, -0.3583], [-0.3931, -0.3935], [-0.3579, -0.4229], [-0.3177, -0.4448], [-0.2746, -0.459], [-0.2301, -0.4644], [-0.1857, -0.4613], [-0.1432, -0.4492], [-0.1042, -0.4292], [-0.0703, -0.4017], [-0.0428, -0.3677], [-0.0227, -0.3288], [-0.0108, -0.2865], [-0.0074, -0.242], [-0.008, -0.2377], [-0.0253, -0.247], [-0.0572, -0.2567], [-0.0902, -0.2599], [-0.1231, -0.2566], [-0.155, -0.2469], [-0.1843, -0.2313], [-0.2101, -0.2103], [-0.2309, -0.1848], [-0.2466, -0.1553], [-0.2563, -0.1235], [-0.2595, -0.0905], [-0.2561, -0.0575], [-0.2467, -0.0258], [-0.2373, -0.0084], [-0.2415, -0.008], [-0.2859, -0.0112], [-0.3285, -0.0231], [-0.3673, -0.0431], [-0.4012, -0.0708], [-0.4288, -0.1046], [-0.4489, -0.1434], [-0.4609, -0.186], [-0.464, -0.2304], [-0.4585, -0.275], [-0.4445, -0.3183]], "flags": {"1": {"outline": [[-0.2143, -0.2421], [-0.2224, -0.2339], [-0.2303, -0.242], [-0.2222, -0.25]]}, "0": {"outline": [[-0.245, -0.2251], [-0.2385, -0.2312], [-0.2321, -0.2249], [-0.2385, -0.2187]]}, "3": {"outline": [[-0.2601, -0.2401], [-0.255, -0.2453], [-0.2489, -0.2397], [-0.2545, -0.234]]}, "2": {"outline": [[-0.2313, -0.258], [-0.2372, -0.2521], [-0.2432, -0.258], [-0.2372, -0.2639]]}}, "icon": [[-0.232, -0.23220000000000002], [-0.207, -0.2072]]}