{
"name": "plane_plane_8_0",
"flags": {
	"0": { "outline": [[-0.108632,0.279474],[0.108632,0.279474],[0.0481305,0.439374],[-0.0481305,0.439374]] },
	"1": { "outline": [[-0.0444757,0.0574606],[0.0444757,0.0574606],[0.0444757,0.146412],[-0.0444757,0.146412]] },
	"2": { "outline": [[-0.0444757,-0.124015],[0.0444757,-0.124015],[0.0444757,-0.0350633],[-0.0444757,-0.0350633]] },
	"3": { "outline": [[-0.0257337,-0.930783],[0.0257337,-0.930783],[0.0104765,-0.666526],[-0.0104765,-0.666526]] }
},
"outline": [[-0.138199,0.188839],[-0.383596,0.188839],[-0.388825,0.28933],[-0.440116,0.28933],[-0.445144,0.183567],[-0.690993,0.141142],[-0.690993,-0.141142],[-0.445144,-0.183567],[-0.440116,-0.28933],[-0.388825,-0.28933],[-0.383596,-0.188839],[-0.138199,-0.188839],[-0.107741,-0.388839],[-0.0787645,-0.620272],[-0.0787646,-0.675785],[-0.278765,-0.718931],[-0.278765,-0.856572],[-0.0787645,-0.899718],[-0.0446986,-0.955231],[0.0446987,-0.955231],[0.0787646,-0.899718],[0.278765,-0.856572],[0.278765,-0.718931],[0.0787646,-0.675785],[0.0787646,-0.620272],[0.107741,-0.388839],[0.138199,-0.188839],[0.383596,-0.188839],[0.388825,-0.28933],[0.440116,-0.28933],[0.445144,-0.183567],[0.690993,-0.141142],[0.690993,0.141142],[0.445144,0.183567],[0.440116,0.28933],[0.388825,0.28933],[0.383596,0.188839],[0.138199,0.188839],[0.106541,0.393178],[0.0323176,0.489937],[-0.0323176,0.489937],[-0.106541,0.393178]],
"inputs": [[-0.433013,0.332869,136.332],[-0.396677,0.370935,132.373],[-0.353553,0.405356,124.992],[-0.304381,0.435542,118.242],[-0.25,0.460978,112.006],[-0.191342,0.481226,106.169],[-0.12941,0.495943,100.623],[-0.0652631,0.504874,95.2654],[2.18557e-08,0.507869,90],[0.0652631,0.504874,84.7347],[0.12941,0.495943,79.3768],[0.191342,0.481226,73.8305],[0.25,0.460978,67.9941],[0.304381,0.435542,61.7585],[0.353553,0.405356,55.008],[0.396677,0.370935,47.6271],[0.433013,0.332869,43.6676]],
"outputs": [[0.433013,-0.929722,278.512],[0.396677,-0.93516,277.425],[0.353553,-0.940077,275.711],[0.304381,-0.94439,274.388],[0.25,-0.948023,273.304],[0.191342,-0.950916,272.372],[0.12941,-0.953018,271.535],[0.065263,-0.954294,270.754],[5.96244e-09,-0.954722,270],[-0.0652632,-0.954294,269.246],[-0.129409,-0.953018,268.465],[-0.191342,-0.950916,267.628],[-0.25,-0.948023,266.696],[-0.304381,-0.94439,265.612],[-0.353553,-0.940077,264.289],[-0.396677,-0.93516,262.575],[-0.433013,-0.929722,261.488]],
"icon": [[-0.125,-0.125],[0.125,0.125]]
}