{"inputs": [[-0.4221, -0.1127, 158.832], [-0.4031, -0.0636, 154.873], [-0.3764, -0.0153, 147.49200000000002], [-0.3425, 0.0314, 140.74200000000002], [-0.302, 0.0757, 134.506], [-0.2556, 0.1169, 128.66899999999998], [-0.204, 0.1542, 123.123], [-0.1482, 0.187, 117.7653], [-0.089, 0.2147, 112.5], [-0.0276, 0.2369, 107.2347], [0.0351, 0.2532, 101.8768], [0.098, 0.2633, 96.3305], [0.1599, 0.2671, 90.4941], [0.2199, 0.2644, 84.2585], [0.2769, 0.2553, 77.50800000000001], [0.3299, 0.24, 70.1271], [0.378, 0.2187, 66.1676]], "name": "plane_boomWhisp_1_1", "outputs": [[0.2372, 0.5587, 345.909], [0.2224, 0.4995, 342.05], [0.1995, 0.4422, 334.487], [0.1689, 0.3875, 327.129], [0.1312, 0.3365, 319.957], [0.0869, 0.29, 312.945], [0.037, 0.2488, 306.058], [-0.0179, 0.2136, 299.257], [-0.0767, 0.1851, 292.5], [-0.1385, 0.1637, 285.743], [-0.2022, 0.1497, 278.942], [-0.2666, 0.1435, 272.055], [-0.3308, 0.1451, 265.043], [-0.3935, 0.1545, 257.871], [-0.4538, 0.1716, 250.513], [-0.5106, 0.1959, 242.95], [-0.5629, 0.2273, 239.091]], "outline": [[-0.0933, 0.3237], [-0.1294, 0.3123], [-0.1631, 0.2948], [-0.1929, 0.2719], [-0.2177, 0.2444], [-0.2366, 0.2135], [-0.2489, 0.1803], [-0.2541, 0.146], [-0.252, 0.1121], [-0.2426, 0.0797], [-0.2264, 0.0502], [-0.2039, 0.0247], [-0.176, 0.0041], [-0.1438, -0.0107], [-0.1181, -0.0169], [-0.1186, -0.0109], [-0.1163, 0.0131], [-0.1093, 0.0362], [-0.0979, 0.0575], [-0.0826, 0.0761], [-0.0639, 0.0915], [-0.0427, 0.1028], [-0.0196, 0.1098], [0.0044, 0.1122], [0.0285, 0.1098], [0.0515, 0.1028], [0.0728, 0.0915], [0.0915, 0.0761], [0.0953, 0.0715], [0.1091, 0.0941], [0.1214, 0.1273], [0.1266, 0.1616], [0.1244, 0.1955], [0.115, 0.2279], [0.0988, 0.2574], [0.0763, 0.2829], [0.0484, 0.3034], [0.0162, 0.3183], [-0.019, 0.3267], [-0.056, 0.3286]], "flags": {"1": {"outline": [[-0.0922, 0.1719], [-0.0817, 0.1763], [-0.086, 0.1867], [-0.0965, 0.1824]]}, "0": {"outline": [[-0.0647, 0.1937], [-0.073, 0.1903], [-0.0695, 0.1819], [-0.0613, 0.1853]]}, "3": {"outline": [[-0.0729, 0.2136], [-0.0797, 0.2107], [-0.0769, 0.203], [-0.0694, 0.2061]]}, "2": {"outline": [[-0.1005, 0.1939], [-0.0928, 0.1971], [-0.096, 0.2048], [-0.1036, 0.2016]]}}, "icon": [[-0.0774, 0.144], [-0.0524, 0.169]]}