{"inputs": [[0.3772, 0.2354, 361.332], [0.3783, 0.1827, 357.373], [0.3722, 0.128, 349.992], [0.3585, 0.0719, 343.242], [0.3382, 0.0155, 337.006], [0.311, -0.0404, 331.169], [0.2776, -0.0947, 325.623], [0.2387, -0.1462, 320.2653], [0.1945, -0.1946, 315.0], [0.1466, -0.2385, 309.7347], [0.0945, -0.2775, 304.3768], [0.0405, -0.311, 298.83050000000003], [-0.0152, -0.3381, 292.9941], [-0.0717, -0.3585, 286.7585], [-0.1279, -0.372, 280.00800000000004], [-0.1828, -0.3783, 272.6271], [-0.2354, -0.3771, 268.6676]], "name": "plane_boomWhisp_2_10", "outputs": [[0.0259, -0.6382, 548.409], [0.017, -0.5778, 544.55], [0.016, -0.5161, 536.9870000000001], [0.0235, -0.4539, 529.629], [0.039, -0.3922, 522.457], [0.0618, -0.3324, 515.4449999999999], [0.0924, -0.2753, 508.558], [0.1295, -0.2215, 501.757], [0.1729, -0.173, 495.0], [0.2218, -0.1295, 488.243], [0.2752, -0.0922, 481.442], [0.3325, -0.0617, 474.555], [0.3922, -0.0387, 467.543], [0.4541, -0.0234, 460.371], [0.5163, -0.0161, 453.01300000000003], [0.5779, -0.0167, 445.45], [0.6383, -0.0256, 441.591]], "outline": [[0.2806, -0.3396], [0.3129, -0.3127], [0.3399, -0.2804], [0.3604, -0.2443], [0.3743, -0.2058], [0.3803, -0.1657], [0.3785, -0.1262], [0.3692, -0.089], [0.3522, -0.0548], [0.3288, -0.0252], [0.2993, -0.0018], [0.2654, 0.015], [0.2279, 0.0243], [0.1885, 0.0262], [0.1617, 0.0221], [0.1618, 0.0215], [0.1696, -0.0047], [0.1724, -0.0321], [0.1697, -0.0595], [0.1618, -0.0856], [0.1486, -0.1098], [0.1314, -0.1313], [0.1101, -0.1486], [0.0858, -0.1616], [0.0594, -0.1698], [0.0322, -0.1721], [0.0048, -0.1695], [-0.0216, -0.1618], [-0.022, -0.1613], [-0.026, -0.1883], [-0.0244, -0.2278], [-0.0149, -0.2652], [0.0018, -0.2993], [0.0256, -0.3288], [0.055, -0.3521], [0.0889, -0.3691], [0.1265, -0.3787], [0.1658, -0.3801], [0.2057, -0.3743], [0.2446, -0.3604]], "flags": {"1": {"outline": [[0.1822, -0.1547], [0.1739, -0.1627], [0.1821, -0.1706], [0.19, -0.1626]]}, "0": {"outline": [[0.1651, -0.1856], [0.1716, -0.1789], [0.1648, -0.1725], [0.1585, -0.1789]]}, "3": {"outline": [[0.1802, -0.2004], [0.1855, -0.1953], [0.1799, -0.1893], [0.1741, -0.195]]}, "2": {"outline": [[0.1982, -0.1718], [0.1922, -0.1777], [0.1982, -0.1836], [0.2042, -0.1777]]}}, "icon": [[0.14170000000000002, -0.16640000000000002], [0.1667, -0.1414]]}