{"inputs": [[0.2877, -0.4375, 293.832], [0.2395, -0.4589, 289.873], [0.1865, -0.4742, 282.492], [0.1296, -0.4831, 275.742], [0.0695, -0.4859, 269.506], [0.0076, -0.4821, 263.669], [-0.0551, -0.4721, 258.123], [-0.1179, -0.4558, 252.7653], [-0.1794, -0.4337, 247.5], [-0.2385, -0.4059, 242.2347], [-0.2942, -0.373, 236.8768], [-0.3458, -0.3357, 231.3305], [-0.3924, -0.2945, 225.4941], [-0.4327, -0.2503, 219.2585], [-0.4668, -0.2037, 212.508], [-0.4935, -0.1553, 205.12709999999998], [-0.5123, -0.1062, 201.1676]], "name": "plane_boomWhisp_7_7", "outputs": [[-0.6564, -0.4537, 480.909], [-0.6041, -0.4222, 477.05], [-0.5473, -0.3981, 469.487], [-0.4871, -0.3809, 462.129], [-0.4243, -0.3716, 454.957], [-0.3601, -0.37, 447.945], [-0.2955, -0.3761, 441.058], [-0.2319, -0.3901, 434.257], [-0.1702, -0.4115, 427.5], [-0.1115, -0.44, 420.743], [-0.0564, -0.4752, 413.942], [-0.0066, -0.5163, 407.055], [0.0377, -0.5629, 400.043], [0.0755, -0.6139, 392.871], [0.106, -0.6686, 385.51300000000003], [0.129, -0.726, 377.95], [0.1437, -0.7851, 374.091]], "outline": [[-0.2788, -0.549], [-0.2365, -0.5715], [-0.1906, -0.5855], [-0.1429, -0.5904], [-0.0952, -0.5861], [-0.0493, -0.5725], [-0.0072, -0.5502], [0.0298, -0.5202], [0.06, -0.4836], [0.0823, -0.4417], [0.0961, -0.3962], [0.1007, -0.3491], [0.0958, -0.3025], [0.0895, -0.3142], [0.0638, -0.3456], [0.0324, -0.3714], [-0.0033, -0.3905], [-0.0422, -0.4021], [-0.0824, -0.4062], [-0.1227, -0.4023], [-0.1614, -0.3903], [-0.197, -0.3714], [-0.2286, -0.3457], [-0.2541, -0.3143], [-0.2734, -0.2785], [-0.2851, -0.2399], [-0.2889, -0.1995], [-0.285, -0.1591], [-0.2812, -0.1463], [-0.3175, -0.1758], [-0.3477, -0.2126], [-0.3701, -0.2542], [-0.3839, -0.2997], [-0.3885, -0.3469], [-0.3834, -0.3944], [-0.3694, -0.4399], [-0.3466, -0.4817], [-0.3161, -0.5188]], "flags": {"1": {"outline": [[-0.1497, -0.4122], [-0.1602, -0.4079], [-0.1644, -0.4184], [-0.1539, -0.4228]]}, "0": {"outline": [[-0.1844, -0.4082], [-0.176, -0.4116], [-0.1727, -0.4032], [-0.1809, -0.3998]]}, "3": {"outline": [[-0.1927, -0.4281], [-0.1858, -0.4309], [-0.1823, -0.4233], [-0.1898, -0.4203]]}, "2": {"outline": [[-0.1592, -0.4335], [-0.1669, -0.4305], [-0.1701, -0.4382], [-0.1624, -0.4415]]}}, "icon": [[-0.17950000000000002, -0.4168], [-0.1545, -0.3918]]}