{"inputs": [[0.264, 0.5781, 428.832], [0.3133, 0.5588, 424.873], [0.3614, 0.5323, 417.492], [0.4081, 0.4983, 410.742], [0.4527, 0.458, 404.506], [0.4937, 0.4115, 398.669], [0.5311, 0.3598, 393.123], [0.564, 0.3041, 387.7654], [0.5917, 0.2448, 382.5], [0.614, 0.1835, 377.2347], [0.63, 0.121, 371.8768], [0.6401, 0.0579, 366.33050000000003], [0.6438, -0.0038, 360.4941], [0.6413, -0.0639, 354.2585], [0.6321, -0.1209, 347.50800000000004], [0.6169, -0.1741, 340.1271], [0.5957, -0.2221, 336.1676]], "name": "plane_boomWhisp_15_13", "outputs": [[0.9485, -0.076, 615.909], [0.8893, -0.061, 612.05], [0.8318, -0.0381, 604.4870000000001], [0.7775, -0.0075, 597.129], [0.7262, 0.0303, 589.957], [0.6798, 0.0745, 582.9449999999999], [0.6386, 0.1244, 576.058], [0.6032, 0.1793, 569.2570000000001], [0.5751, 0.2382, 562.5], [0.5536, 0.2999, 555.7429999999999], [0.5396, 0.3633, 548.942], [0.5334, 0.4279, 542.0550000000001], [0.5348, 0.4921, 535.043], [0.5446, 0.5548, 527.871], [0.5616, 0.6151, 520.513], [0.5858, 0.6719, 512.95], [0.617, 0.7242, 509.091]], "outline": [[0.6078, 0.1989], [0.5936, 0.2456], [0.5706, 0.2889], [0.5393, 0.3271], [0.5014, 0.3578], [0.4582, 0.3811], [0.4112, 0.3954], [0.408, 0.3958], [0.4202, 0.3918], [0.4695, 0.3656], [0.5125, 0.3304], [0.5479, 0.2871], [0.5742, 0.2379], [0.5906, 0.1845], [0.5962, 0.1287], [0.5904, 0.0733], [0.5742, 0.0199], [0.5685, 0.0086], [0.5706, 0.0112], [0.5936, 0.0544], [0.6077, 0.1013], [0.6127, 0.1503]], "flags": {"1": {"outline": [[0.5602, 0.2529], [0.5645, 0.2422], [0.575, 0.2466], [0.5709, 0.2571]]}, "0": {"outline": [[0.5819, 0.2252], [0.5786, 0.2339], [0.5704, 0.2302], [0.5735, 0.2221]]}, "3": {"outline": [[0.6019, 0.2337], [0.599, 0.2404], [0.5912, 0.2375], [0.5943, 0.23]]}, "2": {"outline": [[0.5823, 0.2612], [0.5855, 0.2535], [0.5931, 0.2568], [0.5901, 0.2643]]}}, "icon": [[0.5707000000000001, 0.2287999999999999], [0.5957, 0.2538000000000001]]}