{"inputs": [[-0.433013, 0.467656, 136.332], [-0.396677, 0.505723, 132.373], [-0.353553, 0.540144, 124.992], [-0.304381, 0.57033, 118.242], [-0.25, 0.595765, 112.006], [-0.191342, 0.616014, 106.169], [-0.12941, 0.63073, 100.623], [-0.0652631, 0.639662, 95.2654], [2.18557e-08, 0.642656, 90], [0.0652631, 0.639662, 84.7347], [0.12941, 0.63073, 79.3768], [0.191342, 0.616014, 73.8305], [0.25, 0.595765, 67.9941], [0.304381, 0.57033, 61.7585], [0.353553, 0.540144, 55.008], [0.396677, 0.505723, 47.6271], [0.433013, 0.467656, 43.6676]], "name": "plane_boomWhisp_16_0", "outputs": [[0.433013, 0.849748, 323.409], [0.396677, 0.800805, 319.55], [0.353553, 0.75655, 311.987], [0.304381, 0.717739, 304.629], [0.25, 0.685037, 297.457], [0.191342, 0.659002, 290.445], [0.12941, 0.640081, 283.558], [0.065263, 0.628598, 276.757], [5.96244e-09, 0.624748, 270], [-0.0652632, 0.628598, 263.243], [-0.129409, 0.640081, 256.442], [-0.191342, 0.659002, 249.555], [-0.25, 0.685037, 242.543], [-0.304381, 0.717739, 235.371], [-0.353553, 0.75655, 228.013], [-0.396677, 0.800805, 220.45], [-0.433013, 0.849748, 216.591]], "outline": [[0.0487726, 0.637524], [3.93312e-17, 0.642328], [-0.0487726, 0.637524], [-0.0956709, 0.623298], [-0.138893, 0.600195], [-0.176777, 0.569105], [-0.183261, 0.561203], [-0.16072, 0.579702], [-0.110706, 0.606435], [-0.0564375, 0.622897], [3.84818e-17, 0.628456], [0.0564375, 0.622897], [0.110706, 0.606435], [0.16072, 0.579702], [0.183261, 0.561203], [0.176777, 0.569105], [0.138893, 0.600195], [0.0956709, 0.623298]], "flags": {"1": {"outline": [[-0.0192751, 0.616847], [-0.00796014, 0.616847], [-0.00796014, 0.628162], [-0.019275, 0.628162]]}, "0": {"outline": [[0.0144482, 0.626463], [0.00539548, 0.626463], [0.00545735, 0.617371], [0.0143864, 0.617371]]}, "3": {"outline": [[0.0144246, 0.647937], [0.00706542, 0.647937], [0.00670603, 0.639721], [0.0147839, 0.639721]]}, "2": {"outline": [[-0.01855, 0.64032], [-0.0102311, 0.64032], [-0.0102311, 0.648639], [-0.01855, 0.648639]]}}, "icon": [[-0.0125, 0.621396], [0.0125, 0.646396]]}