{"inputs": [[-0.5952, -0.0173, 181.332], [-0.5965, 0.0353, 177.373], [-0.5903, 0.0901, 169.99200000000002], [-0.5768, 0.1463, 163.24200000000002], [-0.5564, 0.2027, 157.006], [-0.5293, 0.2585, 151.16899999999998], [-0.4959, 0.3127, 145.623], [-0.4569, 0.3644, 140.2654], [-0.4128, 0.4126, 135.0], [-0.3646, 0.4566, 129.7347], [-0.3129, 0.4957, 124.3768], [-0.2586, 0.5291, 118.8305], [-0.2028, 0.5562, 112.9941], [-0.1464, 0.5767, 106.7585], [-0.0903, 0.5901, 100.00800000000001], [-0.0355, 0.5963, 92.6271], [0.0171, 0.595, 88.6676]], "name": "plane_boomWhisp_11_2", "outputs": [[-0.2516, 0.8638, 368.409], [-0.2427, 0.8035, 364.55], [-0.2419, 0.7417, 356.987], [-0.2493, 0.6795, 349.629], [-0.2646, 0.6179, 342.457], [-0.2876, 0.558, 335.445], [-0.3181, 0.5009, 328.558], [-0.3553, 0.4474, 321.757], [-0.3987, 0.3985, 315.0], [-0.4475, 0.3551, 308.243], [-0.501, 0.3178, 301.442], [-0.5582, 0.2874, 294.555], [-0.6181, 0.2644, 287.543], [-0.6797, 0.249, 280.371], [-0.7419, 0.2416, 273.01300000000003], [-0.8036, 0.2425, 265.45], [-0.8639, 0.2514, 261.591]], "outline": [[-0.4143, 0.4828], [-0.452, 0.4518], [-0.483, 0.4141], [-0.506, 0.371], [-0.5203, 0.3243], [-0.5251, 0.2757], [-0.5204, 0.2271], [-0.5063, 0.1805], [-0.4832, 0.1374], [-0.4524, 0.0998], [-0.4169, 0.0706], [-0.4394, 0.1129], [-0.4536, 0.1597], [-0.4585, 0.2085], [-0.4536, 0.2573], [-0.4395, 0.304], [-0.4164, 0.3473], [-0.3853, 0.3851], [-0.3475, 0.4162], [-0.3042, 0.4393], [-0.2574, 0.4535], [-0.2086, 0.4583], [-0.1599, 0.4535], [-0.1131, 0.4392], [-0.0708, 0.4167], [-0.0999, 0.4522], [-0.1376, 0.4831], [-0.1807, 0.5061], [-0.2273, 0.5202], [-0.2759, 0.5248], [-0.3245, 0.5201], [-0.3712, 0.5058]], "flags": {"1": {"outline": [[-0.4069, 0.3794], [-0.3989, 0.3874], [-0.4069, 0.3955], [-0.4149, 0.3875]]}, "0": {"outline": [[-0.3899, 0.4101], [-0.3962, 0.4037], [-0.3898, 0.3974], [-0.3835, 0.4036]]}, "3": {"outline": [[-0.405, 0.4252], [-0.4102, 0.4201], [-0.4047, 0.414], [-0.399, 0.4197]]}, "2": {"outline": [[-0.423, 0.3966], [-0.4171, 0.4025], [-0.423, 0.4083], [-0.4289, 0.4025]]}}, "icon": [[-0.4136, 0.3884], [-0.3886, 0.41339999999999993]]}