{"inputs": [[-0.433013, 0.0574507, 136.332], [-0.396677, 0.0955172, 132.373], [-0.353553, 0.129938, 124.992], [-0.304381, 0.160124, 118.242], [-0.25, 0.18556, 112.006], [-0.191342, 0.205809, 106.169], [-0.12941, 0.220525, 100.623], [-0.0652631, 0.229456, 95.2653], [2.18557e-08, 0.232451, 90], [0.0652631, 0.229456, 84.7347], [0.12941, 0.220525, 79.3768], [0.191342, 0.205809, 73.8305], [0.25, 0.18556, 67.9941], [0.304381, 0.160124, 61.7585], [0.353553, 0.129938, 55.008], [0.396677, 0.0955171, 47.6271], [0.433013, 0.0574507, 43.6676]], "name": "plane_boomWhisp_1_0", "outputs": [[0.433013, 0.425394, 323.409], [0.396677, 0.376451, 319.55], [0.353553, 0.332196, 311.987], [0.304381, 0.293385, 304.629], [0.25, 0.260682, 297.457], [0.191342, 0.234648, 290.445], [0.12941, 0.215727, 283.558], [0.065263, 0.204244, 276.757], [5.96244e-09, 0.200394, 270], [-0.0652632, 0.204244, 263.243], [-0.129409, 0.215727, 256.442], [-0.191342, 0.234648, 249.555], [-0.25, 0.260682, 242.543], [-0.304381, 0.293385, 235.371], [-0.353553, 0.332196, 228.013], [-0.396677, 0.376451, 220.45], [-0.433013, 0.425394, 216.591]], "outline": [[0.0377616, 0.334793], [2.0702e-17, 0.33809], [-0.0377616, 0.334793], [-0.0740721, 0.32503], [-0.107536, 0.309176], [-0.136867, 0.287839], [-0.160939, 0.261841], [-0.178826, 0.23218], [-0.189841, 0.199995], [-0.19356, 0.166525], [-0.189841, 0.133054], [-0.178826, 0.100869], [-0.160939, 0.0712081], [-0.136867, 0.0452097], [-0.115455, 0.0296341], [-0.113715, 0.0353732], [-0.10234, 0.0566527], [-0.0870333, 0.0753044], [-0.0683816, 0.0906114], [-0.0471021, 0.101986], [-0.0240124, 0.10899], [6.81851e-18, 0.111355], [0.0240124, 0.10899], [0.0471021, 0.101986], [0.0683817, 0.0906114], [0.0870333, 0.0753044], [0.10234, 0.0566527], [0.113715, 0.0353732], [0.115455, 0.0296341], [0.136867, 0.0452097], [0.160939, 0.0712081], [0.178826, 0.100869], [0.189841, 0.133054], [0.19356, 0.166525], [0.189841, 0.199995], [0.178826, 0.23218], [0.160939, 0.261841], [0.136867, 0.287839], [0.107536, 0.309176], [0.0740721, 0.32503]], "flags": {"1": {"outline": [[-0.0192751, 0.19414], [-0.00796014, 0.19414], [-0.00796014, 0.205455], [-0.019275, 0.205455]]}, "0": {"outline": [[0.0144482, 0.203756], [0.00539548, 0.203756], [0.00545735, 0.194665], [0.0143864, 0.194665]]}, "3": {"outline": [[0.0144246, 0.22523], [0.00706542, 0.22523], [0.00670603, 0.217014], [0.0147839, 0.217014]]}, "2": {"outline": [[-0.01855, 0.217613], [-0.0102311, 0.217613], [-0.0102311, 0.225932], [-0.01855, 0.225932]]}}, "icon": [[-0.0125, 0.156958], [0.0125, 0.181958]]}