{"inputs": [[-0.433013, 0.326953, 136.332], [-0.396677, 0.36502, 132.373], [-0.353553, 0.39944, 124.992], [-0.304381, 0.429627, 118.242], [-0.25, 0.455062, 112.006], [-0.191342, 0.475311, 106.169], [-0.12941, 0.490027, 100.623], [-0.0652631, 0.498959, 95.2653], [2.18557e-08, 0.501953, 90], [0.0652631, 0.498959, 84.7347], [0.12941, 0.490027, 79.3768], [0.191342, 0.475311, 73.8305], [0.25, 0.455062, 67.9941], [0.304381, 0.429627, 61.7585], [0.353553, 0.39944, 55.008], [0.396677, 0.36502, 47.6271], [0.433013, 0.326953, 43.6676]], "name": "plane_boomWhisp_8_0", "outputs": [[0.433013, 0.704192, 323.409], [0.396677, 0.655249, 319.55], [0.353553, 0.610994, 311.987], [0.304381, 0.572183, 304.629], [0.25, 0.53948, 297.457], [0.191342, 0.513446, 290.445], [0.12941, 0.494525, 283.558], [0.065263, 0.483042, 276.757], [5.96244e-09, 0.479192, 270], [-0.0652632, 0.483042, 263.243], [-0.129409, 0.494525, 256.442], [-0.191342, 0.513446, 249.555], [-0.25, 0.53948, 242.543], [-0.304381, 0.572183, 235.371], [-0.353553, 0.610994, 228.013], [-0.396677, 0.655249, 220.45], [-0.433013, 0.704192, 216.591]], "outline": [[0.048113, 0.622303], [3.8393e-17, 0.627006], [-0.048113, 0.622303], [-0.094377, 0.608376], [-0.137014, 0.58576], [-0.174386, 0.555325], [-0.205056, 0.518238], [-0.227846, 0.475927], [-0.24188, 0.430017], [-0.246619, 0.382271], [-0.24188, 0.334526], [-0.227846, 0.288615], [-0.215455, 0.26561], [-0.213896, 0.281435], [-0.201486, 0.322347], [-0.181333, 0.360051], [-0.154211, 0.393099], [-0.121163, 0.420221], [-0.0834583, 0.440374], [-0.0425466, 0.452785], [2.79817e-17, 0.456975], [0.0425466, 0.452785], [0.0834583, 0.440374], [0.121163, 0.420221], [0.154211, 0.393099], [0.181333, 0.360051], [0.201486, 0.322347], [0.213896, 0.281435], [0.215455, 0.26561], [0.227846, 0.288615], [0.24188, 0.334526], [0.246619, 0.382271], [0.24188, 0.430017], [0.227846, 0.475927], [0.205056, 0.518238], [0.174386, 0.555325], [0.137014, 0.58576], [0.094377, 0.608376]], "flags": {"1": {"outline": [[-0.0192751, 0.471856], [-0.00796014, 0.471856], [-0.00796014, 0.483171], [-0.019275, 0.483171]]}, "0": {"outline": [[0.0144482, 0.481472], [0.00539548, 0.481472], [0.00545735, 0.47238], [0.0143864, 0.47238]]}, "3": {"outline": [[0.0144246, 0.502946], [0.00706542, 0.502946], [0.00670603, 0.49473], [0.0147839, 0.49473]]}, "2": {"outline": [[-0.01855, 0.495329], [-0.0102311, 0.495329], [-0.0102311, 0.503648], [-0.01855, 0.503648]]}}, "icon": [[-0.0125, 0.462091], [0.0125, 0.487091]]}