{"inputs": [[-0.433013, 0.0712511, 136.332], [-0.396677, 0.109318, 132.373], [-0.353553, 0.143739, 124.992], [-0.304381, 0.173925, 118.242], [-0.25, 0.19936, 112.006], [-0.191342, 0.219609, 106.169], [-0.12941, 0.234325, 100.623], [-0.065263, 0.243257, 95.2653], [2.98023e-08, 0.246251, 90], [0.0652631, 0.243257, 84.7347], [0.12941, 0.234325, 79.3768], [0.191342, 0.219609, 73.8305], [0.25, 0.19936, 67.9941], [0.304381, 0.173925, 61.7585], [0.353553, 0.143739, 55.008], [0.396677, 0.109318, 47.6271], [0.433013, 0.0712512, 43.6676]], "name": "plank_0", "outputs": [[0.433013, -1.02026, 278.512], [0.396677, -1.0257, 277.425], [0.353553, -1.03062, 275.711], [0.304381, -1.03493, 274.388], [0.25, -1.03856, 273.304], [0.191342, -1.04146, 272.372], [0.129409, -1.04356, 271.535], [0.065263, -1.04484, 270.754], [0, -1.04526, 270], [-0.0652632, -1.04484, 269.246], [-0.129409, -1.04356, 268.465], [-0.191342, -1.04146, 267.628], [-0.25, -1.03856, 266.696], [-0.304381, -1.03493, 265.612], [-0.353553, -1.03062, 264.289], [-0.396677, -1.0257, 262.575], [-0.433013, -1.02026, 261.488]], "outline": [[0.25, -0.96], [0.25, 0.16], [0.245938, 0.188438], [0.23375, 0.20875], [0.213437, 0.220937], [0.185, 0.225], [-0.185, 0.225], [-0.213437, 0.220937], [-0.23375, 0.20875], [-0.245938, 0.188437], [-0.25, 0.16], [-0.25, -0.96], [-0.245938, -0.988438], [-0.23375, -1.00875], [-0.213437, -1.02094], [-0.185, -1.025], [0.185, -1.025], [0.213437, -1.02094], [0.23375, -1.00875], [0.245938, -0.988438]], "flags": {"1": {"outline": [[-0.213437, -1.02094], [-0.185, -1.025], [-0.12, -1.025], [-0.12, 0.225], [-0.185, 0.225], [-0.213437, 0.220937], [-0.22, 0.217], [-0.22, -1.017]]}, "0": {"outline": [[-0.245938, -0.988438], [-0.23375, -1.00875], [-0.22, -1.017], [-0.22, 0.217], [-0.23375, 0.20875], [-0.245938, 0.188437], [-0.25, 0.16], [-0.25, -0.96]]}, "3": {"outline": [[0.245938, -0.988438], [0.25, -0.96], [0.25, 0.16], [0.245938, 0.188438], [0.23375, 0.20875], [0.22, 0.217], [0.22, -1.017], [0.23375, -1.00875]]}, "2": {"outline": [[0.185, -1.025], [0.213437, -1.02094], [0.22, -1.017], [0.22, 0.217], [0.213437, 0.220937], [0.185, 0.225], [0.12, 0.225], [0.12, -1.025]]}}, "icon": [[-0.125, -0.125], [0.125, 0.125]]}