{
"name": "plane_evil02_1_0",
"flags": {
	"0": { "outline": [[-0.0871755,0.689263],[0.0908735,0.718501],[0.0397924,0.781736],[-0.0390667,0.76748]] },
	"1": { "outline": [[-0.0361252,-0.559866],[0.0367449,-0.569469],[0.0367449,-0.479755],[-0.0361252,-0.471665]] },
	"2": { "outline": [[-0.0361252,-0.427998],[0.0367449,-0.43534],[0.0367449,-0.345625],[-0.0361252,-0.339797]] },
	"3": { "outline": [[-0.0311512,-1.28356],[0.0316109,-1.3025],[0.0128132,-0.942686],[-0.012737,-0.937081]] }
},
"outline": [[-0.175198,0.428499],[-0.386915,0.406422],[-0.458581,0.54356],[-0.363727,0.570536],[-0.366607,0.583606],[-0.460427,0.575829],[-0.510094,0.56835],[-0.59723,0.549252],[-0.599747,0.53619],[-0.511813,0.535997],[-0.578667,0.379079],[-0.752101,0.304972],[-0.751958,-0.0309884],[-0.578469,-0.0916316],[-0.511471,-0.243326],[-0.458242,-0.246759],[-0.386714,-0.104099],[-0.175004,-0.109753],[-0.137512,-0.468371],[-0.101232,-0.83638],[-0.101196,-0.923667],[-0.338455,-0.935265],[-0.338363,-1.1394],[-0.101054,-1.27574],[-0.0577293,-1.37712],[0.0602513,-1.41556],[0.106927,-1.33917],[0.40276,-1.35339],[0.402684,-1.11093],[0.106792,-0.969591],[0.106758,-0.877965],[0.147152,-0.500522],[0.190407,-0.119513],[0.471714,-0.127026],[0.582904,-0.313904],[0.671855,-0.319641],[0.792236,-0.125523],[1.15833,-0.0477462],[1.15826,0.469908],[0.792103,0.5193],[0.671609,0.704132],[0.831973,0.744532],[0.827086,0.761421],[0.66855,0.745833],[0.585545,0.733334],[0.441437,0.703974],[0.437288,0.687098],[0.582647,0.691493],[0.471553,0.49594],[0.190229,0.466604],[0.142238,0.802347],[0.0388122,0.841065],[-0.0463864,0.82449],[-0.139031,0.751366]],
"inputs": [[-0.327583,0.578966,136.332],[-0.302032,0.618088,132.373],[-0.271277,0.655103,124.992],[-0.235622,0.689449,118.242],[-0.195446,0.720566,112.006],[-0.151206,0.747896,106.169],[-0.103447,0.770899,100.623],[-0.0528015,0.789058,95.2653],[1.79031e-08,0.801898,90],[0.0541359,0.808999,84.7347],[0.108695,0.810014,79.3768],[0.16269,0.804694,73.8305],[0.215068,0.792907,67.9942],[0.264741,0.774653,61.7585],[0.31061,0.750089,55.008],[0.351605,0.719535,47.6271],[0.386719,0.683483,43.6677]],
"outputs": [[0.386719,-1.47542,278.512],[0.351605,-1.47021,277.425],[0.31061,-1.46249,275.711],[0.264741,-1.45247,274.388],[0.215068,-1.44042,273.304],[0.16269,-1.42666,272.372],[0.108695,-1.41149,271.535],[0.0541358,-1.39525,270.754],[4.88415e-09,-1.37827,270],[-0.0528016,-1.36086,269.246],[-0.103447,-1.34333,268.465],[-0.151206,-1.32596,267.628],[-0.195446,-1.30901,266.696],[-0.235622,-1.29271,265.612],[-0.271277,-1.27729,264.289],[-0.302032,-1.26293,262.575],[-0.327583,-1.2498,261.488]],
"icon": [[-0.100004,0.0315255],[0.104901,0.28919]]
}