{"inputs": [[0.294, 0.433, 406.332], [0.3323, 0.3965, 402.373], [0.3668, 0.3534, 394.992], [0.3968, 0.3044, 388.242], [0.4223, 0.2499, 382.006], [0.4424, 0.1912, 376.169], [0.4572, 0.1295, 370.623], [0.4662, 0.0653, 365.2653], [0.4693, 0.0001, 360.0], [0.4663, -0.0653, 354.7347], [0.4572, -0.1294, 349.3768], [0.4425, -0.1914, 343.83050000000003], [0.4222, -0.2502, 337.9941], [0.3969, -0.3042, 331.7585], [0.3669, -0.3536, 325.00800000000004], [0.3323, -0.3969, 317.6271], [0.2941, -0.4329, 313.6676]], "name": "plane_boomWhisp_7_12", "outputs": [[0.6704, -0.4331, 593.409], [0.6213, -0.3969, 589.55], [0.5772, -0.3536, 581.9870000000001], [0.5383, -0.3045, 574.629], [0.5057, -0.25, 567.457], [0.4797, -0.1914, 560.4449999999999], [0.4605, -0.1294, 553.558], [0.4492, -0.0652, 546.7570000000001], [0.4453, 0.0, 540.0], [0.4492, 0.065, 533.2429999999999], [0.4606, 0.1295, 526.442], [0.4796, 0.1912, 519.5550000000001], [0.5057, 0.2499, 512.543], [0.5382, 0.3044, 505.371], [0.5772, 0.3535, 498.01300000000003], [0.6213, 0.3967, 490.45], [0.6703, 0.4329, 486.591]], "outline": [[0.614, -0.0478], [0.6185, 0.0], [0.6139, 0.0476], [0.6001, 0.0936], [0.5779, 0.1361], [0.5478, 0.1733], [0.511, 0.2036], [0.4692, 0.2265], [0.4239, 0.2402], [0.3766, 0.2447], [0.3293, 0.2402], [0.2839, 0.2264], [0.2428, 0.204], [0.2561, 0.2027], [0.2948, 0.1908], [0.3307, 0.1717], [0.362, 0.146], [0.3877, 0.1146], [0.4068, 0.0791], [0.4186, 0.0401], [0.4224, 0.0], [0.4186, -0.0402], [0.4068, -0.0793], [0.3877, -0.1148], [0.362, -0.1463], [0.3308, -0.1718], [0.2948, -0.1908], [0.256, -0.2027], [0.2427, -0.2042], [0.284, -0.2265], [0.3295, -0.2402], [0.3764, -0.2449], [0.4237, -0.2403], [0.4691, -0.2264], [0.5109, -0.2036], [0.5478, -0.1732], [0.5777, -0.1361], [0.6002, -0.0939]], "flags": {"1": {"outline": [[0.4382, 0.0191], [0.4381, 0.0077], [0.4494, 0.0079], [0.4496, 0.0193]]}, "0": {"outline": [[0.4476, -0.0144], [0.4476, -0.0053], [0.4385, -0.0055], [0.4386, -0.0145]]}, "3": {"outline": [[0.4692, -0.0146], [0.4692, -0.007], [0.4609, -0.0069], [0.461, -0.0148]]}, "2": {"outline": [[0.4614, 0.0185], [0.4617, 0.0102], [0.47, 0.0102], [0.47, 0.0186]]}}, "icon": [[0.4249, -0.012400000000000012], [0.4499, 0.01260000000000001]]}