{"inputs": [[0.2213, -0.5981, 293.832], [0.173, -0.6194, 289.873], [0.12, -0.6346, 282.492], [0.063, -0.6437, 275.742], [0.003, -0.6464, 269.506], [-0.0587, -0.6427, 263.669], [-0.1215, -0.6326, 258.123], [-0.1844, -0.6163, 252.7654], [-0.2457, -0.5941, 247.5], [-0.3051, -0.5664, 242.2347], [-0.3607, -0.5336, 236.8768], [-0.4124, -0.4963, 231.3305], [-0.4588, -0.4552, 225.4941], [-0.4994, -0.4107, 219.2585], [-0.5331, -0.3641, 212.508], [-0.5598, -0.3158, 205.12709999999998], [-0.5788, -0.2667, 201.1676]], "name": "plane_boomWhisp_16_7", "outputs": [[-0.725, -0.6197, 480.909], [-0.6727, -0.5884, 477.05], [-0.6159, -0.5638, 469.487], [-0.5557, -0.5468, 462.129], [-0.4931, -0.5375, 454.957], [-0.4287, -0.536, 447.945], [-0.3645, -0.5421, 441.058], [-0.3008, -0.5561, 434.257], [-0.2389, -0.5774, 427.5], [-0.1801, -0.6061, 420.743], [-0.1253, -0.6413, 413.942], [-0.0753, -0.6825, 407.055], [-0.031, -0.729, 400.043], [0.0067, -0.7799, 392.871], [0.0373, -0.8346, 385.51300000000003], [0.0601, -0.8919, 377.95], [0.075, -0.951, 374.091]], "outline": [[-0.2889, -0.5706], [-0.2456, -0.5938], [-0.1987, -0.6081], [-0.1501, -0.6128], [-0.1013, -0.6081], [-0.0544, -0.5938], [-0.0453, -0.5889], [-0.0732, -0.5973], [-0.1298, -0.603], [-0.1861, -0.5974], [-0.2404, -0.581], [-0.2903, -0.5541], [-0.3343, -0.5183], [-0.3701, -0.4744], [-0.384, -0.4486], [-0.3809, -0.4585], [-0.3578, -0.5016], [-0.3267, -0.5396]], "flags": {"1": {"outline": [[-0.2181, -0.5777], [-0.2286, -0.5732], [-0.2329, -0.5838], [-0.2225, -0.5879]]}, "0": {"outline": [[-0.2529, -0.5736], [-0.2447, -0.5771], [-0.2411, -0.5686], [-0.2495, -0.5651]]}, "3": {"outline": [[-0.2611, -0.5934], [-0.2543, -0.5963], [-0.2508, -0.5887], [-0.2583, -0.5857]]}, "2": {"outline": [[-0.2277, -0.599], [-0.2354, -0.5958], [-0.2386, -0.6034], [-0.231, -0.6067]]}}, "icon": [[-0.25500000000000006, -0.5984], [-0.22999999999999993, -0.5734]]}