{"inputs": [[0.5566, -0.2122, 338.832], [0.5379, -0.2612, 334.873], [0.5111, -0.3095, 327.492], [0.477, -0.3563, 320.742], [0.4366, -0.4006, 314.506], [0.3903, -0.4417, 308.669], [0.3385, -0.479, 303.123], [0.2827, -0.5118, 297.7654], [0.2236, -0.5394, 292.5], [0.1622, -0.5615, 287.2347], [0.0994, -0.5781, 281.8768], [0.0365, -0.588, 276.33050000000003], [-0.0253, -0.5919, 270.4941], [-0.0852, -0.5892, 264.2585], [-0.1422, -0.5801, 257.50800000000004], [-0.1953, -0.5649, 250.12709999999998], [-0.2433, -0.5434, 246.1676]], "name": "plane_boomWhisp_11_9", "outputs": [[-0.098, -0.8946, 525.909], [-0.0831, -0.8355, 522.05], [-0.0603, -0.7781, 514.4870000000001], [-0.0296, -0.7234, 507.129], [0.0082, -0.6724, 499.957], [0.0522, -0.6259, 492.945], [0.1022, -0.5848, 486.058], [0.1572, -0.5495, 479.257], [0.2161, -0.521, 472.5], [0.2776, -0.4997, 465.743], [0.3416, -0.4856, 458.942], [0.4057, -0.4795, 452.055], [0.4699, -0.4811, 445.043], [0.5328, -0.4906, 437.871], [0.5931, -0.5074, 430.51300000000003], [0.6499, -0.5319, 422.95], [0.7021, -0.5631, 419.091]], "outline": [[0.1979, -0.605], [0.2448, -0.5906], [0.2877, -0.5678], [0.3255, -0.5367], [0.3567, -0.4991], [0.3798, -0.4559], [0.394, -0.4092], [0.399, -0.3608], [0.394, -0.3121], [0.38, -0.2655], [0.3582, -0.2251], [0.3629, -0.2727], [0.3581, -0.3215], [0.344, -0.3683], [0.3207, -0.4117], [0.2898, -0.4493], [0.252, -0.4806], [0.2086, -0.5036], [0.1618, -0.5178], [0.1131, -0.5225], [0.0645, -0.5178], [0.0176, -0.5035], [-0.0256, -0.4805], [-0.0633, -0.4494], [-0.0938, -0.4123], [-0.0807, -0.4563], [-0.0577, -0.4993], [-0.0266, -0.5372], [0.011, -0.5679], [0.0543, -0.5908], [0.1008, -0.605], [0.1497, -0.6098]], "flags": {"1": {"outline": [[0.2309, -0.5066], [0.2204, -0.5108], [0.2248, -0.5214], [0.2352, -0.5172]]}, "0": {"outline": [[0.2035, -0.5284], [0.2116, -0.5249], [0.2083, -0.5165], [0.1999, -0.52]]}, "3": {"outline": [[0.2115, -0.5482], [0.2183, -0.5455], [0.2155, -0.5377], [0.2082, -0.5407]]}, "2": {"outline": [[0.2391, -0.5286], [0.2314, -0.5319], [0.2346, -0.5394], [0.2423, -0.5362]]}}, "icon": [[0.20480000000000004, -0.5367], [0.22979999999999995, -0.5117]]}