{"inputs": [[0.0351, -0.4544, 248.832], [-0.014, -0.4354, 244.873], [-0.0623, -0.4088, 237.49200000000002], [-0.1091, -0.3749, 230.74200000000002], [-0.1533, -0.3345, 224.506], [-0.1945, -0.2879, 218.66899999999998], [-0.2317, -0.2363, 213.123], [-0.2644, -0.1805, 207.7653], [-0.2924, -0.1214, 202.5], [-0.3146, -0.06, 197.2347], [-0.3309, 0.0027, 191.8768], [-0.341, 0.0656, 186.3305], [-0.3447, 0.1275, 180.4941], [-0.342, 0.1875, 174.2585], [-0.333, 0.2445, 167.508], [-0.3176, 0.2974, 160.12709999999998], [-0.2964, 0.3457, 156.1676]], "name": "plane_boomWhisp_3_5", "outputs": [[-0.639, 0.2038, 435.909], [-0.5798, 0.1889, 432.05], [-0.5224, 0.166, 424.487], [-0.4676, 0.1353, 417.129], [-0.4168, 0.0977, 409.957], [-0.3703, 0.0534, 402.945], [-0.329, 0.0034, 396.058], [-0.294, -0.0514, 389.257], [-0.2654, -0.1103, 382.5], [-0.244, -0.1719, 375.743], [-0.23, -0.2356, 368.942], [-0.2238, -0.3002, 362.055], [-0.2254, -0.3642, 355.043], [-0.2348, -0.4271, 347.871], [-0.2519, -0.4873, 340.51300000000003], [-0.2762, -0.5441, 332.95], [-0.3076, -0.5963, 329.091]], "outline": [[-0.4852, -0.1535], [-0.472, -0.1957], [-0.4512, -0.2351], [-0.424, -0.2697], [-0.3912, -0.2985], [-0.354, -0.3203], [-0.314, -0.3342], [-0.2726, -0.3397], [-0.2313, -0.3366], [-0.192, -0.3249], [-0.1559, -0.3053], [-0.1244, -0.2783], [-0.0991, -0.2452], [-0.0805, -0.207], [-0.076, -0.1894], [-0.0831, -0.1902], [-0.1133, -0.1873], [-0.1424, -0.1782], [-0.1694, -0.164], [-0.1929, -0.1446], [-0.2123, -0.1211], [-0.2267, -0.0941], [-0.2354, -0.0651], [-0.2384, -0.0347], [-0.2355, -0.0043], [-0.2267, 0.0247], [-0.2123, 0.0517], [-0.193, 0.0753], [-0.1874, 0.0796], [-0.203, 0.089], [-0.2431, 0.1029], [-0.2846, 0.1082], [-0.3259, 0.1051], [-0.3652, 0.0936], [-0.4014, 0.0739], [-0.4327, 0.047], [-0.458, 0.0138], [-0.4766, -0.0244], [-0.4875, -0.066], [-0.4904, -0.1097]], "flags": {"1": {"outline": [[-0.252, -0.1256], [-0.2562, -0.1151], [-0.2667, -0.1193], [-0.2623, -0.1299]]}, "0": {"outline": [[-0.2737, -0.0979], [-0.2702, -0.1064], [-0.2619, -0.1028], [-0.2652, -0.0947]]}, "3": {"outline": [[-0.2935, -0.1063], [-0.2908, -0.113], [-0.2831, -0.1103], [-0.2861, -0.1029]]}, "2": {"outline": [[-0.2739, -0.1339], [-0.2771, -0.1262], [-0.2847, -0.1293], [-0.2815, -0.1371]]}}, "icon": [[-0.25680000000000003, -0.11400000000000003], [-0.23179999999999998, -0.08899999999999998]]}