{"inputs": [[0.4223, 0.1123, 338.832], [0.4032, 0.0633, 334.873], [0.3766, 0.0149, 327.492], [0.3427, -0.0318, 320.742], [0.3022, -0.076, 314.506], [0.2557, -0.1172, 308.669], [0.2044, -0.1544, 303.123], [0.1484, -0.1872, 297.7653], [0.0893, -0.2148, 292.5], [0.0277, -0.2372, 287.2347], [-0.0349, -0.2536, 281.8768], [-0.0978, -0.2636, 276.33050000000003], [-0.1597, -0.2673, 270.4941], [-0.2197, -0.2647, 264.2585], [-0.2767, -0.2557, 257.50800000000004], [-0.3296, -0.2403, 250.12709999999998], [-0.3779, -0.2191, 246.1676]], "name": "plane_boomWhisp_1_9", "outputs": [[-0.2371, -0.559, 525.909], [-0.2221, -0.4998, 522.05], [-0.1993, -0.4426, 514.4870000000001], [-0.1687, -0.3879, 507.129], [-0.1311, -0.3367, 499.957], [-0.0868, -0.2903, 492.945], [-0.0367, -0.2491, 486.058], [0.018, -0.2139, 479.257], [0.0768, -0.1853, 472.5], [0.1386, -0.164, 465.743], [0.2025, -0.1501, 458.942], [0.2669, -0.1438, 452.055], [0.3312, -0.1454, 445.043], [0.3937, -0.1549, 437.871], [0.454, -0.172, 430.51300000000003], [0.5108, -0.1963, 422.95], [0.5632, -0.2275, 419.091]], "outline": [[0.0935, -0.3239], [0.1296, -0.3128], [0.1632, -0.295], [0.1931, -0.272], [0.2179, -0.2447], [0.2367, -0.2137], [0.249, -0.1807], [0.2544, -0.1463], [0.2522, -0.1126], [0.2429, -0.08], [0.2266, -0.0504], [0.2042, -0.025], [0.176, -0.0044], [0.144, 0.0105], [0.1184, 0.0166], [0.1188, 0.0106], [0.1164, -0.0134], [0.1096, -0.0366], [0.0982, -0.0579], [0.083, -0.0764], [0.064, -0.0918], [0.0428, -0.103], [0.0199, -0.1101], [-0.0042, -0.1125], [-0.0284, -0.1102], [-0.0513, -0.1031], [-0.0725, -0.0917], [-0.0912, -0.0765], [-0.0951, -0.0719], [-0.1087, -0.0943], [-0.1213, -0.1276], [-0.1264, -0.1619], [-0.1242, -0.1957], [-0.1147, -0.2282], [-0.0986, -0.2579], [-0.0761, -0.2831], [-0.0483, -0.3038], [-0.016, -0.3185], [0.0191, -0.327], [0.0562, -0.329]], "flags": {"1": {"outline": [[0.0923, -0.1722], [0.0819, -0.1765], [0.0863, -0.1868], [0.0967, -0.1826]]}, "0": {"outline": [[0.0649, -0.194], [0.0732, -0.1906], [0.0699, -0.1822], [0.0615, -0.1857]]}, "3": {"outline": [[0.0731, -0.2139], [0.0799, -0.2109], [0.077, -0.2033], [0.0694, -0.2065]]}, "2": {"outline": [[0.1007, -0.1942], [0.0929, -0.1974], [0.0962, -0.2049], [0.1037, -0.2019]]}}, "icon": [[0.05250000000000001, -0.1694], [0.07749999999999999, -0.1444]]}