{"inputs": [[-0.5706, 0.2458, 158.832], [-0.5516, 0.2949, 154.873], [-0.5249, 0.3432, 147.49200000000002], [-0.491, 0.3899, 140.74200000000002], [-0.4505, 0.4342, 134.506], [-0.4041, 0.4753, 128.66899999999998], [-0.3525, 0.5126, 123.123], [-0.2966, 0.5454, 117.7654], [-0.2375, 0.5732, 112.5], [-0.176, 0.5954, 107.2347], [-0.1134, 0.6117, 101.8768], [-0.0505, 0.6218, 96.3305], [0.0114, 0.6255, 90.4941], [0.0714, 0.6228, 84.2585], [0.1284, 0.6138, 77.50800000000001], [0.1814, 0.5985, 70.1271], [0.2295, 0.5772, 66.1676]], "name": "plane_boomWhisp_13_1", "outputs": [[0.0836, 0.9295, 345.909], [0.0688, 0.8704, 342.05], [0.0459, 0.813, 334.487], [0.0153, 0.7583, 327.129], [-0.0224, 0.7073, 319.957], [-0.0667, 0.6608, 312.945], [-0.1167, 0.6196, 306.058], [-0.1715, 0.5845, 299.257], [-0.2303, 0.5559, 292.5], [-0.2921, 0.5345, 285.743], [-0.3558, 0.5206, 278.942], [-0.4202, 0.5143, 272.055], [-0.4844, 0.516, 265.043], [-0.5471, 0.5254, 257.871], [-0.6074, 0.5424, 250.513], [-0.6642, 0.5668, 242.95], [-0.7165, 0.5981, 239.091]], "outline": [[-0.1987, 0.6069], [-0.2456, 0.5927], [-0.2888, 0.5696], [-0.3266, 0.5386], [-0.3577, 0.5007], [-0.3808, 0.4575], [-0.395, 0.4107], [-0.3998, 0.362], [-0.395, 0.3133], [-0.3913, 0.3009], [-0.3865, 0.3491], [-0.3712, 0.3995], [-0.3464, 0.446], [-0.313, 0.4867], [-0.2723, 0.5201], [-0.2258, 0.5449], [-0.1754, 0.5602], [-0.1229, 0.5654], [-0.0705, 0.5602], [-0.0201, 0.5449], [0.0264, 0.5201], [0.0638, 0.4894], [0.0577, 0.5008], [0.0266, 0.5386], [-0.0112, 0.5697], [-0.0544, 0.5927], [-0.1013, 0.6069], [-0.15, 0.6117]], "flags": {"1": {"outline": [[-0.2452, 0.5413], [-0.2347, 0.5457], [-0.239, 0.5561], [-0.2495, 0.5518]]}, "0": {"outline": [[-0.2177, 0.5631], [-0.226, 0.5597], [-0.2225, 0.5513], [-0.2143, 0.5547]]}, "3": {"outline": [[-0.2259, 0.583], [-0.2327, 0.5801], [-0.2299, 0.5724], [-0.2224, 0.5755]]}, "2": {"outline": [[-0.2535, 0.5633], [-0.2458, 0.5665], [-0.249, 0.5742], [-0.2567, 0.571]]}}, "icon": [[-0.24550000000000002, 0.5498999999999999], [-0.2205, 0.5749]]}