{"inputs": [[0.5371, -0.1646, 338.832], [0.518, -0.2138, 334.873], [0.4914, -0.262, 327.492], [0.4576, -0.3088, 320.742], [0.4171, -0.353, 314.506], [0.3705, -0.3942, 308.669], [0.3187, -0.4315, 303.123], [0.2632, -0.4644, 297.7654], [0.2041, -0.4919, 292.5], [0.1426, -0.5142, 287.2347], [0.0797, -0.5305, 281.8768], [0.0169, -0.5407, 276.33050000000003], [-0.0451, -0.5444, 270.4941], [-0.1049, -0.5418, 264.2585], [-0.1619, -0.5326, 257.50800000000004], [-0.2148, -0.5173, 250.12709999999998], [-0.2631, -0.4961, 246.1676]], "name": "plane_boomWhisp_9_9", "outputs": [[-0.1181, -0.8457, 525.909], [-0.1036, -0.7865, 522.05], [-0.0805, -0.7291, 514.4870000000001], [-0.0499, -0.6744, 507.129], [-0.0124, -0.6232, 499.957], [0.032, -0.5769, 492.945], [0.0821, -0.5357, 486.058], [0.1368, -0.5006, 479.257], [0.1957, -0.4721, 472.5], [0.2574, -0.4505, 465.743], [0.3211, -0.4364, 458.942], [0.3854, -0.4305, 452.055], [0.4498, -0.4322, 445.043], [0.5124, -0.4413, 437.871], [0.5727, -0.4586, 430.51300000000003], [0.6295, -0.4827, 422.95], [0.6818, -0.514, 419.091]], "outline": [[0.1959, -0.599], [0.2424, -0.585], [0.2853, -0.5621], [0.3228, -0.5313], [0.3536, -0.4938], [0.3768, -0.4512], [0.3908, -0.4049], [0.3956, -0.3567], [0.3909, -0.3085], [0.3771, -0.2622], [0.3541, -0.2194], [0.3235, -0.1823], [0.3192, -0.1787], [0.3242, -0.1955], [0.3288, -0.2403], [0.3242, -0.2852], [0.3112, -0.328], [0.29, -0.3677], [0.2617, -0.4024], [0.2267, -0.4307], [0.1873, -0.4519], [0.1444, -0.4651], [0.0998, -0.4694], [0.055, -0.465], [0.0121, -0.452], [-0.0275, -0.4307], [-0.0624, -0.4021], [-0.0908, -0.3676], [-0.099, -0.3521], [-0.0996, -0.3576], [-0.0949, -0.4055], [-0.0809, -0.4518], [-0.058, -0.4944], [-0.0273, -0.532], [0.0101, -0.5626], [0.053, -0.5852], [0.0992, -0.5993], [0.1477, -0.6039]], "flags": {"1": {"outline": [[0.2107, -0.4577], [0.2002, -0.462], [0.2045, -0.4724], [0.215, -0.4682]]}, "0": {"outline": [[0.1831, -0.4794], [0.1916, -0.476], [0.188, -0.4676], [0.1797, -0.471]]}, "3": {"outline": [[0.1915, -0.4994], [0.1983, -0.4964], [0.1951, -0.4888], [0.1878, -0.4919]]}, "2": {"outline": [[0.219, -0.4798], [0.2113, -0.483], [0.2144, -0.4906], [0.2222, -0.4874]]}}, "icon": [[0.18239999999999995, -0.48300000000000004], [0.20740000000000003, -0.4579999999999999]]}