{"inputs": [[-0.2639, -0.5784, 248.832], [-0.3132, -0.5593, 244.873], [-0.3613, -0.5326, 237.49200000000002], [-0.408, -0.4987, 230.74200000000002], [-0.4524, -0.4583, 224.506], [-0.4935, -0.4118, 218.66899999999998], [-0.5309, -0.3602, 213.123], [-0.5637, -0.3044, 207.7654], [-0.5914, -0.2452, 202.5], [-0.6136, -0.1838, 197.2347], [-0.6298, -0.1212, 191.8768], [-0.6399, -0.0582, 186.3305], [-0.6437, 0.0036, 180.4941], [-0.641, 0.0636, 174.2585], [-0.6319, 0.1206, 167.508], [-0.6167, 0.1737, 160.12709999999998], [-0.5954, 0.2217, 156.1676]], "name": "plane_boomWhisp_15_5", "outputs": [[-0.9484, 0.0756, 435.909], [-0.8891, 0.0608, 432.05], [-0.8317, 0.0379, 424.487], [-0.7772, 0.0072, 417.129], [-0.7261, -0.0305, 409.957], [-0.6797, -0.0747, 402.945], [-0.6384, -0.1247, 396.058], [-0.6032, -0.1795, 389.257], [-0.5748, -0.2384, 382.5], [-0.5534, -0.3002, 375.743], [-0.5394, -0.3637, 368.942], [-0.5332, -0.4283, 362.055], [-0.5347, -0.4924, 355.043], [-0.5442, -0.5551, 347.871], [-0.5613, -0.6155, 340.51300000000003], [-0.5856, -0.6723, 332.95], [-0.6168, -0.7246, 329.091]], "outline": [[-0.6076, -0.1991], [-0.5934, -0.246], [-0.5702, -0.2892], [-0.5392, -0.3273], [-0.5013, -0.3582], [-0.4581, -0.3814], [-0.4111, -0.3957], [-0.4079, -0.396], [-0.42, -0.3922], [-0.4694, -0.3659], [-0.5124, -0.3306], [-0.5478, -0.2872], [-0.5741, -0.2382], [-0.5903, -0.1848], [-0.5959, -0.1291], [-0.5903, -0.0737], [-0.5741, -0.0202], [-0.5682, -0.0089], [-0.5703, -0.0115], [-0.5933, -0.0547], [-0.6076, -0.1017], [-0.6125, -0.1505]], "flags": {"1": {"outline": [[-0.56, -0.2532], [-0.5643, -0.2426], [-0.5748, -0.247], [-0.5706, -0.2575]]}, "0": {"outline": [[-0.5818, -0.2256], [-0.5784, -0.2341], [-0.57, -0.2305], [-0.5734, -0.2223]]}, "3": {"outline": [[-0.6016, -0.234], [-0.5988, -0.2407], [-0.5911, -0.2379], [-0.5942, -0.2304]]}, "2": {"outline": [[-0.582, -0.2615], [-0.5852, -0.2538], [-0.5929, -0.257], [-0.5898, -0.2647]]}}, "icon": [[-0.5953999999999999, -0.25420000000000004], [-0.5704, -0.22919999999999996]]}