{"inputs": [[0.3849, 0.4328, 406.332], [0.4231, 0.3966, 402.373], [0.4574, 0.3534, 394.992], [0.4877, 0.3044, 388.242], [0.5131, 0.2498, 382.006], [0.5332, 0.1914, 376.169], [0.5481, 0.1294, 370.623], [0.5569, 0.0651, 365.2653], [0.5599, -0.0002, 360.0], [0.5567, -0.0654, 354.7347], [0.5479, -0.1295, 349.3768], [0.5332, -0.1914, 343.83050000000003], [0.5131, -0.2501, 337.9941], [0.4875, -0.3046, 331.7585], [0.4573, -0.3537, 325.00800000000004], [0.4231, -0.3968, 317.6271], [0.3847, -0.433, 313.6676]], "name": "plane_boomWhisp_10_12", "outputs": [[0.7641, -0.4332, 593.409], [0.7153, -0.3966, 589.55], [0.6711, -0.3537, 581.9870000000001], [0.6319, -0.3044, 574.629], [0.5995, -0.2499, 567.457], [0.5734, -0.1915, 560.4449999999999], [0.5544, -0.1295, 553.558], [0.5429, -0.0654, 546.7570000000001], [0.5392, 0.0, 540.0], [0.5431, 0.0653, 533.2429999999999], [0.5546, 0.1294, 526.442], [0.5736, 0.1913, 519.5550000000001], [0.5994, 0.2498, 512.543], [0.632, 0.3043, 505.371], [0.671, 0.3533, 498.01300000000003], [0.7153, 0.3967, 490.45], [0.764, 0.4329, 486.591]], "outline": [[0.6322, -0.0487], [0.637, -0.0001], [0.6322, 0.0485], [0.618, 0.095], [0.5952, 0.138], [0.5644, 0.1759], [0.5267, 0.2069], [0.484, 0.2297], [0.4373, 0.2436], [0.3889, 0.2486], [0.3405, 0.2439], [0.3151, 0.2359], [0.3255, 0.2351], [0.3706, 0.2215], [0.4118, 0.1993], [0.448, 0.1694], [0.478, 0.1333], [0.5, 0.0916], [0.5138, 0.0467], [0.5183, -0.0002], [0.5139, -0.0468], [0.5002, -0.0917], [0.4781, -0.1332], [0.4483, -0.1694], [0.4119, -0.1995], [0.3706, -0.2215], [0.3255, -0.2351], [0.3152, -0.2361], [0.3408, -0.244], [0.389, -0.2488], [0.4374, -0.244], [0.4838, -0.2297], [0.5269, -0.2068], [0.5642, -0.1759], [0.5952, -0.1383], [0.6182, -0.0951]], "flags": {"1": {"outline": [[0.5315, 0.0193], [0.5316, 0.0078], [0.5427, 0.0079], [0.5428, 0.0192]]}, "0": {"outline": [[0.5411, -0.0143], [0.5413, -0.0054], [0.5321, -0.0055], [0.5323, -0.0144]]}, "3": {"outline": [[0.5627, -0.0145], [0.5625, -0.007], [0.5545, -0.0069], [0.5543, -0.0148]]}, "2": {"outline": [[0.5551, 0.0185], [0.5551, 0.0103], [0.5633, 0.0102], [0.5633, 0.0186]]}}, "icon": [[0.5277000000000001, -0.012399499999999997], [0.5527000000000001, 0.012599499999999996]]}