{"inputs": [[-0.2249, 0.5885, 473.832], [-0.1769, 0.6099, 469.873], [-0.1238, 0.6251, 462.492], [-0.0668, 0.6342, 455.742], [-0.0068, 0.6368, 449.506], [0.0552, 0.6332, 443.669], [0.118, 0.623, 438.123], [0.1806, 0.6068, 432.7653], [0.2423, 0.5844, 427.5], [0.3014, 0.5566, 422.2347], [0.3572, 0.5237, 416.8768], [0.4087, 0.4867, 411.33050000000003], [0.455, 0.4454, 405.4942], [0.4959, 0.4012, 399.2585], [0.5295, 0.3545, 392.50800000000004], [0.5561, 0.3061, 385.1271], [0.5752, 0.2569, 381.1676]], "name": "plane_boomWhisp_14_15", "outputs": [[0.7214, 0.6097, 660.909], [0.669, 0.5783, 657.05], [0.6122, 0.5543, 649.4870000000001], [0.552, 0.5371, 642.129], [0.4892, 0.5278, 634.957], [0.425, 0.526, 627.9449999999999], [0.3604, 0.5321, 621.058], [0.2969, 0.5463, 614.2570000000001], [0.2355, 0.5676, 607.5], [0.1764, 0.596, 600.7429999999999], [0.1214, 0.6314, 593.942], [0.0715, 0.6725, 587.0550000000001], [0.0271, 0.7191, 580.043], [-0.0106, 0.7698, 572.871], [-0.041, 0.8249, 565.513], [-0.0641, 0.882, 557.95], [-0.0788, 0.9413, 554.091]], "outline": [[0.2888, 0.5702], [0.2456, 0.5931], [0.1988, 0.6074], [0.1504, 0.6123], [0.1014, 0.6074], [0.0546, 0.5931], [0.0112, 0.5703], [-0.0267, 0.539], [-0.0326, 0.5318], [-0.0276, 0.5358], [0.0205, 0.5613], [0.0723, 0.5774], [0.1265, 0.5824], [0.1808, 0.5771], [0.2325, 0.5613], [0.2806, 0.5359], [0.3226, 0.5014], [0.3572, 0.4592], [0.3827, 0.4112], [0.3984, 0.3594], [0.3992, 0.3529], [0.4, 0.3626], [0.3952, 0.4112], [0.3812, 0.4579], [0.3579, 0.5012], [0.3268, 0.5392]], "flags": {"1": {"outline": [[0.2142, 0.5677], [0.2247, 0.5637], [0.2292, 0.5738], [0.2186, 0.5783]]}, "0": {"outline": [[0.2491, 0.5638], [0.2408, 0.5671], [0.2373, 0.5585], [0.2456, 0.5552]]}, "3": {"outline": [[0.2574, 0.5837], [0.2506, 0.5864], [0.2469, 0.5789], [0.2545, 0.5759]]}, "2": {"outline": [[0.2239, 0.5892], [0.2317, 0.586], [0.2347, 0.5937], [0.2272, 0.5969]]}}, "icon": [[0.22589999999999993, 0.5628], [0.25090000000000007, 0.5878000000000001]]}