{"inputs": [[-0.433013, 0.221104, 136.332], [-0.396677, 0.25917, 132.373], [-0.353553, 0.293591, 124.992], [-0.304381, 0.323778, 118.242], [-0.25, 0.349213, 112.006], [-0.191342, 0.369462, 106.169], [-0.12941, 0.384178, 100.623], [-0.0652631, 0.39311, 95.2653], [2.18557e-08, 0.396104, 90], [0.0652631, 0.39311, 84.7347], [0.12941, 0.384178, 79.3768], [0.191342, 0.369462, 73.8305], [0.25, 0.349213, 67.9941], [0.304381, 0.323778, 61.7585], [0.353553, 0.293591, 55.008], [0.396677, 0.25917, 47.6271], [0.433013, 0.221104, 43.6677]], "name": "plane_boomWhisp_5_0", "outputs": [[0.433013, 0.594692, 323.409], [0.396677, 0.545749, 319.55], [0.353553, 0.501494, 311.987], [0.304381, 0.462683, 304.629], [0.25, 0.42998, 297.457], [0.191342, 0.403946, 290.445], [0.12941, 0.385025, 283.558], [0.065263, 0.373542, 276.757], [5.96244e-09, 0.369692, 270], [-0.0652632, 0.373542, 263.243], [-0.129409, 0.385025, 256.442], [-0.191342, 0.403946, 249.555], [-0.25, 0.42998, 242.543], [-0.304381, 0.462683, 235.371], [-0.353553, 0.501494, 228.013], [-0.396677, 0.545749, 220.45], [-0.433013, 0.594692, 216.591]], "outline": [[0.0466394, 0.581327], [3.58687e-17, 0.58578], [-0.0466394, 0.581327], [-0.0914866, 0.568139], [-0.132818, 0.546724], [-0.169045, 0.517903], [-0.198776, 0.482785], [-0.220868, 0.442719], [-0.234472, 0.399245], [-0.239066, 0.354033], [-0.234472, 0.308821], [-0.220868, 0.265347], [-0.198776, 0.225281], [-0.177604, 0.200273], [-0.168506, 0.230265], [-0.151651, 0.261797], [-0.128969, 0.289436], [-0.10133, 0.312119], [-0.0697973, 0.328973], [-0.0355824, 0.339352], [2.09939e-17, 0.342857], [0.0355824, 0.339352], [0.0697973, 0.328973], [0.10133, 0.312119], [0.128969, 0.289436], [0.151651, 0.261798], [0.168506, 0.230265], [0.177604, 0.200273], [0.198776, 0.225281], [0.220868, 0.265347], [0.234472, 0.308821], [0.239066, 0.354033], [0.234472, 0.399245], [0.220868, 0.442719], [0.198776, 0.482785], [0.169045, 0.517903], [0.132818, 0.546724], [0.0914865, 0.568139]], "flags": {"1": {"outline": [[-0.0192751, 0.362781], [-0.00796014, 0.362781], [-0.00796014, 0.374096], [-0.019275, 0.374096]]}, "0": {"outline": [[0.0144482, 0.372397], [0.00539548, 0.372397], [0.00545735, 0.363306], [0.0143864, 0.363306]]}, "3": {"outline": [[0.0144246, 0.393871], [0.00706542, 0.393871], [0.00670603, 0.385655], [0.0147839, 0.385655]]}, "2": {"outline": [[-0.01855, 0.386254], [-0.0102311, 0.386254], [-0.0102311, 0.394573], [-0.01855, 0.394573]]}}, "icon": [[-0.0125, 0.342248], [0.0125, 0.367248]]}