{"inputs": [[0.47, -0.0027, 338.832], [0.4507, -0.0517, 334.873], [0.4244, -0.0999, 327.492], [0.3904, -0.1466, 320.742], [0.35, -0.191, 314.506], [0.3033, -0.2321, 308.669], [0.2518, -0.2696, 303.123], [0.196, -0.3024, 297.7653], [0.1369, -0.3299, 292.5], [0.0753, -0.3522, 287.2347], [0.0125, -0.3686, 281.8768], [-0.0503, -0.3785, 276.33050000000003], [-0.1119, -0.3822, 270.4941], [-0.172, -0.3799, 264.2585], [-0.2291, -0.3706, 257.50800000000004], [-0.2819, -0.3554, 250.12709999999998], [-0.3301, -0.3342, 246.1676]], "name": "plane_boomWhisp_4_9", "outputs": [[-0.1878, -0.6781, 525.909], [-0.1728, -0.6188, 522.05], [-0.1499, -0.5617, 514.4870000000001], [-0.1193, -0.5069, 507.129], [-0.0818, -0.4557, 499.957], [-0.0374, -0.4094, 492.945], [0.0125, -0.368, 486.058], [0.0675, -0.3329, 479.257], [0.1261, -0.3044, 472.5], [0.1879, -0.283, 465.743], [0.2517, -0.2691, 458.942], [0.3161, -0.2629, 452.055], [0.3804, -0.2644, 445.043], [0.443, -0.2737, 437.871], [0.5034, -0.291, 430.51300000000003], [0.5602, -0.3151, 422.95], [0.6124, -0.3466, 419.091]], "outline": [[0.1693, -0.5275], [0.213, -0.5139], [0.2536, -0.4927], [0.2894, -0.4639], [0.3189, -0.4296], [0.3409, -0.3905], [0.355, -0.3483], [0.3602, -0.3043], [0.3566, -0.2607], [0.3441, -0.2189], [0.3232, -0.1805], [0.2951, -0.147], [0.2605, -0.1198], [0.2207, -0.0997], [0.2164, -0.0985], [0.2184, -0.118], [0.2152, -0.1513], [0.2055, -0.183], [0.1899, -0.2121], [0.1687, -0.2379], [0.1431, -0.259], [0.1138, -0.2748], [0.0822, -0.2842], [0.0491, -0.2874], [0.0159, -0.2843], [-0.0158, -0.2746], [-0.0449, -0.2588], [-0.0707, -0.238], [-0.0832, -0.2226], [-0.0851, -0.2264], [-0.0991, -0.2686], [-0.1044, -0.3125], [-0.1008, -0.356], [-0.0882, -0.398], [-0.0675, -0.4364], [-0.0394, -0.4698], [-0.0046, -0.4972], [0.0352, -0.5171], [0.0786, -0.529], [0.1239, -0.5327]], "flags": {"1": {"outline": [[0.1416, -0.2908], [0.131, -0.2952], [0.1354, -0.3056], [0.1459, -0.3012]]}, "0": {"outline": [[0.1141, -0.3128], [0.1223, -0.309], [0.119, -0.3007], [0.1107, -0.3042]]}, "3": {"outline": [[0.1221, -0.3324], [0.1289, -0.3297], [0.1261, -0.322], [0.1187, -0.3248]]}, "2": {"outline": [[0.1498, -0.3126], [0.1421, -0.3158], [0.1452, -0.3236], [0.1529, -0.3203]]}}, "icon": [[0.10629999999999998, -0.29960000000000003], [0.13130000000000003, -0.2746]]}