{"inputs": [[-0.2251, -0.3876, 181.332], [-0.2262, -0.3349, 177.373], [-0.2201, -0.2801, 169.99200000000002], [-0.2067, -0.224, 163.24200000000002], [-0.1862, -0.1675, 157.006], [-0.1591, -0.1117, 151.16899999999998], [-0.1257, -0.0575, 145.623], [-0.0866, -0.0058, 140.2653], [-0.0426, 0.0424, 135.0], [0.0057, 0.0864, 129.7347], [0.0574, 0.1255, 124.3768], [0.1115, 0.1588, 118.8305], [0.1673, 0.186, 112.9941], [0.2237, 0.2065, 106.7585], [0.2799, 0.2199, 100.00800000000001], [0.3347, 0.2261, 92.6271], [0.3873, 0.2249, 88.6676]], "name": "plane_bullet_2", "outputs": [[0.1322, 0.48, 368.409], [0.1411, 0.4197, 364.55], [0.1419, 0.3579, 356.987], [0.1346, 0.2957, 349.629], [0.1192, 0.2341, 342.457], [0.0962, 0.1742, 335.445], [0.0657, 0.117, 328.558], [0.0286, 0.0636, 321.757], [-0.0149, 0.0147, 315.0], [-0.0637, -0.0287, 308.243], [-0.1172, -0.066, 301.442], [-0.1744, -0.0964, 294.555], [-0.2343, -0.1195, 287.543], [-0.2959, -0.1348, 280.371], [-0.3581, -0.1421, 273.01300000000003], [-0.4199, -0.1413, 265.45], [-0.4802, -0.1324, 261.591]], "outline": [[0.375, -0.3839], [0.364, -0.3555], [-0.0142, 0.0611], [-0.0611, 0.0609], [-0.0613, 0.014]], "flags": {"1": {"outline": [[0.0424, -0.0538], [0.0536, -0.0426], [0.0424, -0.0315], [0.0314, -0.0427]]}, "0": {"outline": [[0.0565, -0.0469], [0.0468, -0.0566], [0.1179, -0.1224], [0.1222, -0.1181]]}, "3": {"outline": [[-0.0492, 0.0543], [-0.0544, 0.049], [-0.0464, 0.0157], [-0.016, 0.0462]]}, "2": {"outline": [[0.0261, -0.0379], [0.0378, -0.0263], [0.0262, -0.0147], [0.0145, -0.0264]]}}, "icon": [[-0.012214000000000001, -0.009614025], [0.009414, 0.012014025]]}