{"inputs": [[-0.4057, -0.1522, 158.832], [-0.3867, -0.1031, 154.873], [-0.36, -0.0548, 147.49200000000002], [-0.3262, -0.0081, 140.74200000000002], [-0.2857, 0.0362, 134.506], [-0.2392, 0.0773, 128.66899999999998], [-0.1876, 0.1146, 123.123], [-0.1318, 0.1474, 117.7653], [-0.0726, 0.1752, 112.5], [-0.0112, 0.1974, 107.2347], [0.0515, 0.2137, 101.8768], [0.1143, 0.2238, 96.3305], [0.1763, 0.2275, 90.4941], [0.2363, 0.2248, 84.2585], [0.2932, 0.2158, 77.50800000000001], [0.3463, 0.2005, 70.1271], [0.3944, 0.1792, 66.1676]], "name": "plane_boomWhisp_0_1", "outputs": [[0.2542, 0.5178, 345.909], [0.2393, 0.4587, 342.05], [0.2164, 0.4013, 334.487], [0.1858, 0.3466, 327.129], [0.1481, 0.2956, 319.957], [0.1039, 0.2491, 312.945], [0.0539, 0.2079, 306.058], [-0.001, 0.1727, 299.257], [-0.0598, 0.1442, 292.5], [-0.1216, 0.1228, 285.743], [-0.1852, 0.1088, 278.942], [-0.2497, 0.1026, 272.055], [-0.3138, 0.1042, 265.043], [-0.3766, 0.1136, 257.871], [-0.4369, 0.1307, 250.513], [-0.4937, 0.155, 242.95], [-0.546, 0.1864, 239.091]], "outline": [[-0.0437, 0.1819], [-0.0719, 0.1733], [-0.0978, 0.1595], [-0.1205, 0.1408], [-0.1392, 0.1181], [-0.153, 0.0922], [-0.1616, 0.064], [-0.1645, 0.0348], [-0.1616, 0.0055], [-0.153, -0.0226], [-0.1392, -0.0486], [-0.1205, -0.0713], [-0.0978, -0.09], [-0.0719, -0.1038], [-0.0603, -0.1073], [-0.0618, -0.0924], [-0.0599, -0.0729], [-0.0542, -0.0542], [-0.0449, -0.0369], [-0.0325, -0.0217], [-0.0173, -0.0093], [0.0, 0.0], [0.0187, 0.0056], [0.0382, 0.0076], [0.0577, 0.0056], [0.0765, 0.0], [0.0938, -0.0093], [0.1089, -0.0217], [0.1184, -0.0333], [0.1241, -0.0226], [0.1327, 0.0055], [0.1355, 0.0348], [0.1327, 0.064], [0.1241, 0.0922], [0.1103, 0.1181], [0.0916, 0.1408], [0.0689, 0.1595], [0.0429, 0.1733], [0.0148, 0.1819], [-0.0145, 0.1848]], "flags": {"1": {"outline": [[-0.0753, 0.1312], [-0.0648, 0.1355], [-0.0692, 0.146], [-0.0796, 0.1417]]}, "0": {"outline": [[-0.0478, 0.153], [-0.0562, 0.1495], [-0.0526, 0.1411], [-0.0444, 0.1446]]}, "3": {"outline": [[-0.056, 0.1728], [-0.0628, 0.17], [-0.06, 0.1623], [-0.0526, 0.1654]]}, "2": {"outline": [[-0.0836, 0.1532], [-0.0759, 0.1563], [-0.0791, 0.164], [-0.0868, 0.1608]]}}, "icon": [[-0.058899999999999994, 0.0992], [-0.0339, 0.12419999999999999]]}