{"inputs": [[-0.5126, 0.1058, 158.832], [-0.4936, 0.1549, 154.873], [-0.4669, 0.2032, 147.49200000000002], [-0.433, 0.2499, 140.74200000000002], [-0.3925, 0.2942, 134.506], [-0.3461, 0.3353, 128.66899999999998], [-0.2945, 0.3726, 123.123], [-0.2386, 0.4054, 117.7653], [-0.1795, 0.4332, 112.5], [-0.1181, 0.4554, 107.2347], [-0.0554, 0.4717, 101.8768], [0.0075, 0.4818, 96.3305], [0.0694, 0.4855, 90.4941], [0.1294, 0.4828, 84.2585], [0.1864, 0.4738, 77.50800000000001], [0.2394, 0.4585, 70.1271], [0.2875, 0.4372, 66.1676]], "name": "plane_boomWhisp_7_1", "outputs": [[0.1436, 0.7847, 345.909], [0.1288, 0.7256, 342.05], [0.1058, 0.6682, 334.487], [0.0753, 0.6135, 327.129], [0.0375, 0.5625, 319.957], [-0.0067, 0.516, 312.945], [-0.0567, 0.4748, 306.058], [-0.1115, 0.4396, 299.257], [-0.1704, 0.4111, 292.5], [-0.2321, 0.3897, 285.743], [-0.2958, 0.3757, 278.942], [-0.3602, 0.3695, 272.055], [-0.4244, 0.3711, 265.043], [-0.4872, 0.3805, 257.871], [-0.5474, 0.3976, 250.513], [-0.6042, 0.422, 242.95], [-0.6565, 0.4533, 239.091]], "outline": [[-0.1907, 0.5852], [-0.2367, 0.5712], [-0.279, 0.5486], [-0.3162, 0.5183], [-0.3468, 0.4815], [-0.3696, 0.4394], [-0.3837, 0.3939], [-0.3886, 0.3466], [-0.3841, 0.2993], [-0.3704, 0.2539], [-0.3479, 0.2121], [-0.3177, 0.1755], [-0.2814, 0.146], [-0.2852, 0.1588], [-0.2892, 0.1991], [-0.2852, 0.2394], [-0.2735, 0.2782], [-0.2544, 0.3139], [-0.2287, 0.3452], [-0.1974, 0.3709], [-0.1616, 0.39], [-0.1229, 0.4018], [-0.0825, 0.4058], [-0.0422, 0.4018], [-0.0034, 0.39], [0.0323, 0.3709], [0.0636, 0.3452], [0.0893, 0.3139], [0.0956, 0.3021], [0.1004, 0.3487], [0.0959, 0.396], [0.0822, 0.4414], [0.0598, 0.4832], [0.0296, 0.5198], [-0.0074, 0.5498], [-0.0495, 0.572], [-0.0953, 0.5856], [-0.143, 0.5901]], "flags": {"1": {"outline": [[-0.1854, 0.3971], [-0.1749, 0.4014], [-0.1793, 0.4118], [-0.1897, 0.4075]]}, "0": {"outline": [[-0.1579, 0.4189], [-0.1663, 0.4154], [-0.1628, 0.407], [-0.1545, 0.4104]]}, "3": {"outline": [[-0.1662, 0.4387], [-0.173, 0.4359], [-0.1702, 0.4281], [-0.1627, 0.4312]]}, "2": {"outline": [[-0.1937, 0.419], [-0.186, 0.4222], [-0.1892, 0.4299], [-0.1969, 0.4267]]}}, "icon": [[-0.1799, 0.39139999999999997], [-0.15489999999999998, 0.4164]]}