{"inputs": [[-0.5752, 0.257, 158.832], [-0.5562, 0.3061, 154.873], [-0.5295, 0.3544, 147.49200000000002], [-0.4957, 0.4011, 140.74200000000002], [-0.4552, 0.4454, 134.506], [-0.4087, 0.4865, 128.66899999999998], [-0.3571, 0.5238, 123.123], [-0.3013, 0.5566, 117.7653], [-0.2421, 0.5844, 112.5], [-0.1807, 0.6066, 107.2347], [-0.118, 0.6229, 101.8768], [-0.0552, 0.633, 96.3305], [0.0068, 0.6367, 90.4942], [0.0668, 0.634, 84.2585], [0.1237, 0.625, 77.50800000000001], [0.1768, 0.6097, 70.1271], [0.2249, 0.5884, 66.1676]], "name": "plane_boomWhisp_14_1", "outputs": [[0.0788, 0.9411, 345.909], [0.064, 0.882, 342.05], [0.0411, 0.8246, 334.487], [0.0105, 0.7699, 327.129], [-0.0272, 0.7189, 319.957], [-0.0715, 0.6724, 312.945], [-0.1214, 0.6312, 306.058], [-0.1763, 0.596, 299.257], [-0.2351, 0.5675, 292.5], [-0.2969, 0.5461, 285.743], [-0.3606, 0.5322, 278.942], [-0.425, 0.5259, 272.055], [-0.4892, 0.5275, 265.043], [-0.5519, 0.5369, 257.871], [-0.6122, 0.554, 250.513], [-0.669, 0.5784, 242.95], [-0.7213, 0.6097, 239.091]], "outline": [[-0.1989, 0.6074], [-0.2458, 0.5931], [-0.289, 0.57], [-0.3268, 0.539], [-0.3579, 0.5011], [-0.381, 0.4579], [-0.3952, 0.411], [-0.4001, 0.3623], [-0.3991, 0.3527], [-0.3985, 0.3594], [-0.3827, 0.4114], [-0.3571, 0.4593], [-0.3226, 0.5013], [-0.2806, 0.5358], [-0.2326, 0.5614], [-0.1806, 0.5772], [-0.1265, 0.5825], [-0.0724, 0.5772], [-0.0204, 0.5614], [0.0275, 0.5358], [0.0327, 0.5316], [0.0266, 0.539], [-0.0113, 0.5701], [-0.0545, 0.5932], [-0.1014, 0.6074], [-0.1501, 0.6122]], "flags": {"1": {"outline": [[-0.2499, 0.5529], [-0.2395, 0.5572], [-0.2438, 0.5677], [-0.2543, 0.5633]]}, "0": {"outline": [[-0.2225, 0.5747], [-0.2308, 0.5712], [-0.2273, 0.5628], [-0.219, 0.5662]]}, "3": {"outline": [[-0.2307, 0.5945], [-0.2375, 0.5917], [-0.2347, 0.5839], [-0.2272, 0.587]]}, "2": {"outline": [[-0.2583, 0.5748], [-0.2506, 0.578], [-0.2538, 0.5857], [-0.2614, 0.5825]]}}, "icon": [[-0.2508, 0.5625], [-0.2258, 0.5875]]}