{"inputs": [[-0.3009, 0.4044, 473.832], [-0.2528, 0.4259, 469.873], [-0.1999, 0.4412, 462.492], [-0.1428, 0.4504, 455.742], [-0.083, 0.4529, 449.506], [-0.0208, 0.4491, 443.669], [0.0417, 0.439, 438.123], [0.1046, 0.4226, 432.7653], [0.1659, 0.4008, 427.5], [0.2251, 0.3728, 422.2347], [0.281, 0.3402, 416.8768], [0.3325, 0.3027, 411.33050000000003], [0.3791, 0.2613, 405.4941], [0.4194, 0.2171, 399.2585], [0.4534, 0.1706, 392.50800000000004], [0.48, 0.1224, 385.1271], [0.499, 0.0733, 381.1676]], "name": "plane_boomWhisp_6_15", "outputs": [[0.6425, 0.4195, 660.909], [0.5902, 0.388, 657.05], [0.5332, 0.3637, 649.4870000000001], [0.473, 0.3468, 642.129], [0.4106, 0.3375, 634.957], [0.346, 0.3357, 627.9449999999999], [0.2817, 0.3419, 621.058], [0.2182, 0.3558, 614.2570000000001], [0.1564, 0.3771, 607.5], [0.0976, 0.4057, 600.7429999999999], [0.0429, 0.4411, 593.942], [-0.0073, 0.4822, 587.0550000000001], [-0.0515, 0.5288, 580.043], [-0.0894, 0.5797, 572.871], [-0.1198, 0.6342, 565.513], [-0.1427, 0.6919, 557.95], [-0.1575, 0.751, 554.091]], "outline": [[0.2736, 0.5371], [0.2319, 0.5592], [0.1863, 0.5734], [0.1391, 0.5781], [0.0919, 0.5737], [0.0468, 0.5605], [0.0048, 0.5387], [-0.0316, 0.5094], [-0.0615, 0.4734], [-0.0834, 0.4322], [-0.0969, 0.3876], [-0.1011, 0.3411], [-0.0963, 0.2948], [-0.0917, 0.2794], [-0.0894, 0.2834], [-0.0652, 0.3129], [-0.0354, 0.3369], [-0.0019, 0.3553], [0.0347, 0.3661], [0.0726, 0.3697], [0.1107, 0.3662], [0.1473, 0.355], [0.1807, 0.3371], [0.2102, 0.3128], [0.2347, 0.2833], [0.2526, 0.2497], [0.2634, 0.2132], [0.2676, 0.1751], [0.2636, 0.137], [0.2624, 0.1329], [0.2763, 0.1404], [0.3127, 0.1697], [0.3427, 0.2055], [0.3649, 0.2468], [0.3782, 0.2914], [0.3826, 0.3379], [0.3776, 0.3844], [0.3635, 0.4293], [0.3408, 0.4706], [0.3106, 0.5069]], "flags": {"1": {"outline": [[0.1359, 0.3782], [0.1464, 0.3739], [0.1507, 0.3844], [0.1402, 0.3885]]}, "0": {"outline": [[0.1707, 0.3744], [0.1621, 0.3777], [0.1589, 0.3693], [0.1671, 0.3657]]}, "3": {"outline": [[0.1789, 0.3938], [0.1722, 0.3969], [0.1688, 0.3895], [0.1761, 0.3861]]}, "2": {"outline": [[0.1454, 0.3996], [0.1531, 0.3966], [0.1563, 0.404], [0.1486, 0.4072]]}}, "icon": [[0.1394, 0.35430000000000006], [0.16440000000000002, 0.37929999999999997]]}