{"inputs": [[0.4386, 0.0732, 338.832], [0.4195, 0.024, 334.873], [0.3929, -0.0241, 327.492], [0.3588, -0.0707, 320.742], [0.3184, -0.1151, 314.506], [0.2719, -0.1563, 308.669], [0.2203, -0.1937, 303.123], [0.1646, -0.2264, 297.7653], [0.1053, -0.2542, 292.5], [0.0442, -0.2764, 287.2347], [-0.0188, -0.2925, 281.8768], [-0.0815, -0.3028, 276.33050000000003], [-0.1434, -0.3065, 270.4941], [-0.2034, -0.3037, 264.2585], [-0.2605, -0.2947, 257.50800000000004], [-0.3136, -0.2795, 250.12709999999998], [-0.3617, -0.2583, 246.1676]], "name": "plane_boomWhisp_2_9", "outputs": [[-0.2202, -0.5995, 525.909], [-0.2053, -0.5403, 522.05], [-0.1826, -0.4829, 514.4870000000001], [-0.1519, -0.4283, 507.129], [-0.114, -0.3772, 499.957], [-0.07, -0.3307, 492.945], [-0.0199, -0.2897, 486.058], [0.0349, -0.2542, 479.257], [0.0936, -0.226, 472.5], [0.1554, -0.2045, 465.743], [0.219, -0.1905, 458.942], [0.2836, -0.1842, 452.055], [0.3476, -0.1858, 445.043], [0.4106, -0.1954, 437.871], [0.4709, -0.2124, 430.51300000000003], [0.5276, -0.2366, 422.95], [0.58, -0.2679, 419.091]], "outline": [[0.1293, -0.4211], [0.1695, -0.4086], [0.2068, -0.3891], [0.2395, -0.3636], [0.2671, -0.3333], [0.288, -0.2986], [0.3015, -0.2614], [0.3071, -0.2235], [0.3045, -0.1854], [0.2942, -0.1491], [0.2759, -0.1162], [0.251, -0.0877], [0.2199, -0.0647], [0.1842, -0.0479], [0.1579, -0.0414], [0.1578, -0.042], [0.155, -0.0692], [0.1471, -0.0956], [0.1341, -0.1199], [0.1168, -0.141], [0.0953, -0.1583], [0.0712, -0.1716], [0.0449, -0.1794], [0.0175, -0.1821], [-0.01, -0.1796], [-0.0361, -0.1713], [-0.0604, -0.1584], [-0.0818, -0.1412], [-0.082, -0.1406], [-0.096, -0.164], [-0.1097, -0.2011], [-0.1152, -0.2393], [-0.1128, -0.2772], [-0.1021, -0.3135], [-0.0839, -0.3463], [-0.0591, -0.375], [-0.028, -0.3982], [0.0078, -0.4146], [0.0469, -0.4245], [0.0881, -0.4265]], "flags": {"1": {"outline": [[0.1092, -0.2126], [0.0985, -0.2168], [0.103, -0.2273], [0.1134, -0.2229]]}, "0": {"outline": [[0.0816, -0.2346], [0.0901, -0.2309], [0.0863, -0.2224], [0.078, -0.2259]]}, "3": {"outline": [[0.0898, -0.2541], [0.0967, -0.2514], [0.0938, -0.2437], [0.0863, -0.2468]]}, "2": {"outline": [[0.1174, -0.2345], [0.1096, -0.2377], [0.1129, -0.2454], [0.1207, -0.2423]]}}, "icon": [[0.07110000000000001, -0.2137], [0.09609999999999998, -0.18869999999999998]]}