{"inputs": [[0.2635, -0.4962, 293.832], [0.2152, -0.5174, 289.873], [0.1624, -0.5327, 282.492], [0.1053, -0.5419, 275.742], [0.0454, -0.5445, 269.506], [-0.0166, -0.5407, 263.669], [-0.0796, -0.5305, 258.123], [-0.1421, -0.5144, 252.7654], [-0.2034, -0.4921, 247.5], [-0.2627, -0.4644, 242.2347], [-0.3186, -0.4315, 236.8768], [-0.3702, -0.3943, 231.3305], [-0.4167, -0.3531, 225.4941], [-0.4572, -0.3089, 219.2585], [-0.4909, -0.2621, 212.508], [-0.5176, -0.2138, 205.12709999999998], [-0.5367, -0.1647, 201.1676]], "name": "plane_boomWhisp_9_7", "outputs": [[-0.6814, -0.5144, 480.909], [-0.6292, -0.4829, 477.05], [-0.5723, -0.4586, 469.487], [-0.512, -0.4415, 462.129], [-0.4493, -0.4319, 454.957], [-0.3851, -0.4305, 447.945], [-0.3206, -0.4368, 441.058], [-0.2571, -0.4507, 434.257], [-0.1953, -0.4721, 427.5], [-0.1364, -0.5006, 420.743], [-0.0814, -0.5356, 413.942], [-0.0317, -0.5769, 407.055], [0.0126, -0.6236, 400.043], [0.0504, -0.6744, 392.871], [0.0809, -0.7292, 385.51300000000003], [0.1039, -0.7864, 377.95], [0.1188, -0.8456, 374.091]], "outline": [[-0.2849, -0.562], [-0.2421, -0.585], [-0.1956, -0.5992], [-0.1473, -0.604], [-0.099, -0.5992], [-0.0525, -0.5854], [-0.0098, -0.5626], [0.0277, -0.5319], [0.0584, -0.4945], [0.0814, -0.452], [0.0953, -0.4055], [0.1, -0.3576], [0.0995, -0.352], [0.0911, -0.3675], [0.0627, -0.4024], [0.0278, -0.4309], [-0.0117, -0.452], [-0.0548, -0.4651], [-0.0993, -0.4696], [-0.1441, -0.4649], [-0.187, -0.452], [-0.2266, -0.4309], [-0.2612, -0.4024], [-0.2898, -0.3676], [-0.3109, -0.3281], [-0.3239, -0.2851], [-0.3284, -0.2402], [-0.324, -0.1957], [-0.3189, -0.1789], [-0.3232, -0.1824], [-0.3537, -0.2196], [-0.3766, -0.2622], [-0.3905, -0.3086], [-0.3953, -0.3568], [-0.3905, -0.4049], [-0.3762, -0.4512], [-0.3535, -0.4939], [-0.3225, -0.5314]], "flags": {"1": {"outline": [[-0.1745, -0.4726], [-0.185, -0.4682], [-0.1893, -0.4786], [-0.1789, -0.4831]]}, "0": {"outline": [[-0.2094, -0.4685], [-0.201, -0.472], [-0.1976, -0.4635], [-0.2059, -0.4601]]}, "3": {"outline": [[-0.2176, -0.4885], [-0.2107, -0.4912], [-0.2075, -0.4835], [-0.2149, -0.4806]]}, "2": {"outline": [[-0.1843, -0.4941], [-0.192, -0.4909], [-0.1952, -0.4985], [-0.1874, -0.5017]]}}, "icon": [[-0.20720000000000002, -0.48290000000000005], [-0.18219999999999995, -0.4578999999999999]]}