{"inputs": [[0.4331, -0.2588, 316.332], [0.3969, -0.297, 312.373], [0.3538, -0.3314, 304.992], [0.3046, -0.3616, 298.242], [0.2502, -0.3869, 292.006], [0.1914, -0.4072, 286.169], [0.1296, -0.4218, 280.623], [0.0654, -0.4307, 275.2653], [0.0003, -0.4339, 270.0], [-0.0651, -0.4308, 264.7347], [-0.1291, -0.4221, 259.3768], [-0.1912, -0.4072, 253.8305], [-0.2499, -0.3868, 247.9941], [-0.3041, -0.3614, 241.7585], [-0.3533, -0.3313, 235.008], [-0.3964, -0.297, 227.62709999999998], [-0.4328, -0.2589, 223.6676]], "name": "plane_boomWhisp_6_8", "outputs": [[-0.4329, -0.6337, 503.409], [-0.3964, -0.5846, 499.55], [-0.3532, -0.5404, 491.987], [-0.3041, -0.5017, 484.629], [-0.2499, -0.469, 477.457], [-0.191, -0.4429, 470.445], [-0.1291, -0.424, 463.558], [-0.0651, -0.4124, 456.757], [0.0, -0.4086, 450.0], [0.0654, -0.4125, 443.243], [0.1296, -0.4242, 436.442], [0.1915, -0.443, 429.555], [0.2503, -0.4691, 422.543], [0.3046, -0.5016, 415.371], [0.3537, -0.5404, 408.01300000000003], [0.3968, -0.5848, 400.45], [0.4332, -0.6338, 396.591]], "outline": [[-0.0471, -0.6011], [0.0001, -0.6056], [0.0477, -0.6013], [0.093, -0.5876], [0.1348, -0.5655], [0.1716, -0.536], [0.2019, -0.4999], [0.2243, -0.4587], [0.2381, -0.414], [0.2428, -0.3677], [0.238, -0.3213], [0.2242, -0.2767], [0.2019, -0.2357], [0.1918, -0.2233], [0.1913, -0.2278], [0.1802, -0.2644], [0.162, -0.298], [0.1379, -0.3277], [0.1084, -0.3518], [0.0747, -0.3697], [0.0382, -0.381], [0.0001, -0.3846], [-0.0378, -0.3808], [-0.0743, -0.3698], [-0.1081, -0.3518], [-0.1376, -0.3276], [-0.1616, -0.298], [-0.1799, -0.2644], [-0.1908, -0.2278], [-0.1913, -0.2235], [-0.2013, -0.2356], [-0.2238, -0.2767], [-0.2377, -0.3213], [-0.2424, -0.3678], [-0.2376, -0.4142], [-0.224, -0.4588], [-0.2015, -0.4998], [-0.1714, -0.536], [-0.1346, -0.5655], [-0.0927, -0.5875]], "flags": {"1": {"outline": [[0.0194, -0.4017], [0.0081, -0.4017], [0.0082, -0.413], [0.0194, -0.4129]]}, "0": {"outline": [[-0.0142, -0.4114], [-0.0052, -0.4111], [-0.0053, -0.4022], [-0.0143, -0.4021]]}, "3": {"outline": [[-0.0143, -0.4327], [-0.0069, -0.4327], [-0.0066, -0.4246], [-0.0146, -0.4244]]}, "2": {"outline": [[0.0188, -0.425], [0.0104, -0.4252], [0.0104, -0.4334], [0.0188, -0.4333]]}}, "icon": [[-0.01230000000000001, -0.40979999999999994], [0.012700000000000012, -0.38480000000000003]]}