{"inputs": [[0.2223, -0.5957, 293.832], [0.1739, -0.617, 289.873], [0.1211, -0.6322, 282.492], [0.0641, -0.6412, 275.742], [0.0041, -0.6441, 269.506], [-0.0578, -0.6403, 263.669], [-0.1208, -0.6302, 258.123], [-0.1835, -0.614, 252.7654], [-0.2449, -0.5917, 247.5], [-0.304, -0.564, 242.2347], [-0.3597, -0.5311, 236.8768], [-0.4114, -0.4938, 231.3305], [-0.4577, -0.4528, 225.4941], [-0.4983, -0.4084, 219.2585], [-0.5322, -0.3616, 212.508], [-0.559, -0.3134, 205.12709999999998], [-0.5779, -0.2644, 201.1676]], "name": "plane_boomWhisp_15_7", "outputs": [[-0.7242, -0.6172, 480.909], [-0.6717, -0.5858, 477.05], [-0.6149, -0.5614, 469.487], [-0.5547, -0.5446, 462.129], [-0.4919, -0.5351, 454.957], [-0.4278, -0.5336, 447.945], [-0.3633, -0.5397, 441.058], [-0.2996, -0.5535, 434.257], [-0.238, -0.5752, 427.5], [-0.1791, -0.6037, 420.743], [-0.1243, -0.6387, 413.942], [-0.0743, -0.68, 407.055], [-0.03, -0.7264, 400.043], [0.0076, -0.7775, 392.871], [0.0382, -0.8322, 385.51300000000003], [0.0612, -0.8896, 377.95], [0.0761, -0.9486, 374.091]], "outline": [[-0.2889, -0.5705], [-0.2457, -0.5936], [-0.1988, -0.6078], [-0.1499, -0.6129], [-0.1013, -0.6078], [-0.0543, -0.5937], [-0.0109, -0.5706], [-0.0085, -0.5686], [-0.0198, -0.5744], [-0.0733, -0.5907], [-0.1286, -0.5962], [-0.1843, -0.5905], [-0.2376, -0.5745], [-0.2868, -0.5482], [-0.3302, -0.5128], [-0.3654, -0.4696], [-0.3917, -0.4203], [-0.3956, -0.4082], [-0.3952, -0.4115], [-0.381, -0.4583], [-0.3578, -0.5016], [-0.3267, -0.5396]], "flags": {"1": {"outline": [[-0.217, -0.5751], [-0.2276, -0.5707], [-0.2319, -0.5812], [-0.2215, -0.5857]]}, "0": {"outline": [[-0.2519, -0.571], [-0.2435, -0.5746], [-0.2402, -0.5661], [-0.2483, -0.5628]]}, "3": {"outline": [[-0.26, -0.591], [-0.2533, -0.5938], [-0.2498, -0.5863], [-0.2573, -0.5832]]}, "2": {"outline": [[-0.2267, -0.5966], [-0.2344, -0.5934], [-0.2376, -0.6011], [-0.23, -0.6043]]}}, "icon": [[-0.25389999999999996, -0.5957000000000001], [-0.22890000000000005, -0.5707]]}