{"inputs": [[0.4332, -0.0578, 316.332], [0.3968, -0.0958, 312.373], [0.3537, -0.1303, 304.992], [0.3045, -0.1605, 298.242], [0.2502, -0.1858, 292.006], [0.1915, -0.2061, 286.169], [0.1298, -0.2208, 280.623], [0.0655, -0.2297, 275.2653], [0.0004, -0.2326, 270.0], [-0.0651, -0.2297, 264.7347], [-0.1292, -0.2209, 259.3768], [-0.1912, -0.2061, 253.8305], [-0.2498, -0.1858, 247.9941], [-0.3042, -0.1605, 241.7585], [-0.3534, -0.1303, 235.008], [-0.3964, -0.0958, 227.62709999999998], [-0.4329, -0.0578, 223.6676]], "name": "plane_boomWhisp_1_8", "outputs": [[-0.4329, -0.4257, 503.409], [-0.3964, -0.3767, 499.55], [-0.3534, -0.3326, 491.987], [-0.3042, -0.2938, 484.629], [-0.2499, -0.2609, 477.457], [-0.1912, -0.235, 470.445], [-0.1292, -0.2161, 463.558], [-0.0652, -0.2045, 456.757], [0.0001, -0.2006, 450.0], [0.0654, -0.2045, 443.243], [0.1297, -0.2161, 436.442], [0.1916, -0.235, 429.555], [0.2504, -0.261, 422.543], [0.3045, -0.2937, 415.371], [0.3537, -0.3326, 408.01300000000003], [0.3969, -0.3768, 400.45], [0.4333, -0.4257, 396.591]], "outline": [[-0.0375, -0.335], [0.0001, -0.3386], [0.0379, -0.335], [0.0744, -0.3252], [0.1077, -0.3094], [0.137, -0.288], [0.161, -0.2622], [0.1791, -0.2325], [0.19, -0.2005], [0.1939, -0.1668], [0.1901, -0.1332], [0.1792, -0.1012], [0.161, -0.0714], [0.1371, -0.0454], [0.1158, -0.0299], [0.1139, -0.0356], [0.1025, -0.0569], [0.0873, -0.0757], [0.0686, -0.091], [0.0475, -0.1023], [0.0241, -0.1093], [0.0002, -0.1115], [-0.0237, -0.1093], [-0.0469, -0.1023], [-0.0683, -0.0909], [-0.0868, -0.0756], [-0.102, -0.057], [-0.1135, -0.0357], [-0.1153, -0.03], [-0.1365, -0.0455], [-0.1608, -0.0714], [-0.1787, -0.1012], [-0.1896, -0.1332], [-0.1932, -0.1669], [-0.1897, -0.2005], [-0.1786, -0.2324], [-0.1608, -0.2622], [-0.1366, -0.2881], [-0.1074, -0.3094], [-0.0739, -0.3254]], "flags": {"1": {"outline": [[0.0194, -0.1944], [0.0082, -0.1944], [0.0083, -0.2056], [0.0195, -0.2057]]}, "0": {"outline": [[-0.0142, -0.204], [-0.0053, -0.2041], [-0.0051, -0.195], [-0.0142, -0.1951]]}, "3": {"outline": [[-0.0143, -0.2256], [-0.0068, -0.2254], [-0.0066, -0.2173], [-0.0148, -0.2173]]}, "2": {"outline": [[0.0188, -0.2179], [0.0104, -0.2179], [0.0105, -0.2261], [0.0186, -0.2262]]}}, "icon": [[-0.012399999999999984, -0.1823], [0.012599999999999997, -0.1573]]}