{"inputs": [[0.0734, -0.4386, 248.832], [0.0243, -0.4195, 244.873], [-0.0238, -0.3929, 237.49200000000002], [-0.0705, -0.3589, 230.74200000000002], [-0.1149, -0.3185, 224.506], [-0.156, -0.272, 218.66899999999998], [-0.1934, -0.2204, 213.123], [-0.2261, -0.1647, 207.7653], [-0.2539, -0.1054, 202.5], [-0.2762, -0.0441, 197.2347], [-0.2922, 0.0187, 191.8768], [-0.3025, 0.0815, 186.3305], [-0.3063, 0.1434, 180.4941], [-0.3035, 0.2034, 174.2585], [-0.2944, 0.2604, 167.508], [-0.2792, 0.3135, 160.12709999999998], [-0.258, 0.3616, 156.1676]], "name": "plane_boomWhisp_2_5", "outputs": [[-0.5993, 0.2202, 435.909], [-0.5401, 0.2053, 432.05], [-0.4826, 0.1825, 424.487], [-0.428, 0.1518, 417.129], [-0.3769, 0.1141, 409.957], [-0.3305, 0.0699, 402.945], [-0.2894, 0.0199, 396.058], [-0.254, -0.0349, 389.257], [-0.2257, -0.0937, 382.5], [-0.2043, -0.1555, 375.743], [-0.1903, -0.2191, 368.942], [-0.184, -0.2836, 362.055], [-0.1856, -0.3477, 355.043], [-0.1951, -0.4105, 347.871], [-0.2121, -0.4709, 340.51300000000003], [-0.2364, -0.5277, 332.95], [-0.2677, -0.58, 329.091]], "outline": [[-0.4209, -0.1293], [-0.4083, -0.1695], [-0.3889, -0.2068], [-0.3634, -0.2396], [-0.333, -0.2671], [-0.2984, -0.2881], [-0.2613, -0.3016], [-0.2232, -0.3072], [-0.1852, -0.3046], [-0.1489, -0.2942], [-0.1159, -0.276], [-0.0874, -0.251], [-0.0644, -0.22], [-0.0477, -0.1842], [-0.0411, -0.1578], [-0.0417, -0.1579], [-0.069, -0.1551], [-0.0953, -0.1472], [-0.1196, -0.1342], [-0.1408, -0.1168], [-0.1582, -0.0953], [-0.1713, -0.0713], [-0.1792, -0.0449], [-0.1819, -0.0175], [-0.1793, 0.0099], [-0.1711, 0.0361], [-0.1582, 0.0604], [-0.1409, 0.0817], [-0.1404, 0.082], [-0.1637, 0.096], [-0.2008, 0.1096], [-0.2391, 0.1151], [-0.2769, 0.1127], [-0.3132, 0.1021], [-0.3461, 0.0839], [-0.3747, 0.059], [-0.3979, 0.028], [-0.4144, -0.0079], [-0.4242, -0.047], [-0.4263, -0.0882]], "flags": {"1": {"outline": [[-0.2123, -0.1092], [-0.2166, -0.0986], [-0.2271, -0.103], [-0.2227, -0.1135]]}, "0": {"outline": [[-0.2342, -0.0816], [-0.2307, -0.09], [-0.2222, -0.0864], [-0.2256, -0.0782]]}, "3": {"outline": [[-0.2539, -0.0899], [-0.2511, -0.0967], [-0.2434, -0.0939], [-0.2465, -0.0864]]}, "2": {"outline": [[-0.2342, -0.1175], [-0.2374, -0.1097], [-0.2452, -0.113], [-0.242, -0.1207]]}}, "icon": [[-0.21339999999999998, -0.0961], [-0.1884, -0.07109999999999998]]}