{"inputs": [[0.4578, 0.433, 406.332], [0.496, 0.3968, 402.373], [0.5303, 0.3536, 394.992], [0.5605, 0.3044, 388.242], [0.5859, 0.25, 382.006], [0.6063, 0.1913, 376.169], [0.6209, 0.1294, 370.623], [0.6299, 0.0654, 365.2653], [0.6327, -0.0002, 360.0], [0.6298, -0.0654, 354.7347], [0.6208, -0.1296, 349.3768], [0.6063, -0.1913, 343.83050000000003], [0.5858, -0.25, 337.9942], [0.5606, -0.3046, 331.7585], [0.5303, -0.3535, 325.00800000000004], [0.4958, -0.3967, 317.6271], [0.4577, -0.4331, 313.6676]], "name": "plane_boomWhisp_14_12", "outputs": [[0.8396, -0.4332, 593.409], [0.7905, -0.3968, 589.55], [0.7466, -0.3536, 581.9870000000001], [0.7077, -0.3044, 574.629], [0.675, -0.25, 567.457], [0.6488, -0.1914, 560.4449999999999], [0.6298, -0.1294, 553.558], [0.6185, -0.0652, 546.7570000000001], [0.6147, -0.0003, 540.0], [0.6184, 0.0652, 533.2429999999999], [0.63, 0.1295, 526.442], [0.6489, 0.1913, 519.5550000000001], [0.6749, 0.2501, 512.543], [0.7074, 0.3044, 505.371], [0.7466, 0.3535, 498.01300000000003], [0.7905, 0.3967, 490.45], [0.8397, 0.433, 486.591]], "outline": [[0.6376, -0.0486], [0.6422, 0.0001], [0.6374, 0.0487], [0.6234, 0.0955], [0.6001, 0.1388], [0.5691, 0.1765], [0.5314, 0.2079], [0.488, 0.2309], [0.479, 0.2336], [0.4847, 0.2305], [0.5266, 0.1959], [0.5613, 0.1542], [0.5867, 0.106], [0.6025, 0.0539], [0.6078, 0.0], [0.6027, -0.0541], [0.5869, -0.1061], [0.5612, -0.1542], [0.5266, -0.1962], [0.4847, -0.2306], [0.479, -0.2337], [0.4883, -0.2309], [0.5313, -0.2077], [0.5692, -0.1769], [0.6002, -0.1389], [0.6234, -0.0956]], "flags": {"1": {"outline": [[0.6066, 0.0193], [0.607, 0.0081], [0.618, 0.0079], [0.6181, 0.0194]]}, "0": {"outline": [[0.6165, -0.0144], [0.6163, -0.0055], [0.607, -0.0054], [0.6072, -0.0144]]}, "3": {"outline": [[0.6379, -0.0144], [0.6379, -0.0071], [0.6295, -0.0066], [0.6296, -0.0147]]}, "2": {"outline": [[0.6302, 0.0186], [0.6302, 0.0102], [0.6385, 0.0104], [0.6385, 0.0185]]}}, "icon": [[0.6103999999999999, -0.012600000000000066], [0.6354000000000001, 0.012400000000000067]]}