{"inputs": [[0.2437, -0.5436, 293.832], [0.1958, -0.565, 289.873], [0.1427, -0.5802, 282.492], [0.0855, -0.5892, 275.742], [0.0256, -0.592, 269.506], [-0.0362, -0.5883, 263.669], [-0.0992, -0.5781, 258.123], [-0.1619, -0.5618, 252.7654], [-0.2232, -0.5395, 247.5], [-0.2823, -0.5117, 242.2347], [-0.3383, -0.4791, 236.8768], [-0.3898, -0.4416, 231.3305], [-0.4363, -0.4006, 225.4941], [-0.4767, -0.3563, 219.2585], [-0.5106, -0.3096, 212.508], [-0.5374, -0.2613, 205.12709999999998], [-0.5562, -0.2121, 201.1676]], "name": "plane_boomWhisp_11_7", "outputs": [[-0.7017, -0.5633, 480.909], [-0.6494, -0.532, 477.05], [-0.5927, -0.5076, 469.487], [-0.5323, -0.4906, 462.129], [-0.4695, -0.4812, 454.957], [-0.4055, -0.4795, 447.945], [-0.3411, -0.4858, 441.058], [-0.2773, -0.4997, 434.257], [-0.2155, -0.5212, 427.5], [-0.1569, -0.5496, 420.743], [-0.1017, -0.5848, 413.942], [-0.052, -0.6259, 407.055], [-0.0078, -0.6725, 400.043], [0.03, -0.7236, 392.871], [0.0608, -0.7782, 385.51300000000003], [0.0835, -0.8356, 377.95], [0.0984, -0.8946, 374.091]], "outline": [[-0.2877, -0.5678], [-0.2444, -0.5907], [-0.1979, -0.605], [-0.1492, -0.6097], [-0.1006, -0.6051], [-0.0537, -0.5909], [-0.0106, -0.5679], [0.0271, -0.5372], [0.058, -0.4992], [0.0811, -0.4564], [0.0943, -0.4124], [0.0639, -0.4494], [0.026, -0.4805], [-0.0171, -0.5036], [-0.0642, -0.5179], [-0.1126, -0.5226], [-0.1615, -0.518], [-0.2084, -0.5036], [-0.2516, -0.4806], [-0.2894, -0.4494], [-0.3204, -0.4117], [-0.3435, -0.3684], [-0.3577, -0.3216], [-0.3624, -0.2729], [-0.3578, -0.2252], [-0.3796, -0.2656], [-0.3937, -0.3123], [-0.3985, -0.361], [-0.3936, -0.4093], [-0.3793, -0.4561], [-0.3564, -0.4991], [-0.3252, -0.537]], "flags": {"1": {"outline": [[-0.1948, -0.5215], [-0.2052, -0.517], [-0.2096, -0.5276], [-0.1993, -0.532]]}, "0": {"outline": [[-0.2296, -0.5175], [-0.2214, -0.5208], [-0.2179, -0.5125], [-0.2262, -0.509]]}, "3": {"outline": [[-0.2379, -0.5372], [-0.2312, -0.5401], [-0.2277, -0.5326], [-0.235, -0.5295]]}, "2": {"outline": [[-0.2045, -0.5428], [-0.2123, -0.5397], [-0.2154, -0.5473], [-0.2077, -0.5505]]}}, "icon": [[-0.22939999999999997, -0.5367], [-0.20440000000000005, -0.5117]]}