{"inputs": [[-0.1058, -0.5128, 248.832], [-0.155, -0.4938, 244.873], [-0.2033, -0.4672, 237.49200000000002], [-0.2499, -0.4332, 230.74200000000002], [-0.2943, -0.3927, 224.506], [-0.3354, -0.3463, 218.66899999999998], [-0.3726, -0.2948, 213.123], [-0.4055, -0.2388, 207.7653], [-0.4333, -0.1798, 202.5], [-0.4555, -0.1183, 197.2347], [-0.4717, -0.0557, 191.8768], [-0.4818, 0.0072, 186.3305], [-0.4856, 0.0692, 180.4941], [-0.4828, 0.129, 174.2585], [-0.4739, 0.1861, 167.508], [-0.4586, 0.2392, 160.12709999999998], [-0.4372, 0.2872, 156.1676]], "name": "plane_boomWhisp_7_5", "outputs": [[-0.7848, 0.1434, 435.909], [-0.7256, 0.1286, 432.05], [-0.6683, 0.1055, 424.487], [-0.6136, 0.0751, 417.129], [-0.5626, 0.0373, 409.957], [-0.5161, -0.007, 402.945], [-0.4748, -0.057, 396.058], [-0.4397, -0.1118, 389.257], [-0.4111, -0.1706, 382.5], [-0.3898, -0.2323, 375.743], [-0.3758, -0.2961, 368.942], [-0.3696, -0.3604, 362.055], [-0.3712, -0.4247, 355.043], [-0.3805, -0.4874, 347.871], [-0.3977, -0.5476, 340.51300000000003], [-0.422, -0.6046, 332.95], [-0.4534, -0.6567, 329.091]], "outline": [[-0.5852, -0.191], [-0.5712, -0.2369], [-0.5487, -0.2792], [-0.5184, -0.3164], [-0.4816, -0.3471], [-0.4396, -0.3699], [-0.3939, -0.3839], [-0.3467, -0.3889], [-0.2994, -0.3843], [-0.254, -0.3706], [-0.2121, -0.3481], [-0.1755, -0.318], [-0.146, -0.2816], [-0.1588, -0.2854], [-0.1992, -0.2894], [-0.2395, -0.2855], [-0.2783, -0.2738], [-0.314, -0.2545], [-0.3453, -0.2289], [-0.3711, -0.1977], [-0.39, -0.1618], [-0.4018, -0.1233], [-0.4059, -0.0828], [-0.4018, -0.0425], [-0.3901, -0.0036], [-0.371, 0.032], [-0.3452, 0.0633], [-0.3139, 0.089], [-0.3021, 0.0954], [-0.3486, 0.1002], [-0.396, 0.0956], [-0.4413, 0.082], [-0.4833, 0.0595], [-0.5199, 0.0294], [-0.5499, -0.0077], [-0.5722, -0.0498], [-0.5856, -0.0955], [-0.5902, -0.1433]], "flags": {"1": {"outline": [[-0.3972, -0.1856], [-0.4015, -0.1751], [-0.4119, -0.1796], [-0.4076, -0.1901]]}, "0": {"outline": [[-0.4189, -0.1582], [-0.4154, -0.1666], [-0.4071, -0.163], [-0.4105, -0.1547]]}, "3": {"outline": [[-0.4388, -0.1664], [-0.436, -0.1733], [-0.4281, -0.1704], [-0.4313, -0.163]]}, "2": {"outline": [[-0.419, -0.194], [-0.4223, -0.1863], [-0.43, -0.1895], [-0.4268, -0.1973]]}}, "icon": [[-0.4164, -0.1802], [-0.39139999999999997, -0.15519999999999998]]}