{"inputs": [[-0.5979, -0.2213, 203.832], [-0.6191, -0.1731, 199.873], [-0.6344, -0.1201, 192.49200000000002], [-0.6435, -0.0631, 185.74200000000002], [-0.6462, -0.0031, 179.506], [-0.6424, 0.0587, 173.66899999999998], [-0.6323, 0.1215, 168.123], [-0.616, 0.1843, 162.7654], [-0.5938, 0.2457, 157.5], [-0.5661, 0.305, 152.2347], [-0.5333, 0.3607, 146.8768], [-0.496, 0.4123, 141.3305], [-0.4548, 0.4587, 135.4941], [-0.4105, 0.4993, 129.2585], [-0.3638, 0.5332, 122.50800000000001], [-0.3155, 0.5598, 115.1271], [-0.2664, 0.5788, 111.1676]], "name": "plane_boomWhisp_16_3", "outputs": [[-0.6195, 0.725, 390.909], [-0.5881, 0.6727, 387.05], [-0.5637, 0.6159, 379.487], [-0.5466, 0.5557, 372.129], [-0.5373, 0.493, 364.957], [-0.5357, 0.4287, 357.945], [-0.5418, 0.3644, 351.058], [-0.5558, 0.3007, 344.257], [-0.5772, 0.2389, 337.5], [-0.6058, 0.1801, 330.743], [-0.641, 0.1252, 323.942], [-0.6822, 0.0752, 317.055], [-0.7287, 0.031, 310.043], [-0.7797, -0.0067, 302.871], [-0.8343, -0.0373, 295.51300000000003], [-0.8917, -0.0602, 287.95], [-0.9508, -0.0751, 284.091]], "outline": [[-0.5704, 0.2888], [-0.5935, 0.2456], [-0.6078, 0.1987], [-0.6126, 0.15], [-0.6078, 0.1012], [-0.5935, 0.0543], [-0.5887, 0.0452], [-0.5971, 0.0731], [-0.6028, 0.1297], [-0.5972, 0.186], [-0.5806, 0.2404], [-0.5539, 0.2903], [-0.518, 0.3342], [-0.4741, 0.3701], [-0.4484, 0.3839], [-0.4582, 0.3809], [-0.5014, 0.3578], [-0.5394, 0.3267]], "flags": {"1": {"outline": [[-0.5774, 0.2181], [-0.573, 0.2285], [-0.5835, 0.2328], [-0.5877, 0.2224]]}, "0": {"outline": [[-0.5733, 0.2529], [-0.5768, 0.2446], [-0.5684, 0.2411], [-0.5649, 0.2494]]}, "3": {"outline": [[-0.5932, 0.261], [-0.5961, 0.2543], [-0.5885, 0.2507], [-0.5855, 0.2583]]}, "2": {"outline": [[-0.5987, 0.2277], [-0.5955, 0.2354], [-0.6032, 0.2386], [-0.6064, 0.2309]]}}, "icon": [[-0.5982000000000001, 0.2299], [-0.5731999999999999, 0.2549]]}