{"inputs": [[0.3565, 0.2716, 338.832], [0.3372, 0.2226, 334.873], [0.3106, 0.1742, 327.492], [0.2769, 0.1275, 320.742], [0.2364, 0.0832, 314.506], [0.1898, 0.042, 308.669], [0.1384, 0.0047, 303.123], [0.0824, -0.0282, 297.7653], [0.0232, -0.0557, 292.5], [-0.0382, -0.078, 287.2347], [-0.1011, -0.0943, 281.8768], [-0.1637, -0.1043, 276.33050000000003], [-0.2256, -0.1082, 270.4941], [-0.2854, -0.1055, 264.2585], [-0.3426, -0.0963, 257.50800000000004], [-0.3956, -0.0811, 250.12709999999998], [-0.4436, -0.0599, 246.1676]], "name": "plane_bullet_9", "outputs": [[-0.3057, -0.3931, 525.909], [-0.2907, -0.3341, 522.05], [-0.2679, -0.2766, 514.4870000000001], [-0.2374, -0.2222, 507.129], [-0.1995, -0.171, 499.957], [-0.1555, -0.1245, 492.945], [-0.1054, -0.0832, 486.058], [-0.0506, -0.0483, 479.257], [0.0083, -0.0195, 472.5], [0.0699, 0.0019, 465.743], [0.1337, 0.0157, 458.942], [0.1983, 0.022, 452.055], [0.2623, 0.0203, 445.043], [0.3251, 0.0109, 437.871], [0.3853, -0.006, 430.51300000000003], [0.4422, -0.0304, 422.95], [0.4944, -0.0618, 419.091]], "outline": [[-0.1993, 0.4978], [-0.2001, 0.4675], [-0.0101, -0.0623], [0.0334, -0.0799], [0.0515, -0.0367]], "flags": {"1": {"outline": [[-0.0183, 0.0655], [-0.0331, 0.0595], [-0.0269, 0.045], [-0.0125, 0.0512]]}, "0": {"outline": [[-0.034, 0.0648], [-0.0214, 0.0698], [-0.062, 0.1578], [-0.0675, 0.1556]]}, "3": {"outline": [[0.0248, -0.0694], [0.0317, -0.0663], [0.0369, -0.0326], [-0.0028, -0.049]]}, "2": {"outline": [[-0.0095, 0.0447], [-0.0246, 0.0383], [-0.0185, 0.0234], [-0.003, 0.0295]]}}, "icon": [[-0.009714, -0.012814025], [0.011914000000000001, 0.008814025]]}