{"inputs": [[0.1126, -0.4224, 248.832], [0.0636, -0.4033, 244.873], [0.0152, -0.3766, 237.49200000000002], [-0.0315, -0.3428, 230.74200000000002], [-0.0758, -0.3022, 224.506], [-0.1169, -0.2558, 218.66899999999998], [-0.1541, -0.2043, 213.123], [-0.187, -0.1485, 207.7653], [-0.2146, -0.0893, 202.5], [-0.237, -0.0278, 197.2347], [-0.2533, 0.0348, 191.8768], [-0.2633, 0.0977, 186.3305], [-0.2671, 0.1597, 180.4941], [-0.2644, 0.2196, 174.2585], [-0.2554, 0.2766, 167.508], [-0.24, 0.3296, 160.12709999999998], [-0.2188, 0.3778, 156.1676]], "name": "plane_boomWhisp_1_5", "outputs": [[-0.5588, 0.237, 435.909], [-0.4995, 0.2221, 432.05], [-0.4423, 0.1992, 424.487], [-0.3876, 0.1686, 417.129], [-0.3365, 0.131, 409.957], [-0.29, 0.0867, 402.945], [-0.2489, 0.0367, 396.058], [-0.2136, -0.0181, 389.257], [-0.1851, -0.0769, 382.5], [-0.1637, -0.1387, 375.743], [-0.1498, -0.2025, 368.942], [-0.1436, -0.2669, 362.055], [-0.1451, -0.3311, 355.043], [-0.1546, -0.3937, 347.871], [-0.1717, -0.4541, 340.51300000000003], [-0.196, -0.5109, 332.95], [-0.2273, -0.5632, 329.091]], "outline": [[-0.3237, -0.0935], [-0.3125, -0.1296], [-0.2948, -0.1633], [-0.2718, -0.1932], [-0.2444, -0.2179], [-0.2135, -0.2368], [-0.1804, -0.2491], [-0.146, -0.2544], [-0.1123, -0.2523], [-0.0797, -0.2429], [-0.0502, -0.2266], [-0.0247, -0.2042], [-0.0042, -0.1761], [0.0107, -0.1441], [0.0169, -0.1184], [0.0109, -0.1189], [-0.0131, -0.1165], [-0.0363, -0.1096], [-0.0576, -0.0982], [-0.0761, -0.083], [-0.0915, -0.0641], [-0.1028, -0.0429], [-0.1099, -0.0199], [-0.1122, 0.0042], [-0.1099, 0.0283], [-0.1028, 0.0513], [-0.0915, 0.0725], [-0.0762, 0.0913], [-0.0716, 0.095], [-0.0941, 0.1087], [-0.1273, 0.1212], [-0.1617, 0.1264], [-0.1955, 0.1242], [-0.2279, 0.1147], [-0.2576, 0.0985], [-0.2829, 0.0761], [-0.3035, 0.0482], [-0.3183, 0.016], [-0.3268, -0.0192], [-0.3287, -0.0562]], "flags": {"1": {"outline": [[-0.172, -0.0924], [-0.1763, -0.0819], [-0.1866, -0.0863], [-0.1824, -0.0968]]}, "0": {"outline": [[-0.1937, -0.065], [-0.1903, -0.0732], [-0.182, -0.0699], [-0.1854, -0.0616]]}, "3": {"outline": [[-0.2137, -0.0731], [-0.2107, -0.0799], [-0.2031, -0.0771], [-0.2062, -0.0695]]}, "2": {"outline": [[-0.1939, -0.1007], [-0.1971, -0.093], [-0.2048, -0.0962], [-0.2017, -0.1038]]}}, "icon": [[-0.1691, -0.07760000000000002], [-0.1441, -0.052599999999999994]]}