{"inputs": [[-0.433013, 0.429049, 136.332], [-0.396677, 0.467115, 132.373], [-0.353553, 0.501536, 124.992], [-0.304381, 0.531722, 118.242], [-0.25, 0.557158, 112.006], [-0.191342, 0.577407, 106.169], [-0.12941, 0.592123, 100.623], [-0.0652631, 0.601054, 95.2654], [2.18557e-08, 0.604049, 90], [0.0652631, 0.601054, 84.7347], [0.12941, 0.592123, 79.3768], [0.191342, 0.577407, 73.8305], [0.25, 0.557158, 67.9941], [0.304381, 0.531722, 61.7585], [0.353553, 0.501536, 55.008], [0.396677, 0.467115, 47.6271], [0.433013, 0.429049, 43.6676]], "name": "plane_boomWhisp_12_0", "outputs": [[0.433013, 0.809809, 323.409], [0.396677, 0.760866, 319.55], [0.353553, 0.716611, 311.987], [0.304381, 0.6778, 304.629], [0.25, 0.645097, 297.457], [0.191342, 0.619063, 290.445], [0.12941, 0.600142, 283.558], [0.065263, 0.588659, 276.757], [5.96244e-09, 0.584809, 270], [-0.0652632, 0.588659, 263.243], [-0.129409, 0.600142, 256.442], [-0.191342, 0.619063, 249.555], [-0.25, 0.645097, 242.543], [-0.304381, 0.6778, 235.371], [-0.353553, 0.716611, 228.013], [-0.396677, 0.760866, 220.45], [-0.433013, 0.809809, 216.591]], "outline": [[0.0486866, 0.635882], [3.92298e-17, 0.640672], [-0.0486867, 0.635882], [-0.0955023, 0.621696], [-0.138648, 0.598658], [-0.176465, 0.567656], [-0.207501, 0.529878], [-0.230563, 0.486779], [-0.244764, 0.440013], [-0.24956, 0.391378], [-0.248438, 0.380006], [-0.239781, 0.408545], [-0.215798, 0.453415], [-0.183521, 0.492745], [-0.144191, 0.525021], [-0.0993207, 0.549005], [-0.0506332, 0.563774], [3.48266e-17, 0.568761], [0.0506332, 0.563774], [0.0993207, 0.549005], [0.144191, 0.525021], [0.183521, 0.492745], [0.215797, 0.453415], [0.239781, 0.408545], [0.248438, 0.380006], [0.24956, 0.391378], [0.244764, 0.440013], [0.230563, 0.486779], [0.207501, 0.529879], [0.176465, 0.567656], [0.138648, 0.598658], [0.0955023, 0.621696]], "flags": {"1": {"outline": [[-0.0192751, 0.577063], [-0.00796014, 0.577063], [-0.00796014, 0.588378], [-0.019275, 0.588378]]}, "0": {"outline": [[0.0144482, 0.586679], [0.00539548, 0.586679], [0.00545735, 0.577587], [0.0143864, 0.577587]]}, "3": {"outline": [[0.0144246, 0.608153], [0.00706542, 0.608153], [0.00670603, 0.599937], [0.0147839, 0.599937]]}, "2": {"outline": [[-0.01855, 0.600536], [-0.0102311, 0.600536], [-0.0102311, 0.608855], [-0.01855, 0.608855]]}}, "icon": [[-0.0125, 0.577684], [0.0125, 0.602684]]}