{"inputs": [[0.4891, 0.1231, 361.332], [0.4906, 0.0705, 357.373], [0.4844, 0.0157, 349.992], [0.471, -0.0405, 343.242], [0.4505, -0.0968, 337.006], [0.4232, -0.1527, 331.169], [0.3898, -0.2067, 325.623], [0.3507, -0.2584, 320.2653], [0.307, -0.3067, 315.0], [0.2586, -0.3508, 309.7347], [0.2071, -0.3899, 304.3768], [0.1526, -0.4232, 298.83050000000003], [0.0967, -0.4503, 292.9941], [0.0404, -0.4707, 286.7585], [-0.0157, -0.4842, 280.00800000000004], [-0.0704, -0.4904, 272.6271], [-0.123, -0.4892, 268.6676]], "name": "plane_boomWhisp_6_10", "outputs": [[0.1419, -0.7543, 548.409], [0.1329, -0.6938, 544.55], [0.1323, -0.632, 536.9870000000001], [0.1396, -0.5699, 529.629], [0.1549, -0.5085, 522.457], [0.1781, -0.4483, 515.4449999999999], [0.2084, -0.3912, 508.558], [0.2455, -0.3378, 501.757], [0.2888, -0.289, 495.0], [0.3378, -0.2455, 488.243], [0.3915, -0.2085, 481.442], [0.4486, -0.1779, 474.555], [0.5086, -0.1549, 467.543], [0.57, -0.1394, 460.371], [0.6321, -0.1322, 453.01300000000003], [0.694, -0.1331, 445.45], [0.7544, -0.1419, 441.591]], "outline": [[0.3917, -0.4584], [0.4282, -0.4283], [0.4588, -0.3916], [0.4811, -0.3498], [0.4951, -0.3046], [0.5003, -0.2578], [0.4962, -0.2108], [0.4829, -0.1659], [0.4611, -0.1245], [0.4316, -0.0884], [0.3954, -0.059], [0.3541, -0.0372], [0.3094, -0.024], [0.2935, -0.0224], [0.2963, -0.0259], [0.3143, -0.0597], [0.3252, -0.0963], [0.3292, -0.1343], [0.3253, -0.1722], [0.3141, -0.2087], [0.2963, -0.2425], [0.2719, -0.272], [0.2425, -0.2961], [0.2088, -0.3141], [0.1722, -0.3253], [0.1343, -0.3291], [0.0964, -0.3251], [0.0597, -0.3143], [0.026, -0.2961], [0.0226, -0.2934], [0.0242, -0.3091], [0.0373, -0.354], [0.0591, -0.3954], [0.0886, -0.4316], [0.1247, -0.461], [0.166, -0.4829], [0.2109, -0.496], [0.2577, -0.5003], [0.3046, -0.4951], [0.3498, -0.4811]], "flags": {"1": {"outline": [[0.2977, -0.2704], [0.2897, -0.2784], [0.2978, -0.2864], [0.3056, -0.2784]]}, "0": {"outline": [[0.2808, -0.3011], [0.287, -0.2944], [0.2806, -0.2883], [0.2741, -0.2945]]}, "3": {"outline": [[0.2958, -0.3162], [0.3011, -0.311], [0.2955, -0.3051], [0.2897, -0.3105]]}, "2": {"outline": [[0.3138, -0.2873], [0.308, -0.2934], [0.3137, -0.2992], [0.3196, -0.2933]]}}, "icon": [[0.2685, -0.29339999999999994], [0.29350000000000004, -0.2684]]}