{"inputs": [[0.5784, 0.0339, 361.332], [0.5797, -0.0187, 357.373], [0.5735, -0.0735, 349.992], [0.5602, -0.1296, 343.242], [0.5396, -0.1861, 337.006], [0.5125, -0.2417, 331.169], [0.4792, -0.2961, 325.623], [0.44, -0.3477, 320.2653], [0.3959, -0.396, 315.0], [0.3476, -0.4399, 309.7347], [0.296, -0.479, 304.3768], [0.2418, -0.5123, 298.83050000000003], [0.1861, -0.5396, 292.9941], [0.1295, -0.5601, 286.7585], [0.0734, -0.5735, 280.00800000000004], [0.0187, -0.5797, 272.6271], [-0.034, -0.5781, 268.6676]], "name": "plane_boomWhisp_10_10", "outputs": [[0.2341, -0.8466, 548.409], [0.2256, -0.7862, 544.55], [0.2245, -0.7246, 536.9870000000001], [0.2318, -0.662, 529.629], [0.2473, -0.6006, 522.457], [0.2702, -0.5408, 515.4449999999999], [0.3006, -0.4836, 508.558], [0.3378, -0.4301, 501.757], [0.3814, -0.3812, 495.0], [0.4303, -0.3378, 488.243], [0.4838, -0.3007, 481.442], [0.541, -0.2703, 474.555], [0.6006, -0.2472, 467.543], [0.6622, -0.2317, 460.371], [0.7244, -0.2246, 453.01300000000003], [0.7864, -0.2252, 445.45], [0.8465, -0.2341, 441.591]], "outline": [[0.4127, -0.4814], [0.4505, -0.4504], [0.4815, -0.4127], [0.5043, -0.3698], [0.5186, -0.3233], [0.5236, -0.2746], [0.5188, -0.2261], [0.5048, -0.1798], [0.4816, -0.137], [0.4509, -0.0992], [0.4134, -0.0683], [0.3898, -0.056], [0.3966, -0.0639], [0.4188, -0.1053], [0.4323, -0.1502], [0.4367, -0.197], [0.4324, -0.2438], [0.4185, -0.2888], [0.3965, -0.3302], [0.3665, -0.3666], [0.3304, -0.3965], [0.289, -0.4185], [0.244, -0.4322], [0.1974, -0.4367], [0.1504, -0.4323], [0.1056, -0.4186], [0.0641, -0.3963], [0.0561, -0.3898], [0.0686, -0.4135], [0.0992, -0.4509], [0.1369, -0.4818], [0.1798, -0.5045], [0.2264, -0.5188], [0.2747, -0.5233], [0.3232, -0.5186], [0.37, -0.5043]], "flags": {"1": {"outline": [[0.3896, -0.3621], [0.3816, -0.3704], [0.3895, -0.3782], [0.3975, -0.3703]]}, "0": {"outline": [[0.3726, -0.3927], [0.3791, -0.3865], [0.3725, -0.3801], [0.3663, -0.3866]]}, "3": {"outline": [[0.3878, -0.4081], [0.393, -0.4027], [0.3874, -0.3969], [0.3816, -0.4024]]}, "2": {"outline": [[0.4057, -0.3794], [0.3999, -0.3852], [0.4057, -0.3911], [0.4116, -0.3851]]}}, "icon": [[0.3697, -0.3943995], [0.3947, -0.3694005]]}