{"inputs": [[0.5592, 0.0534, 361.332], [0.5603, 0.0007, 357.373], [0.5542, -0.0541, 349.992], [0.5409, -0.1102, 343.242], [0.5204, -0.1666, 337.006], [0.4931, -0.2225, 331.169], [0.4595, -0.2767, 325.623], [0.4208, -0.3284, 320.2654], [0.3768, -0.3764, 315.0], [0.3285, -0.4205, 309.7347], [0.2766, -0.4597, 304.3768], [0.2225, -0.4931, 298.83050000000003], [0.1666, -0.5203, 292.9941], [0.1104, -0.5408, 286.7585], [0.0542, -0.5541, 280.00800000000004], [-0.0005, -0.5602, 272.6271], [-0.0533, -0.5591, 268.6676]], "name": "plane_boomWhisp_9_10", "outputs": [[0.2145, -0.8266, 548.409], [0.2052, -0.7663, 544.55], [0.2046, -0.7045, 536.9870000000001], [0.2119, -0.6422, 529.629], [0.227, -0.5806, 522.457], [0.2503, -0.5208, 515.4449999999999], [0.2808, -0.4636, 508.558], [0.3179, -0.4102, 501.757], [0.3614, -0.3613, 495.0], [0.4102, -0.3178, 488.243], [0.4636, -0.2804, 481.442], [0.5208, -0.2503, 474.555], [0.5809, -0.2272, 467.543], [0.6422, -0.2117, 460.371], [0.7046, -0.2046, 453.01300000000003], [0.7663, -0.2051, 445.45], [0.8266, -0.214, 441.591]], "outline": [[0.4102, -0.4785], [0.4478, -0.4478], [0.4786, -0.4102], [0.5015, -0.3674], [0.5156, -0.3209], [0.5207, -0.2727], [0.516, -0.2246], [0.5019, -0.1782], [0.4792, -0.1355], [0.4487, -0.098], [0.4111, -0.0672], [0.3686, -0.0447], [0.3632, -0.043], [0.3743, -0.0566], [0.3957, -0.0962], [0.4086, -0.1395], [0.413, -0.184], [0.4086, -0.2288], [0.3957, -0.2717], [0.3742, -0.3112], [0.3459, -0.3459], [0.3113, -0.3745], [0.2718, -0.3955], [0.2287, -0.4086], [0.1841, -0.413], [0.1394, -0.4085], [0.0962, -0.3954], [0.0567, -0.3744], [0.0432, -0.3632], [0.0448, -0.3685], [0.0675, -0.411], [0.0981, -0.4484], [0.1356, -0.479], [0.1783, -0.502], [0.2246, -0.516], [0.2729, -0.5204], [0.3209, -0.5158], [0.3675, -0.5015]], "flags": {"1": {"outline": [[0.3698, -0.3423], [0.3617, -0.3503], [0.3697, -0.3582], [0.3778, -0.3503]]}, "0": {"outline": [[0.3526, -0.3729], [0.3591, -0.3665], [0.3526, -0.3601], [0.3462, -0.3664]]}, "3": {"outline": [[0.368, -0.3882], [0.3731, -0.3828], [0.3673, -0.377], [0.3617, -0.3826]]}, "2": {"outline": [[0.3859, -0.3595], [0.38, -0.3654], [0.3858, -0.3713], [0.3918, -0.3653]]}}, "icon": [[0.3475999999999999, -0.3727000000000001], [0.37260000000000004, -0.34769999999999995]]}