{"inputs": [[-0.327, -0.4332, 226.332], [-0.3651, -0.3969, 222.373], [-0.3995, -0.3537, 214.99200000000002], [-0.4297, -0.3047, 208.24200000000002], [-0.4551, -0.2503, 202.006], [-0.4754, -0.1916, 196.16899999999998], [-0.4901, -0.1296, 190.623], [-0.4991, -0.0655, 185.2653], [-0.502, -0.0002, 180.0], [-0.4989, 0.065, 174.7347], [-0.4901, 0.1292, 169.3768], [-0.4754, 0.1911, 163.8305], [-0.455, 0.2498, 157.9941], [-0.4297, 0.3042, 151.7585], [-0.3996, 0.3533, 145.008], [-0.3651, 0.3964, 137.62709999999998], [-0.3269, 0.4327, 133.6676]], "name": "plane_boomWhisp_8_4", "outputs": [[-0.7042, 0.4328, 413.409], [-0.6552, 0.3964, 409.55], [-0.611, 0.3534, 401.987], [-0.5723, 0.3041, 394.629], [-0.5394, 0.2498, 387.457], [-0.5135, 0.191, 380.445], [-0.4946, 0.1292, 373.558], [-0.4831, 0.065, 366.757], [-0.4793, -0.0002, 360.0], [-0.4831, -0.0655, 353.243], [-0.4946, -0.1298, 346.442], [-0.5135, -0.1915, 339.555], [-0.5396, -0.2503, 332.543], [-0.5723, -0.3046, 325.371], [-0.611, -0.3538, 318.01300000000003], [-0.6553, -0.3969, 310.45], [-0.7043, -0.4333, 306.591]], "outline": [[-0.6224, 0.0479], [-0.627, -0.0003], [-0.6223, -0.0484], [-0.6084, -0.0946], [-0.5858, -0.1373], [-0.5554, -0.1747], [-0.5183, -0.2052], [-0.476, -0.2281], [-0.43, -0.2421], [-0.3824, -0.247], [-0.3346, -0.2421], [-0.2888, -0.2281], [-0.2657, -0.2156], [-0.2815, -0.2143], [-0.3224, -0.2017], [-0.3601, -0.1816], [-0.3932, -0.1545], [-0.4203, -0.1215], [-0.4405, -0.0837], [-0.4529, -0.0428], [-0.4571, -0.0003], [-0.4529, 0.0423], [-0.4404, 0.0831], [-0.4203, 0.1211], [-0.3931, 0.154], [-0.3601, 0.1811], [-0.3224, 0.2012], [-0.2814, 0.2136], [-0.2657, 0.2153], [-0.2887, 0.2276], [-0.3346, 0.2416], [-0.3824, 0.2464], [-0.4301, 0.2417], [-0.476, 0.2275], [-0.5183, 0.2048], [-0.5554, 0.1741], [-0.5858, 0.1368], [-0.6084, 0.0941]], "flags": {"1": {"outline": [[-0.4718, -0.0195], [-0.4719, -0.0083], [-0.4832, -0.0083], [-0.4833, -0.0196]]}, "0": {"outline": [[-0.4815, 0.0141], [-0.4815, 0.0051], [-0.4725, 0.0051], [-0.4724, 0.0142]]}, "3": {"outline": [[-0.503, 0.0142], [-0.503, 0.0068], [-0.4948, 0.0065], [-0.4948, 0.0145]]}, "2": {"outline": [[-0.4954, -0.0187], [-0.4954, -0.0105], [-0.5037, -0.0105], [-0.5037, -0.0188]]}}, "icon": [[-0.48710000000000003, -0.012800000000000011], [-0.4621, 0.012200000000000011]]}