{"inputs": [[-0.5643, 0.2306, 158.832], [-0.5453, 0.2797, 154.873], [-0.5186, 0.328, 147.49200000000002], [-0.4847, 0.3747, 140.74200000000002], [-0.4442, 0.419, 134.506], [-0.3978, 0.4602, 128.66899999999998], [-0.3462, 0.4975, 123.123], [-0.2904, 0.5303, 117.7654], [-0.2312, 0.558, 112.5], [-0.1698, 0.5802, 107.2347], [-0.1071, 0.5965, 101.8768], [-0.0442, 0.6066, 96.3305], [0.0177, 0.6104, 90.4941], [0.0777, 0.6077, 84.2585], [0.1347, 0.5986, 77.50800000000001], [0.1877, 0.5833, 70.1271], [0.2358, 0.562, 66.1676]], "name": "plane_boomWhisp_12_1", "outputs": [[0.0901, 0.9138, 345.909], [0.0753, 0.8547, 342.05], [0.0524, 0.7973, 334.487], [0.0218, 0.7426, 327.129], [-0.0159, 0.6916, 319.957], [-0.0602, 0.6451, 312.945], [-0.1102, 0.6039, 306.058], [-0.165, 0.5688, 299.257], [-0.2238, 0.5402, 292.5], [-0.2856, 0.5188, 285.743], [-0.3493, 0.5049, 278.942], [-0.4137, 0.4987, 272.055], [-0.4779, 0.5003, 265.043], [-0.5406, 0.5097, 257.871], [-0.6009, 0.5267, 250.513], [-0.6577, 0.5511, 242.95], [-0.71, 0.5824, 239.091]], "outline": [[-0.1984, 0.6061], [-0.2452, 0.5919], [-0.2884, 0.5688], [-0.3262, 0.5378], [-0.3572, 0.5], [-0.3803, 0.4569], [-0.3945, 0.4101], [-0.3993, 0.3614], [-0.3946, 0.3128], [-0.3804, 0.266], [-0.375, 0.256], [-0.3779, 0.2856], [-0.3729, 0.3363], [-0.3582, 0.385], [-0.3342, 0.4298], [-0.3019, 0.4692], [-0.2626, 0.5014], [-0.2177, 0.5254], [-0.169, 0.5402], [-0.1184, 0.5452], [-0.0678, 0.5402], [-0.0191, 0.5254], [0.0258, 0.5014], [0.0651, 0.4692], [0.0841, 0.4461], [0.0807, 0.457], [0.0577, 0.5001], [0.0267, 0.5379], [-0.0111, 0.5689], [-0.0543, 0.5919], [-0.1011, 0.6061], [-0.1497, 0.6109]], "flags": {"1": {"outline": [[-0.2387, 0.5257], [-0.2282, 0.53], [-0.2326, 0.5405], [-0.243, 0.5362]]}, "0": {"outline": [[-0.2112, 0.5475], [-0.2196, 0.544], [-0.216, 0.5357], [-0.2078, 0.5391]]}, "3": {"outline": [[-0.2195, 0.5673], [-0.2263, 0.5645], [-0.2234, 0.5568], [-0.216, 0.5599]]}, "2": {"outline": [[-0.247, 0.5477], [-0.2393, 0.5509], [-0.2425, 0.5585], [-0.2502, 0.5554]]}}, "icon": [[-0.2384, 0.5327], [-0.21339999999999998, 0.5577]]}