{"inputs": [[0.2958, -0.3168, 271.332], [0.2433, -0.318, 267.373], [0.1883, -0.3119, 259.992], [0.1324, -0.2986, 253.24200000000002], [0.0758, -0.2782, 247.006], [0.0201, -0.2508, 241.16899999999998], [-0.034, -0.2175, 235.623], [-0.0857, -0.1785, 230.2653], [-0.1341, -0.1344, 225.0], [-0.178, -0.0861, 219.7347], [-0.2171, -0.0344, 214.3768], [-0.2506, 0.0197, 208.8305], [-0.2776, 0.0755, 202.9941], [-0.2981, 0.1319, 196.7585], [-0.3116, 0.1879, 190.008], [-0.3177, 0.243, 182.62709999999998], [-0.3165, 0.2956, 178.6676]], "name": "plane_boomWhisp_0_6", "outputs": [[-0.5756, 0.0363, 458.409], [-0.5154, 0.0452, 454.55], [-0.4535, 0.046, 446.987], [-0.3913, 0.0387, 439.629], [-0.3297, 0.0235, 432.457], [-0.2698, 0.0003, 425.445], [-0.2127, -0.0301, 418.558], [-0.1591, -0.0672, 411.757], [-0.1104, -0.1107, 405.0], [-0.067, -0.1596, 398.243], [-0.0297, -0.213, 391.442], [0.0008, -0.2702, 384.555], [0.0238, -0.33, 377.543], [0.0392, -0.3917, 370.371], [0.0465, -0.4539, 363.01300000000003], [0.0458, -0.5158, 355.45], [0.0368, -0.576, 351.591]], "outline": [[-0.1514, -0.1103], [-0.1326, -0.133], [-0.1099, -0.1516], [-0.0839, -0.1655], [-0.0559, -0.1742], [-0.0266, -0.177], [0.0027, -0.1739], [0.0309, -0.1656], [0.0567, -0.1518], [0.0794, -0.1331], [0.0981, -0.1104], [0.112, -0.0844], [0.1205, -0.0563], [0.1235, -0.027], [0.1223, -0.015], [0.1091, -0.0221], [0.0902, -0.0277], [0.0708, -0.0297], [0.0512, -0.0276], [0.0324, -0.0221], [0.0154, -0.0127], [0.0, 0.0], [-0.0124, 0.0149], [-0.0217, 0.032], [-0.0272, 0.0508], [-0.0292, 0.0703], [-0.0274, 0.0899], [-0.0216, 0.1087], [-0.0146, 0.1219], [-0.0267, 0.123], [-0.0559, 0.1201], [-0.084, 0.1115], [-0.1099, 0.0979], [-0.1326, 0.079], [-0.1513, 0.0563], [-0.1651, 0.0304], [-0.1737, 0.0024], [-0.1766, -0.027], [-0.1737, -0.0563], [-0.1652, -0.0845]], "flags": {"1": {"outline": [[-0.0923, -0.1201], [-0.1003, -0.112], [-0.1084, -0.1202], [-0.1004, -0.128]]}, "0": {"outline": [[-0.123, -0.103], [-0.1166, -0.1095], [-0.1102, -0.1027], [-0.1167, -0.0966]]}, "3": {"outline": [[-0.1382, -0.1182], [-0.1331, -0.1233], [-0.1271, -0.1178], [-0.1326, -0.1122]]}, "2": {"outline": [[-0.1095, -0.1362], [-0.1153, -0.1302], [-0.1213, -0.1362], [-0.1154, -0.1421]]}}, "icon": [[-0.098, -0.09849999999999999], [-0.07300000000000001, -0.0735]]}