{"inputs": [[-0.1123, 0.422, 428.832], [-0.0634, 0.4029, 424.873], [-0.0149, 0.3763, 417.492], [0.0317, 0.3424, 410.742], [0.076, 0.3019, 404.506], [0.1172, 0.2555, 398.669], [0.1544, 0.2042, 393.123], [0.1871, 0.1481, 387.7653], [0.2148, 0.0891, 382.5], [0.2372, 0.0274, 377.2347], [0.2536, -0.0352, 371.8768], [0.2635, -0.098, 366.33050000000003], [0.2672, -0.16, 360.4941], [0.2646, -0.2199, 354.2585], [0.2557, -0.277, 347.50800000000004], [0.2403, -0.3299, 340.1271], [0.2191, -0.3782, 336.1676]], "name": "plane_boomWhisp_1_13", "outputs": [[0.5589, -0.2373, 615.909], [0.4998, -0.2224, 612.05], [0.4426, -0.1995, 604.4870000000001], [0.3878, -0.169, 597.129], [0.3366, -0.1314, 589.957], [0.2903, -0.087, 582.9449999999999], [0.249, -0.0369, 576.058], [0.2139, 0.0177, 569.2570000000001], [0.1854, 0.0765, 562.5], [0.1639, 0.1384, 555.7429999999999], [0.15, 0.2023, 548.942], [0.1438, 0.2667, 542.0550000000001], [0.1453, 0.331, 535.043], [0.1548, 0.3935, 527.871], [0.172, 0.4538, 520.513], [0.1962, 0.5105, 512.95], [0.2274, 0.563, 509.091]], "outline": [[0.3239, 0.0933], [0.3126, 0.1294], [0.2949, 0.1629], [0.2719, 0.1928], [0.2446, 0.2176], [0.2137, 0.2365], [0.1806, 0.2487], [0.1463, 0.2542], [0.1125, 0.2518], [0.0799, 0.2427], [0.0503, 0.2264], [0.025, 0.204], [0.0044, 0.1757], [-0.0106, 0.1438], [-0.0167, 0.1182], [-0.0107, 0.1186], [0.0133, 0.1161], [0.0366, 0.1094], [0.0579, 0.0979], [0.0764, 0.0827], [0.0917, 0.0637], [0.103, 0.0425], [0.1101, 0.0197], [0.1124, -0.0045], [0.1102, -0.0286], [0.103, -0.0516], [0.0916, -0.0727], [0.0764, -0.0914], [0.0718, -0.0954], [0.0942, -0.1091], [0.1276, -0.1217], [0.1619, -0.1267], [0.1956, -0.1244], [0.2282, -0.115], [0.2578, -0.099], [0.2831, -0.0763], [0.3037, -0.0486], [0.3185, -0.0162], [0.3269, 0.0188], [0.329, 0.0559]], "flags": {"1": {"outline": [[0.1721, 0.092], [0.1765, 0.0817], [0.1868, 0.0861], [0.1825, 0.0965]]}, "0": {"outline": [[0.1939, 0.0647], [0.1905, 0.0729], [0.1821, 0.0697], [0.1857, 0.0612]]}, "3": {"outline": [[0.2139, 0.0728], [0.2109, 0.0797], [0.2032, 0.0768], [0.2065, 0.0692]]}, "2": {"outline": [[0.1941, 0.1004], [0.1973, 0.0926], [0.2048, 0.0959], [0.2018, 0.1034]]}}, "icon": [[0.1443, 0.0522], [0.16929999999999998, 0.07719999999999999]]}