{"inputs": [[-0.0169, 0.5951, 451.332], [0.0354, 0.5966, 447.373], [0.0904, 0.5903, 439.992], [0.1467, 0.5767, 433.242], [0.2031, 0.5563, 427.006], [0.2587, 0.5294, 421.169], [0.3129, 0.4958, 415.623], [0.3646, 0.4567, 410.2654], [0.4127, 0.4127, 405.0], [0.4567, 0.3646, 399.7347], [0.4961, 0.3127, 394.3768], [0.5292, 0.2584, 388.83050000000003], [0.5566, 0.2028, 382.9941], [0.577, 0.1464, 376.7585], [0.5904, 0.0904, 370.00800000000004], [0.5967, 0.0355, 362.6271], [0.5951, -0.0172, 358.6676]], "name": "plane_boomWhisp_11_14", "outputs": [[0.864, 0.2516, 638.409], [0.8037, 0.2427, 634.55], [0.742, 0.2417, 626.9870000000001], [0.6796, 0.2491, 619.629], [0.6181, 0.2645, 612.457], [0.5583, 0.2874, 605.4449999999999], [0.5011, 0.3179, 598.558], [0.4475, 0.3553, 591.7570000000001], [0.3987, 0.3988, 585.0], [0.3555, 0.4474, 578.2429999999999], [0.3181, 0.5011, 571.442], [0.2877, 0.558, 564.5550000000001], [0.2646, 0.618, 557.543], [0.2493, 0.6796, 550.371], [0.2418, 0.7419, 543.013], [0.2427, 0.8037, 535.45], [0.2516, 0.8639, 531.591]], "outline": [[0.4833, 0.414], [0.4519, 0.4519], [0.4145, 0.4828], [0.3712, 0.5058], [0.3246, 0.5203], [0.2758, 0.525], [0.2273, 0.5204], [0.1807, 0.5065], [0.1375, 0.4831], [0.0998, 0.4523], [0.0709, 0.4167], [0.1131, 0.4394], [0.16, 0.4535], [0.2086, 0.4584], [0.2577, 0.4535], [0.3042, 0.4393], [0.3475, 0.4165], [0.3854, 0.3851], [0.4164, 0.3474], [0.4395, 0.3042], [0.4538, 0.2574], [0.4584, 0.2086], [0.4537, 0.16], [0.4395, 0.1132], [0.4168, 0.0709], [0.4524, 0.0998], [0.4834, 0.1374], [0.5064, 0.1807], [0.5204, 0.2271], [0.5251, 0.276], [0.5203, 0.3244], [0.5059, 0.3714]], "flags": {"1": {"outline": [[0.3797, 0.4069], [0.3875, 0.3987], [0.3957, 0.407], [0.3878, 0.415]]}, "0": {"outline": [[0.4104, 0.3899], [0.4039, 0.3961], [0.3975, 0.39], [0.4039, 0.3834]]}, "3": {"outline": [[0.4255, 0.4048], [0.4204, 0.4101], [0.4144, 0.4045], [0.4199, 0.399]]}, "2": {"outline": [[0.3968, 0.4228], [0.4028, 0.4171], [0.4085, 0.4229], [0.4026, 0.4288]]}}, "icon": [[0.38860000000000006, 0.38850000000000007], [0.41359999999999997, 0.4135]]}