{"inputs": [[-0.5433, -0.2438, 203.832], [-0.5647, -0.1957, 199.873], [-0.5799, -0.1427, 192.49200000000002], [-0.5889, -0.0856, 185.74200000000002], [-0.5917, -0.0257, 179.506], [-0.588, 0.0362, 173.66899999999998], [-0.5779, 0.0991, 168.123], [-0.5616, 0.1618, 162.7654], [-0.5393, 0.2232, 157.5], [-0.5116, 0.2823, 152.2347], [-0.4788, 0.3382, 146.8768], [-0.4414, 0.3898, 141.3305], [-0.4003, 0.4362, 135.4941], [-0.356, 0.4767, 129.2585], [-0.3093, 0.5106, 122.50800000000001], [-0.261, 0.5373, 115.1271], [-0.2119, 0.5562, 111.1676]], "name": "plane_boomWhisp_11_3", "outputs": [[-0.5631, 0.7017, 390.909], [-0.5318, 0.6494, 387.05], [-0.5074, 0.5926, 379.487], [-0.4904, 0.5323, 372.129], [-0.481, 0.4696, 364.957], [-0.4793, 0.4054, 357.945], [-0.4856, 0.341, 351.058], [-0.4995, 0.2773, 344.257], [-0.5209, 0.2155, 337.5], [-0.5494, 0.1568, 330.743], [-0.5845, 0.1018, 323.942], [-0.6257, 0.0519, 317.055], [-0.6723, 0.0077, 310.043], [-0.7233, -0.0301, 302.871], [-0.7779, -0.0608, 295.51300000000003], [-0.8353, -0.0835, 287.95], [-0.8944, -0.0984, 284.091]], "outline": [[-0.5676, 0.2875], [-0.5905, 0.2444], [-0.6048, 0.1977], [-0.6095, 0.1491], [-0.6048, 0.1005], [-0.5907, 0.0537], [-0.5677, 0.0106], [-0.5369, -0.027], [-0.499, -0.058], [-0.4562, -0.081], [-0.4122, -0.0944], [-0.4492, -0.0639], [-0.4802, -0.0261], [-0.5034, 0.0171], [-0.5176, 0.0641], [-0.5224, 0.1126], [-0.5177, 0.1615], [-0.5034, 0.2083], [-0.4804, 0.2515], [-0.4492, 0.2894], [-0.4114, 0.3204], [-0.3682, 0.3435], [-0.3213, 0.3577], [-0.2726, 0.3624], [-0.2249, 0.3578], [-0.2654, 0.3795], [-0.3121, 0.3936], [-0.3607, 0.3984], [-0.4091, 0.3936], [-0.4558, 0.3792], [-0.4989, 0.3563], [-0.5366, 0.3252]], "flags": {"1": {"outline": [[-0.5212, 0.1948], [-0.5168, 0.2052], [-0.5273, 0.2096], [-0.5317, 0.1992]]}, "0": {"outline": [[-0.5172, 0.2296], [-0.5206, 0.2213], [-0.5123, 0.2179], [-0.5088, 0.2261]]}, "3": {"outline": [[-0.5369, 0.2378], [-0.5398, 0.2311], [-0.5324, 0.2276], [-0.5293, 0.235]]}, "2": {"outline": [[-0.5426, 0.2045], [-0.5394, 0.2122], [-0.5471, 0.2153], [-0.5503, 0.2077]]}}, "icon": [[-0.5365, 0.20430000000000004], [-0.5115000000000001, 0.22929999999999995]]}