{"inputs": [[0.1521, -0.4059, 248.832], [0.1031, -0.3869, 244.873], [0.0547, -0.3602, 237.49200000000002], [0.0081, -0.3265, 230.74200000000002], [-0.0364, -0.286, 224.506], [-0.0773, -0.2394, 218.66899999999998], [-0.1146, -0.1879, 213.123], [-0.1474, -0.1321, 207.7653], [-0.1752, -0.0728, 202.5], [-0.1973, -0.0114, 197.2347], [-0.2137, 0.0513, 191.8768], [-0.2239, 0.1141, 186.3305], [-0.2275, 0.176, 180.4941], [-0.2249, 0.236, 174.2585], [-0.2159, 0.2929, 167.508], [-0.2005, 0.3461, 160.12709999999998], [-0.1792, 0.3942, 156.1676]], "name": "plane_boomWhisp_0_5", "outputs": [[-0.5178, 0.2538, 435.909], [-0.4588, 0.239, 432.05], [-0.4013, 0.2161, 424.487], [-0.3467, 0.1855, 417.129], [-0.2956, 0.1479, 409.957], [-0.2491, 0.1036, 402.945], [-0.208, 0.0536, 396.058], [-0.1727, -0.0012, 389.257], [-0.1443, -0.06, 382.5], [-0.1229, -0.1218, 375.743], [-0.1089, -0.1854, 368.942], [-0.1026, -0.2499, 362.055], [-0.1042, -0.314, 355.043], [-0.1136, -0.3769, 347.871], [-0.1307, -0.4371, 340.51300000000003], [-0.155, -0.494, 332.95], [-0.1864, -0.5462, 329.091]], "outline": [[-0.182, -0.044], [-0.1733, -0.0721], [-0.1595, -0.098], [-0.1408, -0.1208], [-0.1182, -0.1395], [-0.0922, -0.1533], [-0.064, -0.1617], [-0.0348, -0.1648], [-0.0056, -0.1619], [0.0225, -0.1533], [0.0485, -0.1395], [0.0712, -0.1208], [0.0899, -0.0981], [0.1038, -0.0722], [0.1073, -0.0606], [0.0924, -0.0621], [0.0728, -0.0601], [0.0541, -0.0545], [0.0368, -0.0451], [0.0215, -0.0328], [0.0094, -0.0176], [0.0, 0.0], [-0.0057, 0.0185], [-0.0077, 0.0379], [-0.0056, 0.0574], [0.0, 0.0762], [0.0092, 0.0936], [0.0217, 0.1087], [0.0332, 0.1182], [0.0225, 0.1239], [-0.0056, 0.1324], [-0.0349, 0.1352], [-0.064, 0.1325], [-0.0922, 0.1238], [-0.1182, 0.11], [-0.1408, 0.0913], [-0.1595, 0.0687], [-0.1734, 0.0427], [-0.182, 0.0145], [-0.1849, -0.0148]], "flags": {"1": {"outline": [[-0.1312, -0.0756], [-0.1355, -0.0651], [-0.1461, -0.0695], [-0.1417, -0.0798]]}, "0": {"outline": [[-0.153, -0.0481], [-0.1496, -0.0565], [-0.1411, -0.0527], [-0.1447, -0.0446]]}, "3": {"outline": [[-0.1729, -0.0563], [-0.1701, -0.063], [-0.1624, -0.0602], [-0.1654, -0.0529]]}, "2": {"outline": [[-0.1532, -0.0839], [-0.1563, -0.0761], [-0.1641, -0.0794], [-0.1609, -0.0871]]}}, "icon": [[-0.1243, -0.059199999999999996], [-0.0993, -0.0342]]}