{"inputs": [[0.362, -0.2584, 293.832], [0.3137, -0.2796, 289.873], [0.2609, -0.2948, 282.492], [0.2039, -0.3037, 275.742], [0.1439, -0.3066, 269.506], [0.0819, -0.3027, 263.669], [0.019, -0.2927, 258.123], [-0.0435, -0.2764, 252.7653], [-0.1051, -0.2542, 247.5], [-0.1641, -0.2266, 242.2347], [-0.2199, -0.1935, 236.8768], [-0.2716, -0.1564, 231.3305], [-0.318, -0.1153, 225.4941], [-0.3585, -0.0709, 219.2585], [-0.3924, -0.0241, 212.508], [-0.4192, 0.0241, 205.12709999999998], [-0.4382, 0.0731, 201.1676]], "name": "plane_boomWhisp_2_7", "outputs": [[-0.5795, -0.2682, 480.909], [-0.5271, -0.2369, 477.05], [-0.4704, -0.2123, 469.487], [-0.4101, -0.1954, 462.129], [-0.3472, -0.186, 454.957], [-0.2832, -0.1843, 447.945], [-0.2188, -0.1907, 441.058], [-0.155, -0.2044, 434.257], [-0.0934, -0.226, 427.5], [-0.0346, -0.2545, 420.743], [0.0203, -0.2896, 413.942], [0.0704, -0.3308, 407.055], [0.1145, -0.3772, 400.043], [0.1523, -0.4284, 392.871], [0.1829, -0.4831, 385.51300000000003], [0.2059, -0.5404, 377.95], [0.2208, -0.5995, 374.091]], "outline": [[-0.2062, -0.3892], [-0.1689, -0.4087], [-0.1288, -0.4213], [-0.0876, -0.4265], [-0.0467, -0.4245], [-0.0074, -0.4148], [0.0285, -0.3981], [0.0593, -0.3752], [0.0843, -0.3464], [0.1027, -0.3134], [0.1131, -0.2772], [0.1156, -0.2394], [0.1099, -0.2012], [0.0965, -0.1641], [0.0825, -0.1408], [0.082, -0.1413], [0.0608, -0.1585], [0.0366, -0.1716], [0.0102, -0.1796], [-0.017, -0.1822], [-0.0445, -0.1793], [-0.0708, -0.1717], [-0.095, -0.1586], [-0.1163, -0.1411], [-0.1339, -0.1199], [-0.1465, -0.0956], [-0.1546, -0.0693], [-0.1575, -0.042], [-0.1573, -0.0414], [-0.1837, -0.048], [-0.2196, -0.0646], [-0.2505, -0.0878], [-0.2756, -0.1162], [-0.2937, -0.1494], [-0.3041, -0.1855], [-0.3068, -0.2233], [-0.3012, -0.2617], [-0.2875, -0.2987], [-0.2668, -0.3333], [-0.2391, -0.3639]], "flags": {"1": {"outline": [[-0.073, -0.2275], [-0.0835, -0.223], [-0.0878, -0.2335], [-0.0773, -0.2378]]}, "0": {"outline": [[-0.108, -0.2235], [-0.0995, -0.2269], [-0.0961, -0.2183], [-0.1044, -0.2149]]}, "3": {"outline": [[-0.116, -0.2432], [-0.1092, -0.2461], [-0.1058, -0.2386], [-0.1133, -0.2355]]}, "2": {"outline": [[-0.0826, -0.2488], [-0.0904, -0.2455], [-0.0935, -0.2534], [-0.0858, -0.2566]]}}, "icon": [[-0.09549999999999999, -0.21380000000000002], [-0.07050000000000002, -0.1888]]}