{
"name": "plane_evil01_12_0",
"flags": {
	"0": { "outline": [[-0.0323217,0.186114],[0.0320701,0.184666],[0.0144649,0.287374],[-0.0145158,0.288386]] },
	"1": { "outline": [[-0.0314223,-0.109688],[0.0311846,-0.108858],[0.0311846,-0.042486],[-0.0314223,-0.0428099]] },
	"2": { "outline": [[-0.0296161,0.0875454],[0.0294048,0.0869208],[0.0294048,0.149505],[-0.0296161,0.150579]] },
	"3": { "outline": [[-0.0148418,-0.468119],[0.0147885,-0.466439],[0.00602703,-0.333125],[-0.00603586,-0.333613]] }
},
"outline": [[-0.0728441,0.0703151],[-0.205195,0.0714343],[-0.208083,0.104332],[-0.236298,0.10468],[-0.239052,0.0692291],[-0.377038,0.0499779],[-0.376965,-0.0856218],[-0.238943,-0.102618],[-0.236155,-0.118974],[-0.207936,-0.118578],[-0.205079,-0.10351],[-0.0727073,-0.108614],[-0.0564584,-0.220055],[-0.0411058,-0.304828],[-0.041084,-0.335814],[-0.147831,-0.364536],[-0.147782,-0.442364],[-0.0409961,-0.460822],[-0.0230581,-0.49075],[0.023592,-0.487981],[0.0412071,-0.456248],[0.143232,-0.42702],[0.14317,-0.351893],[0.0411133,-0.332482],[0.04109,-0.301803],[0.0559739,-0.217074],[0.0714998,-0.10673],[0.195398,-0.098603],[0.198011,-0.112882],[0.223419,-0.112525],[0.225886,-0.0969942],[0.345384,-0.0784462],[0.345251,0.0457899],[0.225726,0.0654354],[0.223211,0.0990072],[0.197807,0.0993208],[0.195237,0.0680482],[0.0713464,0.0690958],[0.0559746,0.194902],[0.0188641,0.312433],[-0.0148346,0.313714],[-0.0550952,0.197546]],
"inputs": [[-0.428029,0.143483,136.332],[-0.39041,0.18273,132.373],[-0.346185,0.21766,124.992],[-0.296306,0.247668,118.242],[-0.241815,0.272269,112.006],[-0.183812,0.291108,106.169],[-0.123426,0.303958,100.623],[-0.0617869,0.310717,95.2653],[2.05376e-08,0.3114,90],[0.0608743,0.306128,84.7347],[0.119837,0.29512,79.3768],[0.175964,0.278678,73.8305],[0.228413,0.257178,67.9941],[0.276432,0.231055,61.7585],[0.319359,0.200794,55.008],[0.356626,0.166917,47.6271],[0.387757,0.129983,43.6676]],
"outputs": [[0.387757,-0.244343,323.409],[0.356626,-0.292136,319.55],[0.319359,-0.336057,311.987],[0.276432,-0.375387,304.629],[0.228413,-0.409446,297.457],[0.175964,-0.437605,290.445],[0.119837,-0.459295,283.558],[0.0608742,-0.474028,276.757],[5.60286e-09,-0.481405,270],[-0.0617871,-0.481135,263.243],[-0.123426,-0.473051,256.442],[-0.183812,-0.457122,249.555],[-0.241815,-0.433471,242.543],[-0.296307,-0.402377,235.371],[-0.346185,-0.364286,228.013],[-0.39041,-0.31981,220.45],[-0.428029,-0.26972,216.591]],
"icon": [[-0.047254,-0.0244407],[0.0467183,0.0752696]]
}