{"inputs": [[0.5622, 0.2358, 383.832], [0.5836, 0.1875, 379.873], [0.5989, 0.1345, 372.492], [0.6078, 0.0776, 365.742], [0.6107, 0.0175, 359.506], [0.607, -0.0444, 353.669], [0.5968, -0.1073, 348.123], [0.5806, -0.1699, 342.7654], [0.5583, -0.2314, 337.5], [0.5307, -0.2905, 332.2347], [0.4978, -0.3464, 326.8768], [0.4605, -0.3979, 321.33050000000003], [0.4193, -0.4444, 315.4941], [0.3751, -0.4847, 309.2585], [0.3284, -0.5186, 302.50800000000004], [0.2801, -0.5453, 295.1271], [0.231, -0.5644, 291.1676]], "name": "plane_boomWhisp_12_11", "outputs": [[0.5827, -0.71, 570.909], [0.5514, -0.6578, 567.05], [0.5269, -0.6009, 559.4870000000001], [0.51, -0.5406, 552.129], [0.5005, -0.4781, 544.957], [0.499, -0.4139, 537.9449999999999], [0.5053, -0.3494, 531.058], [0.5192, -0.2858, 524.2570000000001], [0.5405, -0.2239, 517.5], [0.5688, -0.1651, 510.743], [0.6045, -0.1101, 503.942], [0.6454, -0.0602, 497.055], [0.6918, -0.016, 490.043], [0.7431, 0.0217, 482.871], [0.7975, 0.0524, 475.51300000000003], [0.8549, 0.0753, 467.95], [0.9143, 0.09, 464.091]], "outline": [[0.5691, -0.2885], [0.5923, -0.2453], [0.6064, -0.1986], [0.6112, -0.1501], [0.6063, -0.1012], [0.5922, -0.0545], [0.5695, -0.0112], [0.5382, 0.0268], [0.5006, 0.0576], [0.4575, 0.0807], [0.4466, 0.0837], [0.4696, 0.0651], [0.5018, 0.0258], [0.5258, -0.0193], [0.5406, -0.0676], [0.5454, -0.1185], [0.5405, -0.1691], [0.5257, -0.2175], [0.5018, -0.2626], [0.4694, -0.3017], [0.4302, -0.3341], [0.3854, -0.358], [0.3367, -0.3729], [0.2859, -0.378], [0.2563, -0.3752], [0.2663, -0.3803], [0.3132, -0.3948], [0.3617, -0.3993], [0.4103, -0.3945], [0.4573, -0.3803], [0.5003, -0.3572], [0.5382, -0.3264]], "flags": {"1": {"outline": [[0.5407, -0.2031], [0.5365, -0.2137], [0.547, -0.218], [0.5511, -0.2075]]}, "0": {"outline": [[0.5368, -0.2379], [0.5403, -0.2295], [0.5318, -0.2261], [0.5284, -0.2345]]}, "3": {"outline": [[0.5567, -0.2462], [0.5594, -0.2395], [0.552, -0.2358], [0.549, -0.2434]]}, "2": {"outline": [[0.5621, -0.2127], [0.5592, -0.2205], [0.5666, -0.2236], [0.5698, -0.2159]]}}, "icon": [[0.5329999999999999, -0.23840000000000006], [0.558, -0.21339999999999992]]}