{"inputs": [[-0.433013, -0.114849, 136.332], [-0.396677, -0.0767825, 132.373], [-0.353553, -0.0423617, 124.992], [-0.304381, -0.0121754, 118.242], [-0.25, 0.0132599, 112.006], [-0.191342, 0.0335088, 106.169], [-0.12941, 0.048225, 100.623], [-0.0652631, 0.0571567, 95.2653], [2.18557e-08, 0.060151, 90], [0.0652631, 0.0571567, 84.7347], [0.12941, 0.048225, 79.3768], [0.191342, 0.0335088, 73.8305], [0.25, 0.0132598, 67.9941], [0.304381, -0.0121754, 61.7585], [0.353553, -0.0423617, 55.008], [0.396677, -0.0767826, 47.6271], [0.433013, -0.114849, 43.6676]], "name": "plane_bullet_0", "outputs": [[0.433013, 0.245942, 323.409], [0.396677, 0.196999, 319.55], [0.353553, 0.152744, 311.987], [0.304381, 0.113933, 304.629], [0.25, 0.0812305, 297.457], [0.191342, 0.0551961, 290.445], [0.12941, 0.0362753, 283.558], [0.065263, 0.0247917, 276.757], [5.96244e-09, 0.0209419, 270], [-0.0652632, 0.0247918, 263.243], [-0.129409, 0.0362753, 256.442], [-0.191342, 0.0551962, 249.555], [-0.25, 0.0812305, 242.543], [-0.304381, 0.113933, 235.371], [-0.353553, 0.152744, 228.013], [-0.396677, 0.196999, 220.45], [-0.433013, 0.245942, 216.591]], "outline": [[-0.00615218, -0.536594], [0.00615218, -0.50873], [0.0333105, 0.0532627], [0, 0.0863533], [-0.0333105, 0.0532627]], "flags": {"1": {"outline": [[-0.00787485, -0.0680235], [0.00787485, -0.0680235], [0.00787485, -0.0522738], [-0.00787485, -0.0522738]]}, "0": {"outline": [[0.00687064, -0.0730567], [-0.00687064, -0.0730567], [-0.00309229, -0.169922], [0.00309229, -0.169922]]}, "3": {"outline": [[0.00376218, 0.0731444], [-0.00376218, 0.0731444], [-0.0215206, 0.0439725], [0.0215206, 0.0439725]]}, "2": {"outline": [[-0.00820543, -0.0452715], [0.00820543, -0.0452715], [0.00820543, -0.0288606], [-0.00820543, -0.0288606]]}}, "icon": [[-0.010814, -0.00888455], [0.010814, 0.0127435]]}