{"inputs": [[-0.4046, -0.3013, 203.832], [-0.4259, -0.2531, 199.873], [-0.4413, -0.2001, 192.49200000000002], [-0.4503, -0.1431, 185.74200000000002], [-0.453, -0.0832, 179.506], [-0.4491, -0.0212, 173.66899999999998], [-0.4391, 0.0415, 168.123], [-0.4227, 0.1042, 162.7653], [-0.4007, 0.1657, 157.5], [-0.3729, 0.2249, 152.2347], [-0.3401, 0.2807, 146.8768], [-0.3028, 0.3323, 141.3305], [-0.2615, 0.3787, 135.4941], [-0.2173, 0.4192, 129.2585], [-0.1707, 0.4532, 122.50800000000001], [-0.1223, 0.4798, 115.1271], [-0.0732, 0.4988, 111.1676]], "name": "plane_boomWhisp_6_3", "outputs": [[-0.4196, 0.6423, 390.909], [-0.3882, 0.5899, 387.05], [-0.3638, 0.5332, 379.487], [-0.3469, 0.4729, 372.129], [-0.3374, 0.4102, 364.957], [-0.3358, 0.3459, 357.945], [-0.3421, 0.2815, 351.058], [-0.3559, 0.2178, 344.257], [-0.3773, 0.1562, 337.5], [-0.4059, 0.0973, 330.743], [-0.4411, 0.0424, 323.942], [-0.4823, -0.0076, 317.055], [-0.5288, -0.0518, 310.043], [-0.5797, -0.0895, 302.871], [-0.6344, -0.1201, 295.51300000000003], [-0.6918, -0.143, 287.95], [-0.7509, -0.1578, 284.091]], "outline": [[-0.537, 0.2735], [-0.5593, 0.2315], [-0.5733, 0.1859], [-0.5781, 0.1388], [-0.5738, 0.0917], [-0.5606, 0.0464], [-0.5388, 0.0047], [-0.5094, -0.0317], [-0.4734, -0.0616], [-0.4324, -0.0837], [-0.3877, -0.0971], [-0.3411, -0.1014], [-0.2947, -0.0964], [-0.2795, -0.0918], [-0.2834, -0.0896], [-0.313, -0.0654], [-0.3371, -0.0358], [-0.3552, -0.0022], [-0.3663, 0.0343], [-0.3699, 0.0724], [-0.3663, 0.1103], [-0.3551, 0.1469], [-0.3371, 0.1806], [-0.313, 0.2101], [-0.2834, 0.2343], [-0.2497, 0.2523], [-0.2132, 0.2633], [-0.1751, 0.2672], [-0.1372, 0.2634], [-0.1329, 0.2622], [-0.1403, 0.2761], [-0.1697, 0.3126], [-0.2057, 0.3424], [-0.2467, 0.3645], [-0.2914, 0.3779], [-0.3379, 0.3823], [-0.3844, 0.3774], [-0.4294, 0.3633], [-0.4707, 0.3406], [-0.5071, 0.3103]], "flags": {"1": {"outline": [[-0.3783, 0.1356], [-0.3739, 0.146], [-0.3844, 0.1504], [-0.3887, 0.1399]]}, "0": {"outline": [[-0.3743, 0.1704], [-0.3776, 0.1621], [-0.3693, 0.1586], [-0.3658, 0.1669]]}, "3": {"outline": [[-0.3941, 0.1786], [-0.3969, 0.1718], [-0.3894, 0.1684], [-0.3863, 0.1758]]}, "2": {"outline": [[-0.3996, 0.1452], [-0.3965, 0.1529], [-0.4042, 0.1561], [-0.4073, 0.1484]]}}, "icon": [[-0.3794, 0.13930000000000003], [-0.3544, 0.1643]]}