{"inputs": [[-0.1773, 0.435, 451.332], [-0.1247, 0.4358, 447.373], [-0.0702, 0.4301, 439.992], [-0.014, 0.4164, 433.242], [0.0425, 0.3962, 427.006], [0.0983, 0.3688, 421.169], [0.1527, 0.3356, 415.623], [0.2043, 0.2965, 410.2653], [0.2523, 0.2525, 405.0], [0.2965, 0.204, 399.7347], [0.3357, 0.1522, 394.3768], [0.369, 0.0981, 388.83050000000003], [0.396, 0.0426, 382.9941], [0.4169, -0.0139, 376.7585], [0.4301, -0.0702, 370.00800000000004], [0.4363, -0.1248, 362.6271], [0.435, -0.1774, 358.6676]], "name": "plane_boomWhisp_4_14", "outputs": [[0.6983, 0.0856, 638.409], [0.6379, 0.0768, 634.55], [0.5762, 0.0762, 626.9870000000001], [0.514, 0.0834, 619.629], [0.4523, 0.0986, 612.457], [0.3926, 0.1219, 605.4449999999999], [0.3353, 0.152, 598.558], [0.2818, 0.1895, 591.7570000000001], [0.233, 0.2327, 585.0], [0.1896, 0.2816, 578.2429999999999], [0.1523, 0.3353, 571.442], [0.1219, 0.3924, 564.5550000000001], [0.0987, 0.4524, 557.543], [0.0833, 0.5137, 550.371], [0.0763, 0.5761, 543.013], [0.0768, 0.6379, 535.45], [0.0858, 0.6981, 531.591]], "outline": [[0.4225, 0.3579], [0.3933, 0.3931], [0.3581, 0.4225], [0.3178, 0.4445], [0.2749, 0.4587], [0.2304, 0.4641], [0.1859, 0.4609], [0.1432, 0.449], [0.1044, 0.4289], [0.0705, 0.4013], [0.0431, 0.3674], [0.0229, 0.3285], [0.0109, 0.2862], [0.0077, 0.2417], [0.0081, 0.2373], [0.0254, 0.2467], [0.0575, 0.2565], [0.0904, 0.2595], [0.1233, 0.2564], [0.1553, 0.2466], [0.1845, 0.2311], [0.2104, 0.2101], [0.2312, 0.1845], [0.2468, 0.1551], [0.2566, 0.1233], [0.2598, 0.0902], [0.2562, 0.0573], [0.2469, 0.0254], [0.2374, 0.008], [0.2418, 0.0078], [0.2861, 0.011], [0.3287, 0.0229], [0.3675, 0.0429], [0.4015, 0.0705], [0.4291, 0.1043], [0.4491, 0.143], [0.4611, 0.1858], [0.4642, 0.2301], [0.4587, 0.2748], [0.4448, 0.318]], "flags": {"1": {"outline": [[0.2145, 0.2419], [0.2226, 0.2336], [0.2306, 0.2417], [0.2224, 0.2498]]}, "0": {"outline": [[0.2454, 0.2248], [0.2386, 0.231], [0.2323, 0.2248], [0.2386, 0.2184]]}, "3": {"outline": [[0.2603, 0.2396], [0.2553, 0.2449], [0.2493, 0.2395], [0.2547, 0.2336]]}, "2": {"outline": [[0.2315, 0.2578], [0.2373, 0.2519], [0.2435, 0.2577], [0.2374, 0.2636]]}}, "icon": [[0.20729999999999998, 0.20679999999999998], [0.2323, 0.2318]]}