{"inputs": [[0.3569, 0.2555, 361.332], [0.3582, 0.2031, 357.373], [0.3518, 0.1483, 349.992], [0.3386, 0.092, 343.242], [0.318, 0.0357, 337.006], [0.291, -0.0201, 331.169], [0.2576, -0.0744, 325.623], [0.2184, -0.126, 320.2653], [0.1745, -0.1743, 315.0], [0.1261, -0.2183, 309.7347], [0.0746, -0.2574, 304.3768], [0.0204, -0.2907, 298.83050000000003], [-0.0354, -0.3179, 292.9941], [-0.0919, -0.3385, 286.7585], [-0.1479, -0.3517, 280.00800000000004], [-0.2028, -0.358, 272.6271], [-0.2555, -0.3567, 268.6676]], "name": "plank_10", "outputs": [[-1.0273, 0.4151, 503.512], [-1.0056, 0.4446, 502.425], [-0.9785, 0.4784, 500.711], [-0.9466, 0.5165, 499.388], [-0.911, 0.5574, 498.304], [-0.8717, 0.6009, 497.372], [-0.8291, 0.6463, 496.535], [-0.7846, 0.6925, 495.754], [-0.739, 0.7388, 495.0], [-0.6924, 0.7846, 494.246], [-0.6461, 0.8293, 493.465], [-0.6009, 0.8717, 492.628], [-0.5573, 0.9108, 491.696], [-0.5162, 0.9469, 490.612], [-0.4786, 0.9785, 489.289], [-0.4444, 1.0058, 487.575], [-0.4151, 1.0275, 486.488]], "outline": [[-0.8552, 0.5019], [-0.0633, -0.2899], [-0.0404, -0.3075], [-0.0175, -0.3131], [0.0057, -0.3073], [0.0284, -0.2901], [0.2902, -0.0284], [0.3073, -0.0055], [0.3131, 0.0175], [0.3075, 0.0404], [0.2901, 0.0633], [-0.5018, 0.8554], [-0.5248, 0.8728], [-0.5478, 0.8784], [-0.5707, 0.8727], [-0.5938, 0.8553], [-0.8553, 0.5936], [-0.8726, 0.5709], [-0.8784, 0.5479], [-0.8725, 0.5247]], "flags": {"1": {"outline": [[-0.5707, 0.8727], [-0.5938, 0.8553], [-0.6395, 0.8095], [0.2443, -0.0743], [0.2902, -0.0284], [0.3073, -0.0055], [0.3091, 0.0019], [-0.5634, 0.8744]]}, "0": {"outline": [[-0.5248, 0.8728], [-0.5478, 0.8784], [-0.5634, 0.8744], [0.3091, 0.0019], [0.3131, 0.0175], [0.3075, 0.0404], [0.2901, 0.0633], [-0.5018, 0.8554]]}, "3": {"outline": [[-0.8725, 0.5247], [-0.8552, 0.5019], [-0.0633, -0.2899], [-0.0404, -0.3075], [-0.0175, -0.3131], [-0.002, -0.3092], [-0.8744, 0.5632], [-0.8784, 0.5479]]}, "2": {"outline": [[-0.8553, 0.5936], [-0.8726, 0.5709], [-0.8744, 0.5632], [-0.002, -0.3092], [0.0057, -0.3073], [0.0284, -0.2901], [0.0745, -0.2442], [-0.8094, 0.6397]]}}, "icon": [[-0.125, -0.125], [0.125, 0.125]]}