{"inputs": [[-0.3618, 0.2582, 473.832], [-0.3135, 0.2793, 469.873], [-0.2606, 0.2946, 462.492], [-0.2036, 0.3033, 455.742], [-0.1438, 0.3062, 449.506], [-0.0817, 0.3026, 443.669], [-0.0187, 0.2924, 438.123], [0.0437, 0.2761, 432.7653], [0.1053, 0.2538, 427.5], [0.1643, 0.2265, 422.2347], [0.2202, 0.1933, 416.8768], [0.2719, 0.1562, 411.33050000000003], [0.3182, 0.115, 405.4941], [0.3586, 0.0707, 399.2585], [0.3926, 0.0238, 392.50800000000004], [0.4194, -0.0245, 385.1271], [0.4385, -0.0735, 381.1676]], "name": "plane_boomWhisp_2_15", "outputs": [[0.5797, 0.2679, 660.909], [0.5273, 0.2366, 657.05], [0.4707, 0.2119, 649.4870000000001], [0.4103, 0.1951, 642.129], [0.3474, 0.1859, 634.957], [0.2835, 0.1838, 627.9449999999999], [0.2189, 0.1904, 621.058], [0.1551, 0.204, 614.2570000000001], [0.0937, 0.2256, 607.5], [0.0347, 0.2542, 600.7429999999999], [-0.0202, 0.2893, 593.942], [-0.0702, 0.3306, 587.0550000000001], [-0.1144, 0.3769, 580.043], [-0.1521, 0.4282, 572.871], [-0.1827, 0.4829, 565.513], [-0.2058, 0.54, 557.95], [-0.2207, 0.5992, 554.091]], "outline": [[0.2063, 0.3888], [0.1692, 0.4084], [0.1289, 0.4211], [0.0878, 0.4261], [0.0468, 0.4243], [0.0076, 0.4144], [-0.0282, 0.3977], [-0.0591, 0.3748], [-0.0842, 0.346], [-0.1025, 0.3132], [-0.1128, 0.2769], [-0.1155, 0.2392], [-0.1097, 0.201], [-0.0963, 0.1639], [-0.0821, 0.1406], [-0.0818, 0.1409], [-0.0606, 0.1581], [-0.0363, 0.1712], [-0.01, 0.1792], [0.0171, 0.182], [0.0446, 0.1792], [0.0712, 0.1714], [0.0951, 0.1583], [0.1165, 0.1409], [0.1341, 0.1195], [0.1466, 0.0952], [0.1548, 0.0688], [0.1577, 0.0416], [0.1575, 0.0412], [0.184, 0.0477], [0.2198, 0.0643], [0.2507, 0.0875], [0.2759, 0.1159], [0.294, 0.1492], [0.3043, 0.1853], [0.307, 0.223], [0.3015, 0.2615], [0.2878, 0.2983], [0.2671, 0.3329], [0.2394, 0.3637]], "flags": {"1": {"outline": [[0.0731, 0.2273], [0.0838, 0.2226], [0.088, 0.2333], [0.0776, 0.2374]]}, "0": {"outline": [[0.1084, 0.2232], [0.0996, 0.2265], [0.0963, 0.2179], [0.1047, 0.2146]]}, "3": {"outline": [[0.1162, 0.2428], [0.1094, 0.2458], [0.1061, 0.2383], [0.1136, 0.2351]]}, "2": {"outline": [[0.0828, 0.2485], [0.0906, 0.2453], [0.0937, 0.2531], [0.0861, 0.2564]]}}, "icon": [[0.07060000000000001, 0.1886], [0.09559999999999998, 0.2136]]}