{"inputs": [[-0.5885, -0.2251, 203.832], [-0.6099, -0.177, 199.873], [-0.6251, -0.124, 192.49200000000002], [-0.6342, -0.067, 185.74200000000002], [-0.6368, -0.0071, 179.506], [-0.6331, 0.0549, 173.66899999999998], [-0.6229, 0.1177, 168.123], [-0.6067, 0.1804, 162.7653], [-0.5845, 0.2419, 157.5], [-0.5567, 0.301, 152.2347], [-0.5239, 0.3569, 146.8768], [-0.4867, 0.4084, 141.3305], [-0.4455, 0.4549, 135.4942], [-0.4012, 0.4955, 129.2585], [-0.3545, 0.5293, 122.50800000000001], [-0.3062, 0.556, 115.1271], [-0.2571, 0.575, 111.1676]], "name": "plane_boomWhisp_14_3", "outputs": [[-0.6098, 0.7211, 390.909], [-0.5784, 0.6688, 387.05], [-0.5541, 0.612, 379.487], [-0.5371, 0.5517, 372.129], [-0.5277, 0.489, 364.957], [-0.5261, 0.4248, 357.945], [-0.5323, 0.3603, 351.058], [-0.5462, 0.2966, 344.257], [-0.5676, 0.235, 337.5], [-0.5962, 0.1761, 330.743], [-0.6314, 0.1212, 323.942], [-0.6725, 0.0712, 317.055], [-0.719, 0.027, 310.043], [-0.77, -0.0107, 302.871], [-0.8247, -0.0413, 295.51300000000003], [-0.8821, -0.0642, 287.95], [-0.9413, -0.0791, 284.091]], "outline": [[-0.5703, 0.2887], [-0.5932, 0.2454], [-0.6075, 0.1986], [-0.6123, 0.15], [-0.6075, 0.1011], [-0.5933, 0.0543], [-0.5702, 0.011], [-0.5392, -0.0268], [-0.5317, -0.0329], [-0.536, -0.0278], [-0.5616, 0.0202], [-0.5773, 0.0721], [-0.5826, 0.1262], [-0.5773, 0.1804], [-0.5615, 0.2324], [-0.5359, 0.2803], [-0.5014, 0.3223], [-0.4594, 0.3568], [-0.4114, 0.3824], [-0.3595, 0.3982], [-0.3529, 0.3989], [-0.3624, 0.3998], [-0.4112, 0.395], [-0.458, 0.3808], [-0.5013, 0.3577], [-0.5391, 0.3266]], "flags": {"1": {"outline": [[-0.5677, 0.2141], [-0.5635, 0.2245], [-0.5738, 0.2289], [-0.5783, 0.2184]]}, "0": {"outline": [[-0.5638, 0.249], [-0.5672, 0.2405], [-0.5587, 0.2371], [-0.5553, 0.2453]]}, "3": {"outline": [[-0.5836, 0.2571], [-0.5864, 0.2503], [-0.5789, 0.2468], [-0.5758, 0.2543]]}, "2": {"outline": [[-0.5892, 0.2236], [-0.586, 0.2314], [-0.5937, 0.2345], [-0.5968, 0.2269]]}}, "icon": [[-0.5877000000000001, 0.22549999999999998], [-0.5627, 0.2505]]}