{
"name": "plane_evil01_6_0",
"flags": {
	"0": { "outline": [[-0.0336743,0.185021],[0.0338082,0.185756],[0.0151996,0.288136],[-0.0151724,0.287623]] },
	"1": { "outline": [[-0.0327427,-0.109061],[0.0328692,-0.109482],[0.0328692,-0.0427297],[-0.0327427,-0.0425653]] },
	"2": { "outline": [[-0.0308708,0.0870737],[0.0309832,0.0873908],[0.0309832,0.150313],[-0.0308708,0.149768]] },
	"3": { "outline": [[-0.0155122,-0.466851],[0.0155406,-0.467704],[0.00632336,-0.333493],[-0.00631867,-0.333245]] }
},
"outline": [[-0.0751555,0.0693917],[-0.207089,0.0688512],[-0.209859,0.100508],[-0.237166,0.100345],[-0.239859,0.0663298],[-0.369498,0.0467541],[-0.369587,-0.0800985],[-0.239958,-0.0983207],[-0.237294,-0.114047],[-0.209983,-0.114233],[-0.207186,-0.0997673],[-0.0752393,-0.107188],[-0.0587819,-0.217802],[-0.0430624,-0.302544],[-0.0430747,-0.333299],[-0.15121,-0.354927],[-0.151246,-0.430703],[-0.0431245,-0.457372],[-0.0245798,-0.488667],[0.024312,-0.490073],[0.0430274,-0.459694],[0.153681,-0.438491],[0.153701,-0.361345],[0.0430699,-0.334991],[0.0430804,-0.30408],[0.0590466,-0.219315],[0.0758832,-0.108144],[0.212336,-0.102258],[0.215264,-0.117124],[0.244069,-0.117319],[0.246902,-0.101174],[0.386368,-0.0837365],[0.386383,0.0488774],[0.246939,0.0682548],[0.244118,0.103224],[0.215318,0.103052],[0.212379,0.0705696],[0.0759466,0.0700107],[0.0579915,0.196896],[0.016641,0.313426],[-0.0186853,0.312776],[-0.0584198,0.195553]],
"inputs": [[-0.416007,0.133064,136.332],[-0.381882,0.17055,132.373],[-0.3412,0.204698,124.992],[-0.294567,0.234934,118.242],[-0.24269,0.260736,112.006],[-0.186371,0.281638,106.169],[-0.126496,0.297247,100.623],[-0.0640297,0.307245,95.2653],[2.15237e-08,0.3114,90],[0.0645153,0.309575,84.7347],[0.128405,0.301734,79.3768],[0.190545,0.287947,73.8305],[0.249817,0.268392,67.9941],[0.305132,0.243361,61.7585],[0.355456,0.213251,55.008],[0.399831,0.178566,47.6271],[0.437397,0.139906,43.6676]],
"outputs": [[0.437397,-0.262997,323.409],[0.399831,-0.312523,319.55],[0.355456,-0.356907,311.987],[0.305132,-0.39538,304.629],[0.249817,-0.4273,297.457],[0.190545,-0.452158,290.445],[0.128405,-0.469589,283.558],[0.0645152,-0.479366,276.757],[5.87186e-09,-0.481405,270],[-0.0640298,-0.475758,263.243],[-0.126496,-0.462606,256.442],[-0.186371,-0.442252,249.555],[-0.24269,-0.415109,242.543],[-0.294567,-0.381689,235.371],[-0.3412,-0.342592,228.013],[-0.381882,-0.298494,220.45],[-0.416007,-0.250135,216.591]],
"icon": [[-0.0490983,-0.0242312],[0.0493833,0.0759184]]
}