{"inputs": [[-0.2211, 0.5978, 473.832], [-0.1727, 0.6191, 469.873], [-0.1198, 0.6342, 462.492], [-0.0628, 0.6434, 455.742], [-0.0028, 0.6462, 449.506], [0.059, 0.6424, 443.669], [0.1217, 0.6323, 438.123], [0.1846, 0.6159, 432.7654], [0.246, 0.5938, 427.5], [0.3053, 0.5662, 422.2347], [0.3608, 0.5333, 416.8768], [0.4125, 0.4961, 411.33050000000003], [0.459, 0.4549, 405.4941], [0.4996, 0.4104, 399.2585], [0.5332, 0.3637, 392.50800000000004], [0.56, 0.3155, 385.1271], [0.579, 0.2662, 381.1676]], "name": "plane_boomWhisp_16_15", "outputs": [[0.7251, 0.6193, 660.909], [0.6729, 0.5881, 657.05], [0.6162, 0.5636, 649.4870000000001], [0.5558, 0.5465, 642.129], [0.4932, 0.5371, 634.957], [0.429, 0.5357, 627.9449999999999], [0.3646, 0.5419, 621.058], [0.301, 0.5558, 614.2570000000001], [0.2391, 0.5772, 607.5], [0.1803, 0.6058, 600.7429999999999], [0.1256, 0.641, 593.942], [0.0754, 0.6823, 587.0550000000001], [0.0312, 0.7288, 580.043], [-0.0066, 0.7795, 572.871], [-0.0371, 0.8342, 565.513], [-0.0599, 0.8915, 557.95], [-0.0748, 0.9507, 554.091]], "outline": [[0.2891, 0.5702], [0.2457, 0.5935], [0.199, 0.6078], [0.1502, 0.6125], [0.1015, 0.6078], [0.0546, 0.5936], [0.0455, 0.5888], [0.0735, 0.5969], [0.13, 0.6026], [0.1863, 0.597], [0.2405, 0.5806], [0.2904, 0.5539], [0.3346, 0.5179], [0.3704, 0.4741], [0.3842, 0.4483], [0.3812, 0.4582], [0.358, 0.5012], [0.3269, 0.5394]], "flags": {"1": {"outline": [[0.2183, 0.5774], [0.2289, 0.5729], [0.2332, 0.5835], [0.2227, 0.5875]]}, "0": {"outline": [[0.2532, 0.5733], [0.245, 0.5769], [0.2412, 0.5683], [0.2496, 0.5648]]}, "3": {"outline": [[0.2614, 0.593], [0.2545, 0.5961], [0.2511, 0.5883], [0.2585, 0.5854]]}, "2": {"outline": [[0.228, 0.5987], [0.2357, 0.5956], [0.2389, 0.603], [0.2313, 0.6064]]}}, "icon": [[0.23029999999999992, 0.5731999999999999], [0.2553000000000001, 0.5982000000000001]]}