{"inputs": [[-0.0147, -0.4332, 226.332], [-0.0528, -0.3969, 222.373], [-0.0872, -0.3537, 214.99200000000002], [-0.1174, -0.3047, 208.24200000000002], [-0.143, -0.2503, 202.006], [-0.163, -0.1916, 196.16899999999998], [-0.1777, -0.1297, 190.623], [-0.1867, -0.0656, 185.2653], [-0.1897, -0.0002, 180.0], [-0.1866, 0.065, 174.7347], [-0.1777, 0.1292, 169.3768], [-0.1631, 0.1911, 163.8305], [-0.1428, 0.2497, 157.9941], [-0.1174, 0.3041, 151.7585], [-0.0873, 0.3533, 145.008], [-0.0527, 0.3965, 137.62709999999998], [-0.0146, 0.4328, 133.6676]], "name": "plane_boomWhisp_0_4", "outputs": [[-0.3812, 0.4327, 413.409], [-0.3323, 0.3964, 409.55], [-0.288, 0.3533, 401.987], [-0.2492, 0.3041, 394.629], [-0.2164, 0.2498, 387.457], [-0.1904, 0.1911, 380.445], [-0.1716, 0.1292, 373.558], [-0.16, 0.065, 366.757], [-0.1562, -0.0002, 360.0], [-0.1601, -0.0655, 353.243], [-0.1715, -0.1296, 346.442], [-0.1904, -0.1916, 339.555], [-0.2164, -0.2502, 332.543], [-0.2491, -0.3047, 325.371], [-0.288, -0.3538, 318.01300000000003], [-0.3322, -0.397, 310.45], [-0.3812, -0.4333, 306.591]], "outline": [[-0.1849, 0.029], [-0.1876, -0.0003], [-0.1848, -0.0295], [-0.1763, -0.0577], [-0.1625, -0.0836], [-0.1438, -0.1063], [-0.121, -0.1249], [-0.0951, -0.1389], [-0.0671, -0.1474], [-0.0378, -0.1502], [-0.0085, -0.1474], [0.0196, -0.1388], [0.0456, -0.125], [0.0683, -0.1064], [0.076, -0.097], [0.0617, -0.0927], [0.0443, -0.0834], [0.0292, -0.071], [0.0168, -0.0557], [0.0074, -0.0385], [0.002, -0.0198], [0.0, 0.0], [0.0019, 0.0193], [0.0075, 0.038], [0.0169, 0.0552], [0.0292, 0.0704], [0.0444, 0.083], [0.0617, 0.0922], [0.076, 0.0965], [0.0683, 0.1059], [0.0456, 0.1245], [0.0196, 0.1383], [-0.0084, 0.1469], [-0.0377, 0.1497], [-0.067, 0.1469], [-0.0951, 0.1383], [-0.121, 0.1245], [-0.1438, 0.1058], [-0.1625, 0.0831], [-0.1764, 0.0571]], "flags": {"1": {"outline": [[-0.1501, -0.0196], [-0.15, -0.0083], [-0.1615, -0.0083], [-0.1614, -0.0195]]}, "0": {"outline": [[-0.1597, 0.0141], [-0.1598, 0.0051], [-0.1505, 0.0053], [-0.1507, 0.0142]]}, "3": {"outline": [[-0.1812, 0.0142], [-0.1812, 0.0069], [-0.173, 0.0065], [-0.173, 0.0145]]}, "2": {"outline": [[-0.1736, -0.0188], [-0.1735, -0.0105], [-0.1819, -0.0105], [-0.1819, -0.0189]]}}, "icon": [[-0.1336, -0.012799999999999997], [-0.1086, 0.012199999999999997]]}