{"inputs": [[0.2584, 0.3618, 383.832], [0.2795, 0.3135, 379.873], [0.2948, 0.2606, 372.492], [0.3036, 0.2036, 365.742], [0.3065, 0.1437, 359.506], [0.3027, 0.0816, 353.669], [0.2927, 0.0187, 348.123], [0.2764, -0.0438, 342.7653], [0.2541, -0.1054, 337.5], [0.2267, -0.1643, 332.2347], [0.1935, -0.2203, 326.8768], [0.1564, -0.2719, 321.33050000000003], [0.1153, -0.3182, 315.4941], [0.0709, -0.3587, 309.2585], [0.0241, -0.3927, 302.50800000000004], [-0.0242, -0.4195, 295.1271], [-0.0732, -0.4385, 291.1676]], "name": "plane_boomWhisp_2_11", "outputs": [[0.2681, -0.5798, 570.909], [0.2368, -0.5274, 567.05], [0.2122, -0.4707, 559.4870000000001], [0.1954, -0.4104, 552.129], [0.1861, -0.3475, 544.957], [0.1842, -0.2835, 537.9449999999999], [0.1907, -0.219, 531.058], [0.2044, -0.1551, 524.2570000000001], [0.2259, -0.0937, 517.5], [0.2544, -0.0348, 510.743], [0.2895, 0.0201, 503.942], [0.3308, 0.0702, 497.055], [0.3771, 0.1143, 490.043], [0.4284, 0.1521, 482.871], [0.4831, 0.1827, 475.51300000000003], [0.5403, 0.2057, 467.95], [0.5995, 0.2206, 464.091]], "outline": [[0.3891, -0.2064], [0.4087, -0.1692], [0.4213, -0.129], [0.4264, -0.0878], [0.4245, -0.0469], [0.4147, -0.0076], [0.3979, 0.0282], [0.3751, 0.059], [0.3463, 0.0841], [0.3134, 0.1025], [0.2772, 0.1128], [0.2394, 0.1154], [0.2012, 0.1096], [0.1641, 0.0963], [0.1409, 0.0822], [0.1412, 0.0817], [0.1584, 0.0605], [0.1715, 0.0363], [0.1795, 0.0099], [0.1822, -0.0172], [0.1793, -0.0446], [0.1716, -0.0711], [0.1585, -0.0952], [0.1411, -0.1165], [0.1198, -0.1342], [0.0956, -0.1467], [0.0692, -0.1548], [0.0419, -0.1578], [0.0414, -0.1575], [0.048, -0.184], [0.0646, -0.2198], [0.0877, -0.2508], [0.1162, -0.2759], [0.1494, -0.294], [0.1855, -0.3043], [0.2233, -0.307], [0.2617, -0.3015], [0.2986, -0.2878], [0.3332, -0.2671], [0.3639, -0.2394]], "flags": {"1": {"outline": [[0.2275, -0.0732], [0.2229, -0.0838], [0.2335, -0.088], [0.2377, -0.0776]]}, "0": {"outline": [[0.2235, -0.1083], [0.2269, -0.0997], [0.2182, -0.0964], [0.2148, -0.1047]]}, "3": {"outline": [[0.2431, -0.1162], [0.2461, -0.1095], [0.2386, -0.1061], [0.2354, -0.1136]]}, "2": {"outline": [[0.2488, -0.0829], [0.2455, -0.0907], [0.2533, -0.0938], [0.2566, -0.0861]]}}, "icon": [[0.18880000000000002, -0.09570000000000001], [0.2138, -0.07069999999999999]]}