{"inputs": [[-0.0983, 0.514, 451.332], [-0.0455, 0.5152, 447.373], [0.0094, 0.5091, 439.992], [0.0653, 0.4957, 433.242], [0.1219, 0.4752, 427.006], [0.1775, 0.4479, 421.169], [0.2316, 0.4148, 415.623], [0.2834, 0.3757, 410.2653], [0.3317, 0.3318, 405.0], [0.3758, 0.2834, 399.7347], [0.4147, 0.2317, 394.3768], [0.4481, 0.1775, 388.83050000000003], [0.4754, 0.1216, 382.9941], [0.4957, 0.0655, 376.7585], [0.5093, 0.0093, 370.00800000000004], [0.5155, -0.0458, 362.6271], [0.514, -0.0983, 358.6676]], "name": "plane_boomWhisp_7_14", "outputs": [[0.7802, 0.1677, 638.409], [0.7199, 0.1585, 634.55], [0.6581, 0.158, 626.9870000000001], [0.5959, 0.1652, 619.629], [0.5343, 0.1807, 612.457], [0.4745, 0.2038, 605.4449999999999], [0.417, 0.234, 598.558], [0.3637, 0.2714, 591.7570000000001], [0.3148, 0.3148, 585.0], [0.2716, 0.3635, 578.2429999999999], [0.234, 0.4172, 571.442], [0.2039, 0.4742, 564.5550000000001], [0.1808, 0.5342, 557.543], [0.1653, 0.5957, 550.371], [0.1581, 0.658, 543.013], [0.1587, 0.7197, 535.45], [0.1678, 0.78, 531.591]], "outline": [[0.4679, 0.4003], [0.4373, 0.4372], [0.4003, 0.4677], [0.3581, 0.4904], [0.3124, 0.5047], [0.2647, 0.5098], [0.2173, 0.5052], [0.1716, 0.4919], [0.1298, 0.4695], [0.0932, 0.4392], [0.063, 0.4026], [0.0406, 0.3608], [0.0274, 0.3158], [0.0377, 0.3243], [0.0735, 0.3432], [0.1124, 0.3551], [0.1526, 0.3591], [0.193, 0.3551], [0.2316, 0.3435], [0.2675, 0.3242], [0.2986, 0.2986], [0.3244, 0.2675], [0.3436, 0.2315], [0.3553, 0.1929], [0.3594, 0.1524], [0.3553, 0.1123], [0.3433, 0.0734], [0.3243, 0.0375], [0.3159, 0.0271], [0.3609, 0.0406], [0.4028, 0.063], [0.4392, 0.0928], [0.4695, 0.1296], [0.4917, 0.1715], [0.5052, 0.2172], [0.5097, 0.2648], [0.5047, 0.3122], [0.4907, 0.3579]], "flags": {"1": {"outline": [[0.2963, 0.3233], [0.3043, 0.3151], [0.3121, 0.3232], [0.3042, 0.3314]]}, "0": {"outline": [[0.3266, 0.3062], [0.3202, 0.3126], [0.3139, 0.3061], [0.3203, 0.2998]]}, "3": {"outline": [[0.342, 0.3213], [0.3366, 0.3267], [0.3307, 0.321], [0.3363, 0.3154]]}, "2": {"outline": [[0.3131, 0.3392], [0.3192, 0.3336], [0.3251, 0.3394], [0.3192, 0.3454]]}}, "icon": [[0.2966, 0.29669999999999996], [0.3216, 0.3217]]}