{"inputs": [[0.06, 0.444, 383.832], [0.081, 0.3957, 379.873], [0.0963, 0.3427, 372.492], [0.1056, 0.2858, 365.742], [0.1082, 0.2259, 359.506], [0.1044, 0.1638, 353.669], [0.0944, 0.1011, 348.123], [0.0782, 0.0382, 342.7653], [0.0557, -0.0231, 337.5], [0.028, -0.0823, 332.2347], [-0.0049, -0.1383, 326.8768], [-0.0421, -0.1897, 321.33050000000003], [-0.0831, -0.2361, 315.4941], [-0.1273, -0.2765, 309.2585], [-0.1742, -0.3104, 302.50800000000004], [-0.2224, -0.3372, 295.1271], [-0.2714, -0.3561, 291.1676]], "name": "plane_bullet_11", "outputs": [[0.0618, -0.4942, 570.909], [0.0306, -0.442, 567.05], [0.0061, -0.3851, 559.4870000000001], [-0.0108, -0.3251, 552.129], [-0.0202, -0.2621, 544.957], [-0.022, -0.1981, 537.9449999999999], [-0.0158, -0.1335, 531.058], [-0.0017, -0.07, 524.2570000000001], [0.0196, -0.008, 517.5], [0.048, 0.0507, 510.743], [0.0834, 0.1055, 503.942], [0.1245, 0.1557, 497.055], [0.171, 0.1997, 490.043], [0.2221, 0.2374, 482.871], [0.2766, 0.2681, 475.51300000000003], [0.3341, 0.2911, 467.95], [0.3932, 0.3058, 464.091]], "outline": [[-0.493, 0.211], [-0.4721, 0.189], [0.0369, -0.0513], [0.0801, -0.033], [0.0623, 0.0104]], "flags": {"1": {"outline": [[-0.0593, 0.0333], [-0.0656, 0.0186], [-0.0509, 0.0127], [-0.0451, 0.0273]]}, "0": {"outline": [[-0.07, 0.0216], [-0.0645, 0.0341], [-0.1555, 0.0676], [-0.1579, 0.0622]]}, "3": {"outline": [[0.0665, -0.0317], [0.0692, -0.0246], [0.049, 0.003], [0.0326, -0.0368]]}, "2": {"outline": [[-0.0384, 0.0248], [-0.0445, 0.0096], [-0.0297, 0.0034], [-0.0231, 0.0187]]}}, "icon": [[-0.008714000000000001, -0.011614025], [0.012914, 0.010014025]]}