{"inputs": [[-0.2716, 0.3563, 428.832], [-0.2226, 0.337, 424.873], [-0.1743, 0.3103, 417.492], [-0.1275, 0.2766, 410.742], [-0.0833, 0.2362, 404.506], [-0.0421, 0.1895, 398.669], [-0.0048, 0.1382, 393.123], [0.0282, 0.0822, 387.7653], [0.0557, 0.0229, 382.5], [0.0779, -0.0385, 377.2347], [0.0942, -0.1014, 371.8768], [0.1042, -0.164, 366.33050000000003], [0.1081, -0.2259, 360.4941], [0.1055, -0.2856, 354.2585], [0.0962, -0.3428, 347.50800000000004], [0.0811, -0.3958, 340.1271], [0.0598, -0.4438, 336.1676]], "name": "plane_bullet_13", "outputs": [[0.3931, -0.3059, 615.909], [0.3341, -0.291, 612.05], [0.2766, -0.2681, 604.4870000000001], [0.2222, -0.2376, 597.129], [0.171, -0.1997, 589.957], [0.1244, -0.1558, 582.9449999999999], [0.0831, -0.1057, 576.058], [0.0483, -0.0508, 569.2570000000001], [0.0194, 0.0081, 562.5], [-0.002, 0.0697, 555.7429999999999], [-0.0157, 0.1334, 548.942], [-0.0221, 0.198, 542.0550000000001], [-0.0204, 0.262, 535.043], [-0.0109, 0.3248, 527.871], [0.0059, 0.3851, 520.513], [0.0303, 0.4419, 512.95], [0.0617, 0.4941, 509.091]], "outline": [[-0.4979, -0.1996], [-0.4675, -0.2003], [0.0623, -0.0103], [0.0799, 0.0332], [0.0366, 0.0513]], "flags": {"1": {"outline": [[-0.0656, -0.0185], [-0.0596, -0.0334], [-0.045, -0.0271], [-0.0513, -0.0127]]}, "0": {"outline": [[-0.0649, -0.0344], [-0.0698, -0.0216], [-0.1578, -0.0623], [-0.1557, -0.0678]]}, "3": {"outline": [[0.0693, 0.0245], [0.0663, 0.0314], [0.0325, 0.0367], [0.0491, -0.0031]]}, "2": {"outline": [[-0.0448, -0.0097], [-0.0383, -0.0248], [-0.0235, -0.0187], [-0.0296, -0.0032]]}}, "icon": [[-0.008814, -0.010014025], [0.012814, 0.011614025]]}