{"inputs": [[0.4333, -0.1002, 316.332], [0.3968, -0.1383, 312.373], [0.3538, -0.1726, 304.992], [0.3045, -0.2026, 298.242], [0.2502, -0.2282, 292.006], [0.1915, -0.2484, 286.169], [0.1295, -0.2632, 280.623], [0.0655, -0.2721, 275.2653], [0.0001, -0.2751, 270.0], [-0.0649, -0.2722, 264.7347], [-0.1292, -0.263, 259.3768], [-0.1911, -0.2485, 253.8305], [-0.2497, -0.2283, 247.9941], [-0.3041, -0.2027, 241.7585], [-0.3534, -0.1725, 235.008], [-0.3966, -0.1382, 227.62709999999998], [-0.4329, -0.1002, 223.6676]], "name": "plane_boomWhisp_2_8", "outputs": [[-0.4328, -0.4696, 503.409], [-0.3964, -0.4206, 499.55], [-0.3534, -0.3762, 491.987], [-0.3042, -0.3375, 484.629], [-0.2496, -0.3048, 477.457], [-0.1912, -0.2787, 470.445], [-0.1292, -0.26, 463.558], [-0.065, -0.2482, 456.757], [0.0001, -0.2446, 450.0], [0.0654, -0.2484, 443.243], [0.1295, -0.2598, 436.442], [0.1916, -0.2787, 429.555], [0.2501, -0.3047, 422.543], [0.3046, -0.3376, 415.371], [0.3538, -0.3764, 408.01300000000003], [0.397, -0.4205, 400.45], [0.4334, -0.4694, 396.591]], "outline": [[-0.0416, -0.4385], [0.0003, -0.4423], [0.0422, -0.4386], [0.0822, -0.4276], [0.1193, -0.4101], [0.1519, -0.3861], [0.1786, -0.3569], [0.1983, -0.324], [0.2104, -0.2878], [0.2148, -0.2503], [0.2105, -0.2129], [0.1984, -0.177], [0.1785, -0.1439], [0.1519, -0.1147], [0.1301, -0.0986], [0.1298, -0.0992], [0.1168, -0.1232], [0.0994, -0.1446], [0.0781, -0.1621], [0.054, -0.1749], [0.0275, -0.1827], [0.0002, -0.1858], [-0.0271, -0.1829], [-0.0535, -0.1749], [-0.0779, -0.1621], [-0.0988, -0.1444], [-0.1164, -0.1232], [-0.1295, -0.0991], [-0.1295, -0.0985], [-0.1514, -0.1147], [-0.1782, -0.1438], [-0.1979, -0.177], [-0.2102, -0.2129], [-0.2142, -0.2505], [-0.21, -0.2878], [-0.198, -0.3238], [-0.1782, -0.3571], [-0.1514, -0.386], [-0.119, -0.4101], [-0.0817, -0.4277]], "flags": {"1": {"outline": [[0.0196, -0.2382], [0.0081, -0.238], [0.0082, -0.2494], [0.0195, -0.2493]]}, "0": {"outline": [[-0.0143, -0.2479], [-0.0051, -0.2478], [-0.0053, -0.2385], [-0.0143, -0.2385]]}, "3": {"outline": [[-0.0142, -0.2691], [-0.0068, -0.2692], [-0.0065, -0.261], [-0.0146, -0.261]]}, "2": {"outline": [[0.0188, -0.2615], [0.0104, -0.2615], [0.0105, -0.2699], [0.0189, -0.27]]}}, "icon": [[-0.012199999999999983, -0.2303], [0.012799999999999983, -0.20529999999999998]]}