{"inputs": [[0.5474, -0.19, 338.832], [0.5285, -0.2391, 334.873], [0.5018, -0.2874, 327.492], [0.468, -0.3341, 320.742], [0.4274, -0.3784, 314.506], [0.3811, -0.4194, 308.669], [0.3295, -0.4569, 303.123], [0.2735, -0.4896, 297.7653], [0.2143, -0.5173, 292.5], [0.1529, -0.5394, 287.2347], [0.0902, -0.5558, 281.8768], [0.0274, -0.5658, 276.33050000000003], [-0.0345, -0.5697, 270.4941], [-0.0946, -0.567, 264.2585], [-0.1516, -0.5579, 257.50800000000004], [-0.2045, -0.5427, 250.12709999999998], [-0.2526, -0.5211, 246.1676]], "name": "plane_boomWhisp_10_9", "outputs": [[-0.1076, -0.8717, 525.909], [-0.0924, -0.8127, 522.05], [-0.0698, -0.7553, 514.4870000000001], [-0.0391, -0.7003, 507.129], [-0.0013, -0.6495, 499.957], [0.0427, -0.603, 492.945], [0.0927, -0.5618, 486.058], [0.1476, -0.5266, 479.257], [0.2066, -0.4981, 472.5], [0.2683, -0.4767, 465.743], [0.332, -0.4629, 458.942], [0.3965, -0.4567, 452.055], [0.4604, -0.4582, 445.043], [0.5232, -0.4675, 437.871], [0.5834, -0.4847, 430.51300000000003], [0.6404, -0.509, 422.95], [0.6925, -0.5402, 419.091]], "outline": [[0.1971, -0.6026], [0.2439, -0.5885], [0.287, -0.5655], [0.3245, -0.5346], [0.3555, -0.4971], [0.3787, -0.454], [0.3928, -0.4074], [0.3976, -0.3593], [0.3926, -0.3109], [0.3787, -0.2642], [0.3559, -0.2213], [0.3388, -0.2009], [0.342, -0.2108], [0.3467, -0.2575], [0.342, -0.3042], [0.3281, -0.3491], [0.3062, -0.3907], [0.2762, -0.4269], [0.24, -0.4568], [0.1984, -0.4789], [0.1536, -0.4927], [0.1069, -0.4972], [0.0601, -0.4926], [0.0153, -0.479], [-0.0264, -0.4569], [-0.0626, -0.4271], [-0.0924, -0.3906], [-0.0973, -0.3816], [-0.0948, -0.4082], [-0.0808, -0.4545], [-0.0578, -0.4975], [-0.0269, -0.5349], [0.0107, -0.5659], [0.0536, -0.5886], [0.1002, -0.6028], [0.1489, -0.6075]], "flags": {"1": {"outline": [[0.2214, -0.4836], [0.2109, -0.4882], [0.2152, -0.4984], [0.2256, -0.4942]]}, "0": {"outline": [[0.194, -0.5054], [0.2024, -0.5021], [0.1988, -0.4937], [0.1905, -0.4973]]}, "3": {"outline": [[0.2022, -0.5254], [0.209, -0.5224], [0.2061, -0.5149], [0.1986, -0.5178]]}, "2": {"outline": [[0.2297, -0.5057], [0.2221, -0.5089], [0.2252, -0.5166], [0.233, -0.5133]]}}, "icon": [[0.19449999999999998, -0.5114995], [0.2195, -0.4865005]]}