{"inputs": [[-0.5141, -0.0985, 181.332], [-0.5154, -0.0458, 177.373], [-0.5092, 0.009, 169.99200000000002], [-0.4957, 0.0651, 163.24200000000002], [-0.4753, 0.1216, 157.006], [-0.4481, 0.1773, 151.16899999999998], [-0.4147, 0.2315, 145.623], [-0.3756, 0.2832, 140.2653], [-0.3317, 0.3315, 135.0], [-0.2834, 0.3755, 129.7347], [-0.2317, 0.4145, 124.3768], [-0.1775, 0.4479, 118.8305], [-0.1217, 0.4751, 112.9941], [-0.0653, 0.4955, 106.7585], [-0.0092, 0.509, 100.00800000000001], [0.0457, 0.5152, 92.6271], [0.0983, 0.5139, 88.6676]], "name": "plane_boomWhisp_7_2", "outputs": [[-0.1677, 0.7799, 368.409], [-0.1587, 0.7196, 364.55], [-0.158, 0.6578, 356.987], [-0.1653, 0.5956, 349.629], [-0.1807, 0.534, 342.457], [-0.2037, 0.4741, 335.445], [-0.2341, 0.4169, 328.558], [-0.2713, 0.3634, 321.757], [-0.3148, 0.3145, 315.0], [-0.3636, 0.2712, 308.243], [-0.4171, 0.2339, 301.442], [-0.4742, 0.2035, 294.555], [-0.5342, 0.1804, 287.543], [-0.5958, 0.165, 280.371], [-0.6579, 0.1578, 273.01300000000003], [-0.7198, 0.1586, 265.45], [-0.78, 0.1675, 261.591]], "outline": [[-0.4002, 0.4676], [-0.4373, 0.4371], [-0.4678, 0.4], [-0.4905, 0.3578], [-0.5047, 0.3121], [-0.5097, 0.2645], [-0.5053, 0.217], [-0.4917, 0.1715], [-0.4694, 0.1295], [-0.4394, 0.0928], [-0.4026, 0.0628], [-0.3607, 0.0405], [-0.3159, 0.0271], [-0.3243, 0.0375], [-0.3434, 0.0732], [-0.3552, 0.112], [-0.3592, 0.1523], [-0.3552, 0.1926], [-0.3434, 0.2314], [-0.3244, 0.2671], [-0.2986, 0.2984], [-0.2674, 0.3241], [-0.2316, 0.3433], [-0.1928, 0.355], [-0.1524, 0.359], [-0.1121, 0.355], [-0.0734, 0.3432], [-0.0377, 0.3241], [-0.0273, 0.3156], [-0.0407, 0.3605], [-0.063, 0.4025], [-0.093, 0.4392], [-0.1297, 0.4693], [-0.1716, 0.4915], [-0.2173, 0.5051], [-0.2647, 0.5095], [-0.3122, 0.5045], [-0.358, 0.4904]], "flags": {"1": {"outline": [[-0.3233, 0.2959], [-0.3152, 0.3039], [-0.3233, 0.3118], [-0.3313, 0.3038]]}, "0": {"outline": [[-0.3062, 0.3265], [-0.3127, 0.3201], [-0.3062, 0.3137], [-0.2998, 0.32]]}, "3": {"outline": [[-0.3215, 0.3417], [-0.3267, 0.3365], [-0.3211, 0.3303], [-0.3154, 0.3361]]}, "2": {"outline": [[-0.3393, 0.3129], [-0.3335, 0.3188], [-0.3394, 0.3247], [-0.3453, 0.3188]]}}, "icon": [[-0.32180000000000003, 0.2965], [-0.2968, 0.3215]]}