{"inputs": [[-0.0173, -0.63, 271.332], [-0.0699, -0.6315, 267.373], [-0.1247, -0.6251, 259.992], [-0.1808, -0.6117, 253.24200000000002], [-0.2373, -0.5912, 247.006], [-0.2931, -0.5641, 241.16899999999998], [-0.3472, -0.5307, 235.623], [-0.3989, -0.4917, 230.2653], [-0.4472, -0.4475, 225.0], [-0.4912, -0.3993, 219.7347], [-0.5303, -0.3476, 214.3768], [-0.5636, -0.2936, 208.8305], [-0.5908, -0.2377, 202.9942], [-0.6114, -0.1812, 196.7585], [-0.6247, -0.1251, 190.008], [-0.6309, -0.0703, 182.62709999999998], [-0.6296, -0.0176, 178.6676]], "name": "plane_boomWhisp_14_6", "outputs": [[-0.8997, -0.2876, 458.409], [-0.8393, -0.2786, 454.55], [-0.7776, -0.278, 446.987], [-0.7153, -0.2853, 439.629], [-0.6538, -0.3006, 432.457], [-0.5939, -0.3236, 425.445], [-0.5366, -0.3541, 418.558], [-0.4832, -0.3913, 411.757], [-0.4344, -0.4346, 405.0], [-0.3909, -0.4836, 398.243], [-0.3537, -0.5372, 391.442], [-0.3233, -0.5943, 384.555], [-0.3002, -0.6542, 377.543], [-0.2848, -0.7156, 370.371], [-0.2776, -0.778, 363.01300000000003], [-0.2783, -0.8397, 355.45], [-0.2872, -0.9, 351.591]], "outline": [[-0.485, -0.4167], [-0.4539, -0.4543], [-0.4161, -0.4854], [-0.373, -0.5085], [-0.3259, -0.5227], [-0.2773, -0.5275], [-0.2285, -0.5229], [-0.1815, -0.5086], [-0.1732, -0.504], [-0.1795, -0.506], [-0.2336, -0.5112], [-0.2876, -0.506], [-0.3397, -0.4901], [-0.3876, -0.4644], [-0.4296, -0.43], [-0.4641, -0.3881], [-0.4897, -0.3401], [-0.5055, -0.288], [-0.5108, -0.2339], [-0.5056, -0.1799], [-0.5036, -0.1736], [-0.5082, -0.1821], [-0.5223, -0.2289], [-0.5272, -0.2776], [-0.5224, -0.3264], [-0.5081, -0.3733]], "flags": {"1": {"outline": [[-0.4151, -0.4428], [-0.4231, -0.435], [-0.4312, -0.4427], [-0.4231, -0.4509]]}, "0": {"outline": [[-0.4459, -0.4258], [-0.4393, -0.4321], [-0.4329, -0.4256], [-0.4392, -0.4193]]}, "3": {"outline": [[-0.4609, -0.441], [-0.4557, -0.4462], [-0.4496, -0.4406], [-0.4553, -0.4349]]}, "2": {"outline": [[-0.4322, -0.459], [-0.4382, -0.453], [-0.4439, -0.4589], [-0.4382, -0.4648]]}}, "icon": [[-0.45260000000000006, -0.453], [-0.4275999999999999, -0.428]]}