{"inputs": [[0.4332, -0.4459, 316.332], [0.3968, -0.4838, 312.373], [0.3537, -0.5183, 304.992], [0.3045, -0.5485, 298.242], [0.2502, -0.5738, 292.006], [0.1917, -0.5941, 286.169], [0.1297, -0.6088, 280.623], [0.0654, -0.6178, 275.2654], [0.0003, -0.6208, 270.0], [-0.0652, -0.6178, 264.7347], [-0.1291, -0.6089, 259.3768], [-0.191, -0.594, 253.8305], [-0.2497, -0.5739, 247.9941], [-0.3042, -0.5484, 241.7585], [-0.3533, -0.5182, 235.008], [-0.3964, -0.4838, 227.62709999999998], [-0.4327, -0.4458, 223.6676]], "name": "plane_boomWhisp_13_8", "outputs": [[-0.4328, -0.827, 503.409], [-0.3966, -0.7781, 499.55], [-0.3533, -0.7338, 491.987], [-0.3041, -0.695, 484.629], [-0.2499, -0.6623, 477.457], [-0.1912, -0.6362, 470.445], [-0.1291, -0.6174, 463.558], [-0.0651, -0.6061, 456.757], [0.0002, -0.6021, 450.0], [0.0654, -0.606, 443.243], [0.1298, -0.6174, 436.442], [0.1915, -0.6364, 429.555], [0.2503, -0.6624, 422.543], [0.3046, -0.6952, 415.371], [0.3538, -0.7339, 408.01300000000003], [0.3968, -0.7781, 400.45], [0.4333, -0.8271, 396.591]], "outline": [[-0.0485, -0.637], [0.0003, -0.642], [0.0489, -0.6371], [0.0958, -0.623], [0.1389, -0.5998], [0.1768, -0.5687], [0.2079, -0.5309], [0.2309, -0.4877], [0.2451, -0.441], [0.2464, -0.428], [0.2235, -0.4707], [0.1902, -0.5116], [0.1495, -0.5449], [0.1031, -0.5699], [0.0527, -0.5851], [0.0, -0.5903], [-0.0522, -0.5851], [-0.1027, -0.5698], [-0.149, -0.5448], [-0.1899, -0.5115], [-0.2234, -0.4708], [-0.246, -0.428], [-0.2449, -0.4409], [-0.2305, -0.4877], [-0.2076, -0.5309], [-0.1764, -0.5686], [-0.1386, -0.5998], [-0.0954, -0.623]], "flags": {"1": {"outline": [[0.0195, -0.5943], [0.0081, -0.5944], [0.0082, -0.6055], [0.0194, -0.6056]]}, "0": {"outline": [[-0.0143, -0.6039], [-0.0054, -0.6038], [-0.0051, -0.5948], [-0.0142, -0.5947]]}, "3": {"outline": [[-0.0142, -0.6255], [-0.0069, -0.6253], [-0.0066, -0.6171], [-0.0145, -0.6171]]}, "2": {"outline": [[0.0187, -0.6178], [0.0104, -0.6179], [0.0104, -0.6262], [0.0187, -0.6261]]}}, "icon": [[-0.012399999999999956, -0.6214999999999999], [0.012599999999999955, -0.5965]]}