{"inputs": [[0.5213, 0.2526, 383.832], [0.5427, 0.2045, 379.873], [0.5579, 0.1515, 372.492], [0.5671, 0.0946, 365.742], [0.5697, 0.0345, 359.506], [0.5659, -0.0272, 353.669], [0.556, -0.0902, 348.123], [0.5395, -0.1529, 342.7653], [0.5173, -0.2144, 337.5], [0.4894, -0.2734, 332.2347], [0.4567, -0.3293, 326.8768], [0.4194, -0.3808, 321.33050000000003], [0.3784, -0.4274, 315.4941], [0.3339, -0.468, 309.2585], [0.2872, -0.5018, 302.50800000000004], [0.2391, -0.5285, 295.1271], [0.1898, -0.5472, 291.1676]], "name": "plane_boomWhisp_10_11", "outputs": [[0.5402, -0.6926, 570.909], [0.5092, -0.6401, 567.05], [0.4847, -0.5836, 559.4870000000001], [0.4674, -0.523, 552.129], [0.4583, -0.4603, 544.957], [0.4565, -0.3963, 537.9449999999999], [0.4627, -0.3318, 531.058], [0.4766, -0.2681, 524.2570000000001], [0.4982, -0.2063, 517.5], [0.5268, -0.1475, 510.743], [0.562, -0.0927, 503.942], [0.6032, -0.0427, 497.055], [0.6494, 0.0014, 490.043], [0.7004, 0.0393, 482.871], [0.7552, 0.0697, 475.51300000000003], [0.8127, 0.0928, 467.95], [0.8716, 0.1076, 464.091]], "outline": [[0.5655, -0.2869], [0.5885, -0.2438], [0.6027, -0.1971], [0.6074, -0.1487], [0.6028, -0.1003], [0.5888, -0.0534], [0.5658, -0.0104], [0.5351, 0.027], [0.4973, 0.0577], [0.4545, 0.0809], [0.408, 0.0951], [0.3815, 0.0974], [0.3908, 0.0927], [0.4272, 0.0629], [0.4568, 0.0266], [0.4788, -0.0149], [0.4927, -0.0598], [0.4971, -0.1067], [0.4926, -0.1534], [0.4788, -0.1985], [0.4569, -0.2399], [0.4271, -0.2761], [0.3908, -0.306], [0.3494, -0.328], [0.3043, -0.3419], [0.2577, -0.3464], [0.2108, -0.3417], [0.2009, -0.3387], [0.2216, -0.3558], [0.2642, -0.3787], [0.3108, -0.3928], [0.3591, -0.3973], [0.4077, -0.3927], [0.454, -0.3784], [0.497, -0.3555], [0.5348, -0.3244]], "flags": {"1": {"outline": [[0.4985, -0.1855], [0.4942, -0.1962], [0.5045, -0.2004], [0.5089, -0.19]]}, "0": {"outline": [[0.4945, -0.2203], [0.4981, -0.2121], [0.4896, -0.2087], [0.4863, -0.217]]}, "3": {"outline": [[0.5144, -0.2287], [0.5171, -0.2217], [0.5097, -0.2185], [0.5065, -0.2258]]}, "2": {"outline": [[0.52, -0.1953], [0.5168, -0.2029], [0.5244, -0.2061], [0.5276, -0.1983]]}}, "icon": [[0.48669999999999997, -0.2190995], [0.5117, -0.1941005]]}