{"inputs": [[-0.2939, -0.4333, 226.332], [-0.3321, -0.3969, 222.373], [-0.3665, -0.3538, 214.99200000000002], [-0.3966, -0.3046, 208.24200000000002], [-0.4221, -0.2502, 202.006], [-0.4423, -0.1916, 196.16899999999998], [-0.457, -0.1297, 190.623], [-0.4659, -0.0654, 185.2653], [-0.4691, -0.0003, 180.0], [-0.466, 0.065, 174.7347], [-0.457, 0.1291, 169.3768], [-0.4423, 0.1911, 163.8305], [-0.4221, 0.2498, 157.9941], [-0.3966, 0.304, 151.7585], [-0.3665, 0.3533, 145.008], [-0.3321, 0.3965, 137.62709999999998], [-0.2939, 0.4327, 133.6676]], "name": "plane_boomWhisp_7_4", "outputs": [[-0.6701, 0.4328, 413.409], [-0.6211, 0.3965, 409.55], [-0.577, 0.3533, 401.987], [-0.5381, 0.3042, 394.629], [-0.5054, 0.2498, 387.457], [-0.4794, 0.1911, 380.445], [-0.4604, 0.1291, 373.558], [-0.4489, 0.065, 366.757], [-0.445, -0.0003, 360.0], [-0.449, -0.0654, 353.243], [-0.4604, -0.1297, 346.442], [-0.4793, -0.1915, 339.555], [-0.5054, -0.2503, 332.543], [-0.538, -0.3047, 325.371], [-0.5769, -0.3537, 318.01300000000003], [-0.6212, -0.397, 310.45], [-0.6701, -0.4332, 306.591]], "outline": [[-0.6137, 0.0475], [-0.6183, -0.0003], [-0.6137, -0.048], [-0.5999, -0.0939], [-0.5777, -0.1363], [-0.5476, -0.1735], [-0.5108, -0.2039], [-0.4691, -0.2266], [-0.4236, -0.2404], [-0.3764, -0.2452], [-0.3291, -0.2404], [-0.2838, -0.2266], [-0.2426, -0.2043], [-0.2559, -0.2029], [-0.2947, -0.1911], [-0.3305, -0.1721], [-0.3618, -0.1464], [-0.3874, -0.115], [-0.4065, -0.0793], [-0.4184, -0.0406], [-0.4222, -0.0002], [-0.4183, 0.0399], [-0.4066, 0.0789], [-0.3874, 0.1145], [-0.3617, 0.146], [-0.3304, 0.1716], [-0.2946, 0.1906], [-0.2559, 0.2024], [-0.2425, 0.2038], [-0.2837, 0.226], [-0.3292, 0.2399], [-0.3763, 0.2447], [-0.4237, 0.24], [-0.469, 0.2261], [-0.5109, 0.2033], [-0.5476, 0.173], [-0.5775, 0.1359], [-0.6, 0.0935]], "flags": {"1": {"outline": [[-0.4379, -0.0195], [-0.4379, -0.0081], [-0.4492, -0.0083], [-0.4492, -0.0196]]}, "0": {"outline": [[-0.4475, 0.0142], [-0.4475, 0.0051], [-0.4384, 0.0052], [-0.4384, 0.0142]]}, "3": {"outline": [[-0.469, 0.0142], [-0.4691, 0.0068], [-0.4607, 0.0064], [-0.4608, 0.0145]]}, "2": {"outline": [[-0.4613, -0.0188], [-0.4614, -0.0105], [-0.4697, -0.0105], [-0.4697, -0.0189]]}}, "icon": [[-0.44980000000000003, -0.012800000000000011], [-0.4248, 0.012200000000000011]]}