{"inputs": [[-0.257, -0.5754, 248.832], [-0.3062, -0.5566, 244.873], [-0.3544, -0.5298, 237.49200000000002], [-0.4011, -0.4959, 230.74200000000002], [-0.4454, -0.4554, 224.506], [-0.4866, -0.409, 218.66899999999998], [-0.5238, -0.3574, 213.123], [-0.5566, -0.3016, 207.7653], [-0.5844, -0.2423, 202.5], [-0.6066, -0.1809, 197.2347], [-0.6229, -0.1182, 191.8768], [-0.633, -0.0555, 186.3305], [-0.6367, 0.0065, 180.4942], [-0.6341, 0.0666, 174.2585], [-0.625, 0.1235, 167.508], [-0.6097, 0.1765, 160.12709999999998], [-0.5884, 0.2247, 156.1676]], "name": "plane_boomWhisp_14_5", "outputs": [[-0.9412, 0.0786, 435.909], [-0.882, 0.0638, 432.05], [-0.8247, 0.0408, 424.487], [-0.77, 0.0102, 417.129], [-0.719, -0.0275, 409.957], [-0.6725, -0.0717, 402.945], [-0.6312, -0.1218, 396.058], [-0.5961, -0.1766, 389.257], [-0.5676, -0.2353, 382.5], [-0.5462, -0.2972, 375.743], [-0.5323, -0.3609, 368.942], [-0.526, -0.4253, 362.055], [-0.5276, -0.4895, 355.043], [-0.5369, -0.5521, 347.871], [-0.5541, -0.6125, 340.51300000000003], [-0.5784, -0.6692, 332.95], [-0.6097, -0.7216, 329.091]], "outline": [[-0.6075, -0.1993], [-0.5931, -0.246], [-0.5701, -0.2892], [-0.5391, -0.327], [-0.5011, -0.3582], [-0.458, -0.3812], [-0.4111, -0.3956], [-0.3623, -0.4004], [-0.3528, -0.3993], [-0.3594, -0.3988], [-0.4114, -0.3829], [-0.4593, -0.3574], [-0.5013, -0.3228], [-0.5358, -0.2807], [-0.5614, -0.2328], [-0.5772, -0.1809], [-0.5825, -0.1268], [-0.5772, -0.0726], [-0.5614, -0.0206], [-0.5359, 0.0273], [-0.5316, 0.0324], [-0.5391, 0.0263], [-0.5701, -0.0116], [-0.5932, -0.0547], [-0.6075, -0.1016], [-0.6122, -0.1504]], "flags": {"1": {"outline": [[-0.5529, -0.2502], [-0.5573, -0.2399], [-0.5677, -0.244], [-0.5634, -0.2546]]}, "0": {"outline": [[-0.5748, -0.2227], [-0.5712, -0.2311], [-0.5628, -0.2275], [-0.5662, -0.2193]]}, "3": {"outline": [[-0.5945, -0.231], [-0.5917, -0.2378], [-0.5839, -0.235], [-0.587, -0.2275]]}, "2": {"outline": [[-0.5749, -0.2586], [-0.5781, -0.2508], [-0.5857, -0.2541], [-0.5826, -0.2617]]}}, "icon": [[-0.5876, -0.251], [-0.5625999999999999, -0.22599999999999998]]}