{"inputs": [[-0.5621, -0.2361, 203.832], [-0.5835, -0.1879, 199.873], [-0.5987, -0.1349, 192.49200000000002], [-0.6077, -0.0779, 185.74200000000002], [-0.6105, -0.0179, 179.506], [-0.6068, 0.044, 173.66899999999998], [-0.5967, 0.1069, 168.123], [-0.5804, 0.1696, 162.7654], [-0.5581, 0.231, 157.5], [-0.5304, 0.2901, 152.2347], [-0.4976, 0.346, 146.8768], [-0.4603, 0.3976, 141.3305], [-0.4192, 0.4441, 135.4941], [-0.3748, 0.4845, 129.2585], [-0.3281, 0.5184, 122.50800000000001], [-0.2799, 0.5451, 115.1271], [-0.2308, 0.564, 111.1676]], "name": "plane_boomWhisp_12_3", "outputs": [[-0.5825, 0.7098, 390.909], [-0.5512, 0.6575, 387.05], [-0.5268, 0.6007, 379.487], [-0.5098, 0.5404, 372.129], [-0.5003, 0.4777, 364.957], [-0.4988, 0.4135, 357.945], [-0.5051, 0.349, 351.058], [-0.519, 0.2854, 344.257], [-0.5403, 0.2236, 337.5], [-0.5688, 0.1648, 330.743], [-0.6041, 0.1099, 323.942], [-0.6452, 0.06, 317.055], [-0.6917, 0.0158, 310.043], [-0.7428, -0.022, 302.871], [-0.7974, -0.0526, 295.51300000000003], [-0.8548, -0.0755, 287.95], [-0.914, -0.0904, 284.091]], "outline": [[-0.569, 0.2882], [-0.592, 0.2451], [-0.6062, 0.1982], [-0.611, 0.1495], [-0.6062, 0.1009], [-0.592, 0.054], [-0.5691, 0.0109], [-0.538, -0.027], [-0.5003, -0.058], [-0.4572, -0.081], [-0.4463, -0.0842], [-0.4693, -0.0654], [-0.5016, -0.0261], [-0.5256, 0.0189], [-0.5403, 0.0674], [-0.5453, 0.1182], [-0.5403, 0.1688], [-0.5255, 0.2174], [-0.5016, 0.2624], [-0.4693, 0.3016], [-0.43, 0.3339], [-0.3851, 0.3578], [-0.3364, 0.3727], [-0.2858, 0.3776], [-0.2561, 0.3748], [-0.2662, 0.38], [-0.3129, 0.3944], [-0.3615, 0.3991], [-0.4102, 0.3943], [-0.457, 0.38], [-0.5001, 0.357], [-0.5379, 0.3261]], "flags": {"1": {"outline": [[-0.5406, 0.2028], [-0.5362, 0.2133], [-0.5468, 0.2176], [-0.551, 0.2072]]}, "0": {"outline": [[-0.5366, 0.2377], [-0.54, 0.2293], [-0.5316, 0.2259], [-0.5282, 0.2342]]}, "3": {"outline": [[-0.5564, 0.2459], [-0.5592, 0.2391], [-0.5518, 0.2357], [-0.5488, 0.2431]]}, "2": {"outline": [[-0.562, 0.2125], [-0.5589, 0.2202], [-0.5664, 0.2233], [-0.5697, 0.2157]]}}, "icon": [[-0.5578000000000001, 0.2132], [-0.5327999999999999, 0.23820000000000002]]}