{"inputs": [[0.0578, 0.4329, 406.332], [0.0957, 0.3965, 402.373], [0.1303, 0.3534, 394.992], [0.1604, 0.3042, 388.242], [0.1858, 0.2499, 382.006], [0.2061, 0.1912, 376.169], [0.2209, 0.1296, 370.623], [0.2296, 0.0653, 365.2653], [0.2326, 0.0002, 360.0], [0.2297, -0.0654, 354.7347], [0.2209, -0.1295, 349.3768], [0.206, -0.1913, 343.83050000000003], [0.1857, -0.25, 337.9941], [0.1604, -0.3044, 331.7585], [0.1303, -0.3537, 325.00800000000004], [0.0958, -0.3967, 317.6271], [0.0578, -0.4332, 313.6676]], "name": "plane_boomWhisp_1_12", "outputs": [[0.4256, -0.4331, 593.409], [0.3767, -0.3967, 589.55], [0.3326, -0.3537, 581.9870000000001], [0.2937, -0.3045, 574.629], [0.2608, -0.2502, 567.457], [0.235, -0.1915, 560.4449999999999], [0.216, -0.1294, 553.558], [0.2045, -0.0655, 546.7570000000001], [0.2006, -0.0002, 540.0], [0.2045, 0.0652, 533.2429999999999], [0.2161, 0.1295, 526.442], [0.235, 0.1914, 519.5550000000001], [0.261, 0.2502, 512.543], [0.2937, 0.3043, 505.371], [0.3326, 0.3535, 498.01300000000003], [0.3767, 0.3966, 490.45], [0.4256, 0.4331, 486.591]], "outline": [[0.335, -0.0377], [0.3384, -0.0001], [0.3349, 0.0377], [0.325, 0.0741], [0.3093, 0.1075], [0.288, 0.1367], [0.2621, 0.1607], [0.2325, 0.1789], [0.2004, 0.1896], [0.1668, 0.1937], [0.1332, 0.1899], [0.1012, 0.1789], [0.0714, 0.1607], [0.0453, 0.1369], [0.0299, 0.1156], [0.0356, 0.1137], [0.0568, 0.1022], [0.0757, 0.0871], [0.091, 0.0683], [0.1023, 0.0472], [0.1092, 0.0238], [0.1115, -0.0001], [0.1093, -0.0239], [0.1022, -0.0471], [0.0909, -0.0686], [0.0755, -0.0871], [0.0569, -0.1022], [0.0357, -0.1137], [0.0299, -0.1156], [0.0454, -0.1368], [0.0714, -0.1612], [0.1011, -0.179], [0.1332, -0.1898], [0.1669, -0.1935], [0.2004, -0.1901], [0.2324, -0.1788], [0.2621, -0.1611], [0.2881, -0.1368], [0.3093, -0.1077], [0.3254, -0.0742]], "flags": {"1": {"outline": [[0.1943, 0.0192], [0.1944, 0.008], [0.2056, 0.0081], [0.2056, 0.0193]]}, "0": {"outline": [[0.204, -0.0144], [0.204, -0.0055], [0.195, -0.0053], [0.195, -0.0145]]}, "3": {"outline": [[0.2255, -0.0146], [0.2254, -0.007], [0.2172, -0.0068], [0.2173, -0.0151]]}, "2": {"outline": [[0.2178, 0.0185], [0.2178, 0.0101], [0.226, 0.0102], [0.2261, 0.0183]]}}, "icon": [[0.1572, -0.012699999999999998], [0.18219999999999997, 0.012299999999999983]]}