{"inputs": [[-0.4959, -0.2635, 203.832], [-0.5171, -0.2153, 199.873], [-0.5325, -0.1624, 192.49200000000002], [-0.5416, -0.1054, 185.74200000000002], [-0.5442, -0.0454, 179.506], [-0.5405, 0.0166, 173.66899999999998], [-0.5303, 0.0795, 168.123], [-0.5141, 0.1421, 162.7654], [-0.4919, 0.2034, 157.5], [-0.4641, 0.2627, 152.2347], [-0.4313, 0.3185, 146.8768], [-0.394, 0.3701, 141.3305], [-0.3528, 0.4166, 135.4941], [-0.3086, 0.4571, 129.2585], [-0.2619, 0.4909, 122.50800000000001], [-0.2136, 0.5175, 115.1271], [-0.1645, 0.5367, 111.1676]], "name": "plane_boomWhisp_9_3", "outputs": [[-0.5141, 0.6814, 390.909], [-0.4826, 0.6291, 387.05], [-0.4582, 0.5723, 379.487], [-0.4412, 0.512, 372.129], [-0.4317, 0.4492, 364.957], [-0.4302, 0.3851, 357.945], [-0.4365, 0.3206, 351.058], [-0.4504, 0.257, 344.257], [-0.4718, 0.1953, 337.5], [-0.5003, 0.1364, 330.743], [-0.5355, 0.0814, 323.942], [-0.5767, 0.0316, 317.055], [-0.6232, -0.0127, 310.043], [-0.6742, -0.0504, 302.871], [-0.7288, -0.081, 295.51300000000003], [-0.7862, -0.1039, 287.95], [-0.8454, -0.1188, 284.091]], "outline": [[-0.5618, 0.2848], [-0.5847, 0.242], [-0.5989, 0.1955], [-0.6037, 0.1473], [-0.599, 0.0989], [-0.5851, 0.0525], [-0.5623, 0.0097], [-0.5317, -0.0278], [-0.4943, -0.0585], [-0.4517, -0.0814], [-0.4054, -0.0953], [-0.3573, -0.1], [-0.3519, -0.0996], [-0.3673, -0.0911], [-0.4021, -0.0628], [-0.4306, -0.0279], [-0.4517, 0.0116], [-0.4648, 0.0547], [-0.4693, 0.0992], [-0.4647, 0.144], [-0.4517, 0.1869], [-0.4306, 0.2265], [-0.4022, 0.2613], [-0.3674, 0.2897], [-0.3278, 0.3109], [-0.2848, 0.3239], [-0.2401, 0.3284], [-0.1954, 0.324], [-0.1787, 0.3188], [-0.1821, 0.3231], [-0.2194, 0.3537], [-0.262, 0.3766], [-0.3083, 0.3905], [-0.3565, 0.3953], [-0.4046, 0.3905], [-0.451, 0.3762], [-0.4936, 0.3533], [-0.5311, 0.3224]], "flags": {"1": {"outline": [[-0.4723, 0.1745], [-0.4679, 0.185], [-0.4784, 0.1893], [-0.4828, 0.1789]]}, "0": {"outline": [[-0.4683, 0.2094], [-0.4717, 0.201], [-0.4633, 0.1976], [-0.4599, 0.2058]]}, "3": {"outline": [[-0.4882, 0.2175], [-0.491, 0.2107], [-0.4834, 0.2074], [-0.4804, 0.2148]]}, "2": {"outline": [[-0.4938, 0.1842], [-0.4906, 0.192], [-0.4981, 0.1951], [-0.5015, 0.1874]]}}, "icon": [[-0.4828, 0.18209999999999993], [-0.4578, 0.2071]]}