{"inputs": [[-0.444, 0.0598, 473.832], [-0.3958, 0.0808, 469.873], [-0.3427, 0.096, 462.492], [-0.2858, 0.1053, 455.742], [-0.226, 0.108, 449.506], [-0.1639, 0.1041, 443.669], [-0.1012, 0.0942, 438.123], [-0.0383, 0.0779, 432.7653], [0.0231, 0.0554, 427.5], [0.0823, 0.0278, 422.2347], [0.1383, -0.0052, 416.8768], [0.1896, -0.0424, 411.33050000000003], [0.2361, -0.0834, 405.4941], [0.2764, -0.1274, 399.2585], [0.3103, -0.1745, 392.50800000000004], [0.3371, -0.2227, 385.1271], [0.356, -0.2717, 381.1676]], "name": "plane_bullet_15", "outputs": [[0.4942, 0.0616, 660.909], [0.4419, 0.0304, 657.05], [0.3851, 0.0059, 649.4870000000001], [0.3251, -0.011, 642.129], [0.2621, -0.0204, 634.957], [0.1981, -0.0223, 627.9449999999999], [0.1334, -0.0161, 621.058], [0.07, -0.0019, 614.2570000000001], [0.0079, 0.0194, 607.5], [-0.0508, 0.0478, 600.7429999999999], [-0.1055, 0.0831, 593.942], [-0.1557, 0.1243, 587.0550000000001], [-0.1998, 0.1707, 580.043], [-0.2375, 0.2219, 572.871], [-0.2682, 0.2764, 565.513], [-0.2912, 0.3338, 557.95], [-0.3058, 0.393, 554.091]], "outline": [[-0.211, -0.4933], [-0.189, -0.4723], [0.0512, 0.0367], [0.033, 0.0799], [-0.0105, 0.0621]], "flags": {"1": {"outline": [[-0.0334, -0.0595], [-0.0186, -0.0658], [-0.0128, -0.0511], [-0.0274, -0.0454]]}, "0": {"outline": [[-0.0216, -0.0703], [-0.0342, -0.0647], [-0.0676, -0.1558], [-0.0623, -0.1582]]}, "3": {"outline": [[0.0316, 0.0662], [0.0246, 0.0689], [-0.0031, 0.0488], [0.0368, 0.0324]]}, "2": {"outline": [[-0.0249, -0.0387], [-0.0096, -0.0447], [-0.0035, -0.0299], [-0.0188, -0.0233]]}}, "icon": [[-0.010014, -0.008914024999999999], [0.011614000000000001, 0.012714025]]}