{
"name": "plane_plane_1_0",
"flags": {
	"0": { "outline": [[-0.0871755,0.273788],[0.0908735,0.285402],[0.0397924,0.443454],[-0.0390667,0.435367]] },
	"1": { "outline": [[-0.0361252,0.0569761],[0.0367449,0.0579534],[0.0367449,0.147668],[-0.0361252,0.145178]] },
	"2": { "outline": [[-0.0361252,-0.122969],[0.0367449,-0.125078],[0.0367449,-0.0353641],[-0.0361252,-0.0347677]] },
	"3": { "outline": [[-0.0209766,-0.926226],[0.0211841,-0.935385],[0.0085991,-0.667864],[-0.00856472,-0.665194]] }
},
"outline": [[-0.110292,0.183978],[-0.292753,0.175936],[-0.296468,0.26931],[-0.33254,0.266874],[-0.336041,0.16917],[-0.499975,0.124671],[-0.499975,-0.124671],[-0.336041,-0.16917],[-0.33254,-0.266874],[-0.296467,-0.26931],[-0.292753,-0.175936],[-0.110292,-0.183978],[-0.0864752,-0.380991],[-0.0635629,-0.61107],[-0.0635629,-0.665759],[-0.216796,-0.682553],[-0.216796,-0.813229],[-0.0635629,-0.88637],[-0.0363047,-0.947137],[0.0369306,-0.963465],[0.0655066,-0.913474],[0.241206,-0.904796],[0.241206,-0.759405],[0.0655067,-0.686118],[0.0655067,-0.629756],[0.0901128,-0.397017],[0.116278,-0.193964],[0.339093,-0.203785],[0.344087,-0.312567],[0.393646,-0.315913],[0.398562,-0.200644],[0.652191,-0.162627],[0.652191,0.162627],[0.398562,0.200644],[0.393646,0.315913],[0.344086,0.312567],[0.339093,0.203785],[0.116278,0.193964],[0.0863877,0.401241],[0.0227414,0.492781],[-0.0301374,0.486731],[-0.0880765,0.385225]],
"inputs": [[-0.327583,0.307418,136.332],[-0.302032,0.344786,132.373],[-0.271277,0.37969,124.992],[-0.235622,0.41159,118.242],[-0.195446,0.439949,112.006],[-0.151206,0.464243,106.169],[-0.103447,0.483968,100.623],[-0.0528015,0.498652,95.2654],[1.79031e-08,0.507869,90],[0.0541359,0.511254,84.7347],[0.108695,0.508525,79.3768],[0.16269,0.4995,73.8305],[0.215068,0.484117,67.9941],[0.264741,0.462455,61.7585],[0.31061,0.434743,55.008],[0.351605,0.401376,47.6271],[0.386719,0.362914,43.6676]],
"outputs": [[0.386719,-1.01364,278.512],[0.351605,-1.0119,277.425],[0.31061,-1.00823,275.711],[0.264741,-1.00274,274.388],[0.215068,-0.995611,273.304],[0.16269,-0.987024,272.372],[0.108695,-0.977196,271.535],[0.0541358,-0.966352,270.754],[4.88414e-09,-0.954722,270],[-0.0528016,-0.942533,269.246],[-0.103447,-0.930008,268.465],[-0.151206,-0.917356,267.628],[-0.195446,-0.904777,266.696],[-0.235622,-0.892453,265.612],[-0.271277,-0.880555,264.289],[-0.302032,-0.869236,262.575],[-0.327583,-0.858636,261.488]],
"icon": [[-0.100004,-0.122082],[0.104901,0.128061]]
}