{"inputs": [[-0.0714, -0.4333, 226.332], [-0.1094, -0.397, 222.373], [-0.1437, -0.3538, 214.99200000000002], [-0.174, -0.3046, 208.24200000000002], [-0.1994, -0.2502, 202.006], [-0.2196, -0.1917, 196.16899999999998], [-0.2344, -0.1297, 190.623], [-0.2432, -0.0655, 185.2653], [-0.2463, -0.0003, 180.0], [-0.2433, 0.0651, 174.7347], [-0.2344, 0.1291, 169.3768], [-0.2197, 0.191, 163.8305], [-0.1994, 0.2497, 157.9941], [-0.174, 0.3041, 151.7585], [-0.1438, 0.3532, 145.008], [-0.1094, 0.3964, 137.62709999999998], [-0.0713, 0.4328, 133.6676]], "name": "plank_4", "outputs": [[1.0202, 0.4328, 368.512], [1.0257, 0.3965, 367.425], [1.0306, 0.3533, 365.711], [1.0349, 0.304, 364.388], [1.0385, 0.2498, 363.304], [1.0415, 0.1912, 362.372], [1.0435, 0.1292, 361.535], [1.0448, 0.065, 360.754], [1.0453, -0.0001, 360.0], [1.0447, -0.0654, 359.246], [1.0435, -0.1298, 358.465], [1.0415, -0.1917, 357.628], [1.0384, -0.2502, 356.696], [1.0349, -0.3047, 355.612], [1.0306, -0.3538, 354.289], [1.0256, -0.397, 352.575], [1.0203, -0.4333, 351.488]], "outline": [[0.9599, 0.2497], [-0.16, 0.2497], [-0.1886, 0.2457], [-0.2088, 0.2335], [-0.221, 0.2131], [-0.225, 0.1848], [-0.225, -0.1853], [-0.221, -0.2137], [-0.2088, -0.234], [-0.1885, -0.2462], [-0.16, -0.2501], [0.96, -0.2502], [0.9885, -0.2462], [1.0087, -0.234], [1.021, -0.2137], [1.0249, -0.1852], [1.0249, 0.1848], [1.0209, 0.2132], [1.0088, 0.2335], [0.9883, 0.2457]], "flags": {"1": {"outline": [[1.021, -0.2137], [1.0249, -0.1852], [1.0249, -0.1203], [-0.225, -0.1203], [-0.225, -0.1853], [-0.221, -0.2137], [-0.2169, -0.2202], [1.0169, -0.2202]]}, "0": {"outline": [[0.9885, -0.2462], [1.0087, -0.234], [1.0169, -0.2202], [-0.2169, -0.2202], [-0.2088, -0.234], [-0.1885, -0.2462], [-0.16, -0.2501], [0.96, -0.2502]]}, "3": {"outline": [[0.9883, 0.2457], [0.9599, 0.2497], [-0.16, 0.2497], [-0.1886, 0.2457], [-0.2088, 0.2335], [-0.217, 0.2198], [1.0169, 0.2198], [1.0088, 0.2335]]}, "2": {"outline": [[1.0249, 0.1848], [1.0209, 0.2132], [1.0169, 0.2198], [-0.217, 0.2198], [-0.221, 0.2131], [-0.225, 0.1848], [-0.225, 0.1198], [1.0249, 0.1198]]}}, "icon": [[-0.125, -0.125], [0.125, 0.125]]}