{
"name": "plane_evil01_0_0",
"flags": {
	"0": { "outline": [[-0.0260547,0.184036],[0.02644,0.186759],[0.0118518,0.288834],[-0.0117737,0.286931]] },
	"1": { "outline": [[-0.0253376,-0.108497],[0.0257019,-0.110057],[0.0257019,-0.0429539],[-0.0253376,-0.0423451]] },
	"2": { "outline": [[-0.0238961,0.0866489],[0.0242198,0.0878229],[0.0242198,0.151056],[-0.0238961,0.149037]] },
	"3": { "outline": [[-0.0120367,-0.465704],[0.0121183,-0.468861],[0.00492365,-0.333828],[-0.00491012,-0.332911]] }
},
"outline": [[-0.0575993,0.0685744],[-0.155792,0.0666602],[-0.157775,0.0972689],[-0.177586,0.096705],[-0.17957,0.0638971],[-0.271355,0.0441634],[-0.271558,-0.0756583],[-0.17983,-0.0947116],[-0.177925,-0.109905],[-0.158113,-0.110546],[-0.156058,-0.0965892],[-0.0578739,-0.105922],[-0.0455074,-0.215784],[-0.033558,-0.300482],[-0.0336005,-0.331025],[-0.1152,-0.346594],[-0.115306,-0.420586],[-0.0337719,-0.454243],[-0.0195361,-0.486745],[0.0184869,-0.49195],[0.0332331,-0.462837],[0.122078,-0.449442],[0.122182,-0.370372],[0.0334032,-0.337288],[0.0334453,-0.306167],[0.0461517,-0.221387],[0.0597057,-0.109463],[0.170898,-0.105825],[0.17332,-0.121268],[0.197454,-0.122049],[0.199861,-0.105303],[0.320176,-0.0892096],[0.320365,0.052073],[0.20011,0.0710415],[0.197778,0.107389],[0.173645,0.106702],[0.171154,0.0730337],[0.0599766,0.0708664],[0.0443001,0.198704],[0.00992249,0.31417],[-0.017517,0.311766],[-0.046213,0.193735]],
"inputs": [[-0.303545,0.124819,136.332],[-0.280068,0.160799,132.373],[-0.251766,0.194177,124.992],[-0.218893,0.224436,118.242],[-0.181774,0.25106,112.006],[-0.140804,0.273543,106.169],[-0.0964589,0.291394,100.623],[-0.049305,0.304152,95.2653],[1.67424e-08,0.3114,90],[0.0507034,0.312779,84.7347],[0.101961,0.308014,79.3768],[0.152842,0.296931,73.8305],[0.20235,0.279479,67.9941],[0.249437,0.255753,61.7585],[0.293036,0.226008,55.008],[0.332098,0.190672,47.6271],[0.365629,0.150349,43.6676]],
"outputs": [[0.365629,-0.282627,323.409],[0.332098,-0.333711,319.55],[0.293036,-0.378257,311.987],[0.249437,-0.415512,304.629],[0.20235,-0.44495,297.457],[0.152842,-0.466266,290.445],[0.101961,-0.479363,283.558],[0.0507033,-0.484328,276.757],[4.56749e-09,-0.481405,270],[-0.0493051,-0.470969,263.243],[-0.0964589,-0.453497,256.442],[-0.140804,-0.42954,249.555],[-0.181774,-0.399706,242.543],[-0.218893,-0.364633,235.371],[-0.251766,-0.324984,228.013],[-0.280068,-0.281428,220.45],[-0.303545,-0.234636,216.591]],
"icon": [[-0.0378962,-0.0240438],[0.038717,0.0765184]]
}