{"inputs": [[-0.499, 0.0731, 158.832], [-0.48, 0.1222, 154.873], [-0.4534, 0.1705, 147.49200000000002], [-0.4195, 0.2172, 140.74200000000002], [-0.379, 0.2615, 134.506], [-0.3325, 0.3026, 128.66899999999998], [-0.281, 0.3399, 123.123], [-0.2251, 0.3727, 117.7653], [-0.166, 0.4005, 112.5], [-0.1045, 0.4227, 107.2347], [-0.0418, 0.439, 101.8768], [0.021, 0.4491, 96.3305], [0.083, 0.4528, 90.4941], [0.1429, 0.4501, 84.2585], [0.1999, 0.4411, 77.50800000000001], [0.2529, 0.4258, 70.1271], [0.3011, 0.4045, 66.1676]], "name": "plane_boomWhisp_6_1", "outputs": [[0.1576, 0.7509, 345.909], [0.1428, 0.6917, 342.05], [0.1199, 0.6343, 334.487], [0.0893, 0.5797, 327.129], [0.0516, 0.5286, 319.957], [0.0073, 0.4821, 312.945], [-0.0427, 0.441, 306.058], [-0.0975, 0.4058, 299.257], [-0.1563, 0.3773, 292.5], [-0.2181, 0.3559, 285.743], [-0.2818, 0.3419, 278.942], [-0.3462, 0.3357, 272.055], [-0.4104, 0.3373, 265.043], [-0.4731, 0.3467, 257.871], [-0.5334, 0.3637, 250.513], [-0.5902, 0.3881, 242.95], [-0.6425, 0.4194, 239.091]], "outline": [[-0.1862, 0.5731], [-0.2317, 0.5592], [-0.2737, 0.5369], [-0.3105, 0.507], [-0.3408, 0.4706], [-0.3635, 0.4292], [-0.3775, 0.3844], [-0.3825, 0.3378], [-0.3782, 0.2913], [-0.3647, 0.2466], [-0.3427, 0.2055], [-0.3128, 0.1696], [-0.2764, 0.1402], [-0.2624, 0.1328], [-0.2636, 0.1371], [-0.2674, 0.1751], [-0.2636, 0.2131], [-0.2526, 0.2496], [-0.2346, 0.2833], [-0.2103, 0.3128], [-0.1808, 0.337], [-0.1471, 0.355], [-0.1106, 0.3661], [-0.0726, 0.3699], [-0.0346, 0.3661], [0.002, 0.355], [0.0356, 0.337], [0.0652, 0.3128], [0.0894, 0.2833], [0.0915, 0.2794], [0.0962, 0.2945], [0.1012, 0.3411], [0.0968, 0.3876], [0.0834, 0.4322], [0.0613, 0.4733], [0.0315, 0.5093], [-0.0049, 0.5387], [-0.0466, 0.5605], [-0.0919, 0.5737], [-0.139, 0.578]], "flags": {"1": {"outline": [[-0.1714, 0.3634], [-0.161, 0.3677], [-0.1653, 0.3782], [-0.1758, 0.3738]]}, "0": {"outline": [[-0.144, 0.3852], [-0.1523, 0.3817], [-0.1488, 0.3733], [-0.1405, 0.3767]]}, "3": {"outline": [[-0.1522, 0.405], [-0.159, 0.4022], [-0.1562, 0.3944], [-0.1487, 0.3975]]}, "2": {"outline": [[-0.1798, 0.3853], [-0.1721, 0.3885], [-0.1753, 0.3962], [-0.1829, 0.393]]}}, "icon": [[-0.1645, 0.3543], [-0.13949999999999999, 0.37929999999999997]]}