{"inputs": [[-0.5252, 0.1363, 158.832], [-0.5062, 0.1854, 154.873], [-0.4795, 0.2337, 147.49200000000002], [-0.4457, 0.2804, 140.74200000000002], [-0.4052, 0.3247, 134.506], [-0.3587, 0.3659, 128.66899999999998], [-0.3071, 0.4032, 123.123], [-0.2513, 0.436, 117.7653], [-0.1921, 0.4637, 112.5], [-0.1307, 0.4859, 107.2347], [-0.068, 0.5022, 101.8768], [-0.0052, 0.5123, 96.3305], [0.0568, 0.516, 90.4941], [0.1168, 0.5134, 84.2585], [0.1737, 0.5043, 77.50800000000001], [0.2267, 0.489, 70.1271], [0.2749, 0.4677, 66.1676]], "name": "plane_boomWhisp_8_1", "outputs": [[0.1305, 0.8162, 345.909], [0.1157, 0.7571, 342.05], [0.0928, 0.6997, 334.487], [0.0622, 0.6451, 327.129], [0.0245, 0.594, 319.957], [-0.0198, 0.5475, 312.945], [-0.0697, 0.5064, 306.058], [-0.1246, 0.4712, 299.257], [-0.1834, 0.4427, 292.5], [-0.2452, 0.4212, 285.743], [-0.3089, 0.4073, 278.942], [-0.3733, 0.4011, 272.055], [-0.4375, 0.4027, 265.043], [-0.5002, 0.4121, 257.871], [-0.5605, 0.4291, 250.513], [-0.6173, 0.4535, 242.95], [-0.6696, 0.4848, 239.091]], "outline": [[-0.1937, 0.5933], [-0.24, 0.5792], [-0.2826, 0.5565], [-0.3201, 0.5259], [-0.3508, 0.4887], [-0.3737, 0.4463], [-0.3878, 0.4003], [-0.3927, 0.3525], [-0.3881, 0.3047], [-0.3742, 0.2587], [-0.3515, 0.2164], [-0.321, 0.1794], [-0.3007, 0.1629], [-0.3054, 0.1781], [-0.3096, 0.2207], [-0.3054, 0.2632], [-0.293, 0.3041], [-0.2728, 0.3418], [-0.2457, 0.3749], [-0.2126, 0.402], [-0.1749, 0.4221], [-0.134, 0.4346], [-0.0915, 0.4387], [-0.0489, 0.4346], [-0.008, 0.4221], [0.0297, 0.402], [0.0627, 0.3749], [0.0899, 0.3418], [0.0974, 0.3278], [0.1, 0.3538], [0.0954, 0.4016], [0.0815, 0.4475], [0.0589, 0.4898], [0.0283, 0.5268], [-0.0089, 0.5572], [-0.0515, 0.5797], [-0.0976, 0.5936], [-0.1457, 0.5981]], "flags": {"1": {"outline": [[-0.1984, 0.4285], [-0.188, 0.4328], [-0.1923, 0.4433], [-0.2028, 0.439]]}, "0": {"outline": [[-0.171, 0.4503], [-0.1793, 0.4468], [-0.1758, 0.4385], [-0.1675, 0.4419]]}, "3": {"outline": [[-0.1792, 0.4701], [-0.186, 0.4673], [-0.1832, 0.4596], [-0.1757, 0.4627]]}, "2": {"outline": [[-0.2067, 0.4505], [-0.1991, 0.4537], [-0.2022, 0.4613], [-0.2099, 0.4582]]}}, "icon": [[-0.1942, 0.4259], [-0.1692, 0.4509]]}