{
"name": "plane_evil02_8_0",
"flags": {
	"0": { "outline": [[-0.108632,0.703578],[0.108632,0.703578],[0.0481305,0.774542],[-0.0481305,0.774542]] },
	"1": { "outline": [[-0.0444757,-0.564627],[0.0444757,-0.564627],[0.0444757,-0.475676],[-0.0444757,-0.475676]] },
	"2": { "outline": [[-0.0444757,-0.431638],[0.0444757,-0.431638],[0.0444757,-0.342686],[-0.0444757,-0.342686]] },
	"3": { "outline": [[-0.0383072,-1.29296],[0.0383072,-1.29296],[0.0155953,-0.939875],[-0.0155953,-0.939875]] }
},
"outline": [[-0.222668,0.446753],[-0.518887,0.446753],[-0.626504,0.608688],[-0.484785,0.623438],[-0.488968,0.638188],[-0.629284,0.645132],[-0.706394,0.645132],[-0.846705,0.638188],[-0.850876,0.623438],[-0.709146,0.608688],[-0.816389,0.438258],[-1.11332,0.369896],[-1.11324,-0.0375843],[-0.816303,-0.105933],[-0.709018,-0.276311],[-0.62639,-0.276311],[-0.518831,-0.114426],[-0.222643,-0.114426],[-0.173558,-0.483908],[-0.126869,-0.856647],[-0.126867,-0.946045],[-0.449002,-1.01552],[-0.44898,-1.23716],[-0.126857,-1.30663],[-0.0719892,-1.39601],[0.0719893,-1.39601],[0.126857,-1.30663],[0.44898,-1.23716],[0.449002,-1.01552],[0.126867,-0.946045],[0.126869,-0.856647],[0.173558,-0.483908],[0.222643,-0.114426],[0.518831,-0.114426],[0.62639,-0.276311],[0.709018,-0.276311],[0.816303,-0.105933],[1.11324,-0.0375843],[1.11332,0.369896],[0.816389,0.438258],[0.709146,0.608688],[0.850876,0.623438],[0.846705,0.638188],[0.706394,0.645132],[0.629284,0.645132],[0.488968,0.638188],[0.484785,0.623438],[0.626503,0.608688],[0.518887,0.446753],[0.222668,0.446753],[0.171673,0.776266],[0.0520731,0.833064],[-0.0520732,0.833064],[-0.171673,0.776266]],
"inputs": [[-0.433013,0.626898,136.332],[-0.396677,0.664965,132.373],[-0.353553,0.699386,124.992],[-0.304381,0.729572,118.242],[-0.25,0.755007,112.006],[-0.191342,0.775256,106.169],[-0.12941,0.789972,100.623],[-0.0652631,0.798904,95.2653],[2.18557e-08,0.801898,90],[0.0652631,0.798904,84.7347],[0.12941,0.789972,79.3768],[0.191342,0.775256,73.8305],[0.25,0.755007,67.9942],[0.304381,0.729572,61.7585],[0.353553,0.699386,55.008],[0.396677,0.664965,47.6271],[0.433013,0.626898,43.6677]],
"outputs": [[0.433013,-1.35327,278.512],[0.396677,-1.35871,277.425],[0.353553,-1.36363,275.711],[0.304381,-1.36794,274.388],[0.25,-1.37157,273.304],[0.191342,-1.37447,272.372],[0.12941,-1.37657,271.535],[0.065263,-1.37784,270.754],[5.96244e-09,-1.37827,270],[-0.0652632,-1.37784,269.246],[-0.129409,-1.37657,268.465],[-0.191342,-1.37447,267.628],[-0.25,-1.37157,266.696],[-0.304381,-1.36794,265.612],[-0.353553,-1.36363,264.289],[-0.396677,-1.35871,262.575],[-0.433013,-1.35327,261.488]],
"icon": [[-0.125,0.0322789],[0.125,0.282279]]
}