{"inputs": [[0.2529, -0.5214, 293.832], [0.2048, -0.5427, 289.873], [0.1518, -0.558, 282.492], [0.0949, -0.5671, 275.742], [0.0348, -0.5697, 269.506], [-0.027, -0.566, 263.669], [-0.09, -0.556, 258.123], [-0.1527, -0.5396, 252.7653], [-0.2141, -0.5173, 247.5], [-0.2732, -0.4895, 242.2347], [-0.3291, -0.4568, 236.8768], [-0.3806, -0.4194, 231.3305], [-0.4271, -0.3784, 225.4941], [-0.4677, -0.334, 219.2585], [-0.5016, -0.2873, 212.508], [-0.5282, -0.2391, 205.12709999999998], [-0.547, -0.1899, 201.1676]], "name": "plane_boomWhisp_10_7", "outputs": [[-0.6923, -0.5403, 480.909], [-0.6399, -0.5093, 477.05], [-0.5833, -0.4847, 469.487], [-0.5228, -0.4675, 462.129], [-0.46, -0.4583, 454.957], [-0.396, -0.4566, 447.945], [-0.3316, -0.4628, 441.058], [-0.2679, -0.4767, 434.257], [-0.206, -0.4982, 427.5], [-0.1473, -0.5268, 420.743], [-0.0925, -0.562, 413.942], [-0.0424, -0.6032, 407.055], [0.0017, -0.6495, 400.043], [0.0395, -0.7005, 392.871], [0.07, -0.7552, 385.51300000000003], [0.093, -0.8127, 377.95], [0.1078, -0.8717, 374.091]], "outline": [[-0.2865, -0.5654], [-0.2435, -0.5886], [-0.1968, -0.6027], [-0.1484, -0.6075], [-0.1, -0.6029], [-0.0531, -0.5887], [-0.0103, -0.5658], [0.0272, -0.5352], [0.0579, -0.4975], [0.0811, -0.4546], [0.0953, -0.4081], [0.0977, -0.3816], [0.0929, -0.3909], [0.0632, -0.4271], [0.0268, -0.4569], [-0.0147, -0.4789], [-0.0596, -0.4928], [-0.1064, -0.4972], [-0.1532, -0.4927], [-0.1982, -0.4789], [-0.2396, -0.4569], [-0.2758, -0.4271], [-0.3057, -0.3908], [-0.3278, -0.3495], [-0.3416, -0.3044], [-0.3461, -0.2577], [-0.3414, -0.2109], [-0.3385, -0.201], [-0.3555, -0.2216], [-0.3784, -0.2643], [-0.3925, -0.3109], [-0.3971, -0.3592], [-0.3924, -0.4077], [-0.3782, -0.4541], [-0.3552, -0.4971], [-0.3241, -0.5348]], "flags": {"1": {"outline": [[-0.1853, -0.4985], [-0.1959, -0.4943], [-0.2001, -0.5046], [-0.1898, -0.509]]}, "0": {"outline": [[-0.2201, -0.4946], [-0.2118, -0.4981], [-0.2084, -0.4897], [-0.2167, -0.4863]]}, "3": {"outline": [[-0.2284, -0.5144], [-0.2215, -0.5172], [-0.2182, -0.5097], [-0.2256, -0.5066]]}, "2": {"outline": [[-0.195, -0.52], [-0.2027, -0.5168], [-0.2059, -0.5245], [-0.1981, -0.5277]]}}, "icon": [[-0.2189, -0.5116995], [-0.1939, -0.4867005]]}