{"inputs": [[-0.433013, 0.408672, 136.332], [-0.396677, 0.446739, 132.373], [-0.353553, 0.48116, 124.992], [-0.304381, 0.511346, 118.242], [-0.25, 0.536781, 112.006], [-0.191342, 0.55703, 106.169], [-0.12941, 0.571746, 100.623], [-0.0652631, 0.580678, 95.2654], [2.18557e-08, 0.583672, 90], [0.0652631, 0.580678, 84.7347], [0.12941, 0.571746, 79.3768], [0.191342, 0.55703, 73.8305], [0.25, 0.536781, 67.9941], [0.304381, 0.511346, 61.7585], [0.353553, 0.48116, 55.008], [0.396677, 0.446739, 47.6271], [0.433013, 0.408672, 43.6676]], "name": "plane_boomWhisp_11_0", "outputs": [[0.433013, 0.78873, 323.409], [0.396677, 0.739787, 319.55], [0.353553, 0.695532, 311.987], [0.304381, 0.656721, 304.629], [0.25, 0.624018, 297.457], [0.191342, 0.597984, 290.445], [0.12941, 0.579063, 283.558], [0.065263, 0.56758, 276.757], [5.96244e-09, 0.56373, 270], [-0.0652632, 0.56758, 263.243], [-0.129409, 0.579063, 256.442], [-0.191342, 0.597984, 249.555], [-0.25, 0.624018, 242.543], [-0.304381, 0.656721, 235.371], [-0.353553, 0.695532, 228.013], [-0.396677, 0.739787, 220.45], [-0.433013, 0.78873, 216.591]], "outline": [[0.0486146, 0.634343], [3.91349e-17, 0.639122], [-0.0486146, 0.634343], [-0.0953611, 0.620189], [-0.138443, 0.597204], [-0.176204, 0.566271], [-0.207194, 0.52858], [-0.230222, 0.485578], [-0.244402, 0.438918], [-0.24919, 0.390394], [-0.24469, 0.344781], [-0.230802, 0.390564], [-0.207716, 0.433754], [-0.176648, 0.47161], [-0.138791, 0.502678], [-0.0956012, 0.525764], [-0.048737, 0.53998], [3.33582e-17, 0.54478], [0.048737, 0.53998], [0.0956012, 0.525764], [0.138791, 0.502678], [0.176648, 0.47161], [0.207716, 0.433754], [0.230802, 0.390564], [0.24469, 0.344781], [0.24919, 0.390394], [0.244402, 0.438919], [0.230222, 0.485578], [0.207194, 0.52858], [0.176204, 0.566271], [0.138443, 0.597204], [0.0953611, 0.620189]], "flags": {"1": {"outline": [[-0.0192751, 0.556065], [-0.00796014, 0.556065], [-0.00796014, 0.56738], [-0.019275, 0.56738]]}, "0": {"outline": [[0.0144482, 0.565681], [0.00539548, 0.565681], [0.00545735, 0.55659], [0.0143864, 0.55659]]}, "3": {"outline": [[0.0144246, 0.587155], [0.00706542, 0.587155], [0.00670603, 0.578939], [0.0147839, 0.578939]]}, "2": {"outline": [[-0.01855, 0.579538], [-0.0102311, 0.579538], [-0.0102311, 0.587857], [-0.01855, 0.587857]]}}, "icon": [[-0.0125, 0.554614], [0.0125, 0.579614]]}