{"inputs": [[0.0091, 0.6212, 451.332], [0.0617, 0.6223, 447.373], [0.1165, 0.6163, 439.992], [0.1727, 0.6028, 433.242], [0.2289, 0.5824, 427.006], [0.2847, 0.5553, 421.169], [0.3389, 0.522, 415.623], [0.3906, 0.4827, 410.2654], [0.4389, 0.4388, 405.0], [0.483, 0.3903, 399.7347], [0.522, 0.3389, 394.3768], [0.5552, 0.2846, 388.83050000000003], [0.5824, 0.229, 382.9941], [0.6029, 0.1724, 376.7585], [0.6163, 0.1164, 370.00800000000004], [0.6225, 0.0615, 362.6271], [0.6212, 0.009, 358.6676]], "name": "plane_boomWhisp_13_14", "outputs": [[0.8909, 0.2785, 638.409], [0.8308, 0.2694, 634.55], [0.7688, 0.2688, 626.9870000000001], [0.7065, 0.2762, 619.629], [0.6452, 0.2912, 612.457], [0.5851, 0.3143, 605.4449999999999], [0.528, 0.345, 598.558], [0.4746, 0.3821, 591.7570000000001], [0.4257, 0.4255, 585.0], [0.3824, 0.4745, 578.2429999999999], [0.3449, 0.5279, 571.442], [0.3146, 0.585, 564.5550000000001], [0.2914, 0.6451, 557.543], [0.2762, 0.7067, 550.371], [0.2689, 0.7688, 543.013], [0.2698, 0.8304, 535.45], [0.2786, 0.8909, 531.591]], "outline": [[0.4847, 0.4157], [0.4538, 0.4539], [0.416, 0.4847], [0.3728, 0.508], [0.326, 0.522], [0.2772, 0.5267], [0.2284, 0.5221], [0.1816, 0.5078], [0.1386, 0.4849], [0.1284, 0.4766], [0.1748, 0.4905], [0.2273, 0.496], [0.2796, 0.4907], [0.3301, 0.4756], [0.3766, 0.4506], [0.4175, 0.4171], [0.4508, 0.3765], [0.4757, 0.3299], [0.4906, 0.2796], [0.496, 0.227], [0.4909, 0.1745], [0.4767, 0.1284], [0.4849, 0.1383], [0.508, 0.1815], [0.5222, 0.2283], [0.5268, 0.2771], [0.5221, 0.3258], [0.508, 0.3727]], "flags": {"1": {"outline": [[0.4065, 0.4337], [0.4147, 0.4257], [0.4224, 0.4335], [0.4145, 0.4415]]}, "0": {"outline": [[0.4373, 0.4166], [0.4309, 0.4227], [0.4242, 0.4166], [0.4306, 0.4101]]}, "3": {"outline": [[0.4525, 0.4319], [0.4471, 0.4369], [0.441, 0.4314], [0.4466, 0.4258]]}, "2": {"outline": [[0.4238, 0.4498], [0.4298, 0.4439], [0.4355, 0.4498], [0.4296, 0.4556]]}}, "icon": [[0.41820000000000007, 0.41790000000000005], [0.4432, 0.44289999999999996]]}