{"inputs": [[-0.3155, 0.3699, 473.832], [-0.267, 0.3913, 469.873], [-0.2142, 0.4066, 462.492], [-0.1573, 0.4155, 455.742], [-0.0972, 0.4185, 449.506], [-0.0353, 0.4146, 443.669], [0.0274, 0.4045, 438.123], [0.0899, 0.3882, 432.7653], [0.1518, 0.3659, 427.5], [0.2107, 0.3384, 422.2347], [0.2668, 0.3055, 416.8768], [0.3181, 0.2682, 411.33050000000003], [0.3645, 0.2268, 405.4941], [0.4051, 0.1825, 399.2585], [0.439, 0.136, 392.50800000000004], [0.466, 0.0875, 385.1271], [0.4847, 0.0386, 381.16769999999997]], "name": "plane_boomWhisp_5_15", "outputs": [[0.6277, 0.3838, 660.909], [0.5753, 0.3523, 657.05], [0.5186, 0.3281, 649.4870000000001], [0.4585, 0.3111, 642.129], [0.3954, 0.3016, 634.957], [0.3313, 0.3001, 627.9449999999999], [0.267, 0.3062, 621.058], [0.2033, 0.3199, 614.2570000000001], [0.1414, 0.3415, 607.5], [0.0826, 0.3701, 600.7429999999999], [0.0278, 0.4055, 593.942], [-0.0221, 0.4464, 587.0550000000001], [-0.0666, 0.4931, 580.043], [-0.1042, 0.5438, 572.871], [-0.1346, 0.5986, 565.513], [-0.1576, 0.656, 557.95], [-0.1724, 0.7152, 554.091]], "outline": [[0.2658, 0.5193], [0.2245, 0.5411], [0.1793, 0.555], [0.133, 0.5599], [0.0865, 0.556], [0.042, 0.5433], [0.0012, 0.522], [-0.0346, 0.4934], [-0.0639, 0.4585], [-0.0852, 0.4185], [-0.0985, 0.3749], [-0.1023, 0.3296], [-0.0975, 0.2842], [-0.0875, 0.2532], [-0.0673, 0.2773], [-0.0398, 0.2999], [-0.0084, 0.3168], [0.0258, 0.3272], [0.0614, 0.3305], [0.0969, 0.3272], [0.1312, 0.3169], [0.163, 0.2999], [0.1904, 0.2774], [0.2129, 0.2497], [0.2301, 0.2181], [0.2407, 0.1838], [0.2439, 0.1483], [0.2406, 0.117], [0.27, 0.1319], [0.3057, 0.1606], [0.3349, 0.1954], [0.3563, 0.2358], [0.3695, 0.2792], [0.3736, 0.3243], [0.3684, 0.3701], [0.3545, 0.4138], [0.332, 0.4544], [0.3022, 0.49]], "flags": {"1": {"outline": [[0.121, 0.3425], [0.1315, 0.3381], [0.1358, 0.3489], [0.1255, 0.3532]]}, "0": {"outline": [[0.1558, 0.3384], [0.1474, 0.342], [0.1439, 0.3336], [0.1522, 0.3303]]}, "3": {"outline": [[0.1641, 0.3586], [0.1574, 0.3613], [0.1539, 0.3536], [0.1611, 0.3505]]}, "2": {"outline": [[0.1308, 0.3638], [0.1386, 0.3607], [0.1416, 0.3683], [0.1338, 0.3716]]}}, "icon": [[0.12359999999999999, 0.31529999999999997], [0.1486, 0.3403]]}