{"inputs": [[-0.4678, -0.2751, 203.832], [-0.4891, -0.227, 199.873], [-0.5044, -0.1739, 192.49200000000002], [-0.5135, -0.117, 185.74200000000002], [-0.5162, -0.057, 179.506], [-0.5125, 0.0049, 173.66899999999998], [-0.5023, 0.0678, 168.123], [-0.4861, 0.1305, 162.7653], [-0.4638, 0.1919, 157.5], [-0.436, 0.251, 152.2347], [-0.4033, 0.3069, 146.8768], [-0.366, 0.3585, 141.3305], [-0.3247, 0.4049, 135.4941], [-0.2805, 0.4455, 129.2585], [-0.2339, 0.4793, 122.50800000000001], [-0.1855, 0.506, 115.1271], [-0.1364, 0.5249, 111.1676]], "name": "plane_boomWhisp_8_3", "outputs": [[-0.4849, 0.6694, 390.909], [-0.4536, 0.617, 387.05], [-0.4292, 0.5603, 379.487], [-0.4123, 0.5, 372.129], [-0.4027, 0.4372, 364.957], [-0.4013, 0.373, 357.945], [-0.4074, 0.3087, 351.058], [-0.4214, 0.245, 344.257], [-0.4428, 0.1833, 337.5], [-0.4713, 0.1244, 330.743], [-0.5065, 0.0694, 323.942], [-0.5476, 0.0196, 317.055], [-0.5942, -0.0247, 310.043], [-0.6452, -0.0624, 302.871], [-0.6998, -0.093, 295.51300000000003], [-0.7572, -0.1159, 287.95], [-0.8164, -0.1308, 284.091]], "outline": [[-0.5566, 0.2825], [-0.5793, 0.2397], [-0.5934, 0.1935], [-0.5982, 0.1454], [-0.5937, 0.0974], [-0.5799, 0.0512], [-0.5573, 0.0088], [-0.527, -0.0286], [-0.4899, -0.0591], [-0.4477, -0.0818], [-0.4017, -0.0956], [-0.354, -0.1002], [-0.3279, -0.0975], [-0.342, -0.0902], [-0.375, -0.0629], [-0.4021, -0.03], [-0.4223, 0.0078], [-0.4347, 0.0486], [-0.4389, 0.0913], [-0.4347, 0.1338], [-0.4223, 0.1747], [-0.4022, 0.2124], [-0.375, 0.2453], [-0.3419, 0.2727], [-0.3042, 0.2927], [-0.2633, 0.3051], [-0.2208, 0.3093], [-0.1782, 0.3051], [-0.163, 0.3006], [-0.1796, 0.3208], [-0.2166, 0.3513], [-0.2589, 0.374], [-0.3048, 0.3879], [-0.3526, 0.3924], [-0.4004, 0.3876], [-0.4464, 0.3734], [-0.4888, 0.3506], [-0.526, 0.3198]], "flags": {"1": {"outline": [[-0.4433, 0.1626], [-0.4391, 0.173], [-0.4495, 0.1773], [-0.4539, 0.1669]]}, "0": {"outline": [[-0.4394, 0.1973], [-0.4428, 0.189], [-0.4345, 0.1856], [-0.431, 0.1939]]}, "3": {"outline": [[-0.4592, 0.2056], [-0.462, 0.1988], [-0.4546, 0.1954], [-0.4515, 0.2028]]}, "2": {"outline": [[-0.4648, 0.1723], [-0.4617, 0.1799], [-0.4693, 0.1831], [-0.4725, 0.1754]]}}, "icon": [[-0.451, 0.1689], [-0.426, 0.19390000000000002]]}