{"inputs": [[0.5783, -0.2641, 338.832], [0.5591, -0.3134, 334.873], [0.5326, -0.3615, 327.492], [0.4986, -0.4082, 320.742], [0.4583, -0.4527, 314.506], [0.4118, -0.4937, 308.669], [0.3601, -0.5312, 303.123], [0.3043, -0.564, 297.7654], [0.2451, -0.5917, 292.5], [0.1838, -0.6139, 287.2347], [0.1212, -0.63, 281.8768], [0.0582, -0.6402, 276.33050000000003], [-0.0035, -0.6439, 270.4941], [-0.0636, -0.6413, 264.2585], [-0.1207, -0.6322, 257.50800000000004], [-0.1738, -0.617, 250.12709999999998], [-0.2218, -0.5957, 246.1676]], "name": "plane_boomWhisp_15_9", "outputs": [[-0.0757, -0.9486, 525.909], [-0.0608, -0.8893, 522.05], [-0.0379, -0.8319, 514.4870000000001], [-0.0072, -0.7775, 507.129], [0.0305, -0.7263, 499.957], [0.0747, -0.6799, 492.945], [0.1246, -0.6387, 486.058], [0.1795, -0.6034, 479.257], [0.2384, -0.5751, 472.5], [0.3001, -0.5536, 465.743], [0.3636, -0.5397, 458.942], [0.4282, -0.5335, 452.055], [0.4923, -0.5349, 445.043], [0.5551, -0.5446, 437.871], [0.6154, -0.5616, 430.51300000000003], [0.6722, -0.5859, 422.95], [0.7245, -0.617, 419.091]], "outline": [[0.1991, -0.6078], [0.2459, -0.5936], [0.2892, -0.5705], [0.3273, -0.5395], [0.3581, -0.5015], [0.3813, -0.4583], [0.3957, -0.4113], [0.396, -0.4082], [0.3921, -0.4203], [0.3658, -0.4696], [0.3306, -0.5126], [0.2872, -0.5479], [0.2381, -0.5743], [0.1848, -0.5906], [0.129, -0.5962], [0.0736, -0.5905], [0.0202, -0.5743], [0.0089, -0.5685], [0.0115, -0.5706], [0.0546, -0.5936], [0.1016, -0.6078], [0.1505, -0.6127]], "flags": {"1": {"outline": [[0.2531, -0.5602], [0.2426, -0.5646], [0.2469, -0.5751], [0.2574, -0.5709]]}, "0": {"outline": [[0.2255, -0.582], [0.2341, -0.5786], [0.2304, -0.5703], [0.2223, -0.5736]]}, "3": {"outline": [[0.234, -0.6019], [0.2407, -0.5991], [0.2378, -0.5913], [0.2303, -0.5944]]}, "2": {"outline": [[0.2615, -0.5823], [0.2538, -0.5855], [0.257, -0.5931], [0.2646, -0.5901]]}}, "icon": [[0.22910000000000005, -0.5957000000000001], [0.2541, -0.5707]]}