{"inputs": [[0.0172, -0.5955, 271.332], [-0.0353, -0.5969, 267.373], [-0.0901, -0.5906, 259.992], [-0.1464, -0.5771, 253.24200000000002], [-0.2028, -0.5567, 247.006], [-0.2585, -0.5296, 241.16899999999998], [-0.3128, -0.4961, 235.623], [-0.3645, -0.4571, 230.2654], [-0.4126, -0.413, 225.0], [-0.4566, -0.3647, 219.7347], [-0.4958, -0.3131, 214.3768], [-0.5291, -0.2588, 208.8305], [-0.5563, -0.2031, 202.9941], [-0.5767, -0.1467, 196.7585], [-0.5901, -0.0906, 190.008], [-0.5964, -0.0357, 182.62709999999998], [-0.595, 0.0169, 178.6676]], "name": "plane_boomWhisp_11_6", "outputs": [[-0.8638, -0.2519, 458.409], [-0.8035, -0.243, 454.55], [-0.7418, -0.2421, 446.987], [-0.6795, -0.2495, 439.629], [-0.6179, -0.2649, 432.457], [-0.5581, -0.2878, 425.445], [-0.501, -0.3183, 418.558], [-0.4474, -0.3555, 411.757], [-0.3985, -0.399, 405.0], [-0.3552, -0.4477, 398.243], [-0.3177, -0.5013, 391.442], [-0.2875, -0.5583, 384.555], [-0.2645, -0.6183, 377.543], [-0.2491, -0.68, 370.371], [-0.2416, -0.7422, 363.01300000000003], [-0.2426, -0.8039, 355.45], [-0.2514, -0.8641, 351.591]], "outline": [[-0.483, -0.4145], [-0.4518, -0.4522], [-0.4143, -0.4832], [-0.3711, -0.5062], [-0.3244, -0.5205], [-0.2757, -0.5253], [-0.2271, -0.5206], [-0.1805, -0.5066], [-0.1374, -0.4834], [-0.0997, -0.4527], [-0.0706, -0.4171], [-0.1129, -0.4396], [-0.1598, -0.4538], [-0.2085, -0.4587], [-0.2574, -0.4539], [-0.304, -0.4397], [-0.3474, -0.4167], [-0.3852, -0.3855], [-0.4163, -0.3477], [-0.4393, -0.3044], [-0.4535, -0.2577], [-0.4583, -0.2089], [-0.4535, -0.1602], [-0.4392, -0.1134], [-0.4167, -0.0711], [-0.4523, -0.1001], [-0.4832, -0.1378], [-0.5062, -0.181], [-0.5202, -0.2275], [-0.5249, -0.2762], [-0.5202, -0.3247], [-0.5059, -0.3716]], "flags": {"1": {"outline": [[-0.3795, -0.4072], [-0.3874, -0.3991], [-0.3955, -0.4072], [-0.3876, -0.4152]]}, "0": {"outline": [[-0.4101, -0.3902], [-0.4038, -0.3964], [-0.3974, -0.3901], [-0.4037, -0.3837]]}, "3": {"outline": [[-0.4253, -0.4052], [-0.4202, -0.4105], [-0.4141, -0.4049], [-0.4197, -0.3992]]}, "2": {"outline": [[-0.3966, -0.4232], [-0.4026, -0.4174], [-0.4084, -0.4232], [-0.4025, -0.4291]]}}, "icon": [[-0.41339999999999993, -0.41379999999999995], [-0.3884, -0.38880000000000003]]}