{"inputs": [[-0.4651, -0.4333, 226.332], [-0.5033, -0.3969, 222.373], [-0.5376, -0.3538, 214.99200000000002], [-0.5677, -0.3046, 208.24200000000002], [-0.5933, -0.2502, 202.006], [-0.6135, -0.1916, 196.16899999999998], [-0.6283, -0.1296, 190.623], [-0.6372, -0.0655, 185.2654], [-0.6402, -0.0002, 180.0], [-0.6372, 0.065, 174.7347], [-0.6282, 0.1291, 169.3768], [-0.6134, 0.1911, 163.8305], [-0.5933, 0.2497, 157.9941], [-0.5678, 0.3041, 151.7585], [-0.5376, 0.3533, 145.008], [-0.5032, 0.3965, 137.62709999999998], [-0.4652, 0.4327, 133.6676]], "name": "plane_boomWhisp_15_4", "outputs": [[-0.8472, 0.4328, 413.409], [-0.7981, 0.3964, 409.55], [-0.7538, 0.3533, 401.987], [-0.7152, 0.3041, 394.629], [-0.6824, 0.2497, 387.457], [-0.6565, 0.1911, 380.445], [-0.6375, 0.1291, 373.558], [-0.6259, 0.065, 366.757], [-0.6222, -0.0003, 360.0], [-0.6261, -0.0655, 353.243], [-0.6375, -0.1296, 346.442], [-0.6564, -0.1916, 339.555], [-0.6824, -0.2503, 332.543], [-0.7151, -0.3046, 325.371], [-0.754, -0.3538, 318.01300000000003], [-0.7982, -0.397, 310.45], [-0.8471, -0.4334, 306.591]], "outline": [[-0.6375, 0.0486], [-0.6423, -0.0002], [-0.6374, -0.049], [-0.6233, -0.096], [-0.6002, -0.1391], [-0.5691, -0.177], [-0.5312, -0.2082], [-0.5283, -0.2097], [-0.5381, -0.2016], [-0.5736, -0.1584], [-0.5998, -0.1093], [-0.616, -0.0557], [-0.6215, -0.0003], [-0.616, 0.0552], [-0.5999, 0.1088], [-0.5735, 0.1578], [-0.5381, 0.2011], [-0.5283, 0.2092], [-0.5312, 0.2076], [-0.569, 0.1765], [-0.6002, 0.1386], [-0.6234, 0.0954]], "flags": {"1": {"outline": [[-0.6142, -0.0196], [-0.6141, -0.0082], [-0.6255, -0.0082], [-0.6256, -0.0195]]}, "0": {"outline": [[-0.6238, 0.0142], [-0.6239, 0.0051], [-0.6148, 0.0052], [-0.6148, 0.0141]]}, "3": {"outline": [[-0.6453, 0.0141], [-0.6453, 0.0068], [-0.6371, 0.0064], [-0.6371, 0.0146]]}, "2": {"outline": [[-0.6377, -0.0188], [-0.6377, -0.0105], [-0.646, -0.0105], [-0.6461, -0.0188]]}}, "icon": [[-0.6435, -0.01270000000000004], [-0.6185, 0.01230000000000001]]}