{
"name": "plane_evil02_16_0",
"flags": {
	"0": { "outline": [[-0.0852,0.720345],[0.081324,0.687575],[0.0364938,0.766636],[-0.0372543,0.782613]] },
	"1": { "outline": [[-0.0343982,-0.570059],[0.0337488,-0.559297],[0.0337488,-0.471185],[-0.0343982,-0.480252]] },
	"2": { "outline": [[-0.0343982,-0.435791],[0.0337488,-0.427563],[0.0337488,-0.339451],[-0.0343982,-0.345983]] },
	"3": { "outline": [[-0.0295879,-1.30366],[0.0291061,-1.28243],[0.0119069,-0.936745],[-0.0119868,-0.943026]] }
},
"outline": [[-0.178803,0.469117],[-0.446862,0.502615],[-0.553893,0.703028],[-0.413966,0.695665],[-0.417941,0.712835],[-0.556686,0.74563],[-0.637124,0.760145],[-0.79183,0.779579],[-0.796624,0.762395],[-0.640105,0.717707],[-0.757592,0.531149],[-1.11964,0.485753],[-1.11974,-0.0493563],[-0.757763,-0.128387],[-0.640412,-0.325805],[-0.554208,-0.319143],[-0.447055,-0.128736],[-0.179007,-0.120157],[-0.138203,-0.502605],[-0.100184,-0.880614],[-0.100222,-0.972517],[-0.380959,-1.12367],[-0.38105,-1.36892],[-0.100376,-1.34321],[-0.0565255,-1.41797],[0.053817,-1.37489],[0.0941594,-1.27212],[0.313374,-1.12864],[0.313472,-0.926435],[0.094317,-0.921042],[0.0943561,-0.834003],[0.128083,-0.466564],[0.162868,-0.109215],[0.357758,-0.102977],[0.423075,-0.243615],[0.471521,-0.23987],[0.532305,-0.0901627],[0.688639,-0.0303457],[0.688786,0.298646],[0.532514,0.372999],[0.471882,0.52838],[0.551601,0.527284],[0.549327,0.540166],[0.470326,0.560301],[0.425123,0.568458],[0.339394,0.577642],[0.336753,0.56475],[0.423435,0.536629],[0.357973,0.40204],[0.163081,0.426395],[0.130048,0.74843],[0.0440943,0.823405],[-0.0355454,0.841976],[-0.13297,0.805567]],
"inputs": [[-0.365629,0.691009,136.332],[-0.332098,0.726732,132.373],[-0.293036,0.756709,124.992],[-0.249437,0.780472,118.242],[-0.20235,0.797739,112.006],[-0.152842,0.808398,106.169],[-0.101961,0.812501,100.623],[-0.0507034,0.810234,95.2653],[1.67424e-08,0.801898,90],[0.049305,0.787887,84.7347],[0.0964589,0.768659,79.3768],[0.140804,0.744724,73.8305],[0.181774,0.716621,67.9942],[0.218893,0.684904,61.7585],[0.251766,0.650136,55.008],[0.280068,0.612875,47.6271],[0.303545,0.573674,43.6677]],
"outputs": [[0.303545,-1.23838,278.512],[0.280068,-1.25228,277.425],[0.251766,-1.2676,275.711],[0.218893,-1.28419,274.388],[0.181774,-1.30184,273.304],[0.140804,-1.32034,272.372],[0.0964589,-1.33943,271.535],[0.0493049,-1.35884,270.754],[4.56749e-09,-1.37827,270],[-0.0507035,-1.39739,269.246],[-0.101961,-1.41583,268.465],[-0.152842,-1.43322,267.628],[-0.20235,-1.4492,266.696],[-0.249437,-1.46338,265.612],[-0.293036,-1.47539,264.289],[-0.332098,-1.48492,262.575],[-0.365629,-1.49167,261.488]],
"icon": [[-0.0983907,0.0331672],[0.0932578,0.274916]]
}