{"inputs": [[-0.1, -0.4333, 226.332], [-0.138, -0.3969, 222.373], [-0.1723, -0.3538, 214.99200000000002], [-0.2024, -0.3046, 208.24200000000002], [-0.228, -0.2502, 202.006], [-0.2482, -0.1916, 196.16899999999998], [-0.263, -0.1296, 190.623], [-0.2719, -0.0656, 185.2653], [-0.2749, -0.0002, 180.0], [-0.272, 0.065, 174.7347], [-0.2628, 0.1291, 169.3768], [-0.2482, 0.1911, 163.8305], [-0.228, 0.2497, 157.9941], [-0.2025, 0.3041, 151.7585], [-0.1723, 0.3533, 145.008], [-0.1379, 0.3965, 137.62709999999998], [-0.0999, 0.4328, 133.6676]], "name": "plane_boomWhisp_2_4", "outputs": [[-0.4693, 0.4328, 413.409], [-0.4203, 0.3964, 409.55], [-0.376, 0.3533, 401.987], [-0.3373, 0.3041, 394.629], [-0.3045, 0.2497, 387.457], [-0.2785, 0.1911, 380.445], [-0.2597, 0.1292, 373.558], [-0.248, 0.065, 366.757], [-0.2443, -0.0002, 360.0], [-0.2482, -0.0655, 353.243], [-0.2596, -0.1296, 346.442], [-0.2785, -0.1916, 339.555], [-0.3045, -0.2502, 332.543], [-0.3373, -0.3046, 325.371], [-0.3761, -0.3539, 318.01300000000003], [-0.4203, -0.397, 310.45], [-0.4692, -0.4334, 306.591]], "outline": [[-0.4383, 0.0416], [-0.442, -0.0003], [-0.4384, -0.0422], [-0.4274, -0.0823], [-0.4098, -0.1193], [-0.3859, -0.1519], [-0.3568, -0.1786], [-0.3237, -0.1984], [-0.2876, -0.2105], [-0.2501, -0.2148], [-0.2126, -0.2106], [-0.1767, -0.1984], [-0.1436, -0.1786], [-0.1145, -0.1519], [-0.0983, -0.13], [-0.0989, -0.1299], [-0.123, -0.1169], [-0.1443, -0.0995], [-0.1618, -0.0782], [-0.1747, -0.054], [-0.1826, -0.0275], [-0.1855, -0.0003], [-0.1827, 0.0271], [-0.1747, 0.0535], [-0.1618, 0.0778], [-0.1442, 0.0989], [-0.123, 0.1164], [-0.0989, 0.1294], [-0.0983, 0.1295], [-0.1144, 0.1514], [-0.1435, 0.1781], [-0.1768, 0.1979], [-0.2126, 0.2101], [-0.2502, 0.2142], [-0.2876, 0.21], [-0.3235, 0.1979], [-0.3568, 0.1782], [-0.3858, 0.1513], [-0.4098, 0.1189], [-0.4275, 0.0817]], "flags": {"1": {"outline": [[-0.2379, -0.0196], [-0.2378, -0.0082], [-0.2491, -0.0082], [-0.2491, -0.0196]]}, "0": {"outline": [[-0.2475, 0.0143], [-0.2475, 0.0052], [-0.2383, 0.0052], [-0.2383, 0.0141]]}, "3": {"outline": [[-0.2689, 0.0141], [-0.2689, 0.0068], [-0.2607, 0.0064], [-0.2607, 0.0145]]}, "2": {"outline": [[-0.2613, -0.0189], [-0.2613, -0.0105], [-0.2697, -0.0105], [-0.2697, -0.0189]]}}, "icon": [[-0.22999999999999998, -0.012800000000000011], [-0.20500000000000002, 0.012200000000000011]]}