{"inputs": [[0.5254, -0.1367, 338.832], [0.5065, -0.1857, 334.873], [0.4796, -0.234, 327.492], [0.4459, -0.2807, 320.742], [0.4053, -0.3249, 314.506], [0.3588, -0.3661, 308.669], [0.3074, -0.4035, 303.123], [0.2515, -0.4364, 297.7653], [0.1923, -0.4641, 292.5], [0.1309, -0.486, 287.2347], [0.0681, -0.5025, 281.8768], [0.0053, -0.5126, 276.33050000000003], [-0.0566, -0.5162, 270.4941], [-0.1168, -0.5137, 264.2585], [-0.1734, -0.5046, 257.50800000000004], [-0.2265, -0.4894, 250.12709999999998], [-0.2746, -0.4678, 246.1676]], "name": "plane_boomWhisp_8_9", "outputs": [[-0.1303, -0.8165, 525.909], [-0.1154, -0.7573, 522.05], [-0.0926, -0.7001, 514.4870000000001], [-0.0619, -0.6454, 507.129], [-0.0244, -0.5942, 499.957], [0.0201, -0.548, 492.945], [0.07, -0.5066, 486.058], [0.1249, -0.4715, 479.257], [0.1837, -0.4431, 472.5], [0.2454, -0.4216, 465.743], [0.3092, -0.4075, 458.942], [0.3735, -0.4015, 452.055], [0.4378, -0.403, 445.043], [0.5004, -0.4124, 437.871], [0.5606, -0.4294, 430.51300000000003], [0.6174, -0.4539, 422.95], [0.6698, -0.4852, 419.091]], "outline": [[0.194, -0.5935], [0.2403, -0.5795], [0.2829, -0.5567], [0.3202, -0.526], [0.351, -0.4889], [0.374, -0.4466], [0.3879, -0.4007], [0.3928, -0.3529], [0.3883, -0.305], [0.3746, -0.259], [0.3517, -0.2167], [0.3212, -0.1799], [0.3008, -0.1632], [0.3058, -0.1784], [0.3097, -0.2209], [0.3055, -0.2635], [0.2933, -0.3045], [0.2731, -0.3422], [0.246, -0.3753], [0.2128, -0.4024], [0.1753, -0.4224], [0.1343, -0.4349], [0.0917, -0.439], [0.049, -0.435], [0.0082, -0.4224], [-0.0296, -0.4023], [-0.0625, -0.3751], [-0.0896, -0.342], [-0.0973, -0.3281], [-0.0997, -0.3541], [-0.0951, -0.4019], [-0.0814, -0.4479], [-0.0588, -0.4901], [-0.0281, -0.5272], [0.0092, -0.5575], [0.0516, -0.58], [0.0978, -0.5938], [0.1458, -0.5984]], "flags": {"1": {"outline": [[0.1985, -0.4287], [0.1883, -0.4331], [0.1924, -0.4436], [0.203, -0.4394]]}, "0": {"outline": [[0.1712, -0.4505], [0.1796, -0.447], [0.1761, -0.4386], [0.1677, -0.4421]]}, "3": {"outline": [[0.1793, -0.4704], [0.1862, -0.4677], [0.1833, -0.46], [0.1759, -0.463]]}, "2": {"outline": [[0.2068, -0.4508], [0.1993, -0.4538], [0.2025, -0.4616], [0.2102, -0.4584]]}}, "icon": [[0.1694, -0.4512], [0.19440000000000002, -0.42619999999999997]]}