{"inputs": [[0.1148, -0.4334, 226.332], [0.0768, -0.3969, 222.373], [0.0424, -0.3538, 214.99200000000002], [0.0122, -0.3047, 208.24200000000002], [-0.0133, -0.2503, 202.006], [-0.0336, -0.1916, 196.16899999999998], [-0.0483, -0.1297, 190.623], [-0.0572, -0.0654, 185.2653], [-0.0601, -0.0003, 180.0], [-0.0571, 0.0651, 174.7347], [-0.0482, 0.1293, 169.3768], [-0.0335, 0.191, 163.8305], [-0.0133, 0.2497, 157.9941], [0.0121, 0.304, 151.7585], [0.0424, 0.3533, 145.008], [0.0767, 0.3964, 137.62709999999998], [0.1148, 0.4327, 133.6676]], "name": "plane_bullet_4", "outputs": [[-0.246, 0.4328, 413.409], [-0.1971, 0.3964, 409.55], [-0.1528, 0.3533, 401.987], [-0.1141, 0.3042, 394.629], [-0.0813, 0.2497, 387.457], [-0.0552, 0.1911, 380.445], [-0.0363, 0.1291, 373.558], [-0.0249, 0.0651, 366.757], [-0.021, -0.0003, 360.0], [-0.0248, -0.0654, 353.243], [-0.0363, -0.1297, 346.442], [-0.0552, -0.1917, 339.555], [-0.0813, -0.2503, 332.543], [-0.114, -0.3046, 325.371], [-0.1528, -0.3538, 318.01300000000003], [-0.1971, -0.397, 310.45], [-0.246, -0.4332, 306.591]], "outline": [[0.5365, -0.0064], [0.5087, 0.0059], [-0.0534, 0.0331], [-0.0863, -0.0003], [-0.0533, -0.0336]], "flags": {"1": {"outline": [[0.0679, -0.0082], [0.068, 0.0077], [0.0522, 0.0076], [0.0523, -0.0081]]}, "0": {"outline": [[0.0731, 0.0066], [0.073, -0.007], [0.1698, -0.0033], [0.1698, 0.0028]]}, "3": {"outline": [[-0.0733, 0.0035], [-0.0732, -0.004], [-0.044, -0.0218], [-0.044, 0.0212]]}, "2": {"outline": [[0.0452, -0.0085], [0.0452, 0.008], [0.0289, 0.008], [0.0288, -0.0086]]}}, "icon": [[-0.012714000000000001, -0.011114025], [0.008914, 0.010514025]]}