{"inputs": [[0.5956, 0.2221, 383.832], [0.6168, 0.1736, 379.873], [0.6321, 0.1209, 372.492], [0.6411, 0.0638, 365.742], [0.6441, 0.0038, 359.506], [0.6402, -0.0581, 353.669], [0.6301, -0.1211, 348.123], [0.6139, -0.1838, 342.7654], [0.5916, -0.2452, 337.5], [0.564, -0.3043, 332.2347], [0.5311, -0.3599, 326.8768], [0.4937, -0.4116, 321.33050000000003], [0.4527, -0.4579, 315.4941], [0.4084, -0.4986, 309.2585], [0.3616, -0.5325, 302.50800000000004], [0.3133, -0.5593, 295.1271], [0.2643, -0.5782, 291.1676]], "name": "plane_boomWhisp_15_11", "outputs": [[0.6171, -0.7244, 570.909], [0.5858, -0.6719, 567.05], [0.5614, -0.6151, 559.4870000000001], [0.5446, -0.555, 552.129], [0.5351, -0.4921, 544.957], [0.5335, -0.428, 537.9449999999999], [0.5397, -0.3636, 531.058], [0.5535, -0.2998, 524.2570000000001], [0.5752, -0.2382, 517.5], [0.6036, -0.1794, 510.743], [0.6386, -0.1246, 503.942], [0.6799, -0.0746, 497.055], [0.7263, -0.0302, 490.043], [0.7775, 0.0073, 482.871], [0.8322, 0.0379, 475.51300000000003], [0.8895, 0.0609, 467.95], [0.9485, 0.0759, 464.091]], "outline": [[0.5705, -0.2891], [0.5936, -0.246], [0.6079, -0.1991], [0.6128, -0.1501], [0.6077, -0.1015], [0.5936, -0.0545], [0.5705, -0.0111], [0.5685, -0.0087], [0.5743, -0.0201], [0.5906, -0.0735], [0.5961, -0.1288], [0.5905, -0.1844], [0.5744, -0.2378], [0.5482, -0.2871], [0.5127, -0.3305], [0.4695, -0.3656], [0.4203, -0.3919], [0.4082, -0.3959], [0.4115, -0.3955], [0.4583, -0.3813], [0.5015, -0.3581], [0.5396, -0.3269]], "flags": {"1": {"outline": [[0.5751, -0.2173], [0.5706, -0.2278], [0.5811, -0.2322], [0.5856, -0.2218]]}, "0": {"outline": [[0.5709, -0.2522], [0.5746, -0.2437], [0.5662, -0.2405], [0.5627, -0.2485]]}, "3": {"outline": [[0.591, -0.2603], [0.5937, -0.2535], [0.5861, -0.2501], [0.5831, -0.2576]]}, "2": {"outline": [[0.5966, -0.227], [0.5934, -0.2347], [0.6011, -0.2378], [0.6043, -0.2303]]}}, "icon": [[0.5706, -0.2542000000000001], [0.5955999999999999, -0.22919999999999993]]}