{"inputs": [[0.2251, -0.5887, 293.832], [0.177, -0.6102, 289.873], [0.124, -0.6253, 282.492], [0.067, -0.6344, 275.742], [0.007, -0.6371, 269.506], [-0.055, -0.6334, 263.669], [-0.1177, -0.6232, 258.123], [-0.1804, -0.607, 252.7653], [-0.242, -0.5846, 247.5], [-0.3011, -0.5569, 242.2347], [-0.357, -0.5241, 236.8768], [-0.4084, -0.487, 231.3305], [-0.4549, -0.4457, 225.4942], [-0.4956, -0.4014, 219.2585], [-0.5293, -0.3547, 212.508], [-0.556, -0.3064, 205.12709999999998], [-0.575, -0.2572, 201.1676]], "name": "plane_boomWhisp_14_7", "outputs": [[-0.7212, -0.6101, 480.909], [-0.6688, -0.5786, 477.05], [-0.6121, -0.5545, 469.487], [-0.5517, -0.5374, 462.129], [-0.489, -0.528, 454.957], [-0.4249, -0.5263, 447.945], [-0.3603, -0.5325, 441.058], [-0.2967, -0.5465, 434.257], [-0.2351, -0.5678, 427.5], [-0.1761, -0.5964, 420.743], [-0.1212, -0.6317, 413.942], [-0.0713, -0.6728, 407.055], [-0.027, -0.7193, 400.043], [0.0107, -0.7702, 392.871], [0.0412, -0.8251, 385.51300000000003], [0.0642, -0.8823, 377.95], [0.079, -0.9414, 374.091]], "outline": [[-0.2887, -0.5706], [-0.2455, -0.5935], [-0.1987, -0.6077], [-0.1501, -0.6126], [-0.1011, -0.6077], [-0.0544, -0.5935], [-0.0111, -0.5706], [0.0269, -0.5394], [0.0328, -0.532], [0.0278, -0.5362], [-0.0202, -0.5617], [-0.0721, -0.5776], [-0.1263, -0.5828], [-0.1804, -0.5774], [-0.2324, -0.5617], [-0.2803, -0.5362], [-0.3223, -0.5017], [-0.3569, -0.4596], [-0.3825, -0.4116], [-0.3983, -0.3597], [-0.3989, -0.3532], [-0.3999, -0.3628], [-0.395, -0.4114], [-0.3809, -0.4583], [-0.3578, -0.5015], [-0.3266, -0.5394]], "flags": {"1": {"outline": [[-0.2141, -0.568], [-0.2245, -0.5639], [-0.229, -0.5741], [-0.2184, -0.5785]]}, "0": {"outline": [[-0.2491, -0.5641], [-0.2406, -0.5674], [-0.2371, -0.5589], [-0.2454, -0.5555]]}, "3": {"outline": [[-0.2571, -0.5839], [-0.2503, -0.5867], [-0.2468, -0.5792], [-0.2543, -0.5761]]}, "2": {"outline": [[-0.2237, -0.5895], [-0.2315, -0.5863], [-0.2345, -0.5939], [-0.227, -0.5972]]}}, "icon": [[-0.25060000000000004, -0.5879000000000001], [-0.22559999999999994, -0.5629]]}