{"inputs": [[-0.2663, -0.5793, 248.832], [-0.3155, -0.5603, 244.873], [-0.3637, -0.5336, 237.49200000000002], [-0.4105, -0.4997, 230.74200000000002], [-0.4548, -0.4592, 224.506], [-0.4958, -0.4129, 218.66899999999998], [-0.5331, -0.3613, 213.123], [-0.566, -0.3054, 207.7654], [-0.5937, -0.2463, 202.5], [-0.6161, -0.1847, 197.2347], [-0.6322, -0.1222, 191.8768], [-0.6424, -0.0593, 186.3305], [-0.6461, 0.0026, 180.4941], [-0.6434, 0.0627, 174.2585], [-0.6343, 0.1196, 167.508], [-0.619, 0.1726, 160.12709999999998], [-0.5977, 0.2207, 156.1676]], "name": "plane_boomWhisp_16_5", "outputs": [[-0.9507, 0.0745, 435.909], [-0.8916, 0.0597, 432.05], [-0.8341, 0.0368, 424.487], [-0.7795, 0.0063, 417.129], [-0.7286, -0.0314, 409.957], [-0.682, -0.0758, 402.945], [-0.6409, -0.1255, 396.058], [-0.6057, -0.1805, 389.257], [-0.5771, -0.2393, 382.5], [-0.5558, -0.3012, 375.743], [-0.5419, -0.3649, 368.942], [-0.5357, -0.4293, 362.055], [-0.5372, -0.4935, 355.043], [-0.5466, -0.5562, 347.871], [-0.5637, -0.6165, 340.51300000000003], [-0.588, -0.6732, 332.95], [-0.6193, -0.7255, 329.091]], "outline": [[-0.6076, -0.1992], [-0.5934, -0.2462], [-0.5703, -0.2894], [-0.5393, -0.3272], [-0.5014, -0.3583], [-0.4582, -0.3814], [-0.4483, -0.3844], [-0.474, -0.3706], [-0.518, -0.3346], [-0.5539, -0.2908], [-0.5807, -0.2407], [-0.597, -0.1865], [-0.6027, -0.1301], [-0.597, -0.0737], [-0.5886, -0.0457], [-0.5934, -0.0548], [-0.6076, -0.1017], [-0.6125, -0.1505]], "flags": {"1": {"outline": [[-0.5626, -0.2542], [-0.5669, -0.2437], [-0.5773, -0.2481], [-0.5729, -0.2584]]}, "0": {"outline": [[-0.5843, -0.2267], [-0.5809, -0.235], [-0.5724, -0.2315], [-0.5759, -0.2232]]}, "3": {"outline": [[-0.6041, -0.235], [-0.6014, -0.2418], [-0.5935, -0.2389], [-0.5967, -0.2315]]}, "2": {"outline": [[-0.5844, -0.2625], [-0.5876, -0.2548], [-0.5953, -0.2579], [-0.5922, -0.2657]]}}, "icon": [[-0.5981000000000001, -0.25529999999999997], [-0.5730999999999999, -0.23029999999999998]]}