{"inputs": [[0.4331, -0.409, 316.332], [0.3971, -0.4471, 312.373], [0.3538, -0.4815, 304.992], [0.3044, -0.5117, 298.242], [0.2501, -0.5372, 292.006], [0.1916, -0.5574, 286.169], [0.1295, -0.5721, 280.623], [0.0654, -0.581, 275.2654], [0.0002, -0.5839, 270.0], [-0.065, -0.5808, 264.7347], [-0.1293, -0.5721, 259.3768], [-0.1912, -0.5572, 253.8305], [-0.2498, -0.5371, 247.9941], [-0.3041, -0.5117, 241.7585], [-0.3533, -0.4815, 235.008], [-0.3965, -0.4471, 227.62709999999998], [-0.4327, -0.4089, 223.6676]], "name": "plane_boomWhisp_11_8", "outputs": [[-0.4328, -0.789, 503.409], [-0.3964, -0.7401, 499.55], [-0.3534, -0.6958, 491.987], [-0.3041, -0.657, 484.629], [-0.2497, -0.6243, 477.457], [-0.1912, -0.5982, 470.445], [-0.1293, -0.5794, 463.558], [-0.065, -0.5678, 456.757], [0.0003, -0.564, 450.0], [0.0653, -0.5679, 443.243], [0.1298, -0.5793, 436.442], [0.1914, -0.5982, 429.555], [0.2501, -0.6243, 422.543], [0.3046, -0.6571, 415.371], [0.3539, -0.6957, 408.01300000000003], [0.3969, -0.7401, 400.45], [0.4332, -0.7889, 396.591]], "outline": [[-0.0486, -0.6347], [0.0002, -0.6393], [0.0486, -0.6347], [0.0954, -0.6204], [0.1386, -0.5976], [0.1765, -0.5665], [0.2075, -0.5288], [0.2306, -0.486], [0.2446, -0.4391], [0.2495, -0.3907], [0.2449, -0.345], [0.231, -0.3908], [0.2079, -0.434], [0.1769, -0.4719], [0.1388, -0.5031], [0.0959, -0.526], [0.049, -0.5404], [0.0001, -0.5451], [-0.0486, -0.5403], [-0.0954, -0.526], [-0.1385, -0.503], [-0.1764, -0.4719], [-0.2075, -0.4341], [-0.2304, -0.3909], [-0.2444, -0.345], [-0.2491, -0.3907], [-0.2443, -0.4392], [-0.2301, -0.4861], [-0.2071, -0.5288], [-0.1759, -0.5666], [-0.1383, -0.5975], [-0.095, -0.6206]], "flags": {"1": {"outline": [[0.0195, -0.5564], [0.0082, -0.5562], [0.0082, -0.5677], [0.0194, -0.5678]]}, "0": {"outline": [[-0.0141, -0.566], [-0.0053, -0.5659], [-0.0052, -0.5569], [-0.0142, -0.5569]]}, "3": {"outline": [[-0.0143, -0.5874], [-0.007, -0.5875], [-0.0066, -0.5792], [-0.0145, -0.5792]]}, "2": {"outline": [[0.0187, -0.5798], [0.0103, -0.5799], [0.0104, -0.5881], [0.0187, -0.5881]]}}, "icon": [[-0.012299999999999955, -0.5799], [0.012699999999999956, -0.5549000000000001]]}