{"inputs": [[-0.433013, 0.465082, 136.332], [-0.396677, 0.503149, 132.373], [-0.353553, 0.53757, 124.992], [-0.304381, 0.567756, 118.242], [-0.25, 0.593191, 112.006], [-0.191342, 0.61344, 106.169], [-0.12941, 0.628156, 100.623], [-0.0652631, 0.637088, 95.2654], [2.18557e-08, 0.640082, 90], [0.0652631, 0.637088, 84.7347], [0.12941, 0.628156, 79.3768], [0.191342, 0.61344, 73.8305], [0.25, 0.593191, 67.9941], [0.304381, 0.567756, 61.7585], [0.353553, 0.53757, 55.008], [0.396677, 0.503149, 47.6271], [0.433013, 0.465082, 43.6676]], "name": "plane_boomWhisp_15_0", "outputs": [[0.433013, 0.847085, 323.409], [0.396677, 0.798143, 319.55], [0.353553, 0.753887, 311.987], [0.304381, 0.715076, 304.629], [0.25, 0.682374, 297.457], [0.191342, 0.65634, 290.445], [0.12941, 0.637419, 283.558], [0.065263, 0.625935, 276.757], [5.96244e-09, 0.622085, 270], [-0.0652632, 0.625935, 263.243], [-0.129409, 0.637419, 256.442], [-0.191342, 0.65634, 249.555], [-0.25, 0.682374, 242.543], [-0.304381, 0.715076, 235.371], [-0.353553, 0.753887, 228.013], [-0.396677, 0.798143, 220.45], [-0.433013, 0.847085, 216.591]], "outline": [[0.0487693, 0.637475], [3.93282e-17, 0.642278], [-0.0487694, 0.637475], [-0.0956646, 0.62325], [-0.138883, 0.600151], [-0.176765, 0.569064], [-0.207854, 0.531184], [-0.209458, 0.528183], [-0.201325, 0.538093], [-0.15818, 0.573501], [-0.108956, 0.599812], [-0.0555454, 0.616014], [3.8055e-17, 0.621485], [0.0555454, 0.616014], [0.108956, 0.599812], [0.15818, 0.573501], [0.201325, 0.538093], [0.209458, 0.528183], [0.207854, 0.531184], [0.176765, 0.569064], [0.138883, 0.600151], [0.0956646, 0.62325]], "flags": {"1": {"outline": [[-0.0192751, 0.614195], [-0.00796014, 0.614195], [-0.00796014, 0.625509], [-0.019275, 0.625509]]}, "0": {"outline": [[0.0144482, 0.623811], [0.00539548, 0.623811], [0.00545735, 0.614719], [0.0143864, 0.614719]]}, "3": {"outline": [[0.0144246, 0.645284], [0.00706542, 0.645284], [0.00670603, 0.637068], [0.0147839, 0.637068]]}, "2": {"outline": [[-0.01855, 0.637668], [-0.0102311, 0.637668], [-0.0102311, 0.645986], [-0.01855, 0.645986]]}}, "icon": [[-0.0125, 0.618482], [0.0125, 0.643482]]}