{"inputs": [[-0.2876, 0.4372, 473.832], [-0.2392, 0.4585, 469.873], [-0.1862, 0.4739, 462.492], [-0.1294, 0.4829, 455.742], [-0.0693, 0.4856, 449.506], [-0.0075, 0.4817, 443.669], [0.0552, 0.4718, 438.123], [0.118, 0.4555, 432.7653], [0.1794, 0.4334, 427.5], [0.2387, 0.4056, 422.2347], [0.2944, 0.3727, 416.8768], [0.346, 0.3354, 411.33050000000003], [0.3926, 0.2942, 405.4941], [0.4329, 0.2502, 399.2585], [0.4669, 0.2034, 392.50800000000004], [0.4937, 0.1549, 385.1271], [0.5124, 0.1058, 381.1676]], "name": "plane_boomWhisp_7_15", "outputs": [[0.6566, 0.4535, 660.909], [0.6044, 0.4219, 657.05], [0.5475, 0.3978, 649.4870000000001], [0.4873, 0.3806, 642.129], [0.4244, 0.3714, 634.957], [0.3603, 0.3698, 627.9449999999999], [0.2957, 0.3757, 621.058], [0.2321, 0.3899, 614.2570000000001], [0.1703, 0.4113, 607.5], [0.1118, 0.4397, 600.7429999999999], [0.0565, 0.4749, 593.942], [0.0069, 0.5161, 587.0550000000001], [-0.0374, 0.5627, 580.043], [-0.0753, 0.6136, 572.871], [-0.1058, 0.6684, 565.513], [-0.1288, 0.7256, 557.95], [-0.1435, 0.7848, 554.091]], "outline": [[0.279, 0.5488], [0.2367, 0.5712], [0.1908, 0.5852], [0.1431, 0.5901], [0.0954, 0.5858], [0.0494, 0.5722], [0.0074, 0.5499], [-0.0298, 0.5201], [-0.0598, 0.4834], [-0.082, 0.4414], [-0.0959, 0.396], [-0.1006, 0.3488], [-0.0956, 0.3022], [-0.0893, 0.314], [-0.0635, 0.3452], [-0.0321, 0.371], [0.0035, 0.3901], [0.0424, 0.4019], [0.0825, 0.4059], [0.123, 0.4018], [0.1616, 0.3901], [0.1973, 0.3712], [0.2288, 0.3453], [0.2544, 0.3141], [0.2737, 0.2783], [0.2852, 0.2397], [0.289, 0.1991], [0.2852, 0.1587], [0.2814, 0.1459], [0.3178, 0.1756], [0.348, 0.2123], [0.3702, 0.2538], [0.3841, 0.2994], [0.3886, 0.3466], [0.3836, 0.3939], [0.3695, 0.4396], [0.3468, 0.4815], [0.3163, 0.5184]], "flags": {"1": {"outline": [[0.15, 0.412], [0.1605, 0.4075], [0.1646, 0.418], [0.1542, 0.4225]]}, "0": {"outline": [[0.1845, 0.4078], [0.1761, 0.4113], [0.1728, 0.4029], [0.1811, 0.3995]]}, "3": {"outline": [[0.193, 0.4277], [0.1859, 0.4306], [0.1826, 0.4231], [0.19, 0.42]]}, "2": {"outline": [[0.1594, 0.4331], [0.1672, 0.4303], [0.1704, 0.4379], [0.1627, 0.4412]]}}, "icon": [[0.15469999999999998, 0.39139999999999997], [0.1797, 0.4164]]}