{"inputs": [[0.1645, 0.5369, 428.832], [0.2137, 0.5177, 424.873], [0.262, 0.4912, 417.492], [0.3087, 0.4573, 410.742], [0.353, 0.4169, 404.506], [0.3942, 0.3703, 398.669], [0.4314, 0.3185, 393.123], [0.4644, 0.2629, 387.7654], [0.4918, 0.2039, 382.5], [0.5141, 0.1425, 377.2347], [0.5304, 0.0794, 371.8768], [0.5406, 0.0166, 366.33050000000003], [0.5444, -0.0453, 360.4941], [0.5418, -0.1051, 354.2585], [0.5326, -0.1621, 347.50800000000004], [0.5173, -0.215, 340.1271], [0.4961, -0.2633, 336.1676]], "name": "plane_boomWhisp_9_13", "outputs": [[0.8456, -0.1183, 615.909], [0.7864, -0.1039, 612.05], [0.7291, -0.0807, 604.4870000000001], [0.6744, -0.0502, 597.129], [0.6232, -0.0126, 589.957], [0.5769, 0.0318, 582.9449999999999], [0.5357, 0.0818, 576.058], [0.5006, 0.1365, 569.2570000000001], [0.472, 0.1955, 562.5], [0.4505, 0.2572, 555.7429999999999], [0.4364, 0.3208, 548.942], [0.4305, 0.3852, 542.0550000000001], [0.4322, 0.4496, 535.043], [0.4412, 0.5121, 527.871], [0.4585, 0.5725, 520.513], [0.4827, 0.6293, 512.95], [0.5139, 0.6816, 509.091]], "outline": [[0.5989, 0.1957], [0.585, 0.2422], [0.5621, 0.285], [0.5313, 0.3226], [0.4937, 0.3534], [0.4512, 0.3766], [0.4049, 0.3905], [0.3566, 0.3953], [0.3085, 0.3907], [0.2622, 0.3768], [0.2194, 0.354], [0.1823, 0.3232], [0.1787, 0.3189], [0.1955, 0.3239], [0.2402, 0.3285], [0.2852, 0.3239], [0.3279, 0.3109], [0.3676, 0.2897], [0.4023, 0.2614], [0.4307, 0.2264], [0.4519, 0.187], [0.4651, 0.1441], [0.4694, 0.0996], [0.4649, 0.0547], [0.452, 0.0119], [0.4307, -0.0277], [0.402, -0.0627], [0.3676, -0.0911], [0.352, -0.0993], [0.3575, -0.0998], [0.4055, -0.0951], [0.4518, -0.0811], [0.4944, -0.0583], [0.532, -0.0275], [0.5626, 0.0098], [0.5851, 0.0528], [0.5993, 0.0989], [0.6039, 0.1475]], "flags": {"1": {"outline": [[0.4577, 0.2105], [0.462, 0.1999], [0.4723, 0.2043], [0.4681, 0.2147]]}, "0": {"outline": [[0.4793, 0.1829], [0.4759, 0.1914], [0.4676, 0.1878], [0.4709, 0.1794]]}, "3": {"outline": [[0.4995, 0.1913], [0.4964, 0.198], [0.4889, 0.1949], [0.4918, 0.1876]]}, "2": {"outline": [[0.4798, 0.2187], [0.4829, 0.211], [0.4906, 0.2142], [0.4874, 0.222]]}}, "icon": [[0.45809999999999995, 0.18219999999999995], [0.4831000000000001, 0.20720000000000008]]}