{"inputs": [[0.4334, 0.1145, 316.332], [0.3968, 0.0766, 312.373], [0.3537, 0.0421, 304.992], [0.3047, 0.0119, 298.242], [0.2503, -0.0136, 292.006], [0.1915, -0.0338, 286.169], [0.1297, -0.0486, 280.623], [0.0654, -0.0576, 275.2653], [0.0002, -0.0603, 270.0], [-0.0651, -0.0574, 264.7347], [-0.1294, -0.0484, 259.3768], [-0.1911, -0.0337, 253.8305], [-0.2498, -0.0136, 247.9941], [-0.304, 0.0118, 241.7585], [-0.3533, 0.0422, 235.008], [-0.3964, 0.0765, 227.62709999999998], [-0.4327, 0.1145, 223.6676]], "name": "plane_bullet_8", "outputs": [[-0.4328, -0.2462, 503.409], [-0.3964, -0.1974, 499.55], [-0.3533, -0.153, 491.987], [-0.3043, -0.1144, 484.629], [-0.2497, -0.0816, 477.457], [-0.1912, -0.0555, 470.445], [-0.1291, -0.0365, 463.558], [-0.0652, -0.0252, 456.757], [0.0003, -0.0212, 450.0], [0.0654, -0.025, 443.243], [0.1296, -0.0366, 436.442], [0.1917, -0.0555, 429.555], [0.2502, -0.0816, 422.543], [0.3046, -0.1143, 415.371], [0.3537, -0.153, 408.01300000000003], [0.397, -0.1973, 400.45], [0.4332, -0.2463, 396.591]], "outline": [[0.0064, 0.5362], [-0.0059, 0.5085], [-0.0331, -0.0537], [0.0003, -0.0866], [0.0336, -0.0536]], "flags": {"1": {"outline": [[0.0082, 0.0676], [-0.0077, 0.0677], [-0.0076, 0.0519], [0.0081, 0.0521]]}, "0": {"outline": [[-0.0066, 0.0729], [0.007, 0.0727], [0.0032, 0.1695], [-0.0028, 0.1696]]}, "3": {"outline": [[-0.0036, -0.0736], [0.004, -0.0734], [0.0217, -0.0442], [-0.0213, -0.0442]]}, "2": {"outline": [[0.0084, 0.045], [-0.008, 0.0448], [-0.0081, 0.0287], [0.0086, 0.0284]]}}, "icon": [[-0.010514, -0.013014025], [0.011114, 0.008614024999999999]]}