{"inputs": [[0.2212, 0.4331, 406.332], [0.2595, 0.3964, 402.373], [0.2939, 0.3534, 394.992], [0.3239, 0.3044, 388.242], [0.3496, 0.25, 382.006], [0.3697, 0.1913, 376.169], [0.3843, 0.1294, 370.623], [0.3933, 0.0655, 365.2653], [0.3963, -0.0002, 360.0], [0.3934, -0.0652, 354.7347], [0.3845, -0.1296, 349.3768], [0.3697, -0.1912, 343.83050000000003], [0.3493, -0.25, 337.9941], [0.3239, -0.3045, 331.7585], [0.2938, -0.3535, 325.00800000000004], [0.2594, -0.397, 317.6271], [0.2213, -0.433, 313.66769999999997]], "name": "plane_boomWhisp_5_12", "outputs": [[0.595, -0.4331, 593.409], [0.5459, -0.3967, 589.55], [0.5018, -0.3535, 581.9870000000001], [0.4631, -0.3045, 574.629], [0.4302, -0.2499, 567.457], [0.4042, -0.1912, 560.4449999999999], [0.3853, -0.1295, 553.558], [0.3736, -0.0654, 546.7570000000001], [0.3698, 0.0, 540.0], [0.3737, 0.0653, 533.2429999999999], [0.3854, 0.1295, 526.442], [0.4042, 0.1912, 519.5550000000001], [0.4303, 0.2502, 512.543], [0.4627, 0.3043, 505.371], [0.5018, 0.3534, 498.01300000000003], [0.5459, 0.3966, 490.45], [0.5949, 0.433, 486.591]], "outline": [[0.5817, -0.0468], [0.586, -0.0003], [0.5816, 0.0467], [0.5684, 0.0914], [0.547, 0.1328], [0.5182, 0.1691], [0.4829, 0.1987], [0.4428, 0.2208], [0.3994, 0.2345], [0.3542, 0.2389], [0.3089, 0.2345], [0.2656, 0.2206], [0.2254, 0.1988], [0.2006, 0.1777], [0.2306, 0.1683], [0.2621, 0.1515], [0.2897, 0.129], [0.3124, 0.1014], [0.3291, 0.0697], [0.3395, 0.0356], [0.3432, 0.0], [0.3396, -0.0358], [0.3293, -0.0697], [0.3123, -0.1012], [0.2898, -0.1291], [0.2621, -0.152], [0.2306, -0.1686], [0.2004, -0.1775], [0.2254, -0.1989], [0.2656, -0.221], [0.3089, -0.2346], [0.3544, -0.239], [0.3996, -0.2345], [0.4428, -0.221], [0.4831, -0.1988], [0.5182, -0.1691], [0.5471, -0.1328], [0.5685, -0.0917]], "flags": {"1": {"outline": [[0.363, 0.0193], [0.3629, 0.008], [0.3745, 0.008], [0.3745, 0.0192]]}, "0": {"outline": [[0.3725, -0.0145], [0.3726, -0.0053], [0.3635, -0.0053], [0.3636, -0.0143]]}, "3": {"outline": [[0.3943, -0.0144], [0.3942, -0.0072], [0.3858, -0.0069], [0.3857, -0.0147]]}, "2": {"outline": [[0.3864, 0.0184], [0.3864, 0.01], [0.3947, 0.0101], [0.3947, 0.0185]]}}, "icon": [[0.3426, -0.012800000000000011], [0.36760000000000004, 0.012200000000000011]]}