{"inputs": [[0.0027, 0.4698, 428.832], [0.0516, 0.4504, 424.873], [0.0998, 0.4242, 417.492], [0.1465, 0.3901, 410.742], [0.191, 0.3498, 404.506], [0.232, 0.3031, 398.669], [0.2696, 0.2516, 393.123], [0.3023, 0.1958, 387.7653], [0.3298, 0.1367, 382.5], [0.3521, 0.075, 377.2347], [0.3685, 0.0122, 371.8768], [0.3785, -0.0505, 366.33050000000003], [0.3822, -0.1122, 360.4941], [0.3799, -0.1723, 354.2585], [0.3706, -0.2294, 347.50800000000004], [0.3554, -0.2822, 340.1271], [0.3341, -0.3303, 336.1676]], "name": "plane_boomWhisp_4_13", "outputs": [[0.678, -0.1881, 615.909], [0.6188, -0.1731, 612.05], [0.5616, -0.1501, 604.4870000000001], [0.5069, -0.1196, 597.129], [0.4557, -0.082, 589.957], [0.4094, -0.0376, 582.9449999999999], [0.368, 0.0122, 576.058], [0.3329, 0.0673, 569.2570000000001], [0.3044, 0.1258, 562.5], [0.283, 0.1876, 555.7429999999999], [0.2691, 0.2515, 548.942], [0.2629, 0.3159, 542.0550000000001], [0.2644, 0.3802, 535.043], [0.2736, 0.4428, 527.871], [0.291, 0.5031, 520.513], [0.3151, 0.56, 512.95], [0.3465, 0.6122, 509.091]], "outline": [[0.5274, 0.169], [0.5139, 0.2127], [0.4926, 0.2533], [0.4638, 0.2891], [0.4296, 0.3186], [0.3905, 0.3406], [0.3482, 0.3547], [0.3042, 0.36], [0.2606, 0.3563], [0.2188, 0.3438], [0.1805, 0.323], [0.1469, 0.2948], [0.1197, 0.2603], [0.0997, 0.2204], [0.0984, 0.2162], [0.1179, 0.2182], [0.1513, 0.215], [0.1829, 0.2052], [0.2121, 0.1897], [0.2379, 0.1684], [0.259, 0.1429], [0.2748, 0.1136], [0.2843, 0.082], [0.2874, 0.0489], [0.2843, 0.0157], [0.2746, -0.0161], [0.2587, -0.0451], [0.2379, -0.071], [0.2225, -0.0834], [0.2264, -0.0853], [0.2686, -0.0993], [0.3125, -0.1046], [0.356, -0.101], [0.398, -0.0885], [0.4364, -0.0678], [0.4697, -0.0397], [0.4972, -0.0048], [0.517, 0.035], [0.529, 0.0784], [0.5327, 0.1236]], "flags": {"1": {"outline": [[0.2908, 0.1414], [0.2951, 0.1307], [0.3056, 0.1351], [0.3011, 0.1457]]}, "0": {"outline": [[0.3128, 0.1138], [0.3089, 0.1221], [0.3007, 0.1188], [0.3041, 0.1105]]}, "3": {"outline": [[0.3323, 0.1218], [0.3297, 0.1286], [0.322, 0.1259], [0.3248, 0.1184]]}, "2": {"outline": [[0.3126, 0.1496], [0.3157, 0.1419], [0.3236, 0.1449], [0.3203, 0.1527]]}}, "icon": [[0.27449999999999997, 0.10599999999999998], [0.2995, 0.131]]}