{"inputs": [[-0.5368, 0.1643, 158.832], [-0.5178, 0.2134, 154.873], [-0.4912, 0.2617, 147.49200000000002], [-0.4573, 0.3084, 140.74200000000002], [-0.4168, 0.3527, 134.506], [-0.3703, 0.3939, 128.66899999999998], [-0.3187, 0.4312, 123.123], [-0.2629, 0.464, 117.7654], [-0.2038, 0.4917, 112.5], [-0.1423, 0.5139, 107.2347], [-0.0796, 0.5302, 101.8768], [-0.0168, 0.5403, 96.3305], [0.0452, 0.5441, 90.4941], [0.1051, 0.5414, 84.2585], [0.1621, 0.5323, 77.50800000000001], [0.2151, 0.517, 70.1271], [0.2633, 0.4958, 66.1676]], "name": "plane_boomWhisp_9_1", "outputs": [[0.1185, 0.8453, 345.909], [0.1037, 0.7861, 342.05], [0.0808, 0.7287, 334.487], [0.0502, 0.6741, 327.129], [0.0125, 0.623, 319.957], [-0.0318, 0.5765, 312.945], [-0.0818, 0.5354, 306.058], [-0.1366, 0.5002, 299.257], [-0.1954, 0.4717, 292.5], [-0.2572, 0.4503, 285.743], [-0.3209, 0.4363, 278.942], [-0.3853, 0.4301, 272.055], [-0.4495, 0.4317, 265.043], [-0.5122, 0.4411, 257.871], [-0.5725, 0.4581, 250.513], [-0.6293, 0.4825, 242.95], [-0.6816, 0.5138, 239.091]], "outline": [[-0.1957, 0.5987], [-0.2422, 0.5846], [-0.2851, 0.5617], [-0.3226, 0.531], [-0.3535, 0.4935], [-0.3765, 0.4508], [-0.3906, 0.4045], [-0.3955, 0.3563], [-0.3908, 0.3082], [-0.3768, 0.2619], [-0.354, 0.2193], [-0.3232, 0.182], [-0.3191, 0.1785], [-0.3241, 0.1953], [-0.3286, 0.24], [-0.3241, 0.2847], [-0.3111, 0.3276], [-0.2899, 0.3673], [-0.2615, 0.402], [-0.2267, 0.4305], [-0.1871, 0.4516], [-0.1442, 0.4647], [-0.0995, 0.4691], [-0.0548, 0.4647], [-0.0118, 0.4516], [0.0278, 0.4305], [0.0625, 0.402], [0.091, 0.3673], [0.0992, 0.3518], [0.0998, 0.3572], [0.0951, 0.4053], [0.0811, 0.4516], [0.0583, 0.4942], [0.0276, 0.5316], [-0.0099, 0.5622], [-0.0527, 0.5849], [-0.0991, 0.5989], [-0.1474, 0.6035]], "flags": {"1": {"outline": [[-0.2104, 0.4574], [-0.1999, 0.4617], [-0.2043, 0.4722], [-0.2147, 0.4679]]}, "0": {"outline": [[-0.1829, 0.4792], [-0.1913, 0.4757], [-0.1877, 0.4674], [-0.1795, 0.4708]]}, "3": {"outline": [[-0.1912, 0.499], [-0.198, 0.4962], [-0.1951, 0.4885], [-0.1877, 0.4916]]}, "2": {"outline": [[-0.2187, 0.4794], [-0.211, 0.4826], [-0.2142, 0.4902], [-0.2219, 0.4871]]}}, "icon": [[-0.2073, 0.4577], [-0.1823, 0.4827000000000001]]}