{"inputs": [[0.4458, 0.4329, 406.332], [0.4838, 0.3965, 402.373], [0.5182, 0.3534, 394.992], [0.5485, 0.3042, 388.242], [0.5738, 0.25, 382.006], [0.5941, 0.1914, 376.169], [0.6088, 0.1295, 370.623], [0.6177, 0.0651, 365.2654], [0.6208, 0.0, 360.0], [0.6177, -0.0655, 354.7347], [0.6089, -0.1294, 349.3768], [0.594, -0.1913, 343.83050000000003], [0.5739, -0.2499, 337.9941], [0.5484, -0.3044, 331.7585], [0.5182, -0.3535, 325.00800000000004], [0.4838, -0.3967, 317.6271], [0.4457, -0.4329, 313.6676]], "name": "plane_boomWhisp_13_12", "outputs": [[0.827, -0.433, 593.409], [0.7781, -0.3969, 589.55], [0.7338, -0.3535, 581.9870000000001], [0.695, -0.3043, 574.629], [0.6623, -0.2502, 567.457], [0.6361, -0.1915, 560.4449999999999], [0.6174, -0.1294, 553.558], [0.606, -0.0654, 546.7570000000001], [0.602, -0.0001, 540.0], [0.606, 0.0652, 533.2429999999999], [0.6173, 0.1295, 526.442], [0.6363, 0.1912, 519.5550000000001], [0.6624, 0.2501, 512.543], [0.6952, 0.3044, 505.371], [0.7339, 0.3535, 498.01300000000003], [0.7781, 0.3965, 490.45], [0.8271, 0.433, 486.591]], "outline": [[0.6369, -0.0488], [0.642, 0.0001], [0.637, 0.0486], [0.623, 0.0956], [0.5997, 0.1386], [0.5686, 0.1765], [0.5308, 0.2077], [0.4877, 0.2307], [0.441, 0.2449], [0.4279, 0.2462], [0.4706, 0.2233], [0.5116, 0.19], [0.5449, 0.1493], [0.5698, 0.1029], [0.585, 0.0524], [0.5903, -0.0003], [0.5851, -0.0525], [0.5698, -0.103], [0.5447, -0.1492], [0.5114, -0.1902], [0.4707, -0.2237], [0.428, -0.2463], [0.4408, -0.2451], [0.4876, -0.2308], [0.5308, -0.2078], [0.5686, -0.1766], [0.5997, -0.1388], [0.6229, -0.0956]], "flags": {"1": {"outline": [[0.5942, 0.0192], [0.5944, 0.0078], [0.6054, 0.0079], [0.6055, 0.0191]]}, "0": {"outline": [[0.6039, -0.0146], [0.6037, -0.0057], [0.5947, -0.0053], [0.5946, -0.0145]]}, "3": {"outline": [[0.6255, -0.0145], [0.6252, -0.0071], [0.617, -0.0068], [0.617, -0.0147]]}, "2": {"outline": [[0.6178, 0.0184], [0.6179, 0.0101], [0.6261, 0.0101], [0.626, 0.0184]]}}, "icon": [[0.5965, -0.012699999999999956], [0.6214999999999999, 0.012299999999999955]]}