{"inputs": [[0.5708, -0.2462, 338.832], [0.5517, -0.2952, 334.873], [0.5251, -0.3435, 327.492], [0.4912, -0.3903, 320.742], [0.4507, -0.4344, 314.506], [0.4044, -0.4756, 308.669], [0.3528, -0.5129, 303.123], [0.2968, -0.5458, 297.7654], [0.2378, -0.5735, 292.5], [0.1761, -0.5958, 287.2347], [0.1137, -0.612, 281.8768], [0.0508, -0.6219, 276.33050000000003], [-0.0111, -0.6258, 270.4941], [-0.0712, -0.6231, 264.2585], [-0.1282, -0.614, 257.50800000000004], [-0.1811, -0.5987, 250.12709999999998], [-0.2292, -0.5775, 246.1676]], "name": "plane_boomWhisp_13_9", "outputs": [[-0.0834, -0.9297, 525.909], [-0.0687, -0.8707, 522.05], [-0.0456, -0.8132, 514.4870000000001], [-0.015, -0.7585, 507.129], [0.0225, -0.7076, 499.957], [0.0668, -0.661, 492.945], [0.1169, -0.6199, 486.058], [0.1717, -0.5849, 479.257], [0.2305, -0.5562, 472.5], [0.2923, -0.5349, 465.743], [0.3561, -0.5208, 458.942], [0.4204, -0.5147, 452.055], [0.4847, -0.5162, 445.043], [0.5474, -0.5258, 437.871], [0.6077, -0.5427, 430.51300000000003], [0.6643, -0.5671, 422.95], [0.7168, -0.5984, 419.091]], "outline": [[0.1989, -0.6071], [0.2459, -0.5931], [0.2889, -0.5699], [0.3269, -0.539], [0.3578, -0.501], [0.3809, -0.4578], [0.3952, -0.411], [0.3999, -0.3623], [0.3952, -0.3137], [0.3914, -0.3012], [0.3866, -0.3494], [0.3715, -0.3999], [0.3466, -0.4463], [0.3133, -0.4871], [0.2725, -0.5204], [0.2258, -0.5454], [0.1756, -0.5606], [0.1231, -0.5658], [0.0708, -0.5604], [0.0202, -0.5453], [-0.0263, -0.5205], [-0.0635, -0.4896], [-0.0576, -0.5011], [-0.0264, -0.5388], [0.0113, -0.57], [0.0546, -0.5929], [0.1014, -0.6072], [0.1502, -0.6121]], "flags": {"1": {"outline": [[0.2454, -0.5416], [0.2349, -0.5461], [0.2392, -0.5563], [0.2496, -0.5521]]}, "0": {"outline": [[0.2178, -0.5635], [0.226, -0.56], [0.2229, -0.5515], [0.2144, -0.5549]]}, "3": {"outline": [[0.2262, -0.5834], [0.2329, -0.5804], [0.23, -0.5727], [0.2227, -0.5757]]}, "2": {"outline": [[0.2536, -0.5637], [0.246, -0.5669], [0.2492, -0.5746], [0.2568, -0.5713]]}}, "icon": [[0.22060000000000005, -0.5751999999999999], [0.24559999999999996, -0.5502]]}