{"inputs": [[-0.0024, -0.47, 248.832], [-0.0515, -0.4508, 244.873], [-0.0997, -0.4244, 237.49200000000002], [-0.1464, -0.3904, 230.74200000000002], [-0.1908, -0.35, 224.506], [-0.2319, -0.3034, 218.66899999999998], [-0.2693, -0.2518, 213.123], [-0.302, -0.196, 207.7653], [-0.3297, -0.1369, 202.5], [-0.352, -0.0754, 197.2347], [-0.3683, -0.0127, 191.8768], [-0.3783, 0.0501, 186.3305], [-0.382, 0.112, 180.4941], [-0.3795, 0.172, 174.2585], [-0.3704, 0.229, 167.508], [-0.3551, 0.2819, 160.12709999999998], [-0.3339, 0.3301, 156.1676]], "name": "plane_boomWhisp_4_5", "outputs": [[-0.6778, 0.1877, 435.909], [-0.6185, 0.1728, 432.05], [-0.5613, 0.1499, 424.487], [-0.5066, 0.1193, 417.129], [-0.4555, 0.0817, 409.957], [-0.4091, 0.0374, 402.945], [-0.3678, -0.0126, 396.058], [-0.3327, -0.0675, 389.257], [-0.3041, -0.1262, 382.5], [-0.2827, -0.188, 375.743], [-0.2688, -0.2517, 368.942], [-0.2626, -0.3162, 362.055], [-0.2642, -0.3804, 355.043], [-0.2735, -0.443, 347.871], [-0.2907, -0.5034, 340.51300000000003], [-0.3149, -0.5602, 332.95], [-0.3463, -0.6125, 329.091]], "outline": [[-0.5273, -0.1693], [-0.5137, -0.2131], [-0.4924, -0.2537], [-0.4637, -0.2893], [-0.4293, -0.3189], [-0.3902, -0.341], [-0.348, -0.3551], [-0.3041, -0.3602], [-0.2604, -0.3566], [-0.2186, -0.3442], [-0.1802, -0.3233], [-0.1467, -0.2951], [-0.1195, -0.2605], [-0.0994, -0.2207], [-0.0983, -0.2165], [-0.1178, -0.2185], [-0.151, -0.2152], [-0.1827, -0.2056], [-0.2119, -0.1899], [-0.2376, -0.1688], [-0.2587, -0.1432], [-0.2745, -0.1139], [-0.284, -0.0823], [-0.2872, -0.0491], [-0.284, -0.016], [-0.2743, 0.0157], [-0.2586, 0.0449], [-0.2377, 0.0706], [-0.2224, 0.0831], [-0.2261, 0.0851], [-0.2683, 0.0991], [-0.3123, 0.1044], [-0.3558, 0.1008], [-0.3977, 0.0882], [-0.4361, 0.0675], [-0.4695, 0.0393], [-0.4969, 0.0046], [-0.5168, -0.0353], [-0.5288, -0.0786], [-0.5324, -0.1239]], "flags": {"1": {"outline": [[-0.2906, -0.1416], [-0.2949, -0.131], [-0.3053, -0.1354], [-0.3009, -0.1459]]}, "0": {"outline": [[-0.3124, -0.1142], [-0.3088, -0.1223], [-0.3004, -0.1189], [-0.304, -0.1107]]}, "3": {"outline": [[-0.3321, -0.1223], [-0.3294, -0.129], [-0.3216, -0.1262], [-0.3246, -0.1188]]}, "2": {"outline": [[-0.3124, -0.1498], [-0.3156, -0.1421], [-0.3234, -0.1453], [-0.3201, -0.153]]}}, "icon": [[-0.2993, -0.13140000000000002], [-0.2743, -0.1064]]}