{"inputs": [[0.2307, 0.5641, 428.832], [0.28, 0.5451, 424.873], [0.3283, 0.5185, 417.492], [0.3749, 0.4845, 410.742], [0.4194, 0.4441, 404.506], [0.4605, 0.3977, 398.669], [0.4978, 0.346, 393.123], [0.5306, 0.2903, 387.7654], [0.5583, 0.231, 382.5], [0.5806, 0.1698, 377.2347], [0.5969, 0.1069, 371.8768], [0.6069, 0.0442, 366.33050000000003], [0.6107, -0.0179, 360.4941], [0.6079, -0.0776, 354.2585], [0.5988, -0.1346, 347.50800000000004], [0.5836, -0.1877, 340.1271], [0.5624, -0.2359, 336.1676]], "name": "plane_boomWhisp_12_13", "outputs": [[0.914, -0.0901, 615.909], [0.855, -0.0754, 612.05], [0.7974, -0.0525, 604.4870000000001], [0.7428, -0.0217, 597.129], [0.6919, 0.0157, 589.957], [0.6455, 0.0601, 582.9449999999999], [0.6043, 0.1101, 576.058], [0.5691, 0.1649, 569.2570000000001], [0.5405, 0.2237, 562.5], [0.5188, 0.2853, 555.7429999999999], [0.5052, 0.3495, 548.942], [0.4989, 0.4137, 542.0550000000001], [0.5004, 0.4777, 535.043], [0.51, 0.5407, 527.871], [0.5268, 0.6009, 520.513], [0.5512, 0.6577, 512.95], [0.5828, 0.71, 509.091]], "outline": [[0.6063, 0.1983], [0.5922, 0.2453], [0.5692, 0.2882], [0.5383, 0.326], [0.5002, 0.3571], [0.4572, 0.3801], [0.4106, 0.3946], [0.3615, 0.3994], [0.3132, 0.3946], [0.2663, 0.3804], [0.2565, 0.3749], [0.286, 0.378], [0.3365, 0.3729], [0.3854, 0.358], [0.43, 0.3344], [0.4694, 0.3018], [0.5017, 0.2625], [0.5255, 0.2178], [0.5404, 0.169], [0.5452, 0.1184], [0.5404, 0.0678], [0.5256, 0.0193], [0.5017, -0.0257], [0.4693, -0.0653], [0.4464, -0.0842], [0.4571, -0.0807], [0.5005, -0.0578], [0.538, -0.0267], [0.569, 0.0111], [0.5922, 0.0543], [0.6063, 0.1011], [0.6113, 0.1497]], "flags": {"1": {"outline": [[0.5259, 0.2386], [0.5304, 0.2281], [0.5408, 0.2325], [0.5363, 0.2428]]}, "0": {"outline": [[0.5477, 0.2112], [0.5442, 0.2197], [0.5358, 0.2161], [0.5394, 0.2077]]}, "3": {"outline": [[0.5677, 0.2194], [0.5648, 0.2261], [0.557, 0.2234], [0.5602, 0.216]]}, "2": {"outline": [[0.5478, 0.2469], [0.5513, 0.2394], [0.5587, 0.2424], [0.5555, 0.2501]]}}, "icon": [[0.5328999999999999, 0.21339999999999992], [0.5579000000000001, 0.23840000000000006]]}