{"inputs": [[0.2319, 0.3726, 383.832], [0.2532, 0.3247, 379.873], [0.2682, 0.2716, 372.492], [0.2776, 0.2145, 365.742], [0.2801, 0.1546, 359.506], [0.2765, 0.0927, 353.669], [0.2664, 0.0298, 348.123], [0.2499, -0.0329, 342.7653], [0.2279, -0.0943, 337.5], [0.2, -0.1535, 332.2347], [0.1674, -0.2093, 326.8768], [0.13, -0.2608, 321.33050000000003], [0.0889, -0.3073, 315.4941], [0.0446, -0.348, 309.2585], [-0.0021, -0.3816, 302.50800000000004], [-0.0504, -0.4084, 295.1271], [-0.0996, -0.4274, 291.1676]], "name": "plank_11", "outputs": [[-1.108, -0.0097, 526.012], [-1.0992, 0.0259, 524.925], [-1.0871, 0.0675, 523.211], [-1.0723, 0.1149, 521.8879999999999], [-1.055, 0.1663, 520.804], [-1.0354, 0.2215, 519.8720000000001], [-1.0134, 0.2798, 519.0350000000001], [-0.9899, 0.3395, 518.254], [-0.9655, 0.3997, 517.5], [-0.94, 0.4599, 516.746], [-0.9143, 0.5189, 515.9649999999999], [-0.8888, 0.5753, 515.1279999999999], [-0.8635, 0.6282, 514.196], [-0.8393, 0.6772, 513.1120000000001], [-0.8167, 0.7208, 511.789], [-0.7955, 0.7591, 510.075], [-0.7768, 0.7904, 508.988]], "outline": [[-0.9822, 0.1364], [0.0524, -0.2921], [0.0803, -0.2996], [0.1036, -0.296], [0.1228, -0.2818], [0.1372, -0.2572], [0.2789, 0.0848], [0.286, 0.1125], [0.2825, 0.1359], [0.2686, 0.1549], [0.2437, 0.1694], [-0.791, 0.5982], [-0.8189, 0.6055], [-0.8423, 0.6019], [-0.8613, 0.5878], [-0.876, 0.5629], [-1.0174, 0.2211], [-1.0247, 0.1935], [-1.0213, 0.17], [-1.0069, 0.1508]], "flags": {"1": {"outline": [[-0.8613, 0.5878], [-0.876, 0.5629], [-0.9007, 0.5031], [0.2541, 0.0248], [0.2789, 0.0848], [0.286, 0.1125], [0.2848, 0.12], [-0.8552, 0.5922]]}, "0": {"outline": [[-0.8189, 0.6055], [-0.8423, 0.6019], [-0.8552, 0.5922], [0.2848, 0.12], [0.2825, 0.1359], [0.2686, 0.1549], [0.2437, 0.1694], [-0.791, 0.5982]]}, "3": {"outline": [[-1.0069, 0.1508], [-0.9822, 0.1364], [0.0524, -0.2921], [0.0803, -0.2996], [0.1036, -0.296], [0.1164, -0.2865], [-1.0234, 0.1857], [-1.0213, 0.17]]}, "2": {"outline": [[-1.0174, 0.2211], [-1.0247, 0.1935], [-1.0234, 0.1857], [0.1164, -0.2865], [0.1228, -0.2818], [0.1372, -0.2572], [0.1622, -0.1972], [-0.9926, 0.2812]]}}, "icon": [[-0.125, -0.125], [0.125, 0.125]]}