{"inputs": [[-0.1499, 0.4625, 451.332], [-0.0969, 0.4637, 447.373], [-0.0422, 0.4576, 439.992], [0.0137, 0.4441, 433.242], [0.0704, 0.4239, 427.006], [0.1261, 0.3966, 421.169], [0.1802, 0.3632, 415.623], [0.2317, 0.3243, 410.2653], [0.2803, 0.28, 405.0], [0.3242, 0.232, 399.7347], [0.3635, 0.1802, 394.3768], [0.3966, 0.1261, 388.83050000000003], [0.4236, 0.0701, 382.9941], [0.4442, 0.0136, 376.7585], [0.4577, -0.0423, 370.00800000000004], [0.4641, -0.0975, 362.6271], [0.4626, -0.1498, 358.66769999999997]], "name": "plane_boomWhisp_5_14", "outputs": [[0.7269, 0.1144, 638.409], [0.6664, 0.1054, 634.55], [0.6047, 0.1047, 626.9870000000001], [0.5427, 0.112, 619.629], [0.4808, 0.1274, 612.457], [0.421, 0.1505, 605.4449999999999], [0.3639, 0.1808, 598.558], [0.3103, 0.2178, 591.7570000000001], [0.2614, 0.2614, 585.0], [0.218, 0.3103, 578.2429999999999], [0.1809, 0.364, 571.442], [0.1505, 0.4209, 564.5550000000001], [0.1272, 0.4811, 557.543], [0.1119, 0.5423, 550.371], [0.1048, 0.6046, 543.013], [0.1055, 0.6664, 535.45], [0.1145, 0.7267, 531.591]], "outline": [[0.4444, 0.3781], [0.4145, 0.414], [0.3781, 0.4442], [0.3372, 0.4664], [0.2928, 0.4806], [0.2468, 0.4859], [0.2009, 0.4818], [0.1569, 0.4691], [0.1165, 0.4481], [0.0815, 0.4193], [0.0525, 0.3841], [0.0317, 0.3437], [0.0187, 0.2999], [0.0161, 0.2674], [0.044, 0.282], [0.0781, 0.2923], [0.1135, 0.2959], [0.1491, 0.2925], [0.1833, 0.2819], [0.2148, 0.2652], [0.2426, 0.2426], [0.2654, 0.2147], [0.2821, 0.1835], [0.2923, 0.1492], [0.2961, 0.1135], [0.2928, 0.0777], [0.2822, 0.0437], [0.2671, 0.0161], [0.3, 0.0186], [0.344, 0.0314], [0.3842, 0.0524], [0.4195, 0.0815], [0.4483, 0.1166], [0.4693, 0.1567], [0.4821, 0.201], [0.4859, 0.2467], [0.4807, 0.2928], [0.4668, 0.3371]], "flags": {"1": {"outline": [[0.2429, 0.2702], [0.2509, 0.2621], [0.2591, 0.2704], [0.2512, 0.2783]]}, "0": {"outline": [[0.2735, 0.253], [0.2671, 0.2596], [0.2607, 0.2532], [0.2671, 0.2469]]}, "3": {"outline": [[0.2889, 0.2685], [0.2837, 0.2736], [0.2776, 0.2678], [0.283, 0.2622]]}, "2": {"outline": [[0.2601, 0.2861], [0.2661, 0.2802], [0.2718, 0.2861], [0.2659, 0.2921]]}}, "icon": [[0.23869999999999997, 0.2383], [0.2637, 0.26330000000000003]]}