{"inputs": [[-0.4456, -0.4333, 226.332], [-0.4836, -0.3969, 222.373], [-0.518, -0.3537, 214.99200000000002], [-0.5482, -0.3046, 208.24200000000002], [-0.5736, -0.2502, 202.006], [-0.5938, -0.1917, 196.16899999999998], [-0.6086, -0.1297, 190.623], [-0.6175, -0.0655, 185.2654], [-0.6205, -0.0003, 180.0], [-0.6175, 0.0651, 174.7347], [-0.6086, 0.1291, 169.3768], [-0.5939, 0.191, 163.8305], [-0.5736, 0.2497, 157.9941], [-0.5482, 0.3041, 151.7585], [-0.518, 0.3533, 145.008], [-0.4836, 0.3964, 137.62709999999998], [-0.4455, 0.4327, 133.6676]], "name": "plane_boomWhisp_13_4", "outputs": [[-0.8268, 0.4328, 413.409], [-0.7779, 0.3965, 409.55], [-0.7336, 0.3533, 401.987], [-0.6948, 0.3041, 394.629], [-0.6621, 0.2498, 387.457], [-0.636, 0.1911, 380.445], [-0.6172, 0.1291, 373.558], [-0.6058, 0.065, 366.757], [-0.6018, -0.0002, 360.0], [-0.6057, -0.0655, 353.243], [-0.6172, -0.1297, 346.442], [-0.6361, -0.1916, 339.555], [-0.6621, -0.2503, 332.543], [-0.6949, -0.3046, 325.371], [-0.7336, -0.3538, 318.01300000000003], [-0.7779, -0.3969, 310.45], [-0.8268, -0.4333, 306.591]], "outline": [[-0.6368, 0.0485], [-0.6417, -0.0003], [-0.6368, -0.0489], [-0.6227, -0.0958], [-0.5995, -0.1389], [-0.5684, -0.1769], [-0.5306, -0.208], [-0.4875, -0.231], [-0.4407, -0.2452], [-0.4278, -0.2465], [-0.4705, -0.2236], [-0.5113, -0.1903], [-0.5447, -0.1496], [-0.5696, -0.1031], [-0.5848, -0.0527], [-0.59, -0.0002], [-0.5848, 0.0521], [-0.5695, 0.1026], [-0.5446, 0.149], [-0.5112, 0.1898], [-0.4705, 0.2233], [-0.4278, 0.246], [-0.4407, 0.2448], [-0.4875, 0.2305], [-0.5307, 0.2075], [-0.5684, 0.1764], [-0.5996, 0.1385], [-0.6227, 0.0954]], "flags": {"1": {"outline": [[-0.594, -0.0195], [-0.5941, -0.0082], [-0.6053, -0.0082], [-0.6054, -0.0195]]}, "0": {"outline": [[-0.6036, 0.0142], [-0.6036, 0.0053], [-0.5945, 0.0052], [-0.5945, 0.0141]]}, "3": {"outline": [[-0.6252, 0.0142], [-0.625, 0.0068], [-0.6169, 0.0065], [-0.6169, 0.0145]]}, "2": {"outline": [[-0.6175, -0.0188], [-0.6175, -0.0104], [-0.6259, -0.0104], [-0.6258, -0.0187]]}}, "icon": [[-0.6213, -0.012700000000000012], [-0.5963, 0.01230000000000001]]}