{"inputs": [[-0.2556, 0.3566, 451.332], [-0.2031, 0.358, 447.373], [-0.1484, 0.3515, 439.992], [-0.0921, 0.3384, 433.242], [-0.0357, 0.3178, 427.006], [0.0201, 0.2907, 421.169], [0.0744, 0.2573, 415.623], [0.126, 0.2181, 410.2653], [0.1743, 0.1742, 405.0], [0.2183, 0.1259, 399.7347], [0.2574, 0.0743, 394.3768], [0.2906, 0.0202, 388.83050000000003], [0.3179, -0.0356, 382.9941], [0.3385, -0.0922, 376.7585], [0.3516, -0.1482, 370.00800000000004], [0.358, -0.203, 362.6271], [0.3566, -0.2557, 358.6676]], "name": "plank_14", "outputs": [[-0.4152, -1.0275, 593.512], [-0.4446, -1.0058, 592.425], [-0.4784, -0.9787, 590.711], [-0.5166, -0.9469, 589.3879999999999], [-0.5575, -0.9112, 588.304], [-0.601, -0.872, 587.3720000000001], [-0.6464, -0.8294, 586.5350000000001], [-0.6926, -0.7848, 585.754], [-0.7388, -0.7392, 585.0], [-0.7847, -0.6927, 584.246], [-0.8294, -0.6463, 583.4649999999999], [-0.8718, -0.6012, 582.6279999999999], [-0.9109, -0.5576, 581.696], [-0.9469, -0.5164, 580.6120000000001], [-0.9785, -0.4789, 579.289], [-1.0058, -0.4447, 577.575], [-1.0276, -0.4154, 576.488]], "outline": [[-0.502, -0.8555], [0.2899, -0.0636], [0.3075, -0.0406], [0.3131, -0.0178], [0.3073, 0.0054], [0.2901, 0.0281], [0.0284, 0.2899], [0.0055, 0.307], [-0.0175, 0.3128], [-0.0404, 0.3072], [-0.0633, 0.2898], [-0.8554, -0.5021], [-0.8729, -0.525], [-0.8785, -0.548], [-0.8727, -0.571], [-0.8554, -0.5941], [-0.5937, -0.8555], [-0.571, -0.8728], [-0.548, -0.8787], [-0.5247, -0.8728]], "flags": {"1": {"outline": [[-0.8727, -0.571], [-0.8554, -0.5941], [-0.8096, -0.6397], [0.0742, 0.244], [0.0284, 0.2899], [0.0055, 0.307], [-0.002, 0.3088], [-0.8745, -0.5637]]}, "0": {"outline": [[-0.8729, -0.525], [-0.8785, -0.548], [-0.8745, -0.5637], [-0.002, 0.3088], [-0.0175, 0.3128], [-0.0404, 0.3072], [-0.0633, 0.2898], [-0.8554, -0.5021]]}, "3": {"outline": [[-0.5247, -0.8728], [-0.502, -0.8555], [0.2899, -0.0636], [0.3075, -0.0406], [0.3131, -0.0178], [0.3091, -0.0023], [-0.5633, -0.8746], [-0.548, -0.8787]]}, "2": {"outline": [[-0.5937, -0.8555], [-0.571, -0.8728], [-0.5633, -0.8746], [0.3091, -0.0023], [0.3073, 0.0054], [0.2901, 0.0281], [0.2442, 0.0742], [-0.6398, -0.8096]]}}, "icon": [[-0.125, -0.125], [0.125, 0.125]]}