{"inputs": [[0.4332, -0.4578, 316.332], [0.397, -0.4961, 312.373], [0.3538, -0.5303, 304.992], [0.3046, -0.5605, 298.242], [0.2502, -0.586, 292.006], [0.1915, -0.6063, 286.169], [0.1297, -0.6209, 280.623], [0.0656, -0.6299, 275.2653], [0.0001, -0.6328, 270.0], [-0.0651, -0.6298, 264.7347], [-0.1293, -0.6209, 259.3768], [-0.191, -0.6063, 253.8305], [-0.2498, -0.5859, 247.9942], [-0.3043, -0.5606, 241.7585], [-0.3533, -0.5303, 235.008], [-0.3965, -0.4959, 227.62709999999998], [-0.4329, -0.4577, 223.6676]], "name": "plane_boomWhisp_14_8", "outputs": [[-0.4329, -0.8397, 503.409], [-0.3965, -0.7905, 499.55], [-0.3534, -0.7466, 491.987], [-0.3041, -0.7077, 484.629], [-0.2498, -0.675, 477.457], [-0.1912, -0.6489, 470.445], [-0.1291, -0.6299, 463.558], [-0.065, -0.6185, 456.757], [0.0, -0.6146, 450.0], [0.0655, -0.6184, 443.243], [0.1297, -0.63, 436.442], [0.1915, -0.6489, 429.555], [0.2503, -0.6749, 422.543], [0.3046, -0.7075, 415.371], [0.3538, -0.7466, 408.01300000000003], [0.3969, -0.7906, 400.45], [0.4332, -0.8396, 396.591]], "outline": [[-0.0484, -0.6377], [0.0003, -0.6423], [0.0489, -0.6375], [0.0957, -0.6235], [0.1391, -0.6002], [0.1768, -0.5692], [0.2081, -0.5315], [0.2312, -0.4881], [0.2338, -0.479], [0.2308, -0.4848], [0.1962, -0.5267], [0.1544, -0.5613], [0.1063, -0.5868], [0.0542, -0.6025], [0.0002, -0.6079], [-0.0538, -0.6027], [-0.1058, -0.5869], [-0.1539, -0.5612], [-0.1959, -0.5267], [-0.2304, -0.4848], [-0.2334, -0.479], [-0.2307, -0.4883], [-0.2075, -0.5313], [-0.1766, -0.5692], [-0.1387, -0.6003], [-0.0954, -0.6234]], "flags": {"1": {"outline": [[0.0195, -0.6067], [0.0083, -0.6069], [0.0081, -0.6181], [0.0196, -0.6181]]}, "0": {"outline": [[-0.0143, -0.6165], [-0.0052, -0.6163], [-0.0052, -0.6071], [-0.0142, -0.6072]]}, "3": {"outline": [[-0.0141, -0.6379], [-0.0068, -0.6379], [-0.0064, -0.6296], [-0.0145, -0.6296]]}, "2": {"outline": [[0.0189, -0.6303], [0.0104, -0.6303], [0.0106, -0.6385], [0.0188, -0.6387]]}}, "icon": [[-0.012300000000000066, -0.6353000000000001], [0.01270000000000004, -0.6103]]}