{"inputs": [[0.4544, 0.0349, 338.832], [0.4353, -0.0142, 334.873], [0.4088, -0.0626, 327.492], [0.3749, -0.1094, 320.742], [0.3345, -0.1536, 314.506], [0.2879, -0.1948, 308.669], [0.2362, -0.232, 303.123], [0.1804, -0.2646, 297.7653], [0.1214, -0.2927, 292.5], [0.06, -0.3148, 287.2347], [-0.0027, -0.3312, 281.8768], [-0.0657, -0.3412, 276.33050000000003], [-0.1275, -0.345, 270.4941], [-0.1876, -0.3423, 264.2585], [-0.2446, -0.3333, 257.50800000000004], [-0.2975, -0.3179, 250.12709999999998], [-0.3457, -0.2967, 246.1676]], "name": "plane_boomWhisp_3_9", "outputs": [[-0.2038, -0.6393, 525.909], [-0.189, -0.58, 522.05], [-0.166, -0.5226, 514.4870000000001], [-0.1353, -0.4678, 507.129], [-0.0977, -0.4171, 499.957], [-0.0534, -0.3706, 492.945], [-0.0034, -0.3292, 486.058], [0.0513, -0.2942, 479.257], [0.1102, -0.2656, 472.5], [0.1718, -0.2443, 465.743], [0.2356, -0.2302, 458.942], [0.3002, -0.224, 452.055], [0.3642, -0.2256, 445.043], [0.427, -0.235, 437.871], [0.4874, -0.2522, 430.51300000000003], [0.544, -0.2764, 422.95], [0.5963, -0.3079, 419.091]], "outline": [[0.1534, -0.4855], [0.1958, -0.4723], [0.235, -0.4515], [0.2696, -0.4243], [0.2984, -0.3914], [0.3203, -0.3542], [0.3341, -0.3143], [0.3397, -0.2728], [0.3365, -0.2315], [0.3248, -0.1923], [0.3052, -0.1561], [0.2783, -0.1247], [0.2451, -0.0994], [0.207, -0.0808], [0.1893, -0.0763], [0.1902, -0.0834], [0.1873, -0.1135], [0.1782, -0.1426], [0.164, -0.1697], [0.1446, -0.1932], [0.1211, -0.2126], [0.0939, -0.227], [0.0651, -0.2357], [0.0347, -0.2386], [0.0041, -0.2357], [-0.0247, -0.2269], [-0.0517, -0.2126], [-0.0754, -0.1932], [-0.0796, -0.1876], [-0.0891, -0.2033], [-0.103, -0.2433], [-0.1082, -0.2849], [-0.1051, -0.3262], [-0.0937, -0.3654], [-0.074, -0.4017], [-0.0471, -0.4329], [-0.0138, -0.4583], [0.0244, -0.4769], [0.066, -0.4877], [0.1098, -0.4907]], "flags": {"1": {"outline": [[0.1255, -0.2523], [0.1149, -0.2565], [0.1193, -0.2669], [0.1298, -0.2625]]}, "0": {"outline": [[0.0978, -0.2739], [0.1064, -0.2705], [0.1028, -0.2622], [0.0947, -0.2654]]}, "3": {"outline": [[0.1063, -0.2937], [0.1129, -0.2911], [0.1103, -0.2834], [0.1029, -0.2864]]}, "2": {"outline": [[0.1338, -0.2742], [0.1262, -0.2774], [0.1293, -0.2849], [0.137, -0.2818]]}}, "icon": [[0.08889999999999998, -0.257], [0.11390000000000003, -0.23199999999999998]]}