{"inputs": [[0.4652, 0.4331, 406.332], [0.5034, 0.3964, 402.373], [0.5377, 0.3535, 394.992], [0.5678, 0.3042, 388.242], [0.5936, 0.2499, 382.006], [0.6137, 0.1913, 376.169], [0.6284, 0.1292, 370.623], [0.6375, 0.0651, 365.2654], [0.6404, -0.0002, 360.0], [0.6375, -0.0654, 354.7347], [0.6284, -0.1293, 349.3768], [0.6136, -0.1914, 343.83050000000003], [0.5934, -0.2499, 337.9941], [0.5681, -0.3044, 331.7585], [0.5378, -0.3536, 325.00800000000004], [0.5034, -0.3969, 317.6271], [0.4654, -0.4331, 313.6676]], "name": "plane_boomWhisp_15_12", "outputs": [[0.8473, -0.4332, 593.409], [0.7983, -0.3966, 589.55], [0.754, -0.3535, 581.9870000000001], [0.7155, -0.3044, 574.629], [0.6826, -0.2499, 567.457], [0.6566, -0.1913, 560.4449999999999], [0.6377, -0.1294, 553.558], [0.626, -0.0652, 546.7570000000001], [0.6225, 0.0, 540.0], [0.6263, 0.0652, 533.2429999999999], [0.6376, 0.1292, 526.442], [0.6566, 0.1912, 519.5550000000001], [0.6825, 0.25, 512.543], [0.7155, 0.3042, 505.371], [0.7543, 0.3534, 498.01300000000003], [0.7984, 0.3966, 490.45], [0.8472, 0.433, 486.591]], "outline": [[0.6377, -0.0488], [0.6425, -0.0002], [0.6378, 0.0486], [0.6235, 0.0958], [0.6002, 0.1387], [0.5692, 0.1768], [0.5313, 0.208], [0.5285, 0.2095], [0.5382, 0.2012], [0.5737, 0.1581], [0.6, 0.1091], [0.6161, 0.0556], [0.6216, 0.0001], [0.6163, -0.0555], [0.6001, -0.1092], [0.5736, -0.1582], [0.5382, -0.2013], [0.5286, -0.2096], [0.5315, -0.208], [0.5693, -0.1769], [0.6003, -0.139], [0.6236, -0.0956]], "flags": {"1": {"outline": [[0.6144, 0.0193], [0.6143, 0.0078], [0.6257, 0.0078], [0.6259, 0.0191]]}, "0": {"outline": [[0.6239, -0.0146], [0.6241, -0.0053], [0.6151, -0.0056], [0.6149, -0.0143]]}, "3": {"outline": [[0.6456, -0.0144], [0.6455, -0.0071], [0.6371, -0.0068], [0.6372, -0.0149]]}, "2": {"outline": [[0.638, 0.0185], [0.638, 0.0102], [0.6463, 0.0103], [0.6464, 0.0184]]}}, "icon": [[0.6187, -0.012700000000000067], [0.6436999999999999, 0.012300000000000094]]}