{"inputs": [[-0.3339, -0.3306, 203.832], [-0.3551, -0.2824, 199.873], [-0.3705, -0.2295, 192.49200000000002], [-0.3795, -0.1725, 185.74200000000002], [-0.3822, -0.1126, 179.506], [-0.3784, -0.0505, 173.66899999999998], [-0.3683, 0.0124, 168.123], [-0.352, 0.075, 162.7653], [-0.3298, 0.1363, 157.5], [-0.3021, 0.1956, 152.2347], [-0.2693, 0.2514, 146.8768], [-0.232, 0.303, 141.3305], [-0.1908, 0.3494, 135.4941], [-0.1466, 0.39, 129.2585], [-0.0999, 0.4238, 122.50800000000001], [-0.0516, 0.4504, 115.1271], [-0.0025, 0.4696, 111.1676]], "name": "plane_boomWhisp_4_3", "outputs": [[-0.3464, 0.612, 390.909], [-0.315, 0.5596, 387.05], [-0.2907, 0.5029, 379.487], [-0.2737, 0.4426, 372.129], [-0.2642, 0.3799, 364.957], [-0.2627, 0.3157, 357.945], [-0.2689, 0.2512, 351.058], [-0.2828, 0.1875, 344.257], [-0.3042, 0.1258, 337.5], [-0.3327, 0.067, 330.743], [-0.3679, 0.0121, 323.942], [-0.4091, -0.0379, 317.055], [-0.4556, -0.0821, 310.043], [-0.5066, -0.1198, 302.871], [-0.5613, -0.1504, 295.51300000000003], [-0.6186, -0.1734, 287.95], [-0.6779, -0.1882, 284.091]], "outline": [[-0.4924, 0.2532], [-0.5138, 0.2126], [-0.5274, 0.1688], [-0.5324, 0.1234], [-0.5289, 0.0781], [-0.5169, 0.0348], [-0.497, -0.005], [-0.4696, -0.0397], [-0.4362, -0.068], [-0.3978, -0.0888], [-0.3559, -0.1012], [-0.3123, -0.1049], [-0.2685, -0.0997], [-0.2262, -0.0857], [-0.2225, -0.0836], [-0.2377, -0.0711], [-0.2588, -0.0454], [-0.2744, -0.0162], [-0.284, 0.0156], [-0.2872, 0.0487], [-0.284, 0.0816], [-0.2745, 0.1135], [-0.2588, 0.1427], [-0.2377, 0.1684], [-0.212, 0.1895], [-0.1828, 0.2051], [-0.151, 0.2147], [-0.118, 0.218], [-0.0984, 0.216], [-0.0995, 0.2201], [-0.1195, 0.2599], [-0.1468, 0.2947], [-0.1802, 0.3229], [-0.2187, 0.3436], [-0.2605, 0.3562], [-0.3041, 0.3598], [-0.348, 0.3546], [-0.3903, 0.3405], [-0.4294, 0.3184], [-0.4639, 0.2889]], "flags": {"1": {"outline": [[-0.3055, 0.1054], [-0.301, 0.1159], [-0.3115, 0.1202], [-0.3158, 0.1097]]}, "0": {"outline": [[-0.3014, 0.1402], [-0.3047, 0.1319], [-0.2964, 0.1284], [-0.293, 0.1367]]}, "3": {"outline": [[-0.3212, 0.1484], [-0.324, 0.1417], [-0.3165, 0.1382], [-0.3134, 0.1456]]}, "2": {"outline": [[-0.3267, 0.115], [-0.3235, 0.1227], [-0.3313, 0.1259], [-0.3344, 0.1182]]}}, "icon": [[-0.2993, 0.10619999999999999], [-0.2743, 0.1312]]}