{"inputs": [[-0.433013, 0.445457, 136.332], [-0.396677, 0.483523, 132.373], [-0.353553, 0.517944, 124.992], [-0.304381, 0.548131, 118.242], [-0.25, 0.573566, 112.006], [-0.191342, 0.593815, 106.169], [-0.12941, 0.608531, 100.623], [-0.0652631, 0.617463, 95.2654], [2.18557e-08, 0.620457, 90], [0.0652631, 0.617463, 84.7347], [0.12941, 0.608531, 79.3768], [0.191342, 0.593815, 73.8305], [0.25, 0.573566, 67.9941], [0.304381, 0.548131, 61.7585], [0.353553, 0.517944, 55.008], [0.396677, 0.483523, 47.6271], [0.433013, 0.445457, 43.6676]], "name": "plane_boomWhisp_13_0", "outputs": [[0.433013, 0.826783, 323.409], [0.396677, 0.77784, 319.55], [0.353553, 0.733585, 311.987], [0.304381, 0.694774, 304.629], [0.25, 0.662072, 297.457], [0.191342, 0.636037, 290.445], [0.12941, 0.617116, 283.558], [0.065263, 0.605633, 276.757], [5.96244e-09, 0.601783, 270], [-0.0652632, 0.605633, 263.243], [-0.129409, 0.617116, 256.442], [-0.191342, 0.636037, 249.555], [-0.25, 0.662072, 242.543], [-0.304381, 0.694774, 235.371], [-0.353553, 0.733585, 228.013], [-0.396677, 0.77784, 220.45], [-0.433013, 0.826783, 216.591]], "outline": [[0.0487316, 0.636787], [3.92857e-17, 0.641584], [-0.0487316, 0.636787], [-0.0955905, 0.62258], [-0.138776, 0.59951], [-0.176628, 0.568462], [-0.207693, 0.53063], [-0.230776, 0.487469], [-0.24499, 0.440636], [-0.246258, 0.427775], [-0.223448, 0.47045], [-0.190027, 0.511174], [-0.149303, 0.544595], [-0.102842, 0.569429], [-0.0524282, 0.584722], [3.61201e-17, 0.589885], [0.0524282, 0.584722], [0.102842, 0.569429], [0.149303, 0.544595], [0.190026, 0.511174], [0.223448, 0.47045], [0.246258, 0.427775], [0.24499, 0.440636], [0.230776, 0.487469], [0.207693, 0.530631], [0.176628, 0.568462], [0.138776, 0.59951], [0.0955905, 0.62258]], "flags": {"1": {"outline": [[-0.0192751, 0.593971], [-0.00796014, 0.593971], [-0.00796014, 0.605286], [-0.019275, 0.605286]]}, "0": {"outline": [[0.0144482, 0.603587], [0.00539548, 0.603587], [0.00545735, 0.594496], [0.0143864, 0.594496]]}, "3": {"outline": [[0.0144246, 0.625061], [0.00706542, 0.625061], [0.00670603, 0.616845], [0.0147839, 0.616845]]}, "2": {"outline": [[-0.01855, 0.617444], [-0.0102311, 0.617444], [-0.0102311, 0.625763], [-0.01855, 0.625763]]}}, "icon": [[-0.0125, 0.596262], [0.0125, 0.621262]]}