{"inputs": [[0.4331, -0.385, 316.332], [0.3968, -0.4231, 312.373], [0.3537, -0.4575, 304.992], [0.3046, -0.4877, 298.242], [0.2501, -0.5131, 292.006], [0.1916, -0.5333, 286.169], [0.1296, -0.5482, 280.623], [0.0654, -0.557, 275.2653], [0.0001, -0.5599, 270.0], [-0.0651, -0.5568, 264.7347], [-0.1293, -0.548, 259.3768], [-0.1912, -0.5332, 253.8305], [-0.2498, -0.5131, 247.9941], [-0.3043, -0.4876, 241.7585], [-0.3535, -0.4574, 235.008], [-0.3965, -0.4231, 227.62709999999998], [-0.4327, -0.3848, 223.6676]], "name": "plane_boomWhisp_10_8", "outputs": [[-0.4329, -0.7642, 503.409], [-0.3963, -0.7155, 499.55], [-0.3535, -0.6711, 491.987], [-0.3041, -0.632, 484.629], [-0.2497, -0.5995, 477.457], [-0.1912, -0.5734, 470.445], [-0.1293, -0.5545, 463.558], [-0.0651, -0.543, 456.757], [0.0003, -0.5392, 450.0], [0.0655, -0.5431, 443.243], [0.1296, -0.5547, 436.442], [0.1916, -0.5736, 429.555], [0.2501, -0.5995, 422.543], [0.3045, -0.6321, 415.371], [0.3536, -0.671, 408.01300000000003], [0.3969, -0.7153, 400.45], [0.4331, -0.7641, 396.591]], "outline": [[-0.0484, -0.6321], [0.0002, -0.637], [0.0488, -0.6322], [0.0953, -0.6181], [0.1383, -0.5953], [0.1762, -0.5643], [0.207, -0.5267], [0.2299, -0.4841], [0.2438, -0.4375], [0.2488, -0.389], [0.2442, -0.3406], [0.2362, -0.3152], [0.2354, -0.3256], [0.2218, -0.3705], [0.1996, -0.4119], [0.1696, -0.4481], [0.1335, -0.4781], [0.0919, -0.5001], [0.047, -0.5139], [0.0001, -0.5183], [-0.0466, -0.5139], [-0.0914, -0.5002], [-0.1329, -0.4781], [-0.1691, -0.4484], [-0.1992, -0.412], [-0.2212, -0.3706], [-0.2348, -0.3255], [-0.2359, -0.3153], [-0.2437, -0.3408], [-0.2485, -0.389], [-0.2437, -0.4375], [-0.2295, -0.4839], [-0.2066, -0.5269], [-0.1757, -0.5643], [-0.138, -0.5952], [-0.0948, -0.6182]], "flags": {"1": {"outline": [[0.0195, -0.5315], [0.0081, -0.5317], [0.0082, -0.5428], [0.0194, -0.5429]]}, "0": {"outline": [[-0.0141, -0.5412], [-0.0051, -0.5413], [-0.0052, -0.5322], [-0.0142, -0.5323]]}, "3": {"outline": [[-0.0142, -0.5627], [-0.0068, -0.5626], [-0.0066, -0.5545], [-0.0146, -0.5544]]}, "2": {"outline": [[0.0188, -0.5551], [0.0105, -0.5551], [0.0104, -0.5634], [0.0189, -0.5634]]}}, "icon": [[-0.012200000000000011, -0.5526995], [0.012800000000000011, -0.5277005]]}