{"inputs": [[0.1234, -0.4892, 271.332], [0.0708, -0.4906, 267.373], [0.016, -0.4845, 259.992], [-0.0402, -0.471, 253.24200000000002], [-0.0965, -0.4505, 247.006], [-0.1524, -0.4233, 241.16899999999998], [-0.2065, -0.3899, 235.623], [-0.2581, -0.3508, 230.2653], [-0.3065, -0.307, 225.0], [-0.3505, -0.2586, 219.7347], [-0.3896, -0.2071, 214.3768], [-0.423, -0.1527, 208.8305], [-0.4501, -0.0968, 202.9941], [-0.4705, -0.0405, 196.7585], [-0.484, 0.0155, 190.008], [-0.4902, 0.0703, 182.62709999999998], [-0.489, 0.123, 178.6676]], "name": "plane_boomWhisp_6_6", "outputs": [[-0.7541, -0.142, 458.409], [-0.6936, -0.1331, 454.55], [-0.6318, -0.1323, 446.987], [-0.5697, -0.1397, 439.629], [-0.5082, -0.1549, 432.457], [-0.4481, -0.1781, 425.445], [-0.391, -0.2085, 418.558], [-0.3375, -0.2456, 411.757], [-0.2888, -0.2889, 405.0], [-0.2453, -0.3379, 398.243], [-0.2081, -0.3916, 391.442], [-0.1776, -0.4486, 384.555], [-0.1546, -0.5086, 377.543], [-0.1392, -0.57, 370.371], [-0.1319, -0.6322, 363.01300000000003], [-0.1328, -0.6941, 355.45], [-0.1417, -0.7544, 351.591]], "outline": [[-0.4582, -0.3917], [-0.428, -0.4283], [-0.3913, -0.4588], [-0.3496, -0.4812], [-0.3044, -0.4952], [-0.2575, -0.5004], [-0.2106, -0.4962], [-0.1657, -0.4829], [-0.1243, -0.4611], [-0.0882, -0.4317], [-0.0588, -0.3955], [-0.037, -0.3541], [-0.0238, -0.3094], [-0.0222, -0.2935], [-0.0257, -0.2963], [-0.0594, -0.3144], [-0.096, -0.3253], [-0.134, -0.3292], [-0.172, -0.3254], [-0.2085, -0.3142], [-0.2422, -0.2964], [-0.2717, -0.272], [-0.2959, -0.2425], [-0.3139, -0.2089], [-0.325, -0.1723], [-0.3288, -0.1344], [-0.3249, -0.0964], [-0.314, -0.0597], [-0.2959, -0.0261], [-0.2932, -0.0227], [-0.3088, -0.0242], [-0.3538, -0.0374], [-0.3951, -0.0591], [-0.4313, -0.0886], [-0.4608, -0.1248], [-0.4826, -0.166], [-0.4958, -0.2109], [-0.5001, -0.2578], [-0.4949, -0.3047], [-0.4809, -0.3499]], "flags": {"1": {"outline": [[-0.2701, -0.2977], [-0.2782, -0.2897], [-0.2861, -0.2978], [-0.2781, -0.3057]]}, "0": {"outline": [[-0.3008, -0.2808], [-0.2943, -0.287], [-0.2879, -0.2806], [-0.2943, -0.2742]]}, "3": {"outline": [[-0.3159, -0.2959], [-0.3107, -0.3011], [-0.3047, -0.2955], [-0.3103, -0.2898]]}, "2": {"outline": [[-0.2871, -0.3138], [-0.2931, -0.308], [-0.299, -0.3138], [-0.293, -0.3197]]}}, "icon": [[-0.2932, -0.2935], [-0.2682, -0.26850000000000007]]}