{"inputs": [[0.3012, -0.4048, 293.832], [0.2531, -0.4262, 289.873], [0.2001, -0.4415, 282.492], [0.1431, -0.4506, 275.742], [0.0832, -0.4532, 269.506], [0.0211, -0.4494, 263.669], [-0.0416, -0.4393, 258.123], [-0.1043, -0.4229, 252.7653], [-0.1657, -0.401, 247.5], [-0.2249, -0.3731, 242.2347], [-0.2807, -0.3405, 236.8768], [-0.3324, -0.303, 231.3305], [-0.3788, -0.2617, 225.4941], [-0.4192, -0.2175, 219.2585], [-0.4531, -0.1709, 212.508], [-0.4798, -0.1227, 205.12709999999998], [-0.4989, -0.0735, 201.1676]], "name": "plane_boomWhisp_6_7", "outputs": [[-0.6424, -0.4198, 480.909], [-0.5899, -0.3884, 477.05], [-0.5331, -0.3641, 469.487], [-0.4729, -0.3471, 462.129], [-0.4103, -0.3376, 454.957], [-0.3459, -0.3361, 447.945], [-0.2815, -0.3423, 441.058], [-0.2179, -0.3561, 434.257], [-0.1563, -0.3775, 427.5], [-0.0974, -0.4061, 420.743], [-0.0425, -0.4415, 413.942], [0.0075, -0.4825, 407.055], [0.0518, -0.5291, 400.043], [0.0895, -0.5799, 392.871], [0.12, -0.6346, 385.51300000000003], [0.1429, -0.6921, 377.95], [0.1577, -0.7513, 374.091]], "outline": [[-0.2735, -0.5373], [-0.2316, -0.5595], [-0.186, -0.5737], [-0.1389, -0.5784], [-0.0918, -0.574], [-0.0465, -0.5609], [-0.0047, -0.5391], [0.0317, -0.5096], [0.0616, -0.4736], [0.0837, -0.4326], [0.097, -0.3879], [0.1013, -0.3414], [0.0964, -0.295], [0.0918, -0.2797], [0.0896, -0.2836], [0.0654, -0.3132], [0.0357, -0.3373], [0.0021, -0.3555], [-0.0344, -0.3665], [-0.0724, -0.3701], [-0.1104, -0.3666], [-0.147, -0.3553], [-0.1806, -0.3373], [-0.2101, -0.3132], [-0.2344, -0.2836], [-0.2524, -0.25], [-0.2633, -0.2134], [-0.2673, -0.1754], [-0.2634, -0.1374], [-0.2622, -0.1332], [-0.2761, -0.1406], [-0.3126, -0.17], [-0.3425, -0.2058], [-0.3646, -0.247], [-0.378, -0.2917], [-0.3824, -0.3381], [-0.3774, -0.3846], [-0.3634, -0.4296], [-0.3407, -0.4709], [-0.3104, -0.5073]], "flags": {"1": {"outline": [[-0.1357, -0.3785], [-0.1462, -0.3742], [-0.1504, -0.3847], [-0.14, -0.3889]]}, "0": {"outline": [[-0.1705, -0.3746], [-0.1621, -0.3778], [-0.1587, -0.3695], [-0.167, -0.366]]}, "3": {"outline": [[-0.1787, -0.3943], [-0.1719, -0.3971], [-0.1685, -0.3897], [-0.1758, -0.3865]]}, "2": {"outline": [[-0.1452, -0.3998], [-0.153, -0.3968], [-0.1562, -0.4044], [-0.1484, -0.4075]]}}, "icon": [[-0.1643, -0.37959999999999994], [-0.13929999999999998, -0.3546]]}