{"inputs": [[0.4331, -0.0149, 316.332], [0.3968, -0.0529, 312.373], [0.3536, -0.0875, 304.992], [0.3047, -0.1177, 298.242], [0.2502, -0.1433, 292.006], [0.1915, -0.1633, 286.169], [0.1297, -0.1779, 280.623], [0.0656, -0.187, 275.2653], [0.0001, -0.1899, 270.0], [-0.0651, -0.1869, 264.7347], [-0.1293, -0.178, 259.3768], [-0.1912, -0.1634, 253.8305], [-0.2498, -0.143, 247.9941], [-0.3041, -0.1177, 241.7585], [-0.3532, -0.0876, 235.008], [-0.3966, -0.0529, 227.62709999999998], [-0.4329, -0.0149, 223.6676]], "name": "plane_boomWhisp_0_8", "outputs": [[-0.4327, -0.3815, 503.409], [-0.3965, -0.3326, 499.55], [-0.3532, -0.2883, 491.987], [-0.3042, -0.2494, 484.629], [-0.2498, -0.2166, 477.457], [-0.191, -0.1907, 470.445], [-0.1291, -0.1718, 463.558], [-0.065, -0.1601, 456.757], [0.0001, -0.1565, 450.0], [0.0654, -0.1603, 443.243], [0.1295, -0.1717, 436.442], [0.1916, -0.1906, 429.555], [0.2501, -0.2166, 422.543], [0.3046, -0.2493, 415.371], [0.3537, -0.2882, 408.01300000000003], [0.3971, -0.3325, 400.45], [0.4333, -0.3814, 396.591]], "outline": [[-0.0291, -0.1852], [0.0002, -0.188], [0.0294, -0.1851], [0.0577, -0.1765], [0.0836, -0.1628], [0.1063, -0.1441], [0.1248, -0.1212], [0.1389, -0.0953], [0.1473, -0.0674], [0.1501, -0.0381], [0.1473, -0.0088], [0.1388, 0.0194], [0.1249, 0.0452], [0.1063, 0.0682], [0.097, 0.0758], [0.0927, 0.0614], [0.0833, 0.0441], [0.071, 0.0289], [0.0556, 0.0165], [0.0384, 0.0071], [0.0198, 0.0018], [0.0, 0.0], [-0.0194, 0.0017], [-0.038, 0.0072], [-0.0552, 0.0166], [-0.0704, 0.0289], [-0.083, 0.044], [-0.0922, 0.0615], [-0.0966, 0.0758], [-0.106, 0.068], [-0.1246, 0.0452], [-0.1383, 0.0193], [-0.147, -0.0086], [-0.1497, -0.038], [-0.1469, -0.0673], [-0.1383, -0.0953], [-0.1246, -0.1212], [-0.1059, -0.1441], [-0.0831, -0.1627], [-0.0571, -0.1766]], "flags": {"1": {"outline": [[0.0195, -0.1503], [0.0082, -0.1502], [0.0083, -0.1618], [0.0195, -0.1616]]}, "0": {"outline": [[-0.0142, -0.16], [-0.0051, -0.16], [-0.0054, -0.1507], [-0.0143, -0.151]]}, "3": {"outline": [[-0.0142, -0.1814], [-0.007, -0.1814], [-0.0067, -0.1733], [-0.0145, -0.1733]]}, "2": {"outline": [[0.0188, -0.1739], [0.0105, -0.1737], [0.0105, -0.1822], [0.0188, -0.1822]]}}, "icon": [[-0.012199999999999997, -0.1339], [0.012799999999999997, -0.1089]]}