{"inputs": [[-0.0028, 0.6094, 451.332], [0.05, 0.6107, 447.373], [0.1048, 0.6046, 439.992], [0.1609, 0.591, 433.242], [0.2175, 0.5707, 427.006], [0.2732, 0.5436, 421.169], [0.3274, 0.5101, 415.623], [0.3791, 0.4712, 410.2654], [0.4274, 0.427, 405.0], [0.4714, 0.379, 399.7347], [0.5105, 0.3271, 394.3768], [0.5437, 0.273, 388.83050000000003], [0.571, 0.2171, 382.9941], [0.5913, 0.1609, 376.7585], [0.6047, 0.1047, 370.00800000000004], [0.611, 0.0499, 362.6271], [0.6098, -0.0028, 358.6676]], "name": "plane_boomWhisp_12_14", "outputs": [[0.8789, 0.2665, 638.409], [0.8187, 0.2575, 634.55], [0.7567, 0.2566, 626.9870000000001], [0.6945, 0.2642, 619.629], [0.6332, 0.2792, 612.457], [0.5733, 0.3025, 605.4449999999999], [0.5161, 0.3329, 598.558], [0.4626, 0.3701, 591.7570000000001], [0.4137, 0.4135, 585.0], [0.3701, 0.4621, 578.2429999999999], [0.3329, 0.5162, 571.442], [0.3026, 0.5731, 564.5550000000001], [0.2795, 0.6328, 557.543], [0.2642, 0.6947, 550.371], [0.2567, 0.7567, 543.013], [0.2575, 0.8185, 535.45], [0.2667, 0.8789, 531.591]], "outline": [[0.4842, 0.4152], [0.4532, 0.4532], [0.4155, 0.484], [0.3725, 0.5071], [0.3254, 0.5213], [0.2769, 0.5261], [0.2283, 0.5216], [0.1811, 0.5073], [0.1383, 0.4844], [0.1004, 0.4533], [0.0935, 0.4445], [0.1195, 0.4586], [0.1681, 0.4732], [0.219, 0.4782], [0.2692, 0.4734], [0.3181, 0.4584], [0.363, 0.4345], [0.4021, 0.4023], [0.4345, 0.3629], [0.4583, 0.318], [0.4733, 0.2694], [0.4782, 0.2189], [0.4733, 0.1682], [0.4585, 0.1192], [0.4446, 0.093], [0.4531, 0.1003], [0.4845, 0.1381], [0.5072, 0.1812], [0.5214, 0.228], [0.5263, 0.2767], [0.5214, 0.3254], [0.5074, 0.3722]], "flags": {"1": {"outline": [[0.3945, 0.4216], [0.4027, 0.4137], [0.4106, 0.4217], [0.4025, 0.4295]]}, "0": {"outline": [[0.4251, 0.4047], [0.4186, 0.4112], [0.4123, 0.4046], [0.4188, 0.3983]]}, "3": {"outline": [[0.4405, 0.4199], [0.4352, 0.425], [0.4291, 0.4195], [0.4348, 0.4139]]}, "2": {"outline": [[0.4116, 0.4377], [0.4177, 0.4321], [0.4234, 0.4377], [0.4175, 0.4436]]}}, "icon": [[0.4048999999999999, 0.4048999999999999], [0.42990000000000006, 0.42990000000000006]]}