{"inputs": [[-0.2747, 0.4679, 473.832], [-0.2268, 0.489, 469.873], [-0.1737, 0.5043, 462.492], [-0.1168, 0.5134, 455.742], [-0.0568, 0.516, 449.506], [0.0053, 0.5124, 443.669], [0.068, 0.5025, 438.123], [0.1308, 0.486, 432.7653], [0.1923, 0.4638, 427.5], [0.2511, 0.436, 422.2347], [0.3072, 0.4031, 416.8768], [0.3587, 0.3659, 411.33050000000003], [0.4051, 0.3246, 405.4941], [0.4458, 0.2802, 399.2585], [0.4795, 0.234, 392.50800000000004], [0.5063, 0.1857, 385.1271], [0.525, 0.1365, 381.1676]], "name": "plane_boomWhisp_8_15", "outputs": [[0.6696, 0.4849, 660.909], [0.6172, 0.4536, 657.05], [0.5605, 0.4293, 649.4870000000001], [0.5002, 0.4123, 642.129], [0.4376, 0.4026, 634.957], [0.3733, 0.4014, 627.9449999999999], [0.3088, 0.4075, 621.058], [0.2451, 0.4215, 614.2570000000001], [0.1835, 0.4428, 607.5], [0.1247, 0.4713, 600.7429999999999], [0.0695, 0.5064, 593.942], [0.0198, 0.5478, 587.0550000000001], [-0.0245, 0.5941, 580.043], [-0.0622, 0.6452, 572.871], [-0.0927, 0.6997, 565.513], [-0.1156, 0.7573, 557.95], [-0.1304, 0.8164, 554.091]], "outline": [[0.2826, 0.5565], [0.24, 0.5793], [0.1936, 0.5933], [0.1456, 0.598], [0.0975, 0.5935], [0.0514, 0.58], [0.0091, 0.5574], [-0.0282, 0.527], [-0.0588, 0.4899], [-0.0817, 0.4478], [-0.0954, 0.4016], [-0.0998, 0.3539], [-0.0973, 0.3278], [-0.0901, 0.342], [-0.0628, 0.3748], [-0.0296, 0.4019], [0.0079, 0.4223], [0.049, 0.4347], [0.0914, 0.4389], [0.1341, 0.4346], [0.1748, 0.4224], [0.2126, 0.4022], [0.2456, 0.3749], [0.2731, 0.3419], [0.293, 0.3042], [0.3056, 0.2632], [0.3095, 0.2208], [0.3052, 0.1781], [0.3008, 0.1629], [0.3209, 0.1794], [0.3516, 0.2166], [0.3743, 0.2589], [0.3881, 0.3047], [0.3927, 0.3525], [0.3877, 0.4004], [0.3737, 0.4463], [0.3508, 0.4886], [0.3201, 0.5258]], "flags": {"1": {"outline": [[0.1629, 0.4431], [0.1732, 0.4392], [0.1777, 0.4495], [0.1672, 0.4538]]}, "0": {"outline": [[0.1976, 0.4392], [0.1891, 0.4427], [0.1858, 0.4343], [0.194, 0.4308]]}, "3": {"outline": [[0.2058, 0.4591], [0.1992, 0.4621], [0.1958, 0.4546], [0.203, 0.4514]]}, "2": {"outline": [[0.1727, 0.4646], [0.1801, 0.4614], [0.1833, 0.4693], [0.1756, 0.4725]]}}, "icon": [[0.1692, 0.426], [0.1942, 0.451]]}