{"inputs": [[0.0536, -0.5592, 271.332], [0.0009, -0.5603, 267.373], [-0.0538, -0.5543, 259.992], [-0.11, -0.5409, 253.24200000000002], [-0.1664, -0.5204, 247.006], [-0.2222, -0.4932, 241.16899999999998], [-0.2765, -0.4596, 235.623], [-0.3281, -0.4208, 230.2654], [-0.3762, -0.3768, 225.0], [-0.4204, -0.3285, 219.7347], [-0.4594, -0.2767, 214.3768], [-0.4928, -0.2226, 208.8305], [-0.52, -0.1667, 202.9941], [-0.5405, -0.1104, 196.7585], [-0.5538, -0.0543, 190.008], [-0.5599, 0.0006, 182.62709999999998], [-0.5588, 0.0532, 178.6676]], "name": "plane_boomWhisp_9_6", "outputs": [[-0.8263, -0.2145, 458.409], [-0.766, -0.2053, 454.55], [-0.7042, -0.2046, 446.987], [-0.6419, -0.2119, 439.629], [-0.5803, -0.2271, 432.457], [-0.5205, -0.2503, 425.445], [-0.4633, -0.2808, 418.558], [-0.4099, -0.318, 411.757], [-0.361, -0.3614, 405.0], [-0.3175, -0.4103, 398.243], [-0.2801, -0.4637, 391.442], [-0.25, -0.5208, 384.555], [-0.2269, -0.5809, 377.543], [-0.2114, -0.6423, 370.371], [-0.2042, -0.7046, 363.01300000000003], [-0.2049, -0.7663, 355.45], [-0.2138, -0.8267, 351.591]], "outline": [[-0.4782, -0.4102], [-0.4475, -0.4478], [-0.4099, -0.4787], [-0.3672, -0.5016], [-0.3207, -0.5157], [-0.2724, -0.5207], [-0.2243, -0.516], [-0.1779, -0.502], [-0.1352, -0.4792], [-0.0977, -0.4487], [-0.0671, -0.4111], [-0.0444, -0.3686], [-0.0427, -0.3633], [-0.0564, -0.3744], [-0.096, -0.3957], [-0.1391, -0.4087], [-0.1837, -0.4131], [-0.2285, -0.4087], [-0.2714, -0.3958], [-0.311, -0.3743], [-0.3457, -0.346], [-0.3742, -0.3114], [-0.3953, -0.2718], [-0.4083, -0.2287], [-0.4127, -0.1841], [-0.4083, -0.1394], [-0.3953, -0.0962], [-0.3742, -0.0568], [-0.363, -0.0432], [-0.3683, -0.0448], [-0.4108, -0.0675], [-0.4482, -0.0981], [-0.4788, -0.1356], [-0.5017, -0.1783], [-0.5157, -0.2246], [-0.5202, -0.2729], [-0.5155, -0.321], [-0.5012, -0.3675]], "flags": {"1": {"outline": [[-0.342, -0.3698], [-0.35, -0.3617], [-0.358, -0.3697], [-0.3501, -0.3778]]}, "0": {"outline": [[-0.3727, -0.3527], [-0.3663, -0.3591], [-0.3599, -0.3526], [-0.3662, -0.3463]]}, "3": {"outline": [[-0.3879, -0.368], [-0.3826, -0.3731], [-0.3767, -0.3673], [-0.3824, -0.3618]]}, "2": {"outline": [[-0.3593, -0.3859], [-0.3652, -0.38], [-0.371, -0.3858], [-0.3651, -0.3918]]}}, "icon": [[-0.3723, -0.37260000000000004], [-0.34729999999999994, -0.3475999999999999]]}