{"inputs": [[0.2063, -0.4064, 271.332], [0.1536, -0.4077, 267.373], [0.0988, -0.4016, 259.992], [0.0426, -0.3882, 253.24200000000002], [-0.0137, -0.3678, 247.006], [-0.0696, -0.3405, 241.16899999999998], [-0.1237, -0.307, 235.623], [-0.1752, -0.268, 230.2653], [-0.2237, -0.2241, 225.0], [-0.2677, -0.1759, 219.7347], [-0.3068, -0.1242, 214.3768], [-0.3402, -0.0699, 208.8305], [-0.3673, -0.0142, 202.9941], [-0.3878, 0.0423, 196.7585], [-0.4013, 0.0984, 190.008], [-0.4073, 0.1532, 182.62709999999998], [-0.4062, 0.2059, 178.6676]], "name": "plane_boomWhisp_3_6", "outputs": [[-0.6684, -0.0563, 458.409], [-0.608, -0.0474, 454.55], [-0.5462, -0.0466, 446.987], [-0.4838, -0.054, 439.629], [-0.4225, -0.0693, 432.457], [-0.3626, -0.0924, 425.445], [-0.3053, -0.1228, 418.558], [-0.252, -0.16, 411.757], [-0.203, -0.2035, 405.0], [-0.1597, -0.2522, 398.243], [-0.1224, -0.3057, 391.442], [-0.0919, -0.363, 384.555], [-0.0689, -0.4228, 377.543], [-0.0535, -0.4845, 370.371], [-0.0463, -0.5467, 363.01300000000003], [-0.047, -0.6084, 355.45], [-0.056, -0.6687, 351.591]], "outline": [[-0.3896, -0.3275], [-0.3612, -0.3615], [-0.3269, -0.3899], [-0.2886, -0.4115], [-0.2472, -0.4255], [-0.2045, -0.4314], [-0.1623, -0.429], [-0.1219, -0.4182], [-0.0849, -0.3995], [-0.0531, -0.3737], [-0.0272, -0.3418], [-0.0085, -0.3048], [0.0022, -0.2645], [0.0048, -0.2221], [0.0022, -0.2041], [-0.004, -0.2076], [-0.033, -0.2165], [-0.0634, -0.2192], [-0.0938, -0.2164], [-0.1229, -0.2075], [-0.1498, -0.1932], [-0.1735, -0.1737], [-0.1926, -0.1503], [-0.207, -0.1233], [-0.216, -0.0941], [-0.2189, -0.064], [-0.216, -0.0335], [-0.2072, -0.0043], [-0.2036, 0.0018], [-0.2217, 0.0045], [-0.264, 0.002], [-0.3044, -0.009], [-0.3414, -0.0277], [-0.3733, -0.0533], [-0.3992, -0.0854], [-0.4178, -0.1222], [-0.4285, -0.1626], [-0.431, -0.205], [-0.4252, -0.2476], [-0.4111, -0.2891]], "flags": {"1": {"outline": [[-0.1848, -0.2125], [-0.1927, -0.2044], [-0.2008, -0.2123], [-0.1927, -0.2204]]}, "0": {"outline": [[-0.2155, -0.1952], [-0.209, -0.2018], [-0.2027, -0.1952], [-0.2088, -0.189]]}, "3": {"outline": [[-0.2305, -0.2106], [-0.2255, -0.2157], [-0.2194, -0.2103], [-0.225, -0.2046]]}, "2": {"outline": [[-0.2019, -0.2286], [-0.2078, -0.2227], [-0.2136, -0.2285], [-0.2077, -0.2344]]}}, "icon": [[-0.19940000000000002, -0.19980000000000003], [-0.17439999999999997, -0.17479999999999996]]}