{"inputs": [[0.0246, 0.6369, 451.332], [0.0774, 0.6381, 447.373], [0.1321, 0.6318, 439.992], [0.1883, 0.6185, 433.242], [0.2448, 0.5981, 427.006], [0.3004, 0.571, 421.169], [0.3545, 0.5376, 415.623], [0.4063, 0.4984, 410.2654], [0.4546, 0.4545, 405.0], [0.4988, 0.4063, 399.7347], [0.5375, 0.3547, 394.3768], [0.571, 0.3005, 388.83050000000003], [0.5982, 0.2446, 382.9941], [0.6187, 0.188, 376.7585], [0.6319, 0.132, 370.00800000000004], [0.6382, 0.0772, 362.6271], [0.6369, 0.0244, 358.6676]], "name": "plane_boomWhisp_16_14", "outputs": [[0.907, 0.2947, 638.409], [0.8468, 0.2859, 634.55], [0.785, 0.2849, 626.9870000000001], [0.7227, 0.2922, 619.629], [0.6613, 0.3075, 612.457], [0.6014, 0.3308, 605.4449999999999], [0.5443, 0.3611, 598.558], [0.4908, 0.3983, 591.7570000000001], [0.4418, 0.4418, 585.0], [0.3985, 0.4907, 578.2429999999999], [0.3614, 0.5442, 571.442], [0.3308, 0.6015, 564.5550000000001], [0.3078, 0.6614, 557.543], [0.2923, 0.7227, 550.371], [0.285, 0.7849, 543.013], [0.2859, 0.8466, 535.45], [0.2948, 0.907, 531.591]], "outline": [[0.4854, 0.4162], [0.4542, 0.4543], [0.4165, 0.4854], [0.3732, 0.5084], [0.3264, 0.5227], [0.2777, 0.5275], [0.2674, 0.5266], [0.2964, 0.5234], [0.3508, 0.507], [0.4007, 0.4803], [0.4445, 0.4444], [0.4803, 0.4006], [0.5074, 0.3505], [0.5237, 0.2963], [0.5266, 0.2672], [0.5276, 0.2775], [0.5226, 0.3261], [0.5085, 0.3733]], "flags": {"1": {"outline": [[0.4227, 0.4499], [0.4308, 0.4417], [0.4388, 0.4499], [0.4306, 0.4576]]}, "0": {"outline": [[0.4534, 0.4328], [0.4472, 0.4392], [0.4404, 0.4328], [0.4468, 0.4263]]}, "3": {"outline": [[0.4685, 0.4479], [0.4633, 0.4534], [0.4572, 0.4475], [0.4629, 0.442]]}, "2": {"outline": [[0.4398, 0.4659], [0.4457, 0.4601], [0.4515, 0.4657], [0.4458, 0.4718]]}}, "icon": [[0.43599999999999994, 0.4357], [0.4610000000000001, 0.4607]]}