{"inputs": [[0.5127, -0.106, 338.832], [0.4937, -0.1553, 334.873], [0.4671, -0.2036, 327.492], [0.4332, -0.2501, 320.742], [0.3927, -0.2946, 314.506], [0.3462, -0.3356, 308.669], [0.2948, -0.3729, 303.123], [0.2389, -0.4058, 297.7653], [0.1798, -0.4336, 292.5], [0.1183, -0.4558, 287.2347], [0.0556, -0.4719, 281.8768], [-0.0073, -0.482, 276.33050000000003], [-0.0693, -0.4858, 270.4941], [-0.129, -0.4831, 264.2585], [-0.1861, -0.4743, 257.50800000000004], [-0.2393, -0.4589, 250.12709999999998], [-0.2872, -0.4374, 246.1676]], "name": "plane_boomWhisp_7_9", "outputs": [[-0.1434, -0.7851, 525.909], [-0.1287, -0.7258, 522.05], [-0.1055, -0.6686, 514.4870000000001], [-0.0751, -0.6139, 507.129], [-0.0373, -0.5629, 499.957], [0.007, -0.5164, 492.945], [0.0569, -0.475, 486.058], [0.1118, -0.4399, 479.257], [0.1706, -0.4115, 472.5], [0.2322, -0.3901, 465.743], [0.2961, -0.376, 458.942], [0.3603, -0.3699, 452.055], [0.4246, -0.3715, 445.043], [0.4874, -0.3808, 437.871], [0.5476, -0.398, 430.51300000000003], [0.6045, -0.4222, 422.95], [0.6567, -0.4536, 419.091]], "outline": [[0.191, -0.5855], [0.2369, -0.5715], [0.2791, -0.5489], [0.3164, -0.5186], [0.3471, -0.4819], [0.3699, -0.4398], [0.3839, -0.3942], [0.3889, -0.3468], [0.3843, -0.2997], [0.3704, -0.2542], [0.3481, -0.2123], [0.318, -0.1757], [0.2816, -0.1463], [0.2854, -0.159], [0.2894, -0.1994], [0.2854, -0.2398], [0.2737, -0.2786], [0.2544, -0.3143], [0.2289, -0.3456], [0.1976, -0.3714], [0.1618, -0.3902], [0.1233, -0.4021], [0.0827, -0.4062], [0.0425, -0.4021], [0.0035, -0.3904], [-0.032, -0.3713], [-0.0633, -0.3454], [-0.0891, -0.3141], [-0.0955, -0.3024], [-0.1003, -0.349], [-0.0956, -0.3963], [-0.082, -0.4415], [-0.0596, -0.4834], [-0.0295, -0.5201], [0.0077, -0.55], [0.0498, -0.5724], [0.0955, -0.5858], [0.1432, -0.5905]], "flags": {"1": {"outline": [[0.1856, -0.3975], [0.175, -0.4018], [0.1795, -0.4122], [0.1901, -0.4079]]}, "0": {"outline": [[0.1582, -0.4191], [0.1666, -0.4156], [0.1629, -0.4073], [0.1547, -0.4107]]}, "3": {"outline": [[0.1663, -0.4391], [0.1733, -0.4362], [0.1703, -0.4284], [0.1629, -0.4315]]}, "2": {"outline": [[0.1939, -0.4192], [0.1863, -0.4226], [0.1895, -0.4303], [0.1973, -0.4271]]}}, "icon": [[0.15519999999999998, -0.4166], [0.1802, -0.3916]]}