{"inputs": [[-0.2634, 0.4958, 473.832], [-0.215, 0.5171, 469.873], [-0.1622, 0.5324, 462.492], [-0.1051, 0.5416, 455.742], [-0.0453, 0.5443, 449.506], [0.0168, 0.5404, 443.669], [0.0797, 0.5301, 438.123], [0.1424, 0.5142, 432.7654], [0.2035, 0.4918, 427.5], [0.2627, 0.4641, 422.2347], [0.3188, 0.4311, 416.8768], [0.3704, 0.3939, 411.33050000000003], [0.4169, 0.3528, 405.4941], [0.4573, 0.3087, 399.2585], [0.4911, 0.2618, 392.50800000000004], [0.5177, 0.2136, 385.1271], [0.5369, 0.1644, 381.1676]], "name": "plane_boomWhisp_9_15", "outputs": [[0.6815, 0.5142, 660.909], [0.6294, 0.4825, 657.05], [0.5725, 0.4584, 649.4870000000001], [0.5123, 0.4413, 642.129], [0.4495, 0.4316, 634.957], [0.3854, 0.4303, 627.9449999999999], [0.3209, 0.4365, 621.058], [0.2574, 0.4504, 614.2570000000001], [0.1954, 0.4719, 607.5], [0.1366, 0.5003, 600.7429999999999], [0.0817, 0.5353, 593.942], [0.032, 0.5767, 587.0550000000001], [-0.0124, 0.6234, 580.043], [-0.0502, 0.674, 572.871], [-0.0806, 0.7289, 565.513], [-0.1037, 0.7862, 557.95], [-0.1186, 0.8452, 554.091]], "outline": [[0.2851, 0.5617], [0.2423, 0.5848], [0.1958, 0.5989], [0.1475, 0.6037], [0.0991, 0.5989], [0.0527, 0.5852], [0.0101, 0.5623], [-0.0275, 0.5315], [-0.0582, 0.4943], [-0.0811, 0.4517], [-0.0952, 0.4054], [-0.0997, 0.3573], [-0.0992, 0.3518], [-0.0909, 0.3671], [-0.0625, 0.4021], [-0.0274, 0.4306], [0.0119, 0.4516], [0.055, 0.4647], [0.0996, 0.4692], [0.1444, 0.4645], [0.1872, 0.4517], [0.2269, 0.4307], [0.2614, 0.4022], [0.2899, 0.3673], [0.3111, 0.3279], [0.3241, 0.2849], [0.3285, 0.2398], [0.3242, 0.1954], [0.3191, 0.1786], [0.3232, 0.1821], [0.3539, 0.2194], [0.3768, 0.262], [0.3907, 0.3083], [0.3956, 0.3566], [0.3908, 0.4046], [0.3763, 0.4509], [0.3538, 0.4936], [0.3226, 0.5312]], "flags": {"1": {"outline": [[0.1748, 0.4724], [0.1853, 0.4679], [0.1894, 0.4783], [0.1792, 0.4827]]}, "0": {"outline": [[0.2096, 0.4681], [0.2011, 0.4717], [0.1978, 0.4633], [0.2061, 0.4597]]}, "3": {"outline": [[0.2178, 0.4883], [0.2109, 0.4909], [0.2078, 0.4834], [0.215, 0.4803]]}, "2": {"outline": [[0.1845, 0.4938], [0.1921, 0.4905], [0.1953, 0.4983], [0.1876, 0.5015]]}}, "icon": [[0.18249999999999994, 0.45779999999999993], [0.20750000000000007, 0.48280000000000006]]}