{"inputs": [[0.2191, 0.3779, 383.832], [0.2402, 0.3297, 379.873], [0.2557, 0.2767, 372.492], [0.2647, 0.2197, 365.742], [0.2673, 0.1598, 359.506], [0.2636, 0.0978, 353.669], [0.2537, 0.0352, 348.123], [0.2372, -0.0275, 342.7653], [0.215, -0.0888, 337.5], [0.1872, -0.1483, 332.2347], [0.1546, -0.2041, 326.8768], [0.1172, -0.2556, 321.33050000000003], [0.076, -0.302, 315.4941], [0.0318, -0.3426, 309.2585], [-0.0149, -0.3766, 302.50800000000004], [-0.0632, -0.4031, 295.1271], [-0.1123, -0.4223, 291.1676]], "name": "plane_boomWhisp_1_11", "outputs": [[0.2275, -0.563, 570.909], [0.1963, -0.5106, 567.05], [0.172, -0.454, 559.4870000000001], [0.1549, -0.3937, 552.129], [0.1453, -0.3309, 544.957], [0.1439, -0.2668, 537.9449999999999], [0.1501, -0.2022, 531.058], [0.1639, -0.1387, 524.2570000000001], [0.1853, -0.0769, 517.5], [0.2139, -0.018, 510.743], [0.2493, 0.037, 503.942], [0.2904, 0.0869, 497.055], [0.3369, 0.1313, 490.043], [0.3879, 0.1688, 482.871], [0.4426, 0.1993, 475.51300000000003], [0.4999, 0.2223, 467.95], [0.559, 0.2373, 464.091]], "outline": [[0.2951, -0.163], [0.3127, -0.1296], [0.3239, -0.0933], [0.3287, -0.0559], [0.327, -0.019], [0.3184, 0.0161], [0.3037, 0.0482], [0.2833, 0.0763], [0.2578, 0.0985], [0.2283, 0.1151], [0.1958, 0.1245], [0.162, 0.1266], [0.1275, 0.1212], [0.0943, 0.1092], [0.0719, 0.0954], [0.0765, 0.0914], [0.0917, 0.0727], [0.1033, 0.0515], [0.1103, 0.0283], [0.1127, 0.0045], [0.1101, -0.0198], [0.103, -0.0427], [0.0919, -0.0639], [0.0765, -0.0826], [0.0578, -0.0981], [0.0365, -0.1093], [0.0135, -0.1162], [-0.0105, -0.1187], [-0.0165, -0.1182], [-0.0103, -0.1437], [0.0044, -0.1762], [0.025, -0.204], [0.0505, -0.2263], [0.0802, -0.2426], [0.1125, -0.2523], [0.1463, -0.2541], [0.1806, -0.2491], [0.2139, -0.2366], [0.2446, -0.2178], [0.2723, -0.193]], "flags": {"1": {"outline": [[0.1869, -0.0566], [0.1827, -0.067], [0.1931, -0.0712], [0.1974, -0.0608]]}, "0": {"outline": [[0.183, -0.0913], [0.1864, -0.0831], [0.1782, -0.0795], [0.1747, -0.088]]}, "3": {"outline": [[0.2028, -0.0997], [0.2056, -0.0927], [0.1981, -0.0894], [0.195, -0.0971]]}, "2": {"outline": [[0.2084, -0.0662], [0.2052, -0.074], [0.2128, -0.077], [0.216, -0.0696]]}}, "icon": [[0.1443, -0.07759999999999999], [0.16929999999999998, -0.05260000000000001]]}