{"inputs": [[-0.5589, -0.0537, 181.332], [-0.5601, -0.001, 177.373], [-0.554, 0.0538, 169.99200000000002], [-0.5406, 0.1099, 163.24200000000002], [-0.5201, 0.1663, 157.006], [-0.4929, 0.2222, 151.16899999999998], [-0.4595, 0.2764, 145.623], [-0.4205, 0.328, 140.2654], [-0.3765, 0.3762, 135.0], [-0.3282, 0.4203, 129.7347], [-0.2765, 0.4593, 124.3768], [-0.2223, 0.4927, 118.8305], [-0.1665, 0.5199, 112.9941], [-0.1101, 0.5404, 106.7585], [-0.054, 0.5538, 100.00800000000001], [0.0008, 0.5599, 92.6271], [0.0535, 0.5588, 88.6676]], "name": "plane_boomWhisp_9_2", "outputs": [[-0.2141, 0.8263, 368.409], [-0.2051, 0.7659, 364.55], [-0.2043, 0.7041, 356.987], [-0.2116, 0.6419, 349.629], [-0.2269, 0.5803, 342.457], [-0.25, 0.5204, 335.445], [-0.2805, 0.4633, 328.558], [-0.3177, 0.4098, 321.757], [-0.3611, 0.361, 315.0], [-0.41, 0.3175, 308.243], [-0.4635, 0.2802, 301.442], [-0.5206, 0.2499, 294.555], [-0.5805, 0.2268, 287.543], [-0.6421, 0.2115, 280.371], [-0.7043, 0.2041, 273.01300000000003], [-0.7661, 0.2049, 265.45], [-0.8264, 0.2138, 261.591]], "outline": [[-0.41, 0.4782], [-0.4475, 0.4474], [-0.4784, 0.4098], [-0.5013, 0.3671], [-0.5155, 0.3206], [-0.5204, 0.2724], [-0.5157, 0.2242], [-0.5018, 0.1778], [-0.479, 0.1351], [-0.4484, 0.0977], [-0.411, 0.0671], [-0.3683, 0.0444], [-0.3632, 0.0427], [-0.3742, 0.0564], [-0.3955, 0.0959], [-0.4084, 0.139], [-0.4128, 0.1836], [-0.4084, 0.2284], [-0.3955, 0.2713], [-0.3742, 0.3109], [-0.3457, 0.3456], [-0.3111, 0.3741], [-0.2715, 0.3953], [-0.2285, 0.4083], [-0.1838, 0.4127], [-0.1391, 0.4083], [-0.0961, 0.3953], [-0.0565, 0.3741], [-0.043, 0.3629], [-0.0445, 0.3682], [-0.0673, 0.4108], [-0.0979, 0.4482], [-0.1353, 0.4788], [-0.178, 0.5016], [-0.2243, 0.5156], [-0.2726, 0.5202], [-0.3208, 0.5153], [-0.3672, 0.5011]], "flags": {"1": {"outline": [[-0.3695, 0.342], [-0.3614, 0.35], [-0.3695, 0.358], [-0.3775, 0.3501]]}, "0": {"outline": [[-0.3524, 0.3727], [-0.3588, 0.3662], [-0.3523, 0.3599], [-0.3461, 0.3662]]}, "3": {"outline": [[-0.3677, 0.3878], [-0.3729, 0.3826], [-0.3672, 0.3766], [-0.3616, 0.3823]]}, "2": {"outline": [[-0.3856, 0.3592], [-0.3797, 0.3651], [-0.3855, 0.3709], [-0.3915, 0.3651]]}}, "icon": [[-0.3725, 0.34729999999999994], [-0.3475, 0.3723]]}