{"inputs": [[-0.1644, -0.5371, 248.832], [-0.2135, -0.518, 244.873], [-0.2618, -0.4915, 237.49200000000002], [-0.3085, -0.4576, 230.74200000000002], [-0.3528, -0.4171, 224.506], [-0.394, -0.3706, 218.66899999999998], [-0.4313, -0.3188, 213.123], [-0.4641, -0.2632, 207.7654], [-0.4917, -0.2041, 202.5], [-0.514, -0.1426, 197.2347], [-0.5303, -0.0798, 191.8768], [-0.5404, -0.017, 186.3305], [-0.5441, 0.045, 180.4941], [-0.5415, 0.1049, 174.2585], [-0.5324, 0.1618, 167.508], [-0.517, 0.2148, 160.12709999999998], [-0.4959, 0.263, 156.1676]], "name": "plane_boomWhisp_9_5", "outputs": [[-0.8454, 0.1181, 435.909], [-0.7862, 0.1035, 432.05], [-0.7288, 0.0805, 424.487], [-0.6741, 0.0499, 417.129], [-0.623, 0.0123, 409.957], [-0.5766, -0.032, 402.945], [-0.5354, -0.0821, 396.058], [-0.5003, -0.1369, 389.257], [-0.4718, -0.1957, 382.5], [-0.4503, -0.2575, 375.743], [-0.4362, -0.3212, 368.942], [-0.4302, -0.3855, 362.055], [-0.4318, -0.4498, 355.043], [-0.4411, -0.5125, 347.871], [-0.4582, -0.5728, 340.51300000000003], [-0.4825, -0.6295, 332.95], [-0.5138, -0.6819, 329.091]], "outline": [[-0.5987, -0.196], [-0.5847, -0.2424], [-0.5618, -0.2854], [-0.5311, -0.3229], [-0.4936, -0.3537], [-0.4509, -0.3768], [-0.4046, -0.3909], [-0.3564, -0.3957], [-0.3082, -0.391], [-0.2619, -0.3771], [-0.2193, -0.3541], [-0.182, -0.3235], [-0.1784, -0.3193], [-0.1953, -0.3243], [-0.24, -0.3288], [-0.2848, -0.3243], [-0.3277, -0.3113], [-0.3674, -0.2901], [-0.4021, -0.2618], [-0.4305, -0.2268], [-0.4517, -0.1873], [-0.4648, -0.1445], [-0.4692, -0.0998], [-0.4647, -0.055], [-0.4517, -0.0121], [-0.4305, 0.0275], [-0.402, 0.0624], [-0.3674, 0.0908], [-0.3518, 0.099], [-0.3573, 0.0996], [-0.4053, 0.0949], [-0.4516, 0.0809], [-0.4942, 0.058], [-0.5317, 0.0273], [-0.5623, -0.0101], [-0.585, -0.053], [-0.599, -0.0993], [-0.6036, -0.1477]], "flags": {"1": {"outline": [[-0.4574, -0.2107], [-0.4617, -0.2002], [-0.4722, -0.2045], [-0.468, -0.215]]}, "0": {"outline": [[-0.4792, -0.1832], [-0.4758, -0.1916], [-0.4674, -0.188], [-0.4708, -0.1798]]}, "3": {"outline": [[-0.4991, -0.1915], [-0.4962, -0.1983], [-0.4885, -0.1952], [-0.4917, -0.1879]]}, "2": {"outline": [[-0.4796, -0.219], [-0.4828, -0.2113], [-0.4903, -0.2144], [-0.4872, -0.2222]]}}, "icon": [[-0.4827000000000001, -0.20750000000000005], [-0.4577, -0.18249999999999997]]}