{"inputs": [[-0.0535, 0.5589, 451.332], [-0.0007, 0.56, 447.373], [0.054, 0.554, 439.992], [0.1102, 0.5406, 433.242], [0.1665, 0.5202, 427.006], [0.2224, 0.4929, 421.169], [0.2766, 0.4593, 415.623], [0.3284, 0.4206, 410.2654], [0.3763, 0.3765, 405.0], [0.4204, 0.3283, 399.7347], [0.4596, 0.2763, 394.3768], [0.493, 0.2222, 388.83050000000003], [0.5202, 0.1664, 382.9941], [0.5407, 0.1102, 376.7585], [0.554, 0.054, 370.00800000000004], [0.5601, -0.0007, 362.6271], [0.559, -0.0535, 358.6676]], "name": "plane_boomWhisp_9_14", "outputs": [[0.8265, 0.2143, 638.409], [0.7662, 0.2049, 634.55], [0.7044, 0.2044, 626.9870000000001], [0.6422, 0.2117, 619.629], [0.5805, 0.2268, 612.457], [0.5208, 0.2501, 605.4449999999999], [0.4636, 0.2805, 598.558], [0.4102, 0.3176, 591.7570000000001], [0.3612, 0.3612, 585.0], [0.3177, 0.41, 578.2429999999999], [0.2804, 0.4633, 571.442], [0.2503, 0.5206, 564.5550000000001], [0.2272, 0.5807, 557.543], [0.2116, 0.6419, 550.371], [0.2045, 0.7043, 543.013], [0.2051, 0.7661, 535.45], [0.2139, 0.8263, 531.591]], "outline": [[0.4784, 0.4099], [0.4477, 0.4476], [0.4102, 0.4784], [0.3674, 0.5013], [0.3208, 0.5154], [0.2727, 0.5205], [0.2246, 0.5157], [0.1781, 0.5016], [0.1355, 0.479], [0.098, 0.4484], [0.0672, 0.411], [0.0447, 0.3683], [0.043, 0.363], [0.0566, 0.374], [0.0962, 0.3954], [0.1395, 0.4083], [0.1839, 0.4127], [0.2287, 0.4083], [0.2716, 0.3954], [0.3112, 0.3739], [0.3459, 0.3457], [0.3745, 0.3111], [0.3955, 0.2716], [0.4085, 0.2284], [0.413, 0.1839], [0.4085, 0.1392], [0.3953, 0.0959], [0.3744, 0.0565], [0.3632, 0.0429], [0.3684, 0.0446], [0.411, 0.0673], [0.4484, 0.0979], [0.479, 0.1353], [0.502, 0.1781], [0.516, 0.2243], [0.5203, 0.2726], [0.5158, 0.3207], [0.5014, 0.3673]], "flags": {"1": {"outline": [[0.3423, 0.3696], [0.3503, 0.3614], [0.3581, 0.3694], [0.3503, 0.3774]]}, "0": {"outline": [[0.3728, 0.3523], [0.3664, 0.3589], [0.3601, 0.3524], [0.3664, 0.3459]]}, "3": {"outline": [[0.3882, 0.3678], [0.3828, 0.3728], [0.377, 0.3671], [0.3825, 0.3615]]}, "2": {"outline": [[0.3595, 0.3856], [0.3653, 0.3797], [0.3712, 0.3856], [0.3653, 0.3916]]}}, "icon": [[0.34769999999999995, 0.34739999999999993], [0.3727000000000001, 0.37240000000000006]]}