{"inputs": [[0.5142, 0.0982, 361.332], [0.5155, 0.0454, 357.373], [0.5094, -0.0094, 349.992], [0.4959, -0.0653, 343.242], [0.4755, -0.1219, 337.006], [0.4482, -0.1776, 331.169], [0.415, -0.2317, 325.623], [0.376, -0.2835, 320.2653], [0.332, -0.3318, 315.0], [0.2837, -0.3759, 309.7347], [0.2319, -0.4148, 304.3768], [0.1777, -0.4482, 298.83050000000003], [0.1218, -0.4754, 292.9941], [0.0656, -0.4957, 286.7585], [0.0095, -0.5095, 280.00800000000004], [-0.0455, -0.5156, 272.6271], [-0.098, -0.5141, 268.6676]], "name": "plane_boomWhisp_7_10", "outputs": [[0.1679, -0.7803, 548.409], [0.1588, -0.7199, 544.55], [0.1583, -0.6581, 536.9870000000001], [0.1655, -0.596, 529.629], [0.1809, -0.5344, 522.457], [0.204, -0.4745, 515.4449999999999], [0.2343, -0.4171, 508.558], [0.2716, -0.3637, 501.757], [0.315, -0.3149, 495.0], [0.3638, -0.2716, 488.243], [0.4174, -0.2341, 481.442], [0.4744, -0.2039, 474.555], [0.5344, -0.1808, 467.543], [0.596, -0.1653, 460.371], [0.6582, -0.1582, 453.01300000000003], [0.72, -0.1588, 445.45], [0.7802, -0.1678, 441.591]], "outline": [[0.4005, -0.4679], [0.4375, -0.4374], [0.4679, -0.4004], [0.4907, -0.3581], [0.505, -0.3124], [0.51, -0.2648], [0.5055, -0.2173], [0.492, -0.1716], [0.4697, -0.1299], [0.4394, -0.0932], [0.4028, -0.063], [0.361, -0.0407], [0.3161, -0.0274], [0.3245, -0.0377], [0.3436, -0.0735], [0.3554, -0.1124], [0.3594, -0.1527], [0.3553, -0.1931], [0.3437, -0.2317], [0.3246, -0.2676], [0.2988, -0.2986], [0.2677, -0.3244], [0.2318, -0.3437], [0.1931, -0.3553], [0.1526, -0.3594], [0.1125, -0.3553], [0.0736, -0.3434], [0.0378, -0.3243], [0.0274, -0.316], [0.0408, -0.3609], [0.0633, -0.4028], [0.0931, -0.4393], [0.1299, -0.4695], [0.1717, -0.4918], [0.2175, -0.5052], [0.265, -0.5098], [0.3124, -0.5047], [0.3582, -0.4908]], "flags": {"1": {"outline": [[0.3235, -0.2963], [0.3154, -0.3043], [0.3235, -0.3122], [0.3317, -0.3042]]}, "0": {"outline": [[0.3065, -0.3267], [0.3129, -0.3203], [0.3063, -0.314], [0.3, -0.3203]]}, "3": {"outline": [[0.3216, -0.3421], [0.327, -0.3367], [0.3212, -0.3307], [0.3156, -0.3364]]}, "2": {"outline": [[0.3395, -0.3131], [0.3338, -0.3192], [0.3397, -0.3251], [0.3457, -0.3191]]}}, "icon": [[0.297, -0.3217], [0.322, -0.29669999999999996]]}