{
"name": "plane_evil02_7_0",
"flags": {
	"0": { "outline": [[-0.107878,0.701365],[0.108561,0.705806],[0.0480145,0.775627],[-0.0478804,0.773461]] },
	"1": { "outline": [[-0.0442493,-0.563899],[0.0443638,-0.565358],[0.0443638,-0.476291],[-0.0442493,-0.475062]] },
	"2": { "outline": [[-0.0442493,-0.431081],[0.0443638,-0.432196],[0.0443638,-0.34313],[-0.0442493,-0.342244]] },
	"3": { "outline": [[-0.038119,-1.29152],[0.0382039,-1.2944],[0.015543,-0.940301],[-0.015529,-0.939449]] }
},
"outline": [[-0.220434,0.443881],[-0.509275,0.440118],[-0.613011,0.597806],[-0.476283,0.614778],[-0.480338,0.629249],[-0.615688,0.633549],[-0.689608,0.632158],[-0.823285,0.622866],[-0.82724,0.608398],[-0.692235,0.5964],[-0.794478,0.428104],[-1.07437,0.358306],[-1.07427,-0.0364069],[-0.79437,-0.103479],[-0.692066,-0.270734],[-0.612856,-0.271373],[-0.509193,-0.112727],[-0.220382,-0.113691],[-0.172016,-0.481481],[-0.125886,-0.853501],[-0.125878,-0.942571],[-0.441489,-1.00245],[-0.441454,-1.22123],[-0.125847,-1.30183],[-0.0714976,-1.3931],[0.0719341,-1.39894],[0.126905,-1.31146],[0.453242,-1.25351],[0.453252,-1.02895],[0.126894,-0.949545],[0.126891,-0.859816],[0.173789,-0.486361],[0.223229,-0.115171],[0.524755,-0.116177],[0.63557,-0.281432],[0.721173,-0.282122],[0.832938,-0.108507],[1.14605,-0.0388405],[1.14612,0.382259],[0.832999,0.448905],[0.721257,0.621491],[0.869069,0.639239],[0.864698,0.654282],[0.718394,0.658648],[0.638507,0.657145],[0.494072,0.647384],[0.489786,0.632343],[0.635639,0.619971],[0.524784,0.45359],[0.223224,0.449661],[0.171416,0.780152],[0.051312,0.834318],[-0.0524354,0.831798],[-0.170625,0.772409]],
"inputs": [[-0.426006,0.61911,136.332],[-0.390665,0.657389,132.373],[-0.348627,0.692275,124.992],[-0.300565,0.723177,118.242],[-0.247253,0.749563,112.006],[-0.18956,0.77097,106.169],[-0.128434,0.787014,100.623],[-0.0648917,0.797392,95.2653],[2.17725e-08,0.801898,90],[0.0651383,0.800422,84.7347],[0.129404,0.792954,79.3768],[0.191679,0.77959,73.8305],[0.250871,0.760531,67.9942],[0.305928,0.736081,61.7585],[0.355863,0.706644,55.008],[0.399774,0.672717,47.6271],[0.436861,0.634885,43.6677]],
"outputs": [[0.436861,-1.37051,278.512],[0.399774,-1.37455,277.425],[0.355863,-1.37778,275.711],[0.305928,-1.38014,274.388],[0.250871,-1.38161,273.304],[0.191679,-1.38215,272.372],[0.129404,-1.38176,271.535],[0.0651381,-1.38046,270.754],[5.93975e-09,-1.37827,270],[-0.0648918,-1.37524,269.246],[-0.128434,-1.37141,268.465],[-0.18956,-1.36687,267.628],[-0.247253,-1.36168,266.696],[-0.300565,-1.35595,265.612],[-0.348627,-1.34976,264.289],[-0.390665,-1.34323,262.575],[-0.426006,-1.33646,261.488]],
"icon": [[-0.124074,0.0321621],[0.124978,0.283308]]
}