{"inputs": [[-0.429, -0.4333, 226.332], [-0.4672, -0.3969, 222.373], [-0.5016, -0.3538, 214.99200000000002], [-0.5317, -0.3046, 208.24200000000002], [-0.5572, -0.2502, 202.006], [-0.5775, -0.1916, 196.16899999999998], [-0.5922, -0.1296, 190.623], [-0.6012, -0.0655, 185.2654], [-0.6041, -0.0002, 180.0], [-0.6011, 0.065, 174.7347], [-0.5922, 0.1292, 169.3768], [-0.5775, 0.1911, 163.8305], [-0.5573, 0.2498, 157.9941], [-0.5317, 0.3041, 151.7585], [-0.5016, 0.3533, 145.008], [-0.4672, 0.3964, 137.62709999999998], [-0.4291, 0.4327, 133.6676]], "name": "plane_boomWhisp_12_4", "outputs": [[-0.8098, 0.4328, 413.409], [-0.7609, 0.3965, 409.55], [-0.7166, 0.3533, 401.987], [-0.6778, 0.3041, 394.629], [-0.6451, 0.2498, 387.457], [-0.6191, 0.1911, 380.445], [-0.6003, 0.1291, 373.558], [-0.5888, 0.065, 366.757], [-0.5848, -0.0002, 360.0], [-0.5886, -0.0655, 353.243], [-0.6002, -0.1297, 346.442], [-0.6191, -0.1915, 339.555], [-0.6451, -0.2502, 332.543], [-0.6779, -0.3046, 325.371], [-0.7166, -0.3538, 318.01300000000003], [-0.7609, -0.3969, 310.45], [-0.8099, -0.4333, 306.591]], "outline": [[-0.636, 0.0485], [-0.6408, -0.0002], [-0.636, -0.0489], [-0.6218, -0.0957], [-0.5987, -0.1388], [-0.5677, -0.1767], [-0.53, -0.2078], [-0.4868, -0.2309], [-0.4401, -0.2451], [-0.3915, -0.2498], [-0.3802, -0.2486], [-0.4086, -0.2401], [-0.4535, -0.2161], [-0.4929, -0.1837], [-0.525, -0.1445], [-0.5491, -0.0995], [-0.5638, -0.0509], [-0.5687, -0.0003], [-0.5639, 0.0504], [-0.549, 0.099], [-0.5251, 0.1439], [-0.4928, 0.1831], [-0.4535, 0.2155], [-0.4086, 0.2394], [-0.3801, 0.2482], [-0.3914, 0.2492], [-0.4401, 0.2446], [-0.4868, 0.2303], [-0.5299, 0.2073], [-0.5677, 0.1761], [-0.5987, 0.1384], [-0.6218, 0.0954]], "flags": {"1": {"outline": [[-0.5771, -0.0196], [-0.5771, -0.0082], [-0.5885, -0.0083], [-0.5884, -0.0195]]}, "0": {"outline": [[-0.5868, 0.0142], [-0.5867, 0.0051], [-0.5776, 0.0052], [-0.5777, 0.0142]]}, "3": {"outline": [[-0.6082, 0.0142], [-0.6082, 0.0069], [-0.6, 0.0065], [-0.6001, 0.0145]]}, "2": {"outline": [[-0.6006, -0.0188], [-0.6007, -0.0105], [-0.6088, -0.0105], [-0.6089, -0.0188]]}}, "icon": [[-0.6027, -0.012700000000000012], [-0.5776999999999999, 0.01230000000000001]]}