{
"name": "plane_evil01_16_0",
"flags": {
	"0": { "outline": [[-0.02644,0.186759],[0.0260547,0.184036],[0.0117737,0.286931],[-0.0118518,0.288834]] },
	"1": { "outline": [[-0.0257019,-0.110057],[0.0253376,-0.108497],[0.0253376,-0.0423451],[-0.0257019,-0.0429539]] },
	"2": { "outline": [[-0.0242198,0.0878229],[0.0238961,0.0866489],[0.0238961,0.149037],[-0.0242198,0.151056]] },
	"3": { "outline": [[-0.0121183,-0.468861],[0.0120367,-0.465704],[0.00491012,-0.332911],[-0.00492365,-0.333828]] }
},
"outline": [[-0.0599766,0.0708664],[-0.171154,0.0730337],[-0.173645,0.106702],[-0.197778,0.107389],[-0.20011,0.0710415],[-0.320365,0.052073],[-0.320176,-0.0892096],[-0.199861,-0.105303],[-0.197454,-0.122049],[-0.17332,-0.121268],[-0.170898,-0.105825],[-0.0597057,-0.109463],[-0.0461517,-0.221387],[-0.0334453,-0.306167],[-0.0334031,-0.337288],[-0.122182,-0.370372],[-0.122078,-0.449442],[-0.0332331,-0.462837],[-0.0184869,-0.49195],[0.0195361,-0.486745],[0.0337719,-0.454243],[0.115306,-0.420586],[0.1152,-0.346594],[0.0336005,-0.331025],[0.033558,-0.300482],[0.0455074,-0.215784],[0.057874,-0.105922],[0.156058,-0.0965892],[0.158113,-0.110546],[0.177925,-0.109905],[0.17983,-0.0947116],[0.271558,-0.0756583],[0.271355,0.0441634],[0.17957,0.0638971],[0.177586,0.096705],[0.157775,0.0972689],[0.155792,0.0666602],[0.0575993,0.0685744],[0.046213,0.193735],[0.017517,0.311766],[-0.00992251,0.31417],[-0.0443001,0.198704]],
"inputs": [[-0.365629,0.150349,136.332],[-0.332098,0.190672,132.373],[-0.293036,0.226008,124.992],[-0.249437,0.255753,118.242],[-0.20235,0.279479,112.006],[-0.152842,0.296931,106.169],[-0.101961,0.308014,100.623],[-0.0507034,0.312779,95.2653],[1.67424e-08,0.3114,90],[0.049305,0.304152,84.7347],[0.0964589,0.291394,79.3768],[0.140804,0.273543,73.8305],[0.181774,0.25106,67.9941],[0.218893,0.224436,61.7585],[0.251766,0.194177,55.008],[0.280068,0.160799,47.6271],[0.303545,0.124819,43.6676]],
"outputs": [[0.303545,-0.234636,323.409],[0.280068,-0.281428,319.55],[0.251766,-0.324984,311.987],[0.218893,-0.364633,304.629],[0.181774,-0.399706,297.457],[0.140804,-0.429541,290.445],[0.0964589,-0.453497,283.558],[0.0493049,-0.470969,276.757],[4.56749e-09,-0.481405,270],[-0.0507035,-0.484328,263.243],[-0.101961,-0.479363,256.442],[-0.152842,-0.466266,249.555],[-0.20235,-0.44495,242.543],[-0.249437,-0.415512,235.371],[-0.293036,-0.378257,228.013],[-0.332098,-0.33371,220.45],[-0.365629,-0.282626,216.591]],
"icon": [[-0.038717,-0.0245645],[0.0378962,0.0748963]]
}