{"inputs": [[-0.4677, -0.4333, 226.332], [-0.5058, -0.3969, 222.373], [-0.5402, -0.3538, 214.99200000000002], [-0.5704, -0.3046, 208.24200000000002], [-0.5959, -0.2502, 202.006], [-0.616, -0.1917, 196.16899999999998], [-0.6307, -0.1298, 190.623], [-0.6397, -0.0655, 185.2654], [-0.6427, -0.0003, 180.0], [-0.6398, 0.0651, 174.7347], [-0.6308, 0.1291, 169.3768], [-0.6161, 0.1911, 163.8305], [-0.5958, 0.2497, 157.9941], [-0.5704, 0.3042, 151.7585], [-0.5402, 0.3533, 145.008], [-0.5058, 0.3964, 137.62709999999998], [-0.4677, 0.4327, 133.6676]], "name": "plane_boomWhisp_16_4", "outputs": [[-0.8498, 0.4327, 413.409], [-0.8008, 0.3964, 409.55], [-0.7565, 0.3532, 401.987], [-0.7177, 0.3042, 394.629], [-0.6851, 0.2498, 387.457], [-0.659, 0.191, 380.445], [-0.6401, 0.1293, 373.558], [-0.6286, 0.0651, 366.757], [-0.6247, -0.0002, 360.0], [-0.6287, -0.0655, 353.243], [-0.6402, -0.1297, 346.442], [-0.6591, -0.1916, 339.555], [-0.6851, -0.2503, 332.543], [-0.7178, -0.3046, 325.371], [-0.7566, -0.3538, 318.01300000000003], [-0.8008, -0.3969, 310.45], [-0.8497, -0.4333, 306.591]], "outline": [[-0.6375, 0.0485], [-0.6424, -0.0003], [-0.6376, -0.0491], [-0.6234, -0.0959], [-0.6003, -0.1391], [-0.5692, -0.177], [-0.5612, -0.1836], [-0.5797, -0.161], [-0.6066, -0.1109], [-0.623, -0.0567], [-0.6285, -0.0001], [-0.6229, 0.0562], [-0.6065, 0.1105], [-0.5797, 0.1604], [-0.5612, 0.183], [-0.5691, 0.1765], [-0.6002, 0.1386], [-0.6234, 0.0954]], "flags": {"1": {"outline": [[-0.617, -0.0195], [-0.6169, -0.0082], [-0.6282, -0.0083], [-0.6281, -0.0195]]}, "0": {"outline": [[-0.6265, 0.0142], [-0.6265, 0.0052], [-0.6174, 0.0052], [-0.6174, 0.0142]]}, "3": {"outline": [[-0.648, 0.0141], [-0.6481, 0.0068], [-0.6397, 0.0064], [-0.6398, 0.0145]]}, "2": {"outline": [[-0.6403, -0.0188], [-0.6403, -0.0105], [-0.6486, -0.0104], [-0.6487, -0.0188]]}}, "icon": [[-0.6464000000000001, -0.012700000000000012], [-0.6214, 0.01230000000000001]]}