{"inputs": [[-0.4576, -0.4332, 226.332], [-0.4958, -0.397, 222.373], [-0.5301, -0.3538, 214.99200000000002], [-0.5603, -0.3046, 208.24200000000002], [-0.5857, -0.2503, 202.006], [-0.606, -0.1916, 196.16899999999998], [-0.6206, -0.1297, 190.623], [-0.6296, -0.0656, 185.2653], [-0.6326, -0.0002, 180.0], [-0.6296, 0.065, 174.7347], [-0.6207, 0.1292, 169.3768], [-0.606, 0.191, 163.8305], [-0.5857, 0.2497, 157.9942], [-0.5603, 0.3042, 151.7585], [-0.5301, 0.3533, 145.008], [-0.4957, 0.3964, 137.62709999999998], [-0.4576, 0.4328, 133.6676]], "name": "plane_boomWhisp_14_4", "outputs": [[-0.8394, 0.4328, 413.409], [-0.7904, 0.3965, 409.55], [-0.7462, 0.3533, 401.987], [-0.7074, 0.3041, 394.629], [-0.6747, 0.2498, 387.457], [-0.6487, 0.1911, 380.445], [-0.6297, 0.1291, 373.558], [-0.6182, 0.065, 366.757], [-0.6144, -0.0001, 360.0], [-0.6183, -0.0655, 353.243], [-0.6298, -0.1297, 346.442], [-0.6486, -0.1916, 339.555], [-0.6747, -0.2503, 332.543], [-0.7073, -0.3046, 325.371], [-0.7462, -0.3538, 318.01300000000003], [-0.7904, -0.3969, 310.45], [-0.8394, -0.4333, 306.591]], "outline": [[-0.6374, 0.0484], [-0.642, -0.0003], [-0.6373, -0.049], [-0.6231, -0.0958], [-0.6, -0.1391], [-0.569, -0.1769], [-0.5311, -0.2081], [-0.4879, -0.2312], [-0.4787, -0.2339], [-0.4846, -0.2309], [-0.5266, -0.1963], [-0.561, -0.1544], [-0.5866, -0.1064], [-0.6024, -0.0543], [-0.6077, -0.0002], [-0.6024, 0.0538], [-0.5866, 0.1058], [-0.561, 0.1538], [-0.5265, 0.1958], [-0.4846, 0.2303], [-0.4787, 0.2334], [-0.4879, 0.2306], [-0.5311, 0.2075], [-0.5689, 0.1765], [-0.6001, 0.1386], [-0.6231, 0.0954]], "flags": {"1": {"outline": [[-0.6065, -0.0195], [-0.6066, -0.0083], [-0.6178, -0.0082], [-0.6179, -0.0196]]}, "0": {"outline": [[-0.6162, 0.0142], [-0.6161, 0.0051], [-0.607, 0.0052], [-0.607, 0.0141]]}, "3": {"outline": [[-0.6376, 0.0141], [-0.6376, 0.0068], [-0.6293, 0.0064], [-0.6293, 0.0145]]}, "2": {"outline": [[-0.63, -0.0189], [-0.63, -0.0105], [-0.6383, -0.0106], [-0.6383, -0.0188]]}}, "icon": [[-0.6350000000000001, -0.012800000000000011], [-0.61, 0.012200000000000011]]}