{
"name": "plane_boomMain_4_0",
"flags": {
	"0": { "outline": [[0.0144482,-0.00680666],[0.00539548,-0.00680666],[0.00545735,-0.015898],[0.0143864,-0.015898]] },
	"1": { "outline": [[-0.019275,-0.0164226],[-0.00796014,-0.0164226],[-0.00796014,-0.00510782],[-0.019275,-0.00510782]] },
	"2": { "outline": [[-0.01855,0.00705035],[-0.0102311,0.00705035],[-0.0102311,0.0153692],[-0.01855,0.0153692]] },
	"3": { "outline": [[0.0144246,0.0146672],[0.00706539,0.0146672],[0.00670603,0.00645125],[0.0147839,0.00645125]] }
},
"outline": [[0.192702,0],[0.178689,0.00877843],[0.180317,0.0177597],[0.186022,0.0275937],[0.18206,0.036214],[0.180278,0.0451573],[0.174305,0.0528749],[0.184202,0.0659085],[0.187389,0.0776189],[0.183091,0.0865958],[0.169145,0.09041],[0.160399,0.0961393],[0.154425,0.103183],[0.150711,0.111775],[0.147676,0.121194],[0.146976,0.133211],[0.148456,0.148456],[0.149162,0.164575],[0.136368,0.166165],[0.127983,0.172565],[0.114728,0.171703],[0.104352,0.174101],[0.0975029,0.182415],[0.0834353,0.176409],[0.0737564,0.178064],[0.0656857,0.183579],[0.0598872,0.197422],[0.0460157,0.183705],[0.0371964,0.186999],[0.0267484,0.180323],[0.0176453,0.179156],[0.00879241,0.178974],[-7.72567e-09,0.176743],[-0.00860641,0.175187],[-0.0173589,0.176248],[-0.0269287,0.181538],[-0.0371315,0.186673],[-0.047856,0.191052],[-0.0579544,0.19105],[-0.0676461,0.189058],[-0.0751941,0.181535],[-0.081531,0.172383],[-0.0892867,0.167044],[-0.105263,0.17562],[-0.11087,0.165929],[-0.119132,0.160631],[-0.12567,0.153129],[-0.130326,0.143792],[-0.134949,0.134949],[-0.139356,0.126305],[-0.149439,0.122641],[-0.163784,0.12147],[-0.172451,0.115228],[-0.177772,0.106553],[-0.184073,0.0983888],[-0.188532,0.0891689],[-0.191007,0.0791177],[-0.192846,0.0690012],[-0.195836,0.0594062],[-0.202556,0.0507375],[-0.206191,0.041014],[-0.195222,0.0289584],[-0.191963,0.0189067],[-0.180606,0.00887256],[-0.184809,-1.61565e-08],[-0.184779,-0.00907762],[-0.188891,-0.0186041],[-0.188188,-0.0279151],[-0.189501,-0.0376942],[-0.18946,-0.0474572],[-0.18627,-0.0565044],[-0.174424,-0.06241],[-0.170062,-0.0704419],[-0.16667,-0.0788291],[-0.174887,-0.0934792],[-0.180592,-0.108243],[-0.179528,-0.119957],[-0.172658,-0.128052],[-0.16395,-0.13455],[-0.155982,-0.141374],[-0.143462,-0.143462],[-0.132735,-0.146451],[-0.11744,-0.143101],[-0.106767,-0.143959],[-0.102888,-0.153982],[-0.0997767,-0.166467],[-0.08888,-0.166283],[-0.0816371,-0.172607],[-0.0777502,-0.187706],[-0.0728439,-0.203585],[-0.0603464,-0.198936],[-0.0477185,-0.190503],[-0.0374843,-0.188446],[-0.0290601,-0.195908],[-0.020186,-0.204952],[-0.0105865,-0.215496],[2.56129e-09,-0.214785],[0.0102459,-0.208559],[0.0202984,-0.206092],[0.0293691,-0.19799],[0.0381159,-0.191621],[0.0463107,-0.184882],[0.0565709,-0.186489],[0.0657054,-0.183634],[0.0699917,-0.168975],[0.0815272,-0.172375],[0.0910625,-0.170366],[0.0940384,-0.156894],[0.0998755,-0.149474],[0.105287,-0.141963],[0.116443,-0.141886],[0.129816,-0.14323],[0.13987,-0.13987],[0.137254,-0.1244],[0.140911,-0.115642],[0.164171,-0.121758],[0.170081,-0.113645],[0.180053,-0.107919],[0.178962,-0.095657],[0.194745,-0.0921072],[0.190118,-0.0787493],[0.188627,-0.0674918],[0.187839,-0.0569801],[0.19906,-0.049862],[0.208492,-0.0414717],[0.209055,-0.0310103],[0.21216,-0.0208958],[0.206142,-0.0101271]],
"inputs": [[-0.433013,-0.173761,136.332],[-0.396677,-0.135695,132.373],[-0.353553,-0.101274,124.992],[-0.304381,-0.0710876,118.242],[-0.25,-0.0456524,112.006],[-0.191342,-0.0254034,106.169],[-0.12941,-0.0106872,100.623],[-0.0652631,-0.00175557,95.2653],[2.18557e-08,0.00123873,90],[0.0652631,-0.00175557,84.7347],[0.12941,-0.0106872,79.3768],[0.191342,-0.0254034,73.8305],[0.25,-0.0456524,67.9941],[0.304381,-0.0710876,61.7585],[0.353553,-0.101274,55.008],[0.396677,-0.135695,47.6271],[0.433013,-0.173761,43.6676]],
"outputs": [[0.433013,0.22411,323.409],[0.396677,0.175167,319.55],[0.353553,0.130912,311.987],[0.304381,0.0921006,304.629],[0.25,0.0593982,297.457],[0.191342,0.0333638,290.445],[0.12941,0.014443,283.558],[0.065263,0.00295946,276.757],[5.96244e-09,-0.000890344,270],[-0.0652632,0.00295949,263.243],[-0.129409,0.014443,256.442],[-0.191342,0.0333639,249.555],[-0.25,0.0593982,242.543],[-0.304381,0.0921007,235.371],[-0.353553,0.130912,228.013],[-0.396677,0.175167,220.45],[-0.433013,0.22411,216.591]],
"icon": [[-0.0525,-0.0268014],[0.0525,0.0781986]]
}