{
"name": "plane_evil01_5_0",
"flags": {
	"0": { "outline": [[-0.0329967,0.184841],[0.0331923,0.185937],[0.0149147,0.288263],[-0.014875,0.287497]] },
	"1": { "outline": [[-0.0320847,-0.108958],[0.0322696,-0.109586],[0.0322696,-0.0427703],[-0.0320847,-0.0425251]] },
	"2": { "outline": [[-0.030252,0.0869963],[0.0304163,0.087469],[0.0304164,0.150448],[-0.030252,0.149635]] },
	"3": { "outline": [[-0.015208,-0.466642],[0.0152494,-0.467914],[0.00620326,-0.333554],[-0.00619639,-0.333185]] }
},
"outline": [[-0.0735248,0.0692417],[-0.201883,0.0684426],[-0.204561,0.0999041],[-0.231002,0.0996638],[-0.233615,0.0658743],[-0.358569,0.0462613],[-0.358681,-0.0792541],[-0.233745,-0.0976452],[-0.231171,-0.113272],[-0.204726,-0.113545],[-0.202012,-0.0991749],[-0.0736439,-0.106956],[-0.0575936,-0.217433],[-0.0422351,-0.302169],[-0.042253,-0.332885],[-0.147728,-0.353386],[-0.147777,-0.428833],[-0.0423251,-0.456803],[-0.0241774,-0.48832],[0.0237762,-0.490416],[0.0421742,-0.460264],[0.151328,-0.440442],[0.151363,-0.362953],[0.0422396,-0.335407],[0.0422558,-0.304458],[0.0579765,-0.219689],[0.0745844,-0.108381],[0.209542,-0.102887],[0.212446,-0.117855],[0.241077,-0.118151],[0.243899,-0.1019],[0.383227,-0.0846796],[0.38327,0.0494279],[0.243972,0.0687442],[0.241173,0.103955],[0.212547,0.103695],[0.209621,0.0710044],[0.0746847,0.0701643],[0.056763,0.197225],[0.0157985,0.313574],[-0.0188465,0.312605],[-0.0574127,0.195224]],
"inputs": [[-0.403196,0.131488,136.332],[-0.370481,0.168693,132.373],[-0.331398,0.202704,124.992],[-0.286486,0.232956,118.242],[-0.236383,0.258924,112.006],[-0.18182,0.280133,106.169],[-0.12362,0.296167,100.623],[-0.0626863,0.306679,95.2653],[2.1111e-08,0.3114,90],[0.0633963,0.310152,84.7347],[0.126411,0.302855,79.3768],[0.187924,0.289537,73.8305],[0.246805,0.270339,67.9941],[0.301938,0.245521,61.7585],[0.352251,0.215459,55.008],[0.396738,0.180648,47.6271],[0.43449,0.141693,43.6676]],
"outputs": [[0.43449,-0.266355,323.409],[0.396737,-0.316168,319.55],[0.352251,-0.360602,311.987],[0.301938,-0.398889,304.629],[0.246805,-0.430399,297.457],[0.187924,-0.454656,290.445],[0.126411,-0.471334,283.558],[0.0633961,-0.480259,276.757],[5.75927e-09,-0.481405,270],[-0.0626865,-0.474881,263.243],[-0.12362,-0.460925,256.442],[-0.181821,-0.439889,249.555],[-0.236383,-0.412225,242.543],[-0.286486,-0.378475,235.371],[-0.331398,-0.339255,228.013],[-0.370481,-0.295243,220.45],[-0.403196,-0.247171,216.591]],
"icon": [[-0.0480889,-0.024197],[0.0485055,0.0760266]]
}