{"inputs": [[-0.3469, -0.2657, 181.332], [-0.3481, -0.2131, 177.373], [-0.3419, -0.1582, 169.99200000000002], [-0.3285, -0.1021, 163.24200000000002], [-0.308, -0.0457, 157.006], [-0.2809, 0.0101, 151.16899999999998], [-0.2475, 0.0643, 145.623], [-0.2085, 0.116, 140.2653], [-0.1644, 0.1642, 135.0], [-0.1162, 0.2083, 129.7347], [-0.0645, 0.2473, 124.3768], [-0.0103, 0.2807, 118.8305], [0.0455, 0.3079, 112.9941], [0.1019, 0.3284, 106.7585], [0.1581, 0.3418, 100.00800000000001], [0.2129, 0.3479, 92.6271], [0.2655, 0.3467, 88.6676]], "name": "plane_boomWhisp_1_2", "outputs": [[0.0053, 0.6069, 368.409], [0.0143, 0.5465, 364.55], [0.015, 0.4848, 356.987], [0.0077, 0.4226, 349.629], [-0.0076, 0.361, 342.457], [-0.0307, 0.3011, 335.445], [-0.0611, 0.244, 328.558], [-0.0983, 0.1904, 321.757], [-0.1417, 0.1416, 315.0], [-0.1907, 0.0982, 308.243], [-0.2441, 0.0609, 301.442], [-0.3013, 0.0305, 294.555], [-0.3612, 0.0074, 287.543], [-0.4227, -0.0079, 280.371], [-0.485, -0.0152, 273.01300000000003], [-0.5468, -0.0145, 265.45], [-0.6071, -0.0055, 261.591]], "outline": [[-0.2101, 0.2633], [-0.2391, 0.239], [-0.2635, 0.2099], [-0.2823, 0.1773], [-0.2947, 0.1424], [-0.3003, 0.1067], [-0.299, 0.0713], [-0.2907, 0.0376], [-0.2758, 0.0071], [-0.2547, -0.0193], [-0.2284, -0.0403], [-0.1979, -0.0553], [-0.1642, -0.0636], [-0.1288, -0.065], [-0.1027, -0.0609], [-0.1055, -0.0555], [-0.1125, -0.0325], [-0.1149, -0.0084], [-0.1125, 0.0156], [-0.1055, 0.0386], [-0.0941, 0.06], [-0.0788, 0.0786], [-0.0602, 0.0939], [-0.0389, 0.1053], [-0.0157, 0.1123], [0.0082, 0.1146], [0.0322, 0.1123], [0.0554, 0.1053], [0.0606, 0.1025], [0.0647, 0.1286], [0.0634, 0.164], [0.0551, 0.1977], [0.0401, 0.2282], [0.019, 0.2545], [-0.0073, 0.2756], [-0.0378, 0.2905], [-0.0714, 0.2988], [-0.1069, 0.3002], [-0.1426, 0.2945], [-0.1775, 0.2821]], "flags": {"1": {"outline": [[-0.151, 0.1235], [-0.143, 0.1316], [-0.151, 0.1395], [-0.159, 0.1315]]}, "0": {"outline": [[-0.134, 0.1541], [-0.1403, 0.1478], [-0.1339, 0.1414], [-0.1276, 0.1477]]}, "3": {"outline": [[-0.1491, 0.1694], [-0.1543, 0.1641], [-0.1488, 0.1581], [-0.143, 0.1638]]}, "2": {"outline": [[-0.1671, 0.1406], [-0.1612, 0.1465], [-0.1671, 0.1524], [-0.1729, 0.1466]]}}, "icon": [[-0.13240000000000002, 0.10719999999999999], [-0.10740000000000001, 0.1322]]}