{"inputs": [[-0.2306, -0.5645, 248.832], [-0.2798, -0.5455, 244.873], [-0.3281, -0.5189, 237.49200000000002], [-0.3747, -0.4849, 230.74200000000002], [-0.4191, -0.4444, 224.506], [-0.4603, -0.3981, 218.66899999999998], [-0.4976, -0.3464, 213.123], [-0.5304, -0.2906, 207.7654], [-0.5581, -0.2314, 202.5], [-0.5803, -0.17, 197.2347], [-0.5966, -0.1073, 191.8768], [-0.6067, -0.0445, 186.3305], [-0.6105, 0.0175, 180.4941], [-0.6077, 0.0774, 174.2585], [-0.5987, 0.1344, 167.508], [-0.5834, 0.1874, 160.12709999999998], [-0.5621, 0.2355, 156.1676]], "name": "plane_boomWhisp_12_5", "outputs": [[-0.9138, 0.0899, 435.909], [-0.8548, 0.0751, 432.05], [-0.7973, 0.0521, 424.487], [-0.7426, 0.0215, 417.129], [-0.6916, -0.0161, 409.957], [-0.6452, -0.0604, 402.945], [-0.6041, -0.1105, 396.058], [-0.5689, -0.1653, 389.257], [-0.5403, -0.224, 382.5], [-0.5188, -0.2858, 375.743], [-0.5049, -0.3496, 368.942], [-0.4987, -0.4139, 362.055], [-0.5003, -0.4781, 355.043], [-0.5098, -0.5409, 347.871], [-0.5267, -0.6011, 340.51300000000003], [-0.5511, -0.6579, 332.95], [-0.5825, -0.7103, 329.091]], "outline": [[-0.6062, -0.1986], [-0.592, -0.2455], [-0.5689, -0.2886], [-0.5379, -0.3264], [-0.5001, -0.3574], [-0.4569, -0.3805], [-0.4102, -0.3949], [-0.3614, -0.3997], [-0.3129, -0.3949], [-0.2662, -0.3807], [-0.2562, -0.3752], [-0.2857, -0.3782], [-0.3363, -0.3732], [-0.3851, -0.3584], [-0.4298, -0.3345], [-0.4693, -0.3021], [-0.5015, -0.2628], [-0.5253, -0.218], [-0.5403, -0.1693], [-0.5451, -0.1187], [-0.5402, -0.0681], [-0.5254, -0.0195], [-0.5015, 0.0255], [-0.4692, 0.0648], [-0.4462, 0.0838], [-0.457, 0.0804], [-0.5003, 0.0575], [-0.5379, 0.0264], [-0.5689, -0.0113], [-0.5919, -0.0546], [-0.6061, -0.1013], [-0.611, -0.1499]], "flags": {"1": {"outline": [[-0.5257, -0.239], [-0.5301, -0.2285], [-0.5406, -0.2329], [-0.5362, -0.2432]]}, "0": {"outline": [[-0.5476, -0.2115], [-0.544, -0.2199], [-0.5357, -0.2163], [-0.5392, -0.208]]}, "3": {"outline": [[-0.5674, -0.2197], [-0.5646, -0.2264], [-0.5569, -0.2237], [-0.56, -0.2163]]}, "2": {"outline": [[-0.5477, -0.2473], [-0.551, -0.2396], [-0.5585, -0.2427], [-0.5554, -0.2504]]}}, "icon": [[-0.5577000000000001, -0.2386], [-0.5327, -0.21359999999999998]]}