{"inputs": [[0.3471, 0.2653, 361.332], [0.3482, 0.2127, 357.373], [0.3422, 0.1578, 349.992], [0.3287, 0.1017, 343.242], [0.3082, 0.0454, 337.006], [0.281, -0.0105, 331.169], [0.2479, -0.0645, 325.623], [0.2087, -0.1162, 320.2653], [0.1647, -0.1643, 315.0], [0.1163, -0.2086, 309.7347], [0.0648, -0.2477, 304.3768], [0.0105, -0.281, 298.83050000000003], [-0.0453, -0.3081, 292.9941], [-0.1017, -0.3287, 286.7585], [-0.1578, -0.3422, 280.00800000000004], [-0.2126, -0.3482, 272.6271], [-0.2653, -0.3471, 268.6676]], "name": "plane_boomWhisp_1_10", "outputs": [[-0.0052, -0.6072, 548.409], [-0.014, -0.5468, 544.55], [-0.0148, -0.4852, 536.9870000000001], [-0.0075, -0.423, 529.629], [0.0077, -0.3613, 522.457], [0.0309, -0.3015, 515.4449999999999], [0.0614, -0.2442, 508.558], [0.0984, -0.1908, 501.757], [0.1418, -0.1419, 495.0], [0.1908, -0.0985, 488.243], [0.2445, -0.0612, 481.442], [0.3016, -0.0308, 474.555], [0.3616, -0.0076, 467.543], [0.423, 0.0075, 460.371], [0.4852, 0.0148, 453.01300000000003], [0.547, 0.0141, 445.45], [0.6073, 0.0053, 441.591]], "outline": [[0.2103, -0.2635], [0.2394, -0.2394], [0.2636, -0.2101], [0.2824, -0.1774], [0.2949, -0.1427], [0.3004, -0.1069], [0.2991, -0.0717], [0.291, -0.0379], [0.276, -0.0076], [0.255, 0.019], [0.2286, 0.0401], [0.1982, 0.055], [0.1642, 0.0632], [0.129, 0.0648], [0.103, 0.0606], [0.1057, 0.0552], [0.1126, 0.0321], [0.1152, 0.0081], [0.1128, -0.016], [0.1059, -0.0389], [0.0942, -0.0604], [0.0789, -0.0788], [0.0605, -0.0942], [0.0391, -0.1056], [0.0159, -0.1127], [-0.008, -0.1149], [-0.0319, -0.1125], [-0.055, -0.1056], [-0.0604, -0.1029], [-0.0644, -0.1288], [-0.0633, -0.1644], [-0.0549, -0.198], [-0.0399, -0.2284], [-0.0187, -0.2548], [0.0075, -0.2761], [0.038, -0.2907], [0.0716, -0.2992], [0.1071, -0.3004], [0.1427, -0.2948], [0.1778, -0.2825]], "flags": {"1": {"outline": [[0.1511, -0.1238], [0.1432, -0.1318], [0.1512, -0.1396], [0.1592, -0.1317]]}, "0": {"outline": [[0.1342, -0.1544], [0.1405, -0.1481], [0.1343, -0.1416], [0.1278, -0.1481]]}, "3": {"outline": [[0.1493, -0.1697], [0.1545, -0.1643], [0.1489, -0.1584], [0.1431, -0.1643]]}, "2": {"outline": [[0.1673, -0.1409], [0.1613, -0.1469], [0.1672, -0.1525], [0.173, -0.1469]]}}, "icon": [[0.10750000000000001, -0.1326], [0.13249999999999998, -0.10760000000000002]]}