{"inputs": [[-0.2294, 0.5773, 473.832], [-0.1812, 0.5985, 469.873], [-0.1283, 0.6139, 462.492], [-0.0712, 0.623, 455.742], [-0.0114, 0.6256, 449.506], [0.0505, 0.6219, 443.669], [0.1133, 0.6119, 438.123], [0.1761, 0.5954, 432.7654], [0.2375, 0.5733, 427.5], [0.2968, 0.5454, 422.2347], [0.3525, 0.5128, 416.8768], [0.404, 0.4754, 411.33050000000003], [0.4504, 0.4344, 405.4941], [0.491, 0.3899, 399.2585], [0.5248, 0.3433, 392.50800000000004], [0.5515, 0.295, 385.1271], [0.5704, 0.246, 381.1676]], "name": "plane_boomWhisp_13_15", "outputs": [[0.7165, 0.5982, 660.909], [0.6644, 0.5668, 657.05], [0.6074, 0.5425, 649.4870000000001], [0.547, 0.5255, 642.129], [0.4846, 0.5159, 634.957], [0.4202, 0.5142, 627.9449999999999], [0.3557, 0.5207, 621.058], [0.2922, 0.5346, 614.2570000000001], [0.2304, 0.556, 607.5], [0.1717, 0.5847, 600.7429999999999], [0.1166, 0.6197, 593.942], [0.0667, 0.6608, 587.0550000000001], [0.0223, 0.7075, 580.043], [-0.0153, 0.7586, 572.871], [-0.0458, 0.8131, 565.513], [-0.0686, 0.8704, 557.95], [-0.0836, 0.9296, 554.091]], "outline": [[0.2887, 0.5695], [0.2455, 0.593], [0.1988, 0.607], [0.15, 0.6119], [0.1014, 0.607], [0.0545, 0.5926], [0.0112, 0.5697], [-0.0266, 0.5386], [-0.0576, 0.501], [-0.0638, 0.4894], [-0.0263, 0.52], [0.0201, 0.5452], [0.0705, 0.5603], [0.1229, 0.5657], [0.1754, 0.5604], [0.2261, 0.5451], [0.2724, 0.5203], [0.3132, 0.4868], [0.3462, 0.446], [0.3713, 0.3995], [0.3867, 0.349], [0.3912, 0.301], [0.395, 0.3133], [0.3998, 0.362], [0.395, 0.4107], [0.3806, 0.4576], [0.3576, 0.5007], [0.3267, 0.5387]], "flags": {"1": {"outline": [[0.2095, 0.5562], [0.2202, 0.5519], [0.2243, 0.5621], [0.2139, 0.5665]]}, "0": {"outline": [[0.2445, 0.5522], [0.2363, 0.5554], [0.2324, 0.5472], [0.2408, 0.5436]]}, "3": {"outline": [[0.2527, 0.5721], [0.2458, 0.5747], [0.2423, 0.5673], [0.2496, 0.5642]]}, "2": {"outline": [[0.2194, 0.5777], [0.2272, 0.5745], [0.2302, 0.5822], [0.2225, 0.5853]]}}, "icon": [[0.22070000000000004, 0.5499], [0.24569999999999995, 0.5749]]}