{"inputs": [[-0.346, 0.2962, 473.832], [-0.2977, 0.3174, 469.873], [-0.2447, 0.333, 462.492], [-0.1877, 0.3422, 455.742], [-0.1279, 0.3449, 449.506], [-0.0659, 0.341, 443.669], [-0.003, 0.3307, 438.123], [0.0596, 0.3143, 432.7653], [0.1211, 0.2925, 427.5], [0.1801, 0.2648, 422.2347], [0.2361, 0.232, 416.8768], [0.2877, 0.1945, 411.33050000000003], [0.3342, 0.1534, 405.4941], [0.3748, 0.1091, 399.2585], [0.4087, 0.0623, 392.50800000000004], [0.4352, 0.0142, 385.1271], [0.4543, -0.0349, 381.1676]], "name": "plane_boomWhisp_3_15", "outputs": [[0.5963, 0.3077, 660.909], [0.5439, 0.2761, 657.05], [0.4869, 0.2519, 649.4870000000001], [0.4265, 0.235, 642.129], [0.364, 0.2256, 634.957], [0.2999, 0.224, 627.9449999999999], [0.2353, 0.2301, 621.058], [0.1718, 0.2439, 614.2570000000001], [0.1099, 0.2654, 607.5], [0.0514, 0.2939, 600.7429999999999], [-0.0038, 0.3291, 593.942], [-0.0538, 0.3704, 587.0550000000001], [-0.098, 0.4167, 580.043], [-0.1357, 0.4678, 572.871], [-0.1662, 0.5226, 565.513], [-0.1891, 0.5797, 557.95], [-0.2039, 0.6391, 554.091]], "outline": [[0.2349, 0.4515], [0.1958, 0.4721], [0.1533, 0.4851], [0.1095, 0.4903], [0.0658, 0.4874], [0.0241, 0.4766], [-0.0139, 0.4581], [-0.0473, 0.4328], [-0.0742, 0.4013], [-0.0937, 0.3652], [-0.1054, 0.3259], [-0.1085, 0.2846], [-0.103, 0.2432], [-0.0891, 0.2031], [-0.0799, 0.1874], [-0.0754, 0.1931], [-0.0521, 0.2123], [-0.0251, 0.2266], [0.0042, 0.2356], [0.0344, 0.2386], [0.0647, 0.2357], [0.0942, 0.2266], [0.1206, 0.2124], [0.1443, 0.193], [0.1639, 0.1692], [0.1779, 0.1426], [0.187, 0.1135], [0.1901, 0.0829], [0.189, 0.0761], [0.2068, 0.0804], [0.2448, 0.0989], [0.278, 0.1246], [0.3049, 0.1561], [0.3248, 0.1917], [0.3364, 0.2313], [0.3394, 0.2725], [0.3339, 0.314], [0.3201, 0.3541], [0.2982, 0.3913], [0.2694, 0.4244]], "flags": {"1": {"outline": [[0.0897, 0.2667], [0.1002, 0.2624], [0.1045, 0.2728], [0.094, 0.277]]}, "0": {"outline": [[0.1247, 0.2625], [0.1161, 0.2662], [0.113, 0.2578], [0.1207, 0.2542]]}, "3": {"outline": [[0.1326, 0.2826], [0.1261, 0.2854], [0.1224, 0.2781], [0.1298, 0.275]]}, "2": {"outline": [[0.0993, 0.2881], [0.1069, 0.2851], [0.1101, 0.2926], [0.1024, 0.2958]]}}, "icon": [[0.08879999999999999, 0.2317], [0.11380000000000001, 0.25670000000000004]]}