{"inputs": [[0.4628, 0.1498, 361.332], [0.464, 0.0969, 357.373], [0.4578, 0.0422, 349.992], [0.4444, -0.0138, 343.242], [0.4241, -0.0704, 337.006], [0.3968, -0.1261, 331.169], [0.3633, -0.1802, 325.623], [0.3245, -0.2318, 320.2653], [0.2802, -0.2803, 315.0], [0.2322, -0.3243, 309.7347], [0.1804, -0.3635, 304.3768], [0.1263, -0.3966, 298.83050000000003], [0.0704, -0.4237, 292.9941], [0.0139, -0.4443, 286.7585], [-0.0421, -0.4577, 280.00800000000004], [-0.0971, -0.4641, 272.6271], [-0.1496, -0.4626, 268.66769999999997]], "name": "plane_boomWhisp_5_10", "outputs": [[0.1146, -0.7269, 548.409], [0.1056, -0.6665, 544.55], [0.105, -0.6048, 536.9870000000001], [0.1123, -0.5427, 529.629], [0.1276, -0.4809, 522.457], [0.1507, -0.421, 515.4449999999999], [0.181, -0.364, 508.558], [0.2181, -0.3104, 501.757], [0.2616, -0.2615, 495.0], [0.3105, -0.2181, 488.243], [0.3642, -0.1809, 481.442], [0.4212, -0.1506, 474.555], [0.4813, -0.1273, 467.543], [0.5425, -0.112, 460.371], [0.6049, -0.1049, 453.01300000000003], [0.6666, -0.1056, 445.45], [0.727, -0.1145, 441.591]], "outline": [[0.3784, -0.4444], [0.4143, -0.4145], [0.4444, -0.3782], [0.4667, -0.3373], [0.4808, -0.2928], [0.4861, -0.2468], [0.4821, -0.2009], [0.4694, -0.1569], [0.4484, -0.1166], [0.4195, -0.0815], [0.3844, -0.0526], [0.344, -0.0318], [0.3001, -0.0188], [0.2676, -0.0162], [0.2822, -0.044], [0.2926, -0.0782], [0.2962, -0.1136], [0.2927, -0.1492], [0.2821, -0.1834], [0.2654, -0.2149], [0.2428, -0.2426], [0.2149, -0.2654], [0.1837, -0.2821], [0.1494, -0.2924], [0.1138, -0.2961], [0.078, -0.2928], [0.044, -0.2823], [0.0163, -0.2672], [0.0189, -0.3], [0.0317, -0.3441], [0.0527, -0.3843], [0.0817, -0.4195], [0.1169, -0.4483], [0.157, -0.4694], [0.2012, -0.4821], [0.247, -0.486], [0.2931, -0.4807], [0.3373, -0.4668]], "flags": {"1": {"outline": [[0.2704, -0.243], [0.2624, -0.251], [0.2706, -0.2591], [0.2785, -0.2512]]}, "0": {"outline": [[0.2533, -0.2736], [0.2599, -0.2672], [0.2534, -0.2608], [0.2471, -0.2672]]}, "3": {"outline": [[0.2687, -0.289], [0.2738, -0.2838], [0.2681, -0.2777], [0.2625, -0.2832]]}, "2": {"outline": [[0.2864, -0.2602], [0.2805, -0.2661], [0.2864, -0.2719], [0.2923, -0.266]]}}, "icon": [[0.2385, -0.2637], [0.2635, -0.23869999999999997]]}