{"inputs": [[-0.152, 0.4055, 428.832], [-0.1029, 0.3865, 424.873], [-0.0544, 0.3598, 417.492], [-0.0078, 0.3263, 410.742], [0.0366, 0.2856, 404.506], [0.0775, 0.2391, 398.669], [0.1148, 0.1877, 393.123], [0.1477, 0.1318, 387.7653], [0.1755, 0.0726, 382.5], [0.1976, 0.011, 377.2347], [0.2139, -0.0516, 371.8768], [0.2241, -0.1145, 366.33050000000003], [0.2277, -0.1763, 360.4941], [0.2252, -0.2362, 354.2585], [0.216, -0.2931, 347.50800000000004], [0.2007, -0.3465, 340.1271], [0.1795, -0.3946, 336.1676]], "name": "plane_boomWhisp_0_13", "outputs": [[0.518, -0.254, 615.909], [0.459, -0.2394, 612.05], [0.4015, -0.2162, 604.4870000000001], [0.3468, -0.186, 597.129], [0.2957, -0.1481, 589.957], [0.2492, -0.1038, 582.9449999999999], [0.2081, -0.0539, 576.058], [0.1727, 0.001, 569.2570000000001], [0.1445, 0.0596, 562.5], [0.123, 0.1214, 555.7429999999999], [0.109, 0.1851, 548.942], [0.1028, 0.2497, 542.0550000000001], [0.1044, 0.3136, 535.043], [0.1137, 0.3765, 527.871], [0.1309, 0.4367, 520.513], [0.1553, 0.4939, 512.95], [0.1865, 0.546, 509.091]], "outline": [[0.1823, 0.0437], [0.1735, 0.0719], [0.1597, 0.0977], [0.141, 0.1205], [0.1184, 0.1393], [0.0924, 0.1531], [0.0643, 0.1614], [0.035, 0.1645], [0.006, 0.1616], [-0.0222, 0.153], [-0.0483, 0.1391], [-0.0711, 0.1205], [-0.0895, 0.0976], [-0.1038, 0.0718], [-0.1071, 0.0604], [-0.0923, 0.0619], [-0.0727, 0.0598], [-0.0538, 0.0542], [-0.0365, 0.0448], [-0.0212, 0.0323], [-0.0093, 0.0175], [0.0, 0.0], [0.0058, -0.0188], [0.0079, -0.0381], [0.0057, -0.0576], [0.0003, -0.0764], [-0.009, -0.0938], [-0.0216, -0.109], [-0.0331, -0.1185], [-0.0222, -0.1242], [0.0059, -0.1329], [0.0351, -0.1354], [0.0641, -0.1329], [0.0923, -0.124], [0.1183, -0.1102], [0.1409, -0.0916], [0.1596, -0.0691], [0.1737, -0.043], [0.1822, -0.0148], [0.185, 0.0146]], "flags": {"1": {"outline": [[0.1314, 0.0753], [0.1356, 0.0647], [0.1464, 0.0693], [0.1419, 0.0796]]}, "0": {"outline": [[0.1533, 0.0479], [0.1497, 0.0562], [0.1413, 0.0523], [0.145, 0.0442]]}, "3": {"outline": [[0.1731, 0.056], [0.1702, 0.0626], [0.1626, 0.0598], [0.1657, 0.0527]]}, "2": {"outline": [[0.1535, 0.0836], [0.1564, 0.0758], [0.1644, 0.0791], [0.1611, 0.0867]]}}, "icon": [[0.0995, 0.034], [0.1245, 0.059]]}