{
"name": "snek_food_14",
"flags": {
	"0": { "outline": [[-0.08,-0.1],[-0.0826795,-0.09],[-0.09,-0.0826795],[-0.1,-0.08],[-0.11,-0.0826795],[-0.117321,-0.09],[-0.12,-0.1],[-0.117321,-0.11],[-0.11,-0.117321],[-0.1,-0.12],[-0.09,-0.117321],[-0.0826795,-0.11]] },
	"1": { "outline": [[-0.08,0.1],[-0.0826795,0.11],[-0.09,0.117321],[-0.1,0.12],[-0.11,0.117321],[-0.117321,0.11],[-0.12,0.1],[-0.117321,0.09],[-0.11,0.0826795],[-0.1,0.08],[-0.09,0.0826795],[-0.0826795,0.09]] },
	"2": { "outline": [[0.12,-0.1],[0.117321,-0.09],[0.11,-0.0826795],[0.1,-0.08],[0.09,-0.0826795],[0.0826795,-0.09],[0.08,-0.1],[0.0826795,-0.11],[0.09,-0.117321],[0.1,-0.12],[0.11,-0.117321],[0.117321,-0.11]] },
	"3": { "outline": [[0.12,0.1],[0.117321,0.11],[0.11,0.117321],[0.1,0.12],[0.09,0.117321],[0.0826795,0.11],[0.08,0.1],[0.0826795,0.09],[0.09,0.0826795],[0.1,0.08],[0.11,0.0826795],[0.117321,0.09]] }
},
"outline": [[0.248674,0],[0.22232,0.00981354],[0.235469,0.0196034],[0.261997,0.0293461],[0.251518,0.0390181],[0.232851,0.048596],[0.270257,0.0580569],[0.274623,0.067378],[0.229206,0.0765367],[0.242653,0.085511],[0.290624,0.0942793],[0.250972,0.102821],[0.197534,0.111114],[0.172852,0.11914],[0.145377,0.126879],[0.154401,0.134312],[0.164903,0.141421],[0.155817,0.14819],[0.148772,0.154602],[0.143704,0.160642],[0.129487,0.166294],[0.118454,0.171546],[0.107392,0.176384],[0.0953158,0.180798],[0.0838162,0.184776],[0.0723506,0.188309],[0.0614528,0.191388],[0.0506417,0.194006],[0.0400776,0.196157],[0.0297181,0.197835],[0.0196669,0.199037],[0.00981907,0.199759],[-8.74228e-09,0.2],[-0.00982402,0.199759],[-0.0197331,0.199037],[-0.0300916,0.197835],[-0.0411927,0.196157],[-0.0526322,0.194006],[-0.0636075,0.191388],[-0.0763902,0.188309],[-0.0923727,0.184776],[-0.106865,0.180798],[-0.117446,0.176384],[-0.129805,0.171546],[-0.142717,0.166294],[-0.160309,0.160642],[-0.182489,0.154602],[-0.197704,0.14819],[-0.199645,0.141421],[-0.207568,0.134312],[-0.212729,0.126879],[-0.191308,0.11914],[-0.17731,0.111114],[-0.178657,0.102821],[-0.212338,0.0942793],[-0.267223,0.085511],[-0.296637,0.0765367],[-0.266843,0.067378],[-0.195197,0.0580569],[-0.211,0.048596],[-0.261788,0.0390181],[-0.228322,0.0293461],[-0.252556,0.0196034],[-0.303783,0.0098135],[-0.285709,-1.74846e-08],[-0.301715,-0.00981353],[-0.347751,-0.0196035],[-0.394496,-0.0293461],[-0.365484,-0.0390181],[-0.308199,-0.0485961],[-0.316761,-0.058057],[-0.371964,-0.067378],[-0.371093,-0.0765367],[-0.315872,-0.0855111],[-0.33139,-0.0942794],[-0.372672,-0.102821],[-0.344941,-0.111114],[-0.308231,-0.11914],[-0.267744,-0.126879],[-0.232058,-0.134312],[-0.217783,-0.141421],[-0.185349,-0.14819],[-0.152536,-0.154602],[-0.133666,-0.160642],[-0.12307,-0.166294],[-0.115549,-0.171546],[-0.105701,-0.176384],[-0.0989414,-0.180798],[-0.0891398,-0.184776],[-0.0743898,-0.188309],[-0.0620676,-0.191388],[-0.0515356,-0.194006],[-0.0405384,-0.196157],[-0.0300556,-0.197835],[-0.0198231,-0.199037],[-0.0098344,-0.199759],[2.38498e-09,-0.2],[0.0098358,-0.199759],[0.0197317,-0.199037],[0.0295458,-0.197835],[0.0392572,-0.196157],[0.0487232,-0.194006],[0.0575767,-0.191388],[0.066748,-0.188309],[0.0773467,-0.184776],[0.0903895,-0.180798],[0.103985,-0.176384],[0.111659,-0.171546],[0.11781,-0.166294],[0.138589,-0.160642],[0.157734,-0.154602],[0.172754,-0.14819],[0.205643,-0.141421],[0.229017,-0.134312],[0.2384,-0.126879],[0.270801,-0.11914],[0.286459,-0.111114],[0.288469,-0.102821],[0.310627,-0.0942793],[0.341825,-0.085511],[0.368196,-0.0765367],[0.362707,-0.0673779],[0.328452,-0.0580569],[0.319735,-0.048596],[0.34768,-0.039018],[0.301149,-0.029346],[0.237204,-0.0196034],[0.248935,-0.00981353]],
"inputs": [[-0.173205,0.218603,110.513],[-0.158671,0.224041,108.046],[-0.141421,0.228959,104.036],[-0.121752,0.233271,100.859],[-0.1,0.236905,98.2132],[-0.0765367,0.239797,95.9121],[-0.0517638,0.2419,93.8324],[-0.0261052,0.243176,91.8851],[1.49012e-08,0.243603,90],[0.0261052,0.243176,88.1149],[0.0517638,0.2419,86.1676],[0.0765367,0.239797,84.0879],[0.1,0.236905,81.7868],[0.121752,0.233271,79.1408],[0.141421,0.228959,75.9638],[0.158671,0.224041,71.9541],[0.173205,0.218603,69.4866]],
"outputs": [[0.173205,-0.225574,290.513],[0.158671,-0.231012,288.046],[0.141421,-0.235929,284.036],[0.121752,-0.240242,280.859],[0.1,-0.243875,278.213],[0.0765366,-0.246768,275.912],[0.0517638,-0.24887,273.832],[0.0261052,-0.250146,271.885],[0,-0.250574,270],[-0.0261053,-0.250146,268.115],[-0.0517638,-0.24887,266.168],[-0.0765367,-0.246768,264.088],[-0.1,-0.243875,261.787],[-0.121752,-0.240242,259.141],[-0.141421,-0.235929,255.964],[-0.158671,-0.231012,251.954],[-0.173205,-0.225574,249.487]],
"icon": [[-0.085223,-0.086131],[0.082777,0.081869]]
}