{"inputs": [[0.7684, 0.0761, 358.01300000000003], [0.768, 0.0609, 355.546], [0.7661, 0.0429, 351.536], [0.7624, 0.0229, 348.359], [0.7574, 0.0015, 345.71320000000003], [0.7511, -0.0214, 343.4121], [0.7435, -0.0448, 341.3324], [0.7351, -0.069, 339.38509999999997], [0.7254, -0.0934, 337.5], [0.715, -0.1174, 335.61490000000003], [0.7039, -0.1404, 333.6676], [0.6924, -0.1626, 331.5879], [0.6809, -0.1831, 329.28679999999997], [0.6691, -0.202, 326.6408], [0.6576, -0.2184, 323.4638], [0.6465, -0.2323, 319.4541], [0.6361, -0.2437, 316.9866]], "name": "snek_torso_11", "outputs": [[0.2257, -0.0738, 538.0129999999999], [0.2263, -0.0582, 535.546], [0.2282, -0.0405, 531.5360000000001], [0.2318, -0.0206, 528.3589999999999], [0.2366, 0.0007, 525.713], [0.2431, 0.0237, 523.412], [0.2504, 0.0474, 521.332], [0.259, 0.0715, 519.385], [0.2687, 0.0959, 517.5], [0.279, 0.1197, 515.615], [0.2902, 0.1431, 513.668], [0.3017, 0.165, 511.588], [0.3131, 0.1855, 509.287], [0.3249, 0.2044, 506.641], [0.3363, 0.2208, 503.464], [0.3476, 0.2348, 499.454], [0.3582, 0.246, 496.98699999999997]], "outline": [[0.7707, 0.0991], [0.6213, -0.2615], [0.605, -0.28], [0.5806, -0.2785], [0.2465, -0.1401], [0.2283, -0.1239], [0.2298, -0.0996], [0.3792, 0.2614], [0.3957, 0.28], [0.4197, 0.2782], [0.7539, 0.1399], [0.7722, 0.1237]], "flags": {"1": {"outline": [[0.6334, 0.0162], [0.6644, 0.0122], [0.693, 0.0241], [0.7119, 0.0487], [0.7161, 0.0795], [0.704, 0.108], [0.6794, 0.1271], [0.6486, 0.1311], [0.6201, 0.1192], [0.601, 0.0946], [0.597, 0.0638], [0.6088, 0.0351]]}, "0": {"outline": [[0.406, 0.1041], [0.4367, 0.0999], [0.4654, 0.1119], [0.4842, 0.1365], [0.4883, 0.1674], [0.4765, 0.1961], [0.4518, 0.2151], [0.4209, 0.219], [0.3924, 0.2073], [0.3733, 0.1826], [0.3695, 0.1519], [0.3813, 0.1231]]}, "3": {"outline": [[0.525, -0.2112], [0.5558, -0.2154], [0.5844, -0.2033], [0.6034, -0.179], [0.6073, -0.1479], [0.5956, -0.1194], [0.5708, -0.1005], [0.54, -0.0963], [0.5114, -0.1082], [0.4925, -0.1328], [0.4884, -0.1636], [0.5003, -0.1924]]}, "2": {"outline": [[0.3074, -0.1231], [0.3381, -0.1273], [0.3668, -0.1153], [0.3856, -0.0906], [0.3898, -0.06], [0.378, -0.0312], [0.353, -0.0123], [0.3224, -0.0081], [0.2935, -0.0202], [0.2746, -0.0448], [0.2706, -0.0756], [0.2825, -0.1042]]}}, "icon": [[0.37429999999999997, -0.1163], [0.6143000000000001, 0.12369999999999999]]}