{"inputs": [[0.079, -0.6434, 255.909], [0.0199, -0.6285, 252.05], [-0.0375, -0.6057, 244.487], [-0.0922, -0.5751, 237.12900000000002], [-0.1432, -0.5373, 229.957], [-0.1896, -0.493, 222.945], [-0.2309, -0.4429, 216.058], [-0.2661, -0.3883, 209.2573], [-0.2945, -0.3294, 202.5], [-0.316, -0.2677, 195.7427], [-0.3299, -0.2039, 188.9418], [-0.3362, -0.1396, 182.0549], [-0.3346, -0.0753, 175.0429], [-0.3251, -0.0127, 167.8713], [-0.3081, 0.0476, 160.5128], [-0.2837, 0.1044, 152.9504], [-0.2523, 0.1568, 149.0909]], "name": "snek_head_2_5", "outputs": [[0.1773, 0.3347, 446.986], [0.2614, 0.3302, 443.773], [0.3416, 0.3168, 436.962], [0.4161, 0.2944, 429.55], [0.4839, 0.2636, 421.448], [0.5439, 0.225, 412.609], [0.5948, 0.1792, 403.063], [0.6357, 0.1266, 392.943], [0.6663, 0.0685, 382.5], [0.6858, 0.006, 372.057], [0.6937, -0.0602, 361.937], [0.6902, -0.1286, 352.39099999999996], [0.6754, -0.1983, 343.552], [0.6491, -0.268, 335.45], [0.6122, -0.3365, 328.038], [0.565, -0.4027, 321.227], [0.5086, -0.4655, 318.014]], "outline": [[0.4762, -0.4415], [0.5351, -0.3504], [0.5704, -0.2478], [0.5983, -0.1834], [0.6612, -0.1574], [0.6773, -0.1434], [0.6759, -0.1221], [0.5382, 0.2102], [0.5243, 0.2263], [0.503, 0.2248], [0.4401, 0.1987], [0.3748, 0.2245], [0.2773, 0.272], [0.1712, 0.2948], [0.0628, 0.2915], [-0.0417, 0.2623], [-0.1362, 0.209], [-0.2152, 0.1348], [-0.2867, 0.0131], [-0.3064, -0.1248], [-0.2547, -0.2978], [-0.247, -0.3103], [-0.2324, -0.3127], [0.0314, -0.1921], [0.0499, -0.1856], [0.0567, -0.1847], [0.0574, -0.1868], [0.0522, -0.1911], [0.0348, -0.1994], [-0.2302, -0.32], [-0.238, -0.3306], [-0.2341, -0.3427], [-0.1647, -0.4643], [-0.05, -0.5604], [0.0898, -0.6016], [0.1982, -0.5983], [0.3027, -0.5691], [0.3972, -0.5158]], "flags": {"1": {"outline": [[0.2267, -0.2773], [0.202, -0.2962], [0.1901, -0.3249], [0.1941, -0.3555], [0.213, -0.3803], [0.2419, -0.3922], [0.2725, -0.3881], [0.2972, -0.3692], [0.309, -0.3405], [0.3049, -0.3098], [0.2862, -0.2852], [0.2574, -0.2733]]}, "0": {"outline": [[0.0313, -0.4017], [0.0066, -0.4205], [-0.0053, -0.4492], [-0.0011, -0.4801], [0.0177, -0.5046], [0.0465, -0.5166], [0.0773, -0.5125], [0.1019, -0.4936], [0.1138, -0.465], [0.1098, -0.4341], [0.0909, -0.4095], [0.0622, -0.3974]]}, "3": {"outline": [[-0.1594, 0.0589], [-0.1841, 0.0399], [-0.196, 0.0113], [-0.1919, -0.0195], [-0.173, -0.0441], [-0.1444, -0.0561], [-0.1136, -0.0519], [-0.0888, -0.0331], [-0.0769, -0.0043], [-0.081, 0.0264], [-0.0999, 0.051], [-0.1287, 0.063]]}, "2": {"outline": [[0.0665, 0.1093], [0.0418, 0.0902], [0.0299, 0.0617], [0.0341, 0.0308], [0.0529, 0.0062], [0.0817, -0.0057], [0.1125, -0.0017], [0.1371, 0.0172], [0.1489, 0.0459], [0.145, 0.0766], [0.126, 0.1013], [0.0974, 0.1132]]}}, "icon": [[0.08199999999999999, -0.2451], [0.32200000000000006, -0.005099999999999966]]}