{"inputs": [[0.6733, -0.0599, 290.51300000000003], [0.659, -0.0654, 288.046], [0.6415, -0.0703, 284.036], [0.622, -0.0746, 280.859], [0.6001, -0.0784, 278.21320000000003], [0.5767, -0.0813, 275.9121], [0.5519, -0.0833, 273.8324], [0.5264, -0.0846, 271.88509999999997], [0.5003, -0.085, 270.0], [0.474, -0.0845, 268.11490000000003], [0.4486, -0.0835, 266.1676], [0.4237, -0.0813, 264.0879], [0.4001, -0.0783, 261.78679999999997], [0.3784, -0.0745, 259.1408], [0.3587, -0.0704, 255.9638], [0.3416, -0.0653, 251.95409999999998], [0.327, -0.0599, 249.4866]], "name": "snek_tail_8", "outputs": [[0.3272, 0.8655, 470.513], [0.3415, 0.8709, 468.046], [0.3587, 0.8759, 464.036], [0.3784, 0.8801, 460.859], [0.4003, 0.8838, 458.213], [0.4239, 0.8868, 455.912], [0.4485, 0.8888, 453.832], [0.4741, 0.8902, 451.885], [0.5, 0.8907, 450.0], [0.5264, 0.8901, 448.115], [0.5521, 0.8888, 446.168], [0.5767, 0.8868, 444.088], [0.6001, 0.8839, 441.787], [0.6219, 0.8801, 439.141], [0.6417, 0.8759, 435.964], [0.6589, 0.8709, 431.954], [0.6734, 0.8655, 429.48699999999997]], "outline": [[0.5227, 0.8241], [0.5476, 0.8164], [0.5598, 0.7936], [0.7204, 0.0057], [0.7171, -0.0169], [0.6954, -0.0246], [0.305, -0.0244], [0.2833, -0.0171], [0.2802, 0.0057], [0.4405, 0.7935], [0.4529, 0.8165], [0.4778, 0.824]], "flags": {"1": {"outline": [[0.4401, 0.6086], [0.4482, 0.5785], [0.4702, 0.5565], [0.5003, 0.5487], [0.5303, 0.5567], [0.5521, 0.5788], [0.5602, 0.6087], [0.5522, 0.6386], [0.5303, 0.6605], [0.5003, 0.6686], [0.4701, 0.6605], [0.4481, 0.6385]]}, "0": {"outline": [[0.4402, 0.7396], [0.4483, 0.7095], [0.4702, 0.6875], [0.5002, 0.6797], [0.5304, 0.6877], [0.5523, 0.7096], [0.5602, 0.7395], [0.5521, 0.7695], [0.5301, 0.7916], [0.5003, 0.7995], [0.4702, 0.7914], [0.4481, 0.7695]]}, "3": {"outline": [[0.4401, 0.0631], [0.4482, 0.0333], [0.4701, 0.0111], [0.5002, 0.0031], [0.5303, 0.0111], [0.5522, 0.0332], [0.5602, 0.0632], [0.5521, 0.0931], [0.5301, 0.115], [0.5001, 0.1231], [0.4701, 0.1151], [0.4483, 0.0932]]}, "2": {"outline": [[0.4402, 0.1958], [0.4483, 0.1657], [0.4703, 0.1437], [0.5003, 0.1357], [0.5301, 0.1437], [0.5521, 0.1658], [0.5601, 0.1959], [0.5522, 0.2258], [0.5301, 0.2478], [0.5002, 0.2558], [0.4702, 0.2476], [0.4482, 0.2258]]}}, "icon": [[0.38149999999999984, 0.26169999999999993], [0.6215, 0.5017]]}