{"inputs": [[0.0669873, 0.635, 143.409], [0.103323, 0.683943, 139.55], [0.146447, 0.728198, 131.987], [0.195619, 0.767009, 124.629], [0.25, 0.799711, 117.457], [0.308658, 0.825746, 110.445], [0.37059, 0.844667, 103.558], [0.434737, 0.85615, 96.7573], [0.5, 0.86, 90], [0.565263, 0.85615, 83.2427], [0.62941, 0.844667, 76.4418], [0.691342, 0.825746, 69.5549], [0.75, 0.799711, 62.5429], [0.804381, 0.767009, 55.3713], [0.853553, 0.728198, 48.0128], [0.896677, 0.683943, 40.4504], [0.933013, 0.635, 36.5909]], "name": "snek_head_2_0", "outputs": [[0.933013, 0.17, 334.486], [0.896677, 0.0938668, 331.273], [0.853553, 0.0250252, 324.462], [0.804381, -0.0353475, 317.05], [0.75, -0.0862178, 308.948], [0.691342, -0.126716, 300.109], [0.629409, -0.156148, 290.563], [0.565263, -0.174011, 280.443], [0.5, -0.18, 270], [0.434737, -0.174011, 259.557], [0.370591, -0.156148, 249.437], [0.308658, -0.126716, 239.891], [0.25, -0.0862178, 231.052], [0.195619, -0.0353473, 222.95], [0.146447, 0.0250253, 215.538], [0.103323, 0.093867, 208.727], [0.0669873, 0.17, 205.514]], "outline": [[0.101545, 0.190875], [0.16317, 0.101595], [0.244371, 0.0296572], [0.293144, -0.0207573], [0.293167, -0.0888868], [0.299924, -0.109137], [0.320176, -0.115887], [0.679824, -0.115887], [0.700076, -0.109137], [0.706833, -0.0888868], [0.706857, -0.0207573], [0.755629, 0.0296573], [0.83683, 0.101595], [0.898455, 0.190875], [0.936924, 0.292308], [0.95, 0.4], [0.936924, 0.507692], [0.898455, 0.609125], [0.813501, 0.721602], [0.693591, 0.792664], [0.514021, 0.811069], [0.499506, 0.808658], [0.49159, 0.796256], [0.502176, 0.506352], [0.501119, 0.486779], [0.499176, 0.480255], [0.497113, 0.480255], [0.49514, 0.486682], [0.493996, 0.505962], [0.484017, 0.797084], [0.47728, 0.808275], [0.464593, 0.809306], [0.3257, 0.791578], [0.193131, 0.722507], [0.101545, 0.609125], [0.0630762, 0.507692], [0.05, 0.4], [0.0630762, 0.292308]], "flags": {"1": {"outline": [[0.348735, 0.358572], [0.340696, 0.388572], [0.318735, 0.410534], [0.288735, 0.418572], [0.258735, 0.410534], [0.236773, 0.388572], [0.228735, 0.358572], [0.236773, 0.328572], [0.258735, 0.30661], [0.288735, 0.298572], [0.318735, 0.30661], [0.340696, 0.328572]]}, "0": {"outline": [[0.30856, 0.586591], [0.300522, 0.616591], [0.27856, 0.638553], [0.24856, 0.646591], [0.21856, 0.638553], [0.196599, 0.616591], [0.18856, 0.586591], [0.196599, 0.556591], [0.21856, 0.534629], [0.24856, 0.526591], [0.27856, 0.534629], [0.300522, 0.556591]]}, "3": {"outline": [[0.807053, 0.586591], [0.799014, 0.616591], [0.777053, 0.638553], [0.747053, 0.646591], [0.717053, 0.638553], [0.695091, 0.616591], [0.687053, 0.586591], [0.695091, 0.556591], [0.717053, 0.534629], [0.747053, 0.526591], [0.777053, 0.534629], [0.799014, 0.556591]]}, "2": {"outline": [[0.767054, 0.358572], [0.759016, 0.388572], [0.737054, 0.410534], [0.707054, 0.418572], [0.677054, 0.410534], [0.655092, 0.388572], [0.647054, 0.358572], [0.655092, 0.328572], [0.677054, 0.30661], [0.707054, 0.298572], [0.737054, 0.30661], [0.759016, 0.328572]]}}, "icon": [[0.378777, 0.203065], [0.618777, 0.443065]]}