{"inputs": [[0.3572, -0.7556, 278.409], [0.2969, -0.7644, 274.55], [0.2352, -0.7653, 266.98699999999997], [0.1729, -0.758, 259.629], [0.1113, -0.7426, 252.457], [0.0515, -0.7194, 245.445], [-0.0058, -0.6889, 238.558], [-0.0592, -0.652, 231.7573], [-0.108, -0.6084, 225.0], [-0.1515, -0.5596, 218.2427], [-0.1887, -0.506, 211.4418], [-0.2192, -0.449, 204.5549], [-0.2423, -0.389, 197.5429], [-0.2575, -0.3275, 190.3713], [-0.2649, -0.2653, 183.0128], [-0.264, -0.2035, 175.4504], [-0.2551, -0.1431, 171.5909]], "name": "snek_head_6", "outputs": [[0.0737, 0.1857, 469.486], [0.1532, 0.2137, 466.273], [0.2324, 0.232, 459.462], [0.3098, 0.2398, 452.05], [0.3842, 0.2373, 443.948], [0.4544, 0.2246, 435.109], [0.519, 0.2018, 425.563], [0.5769, 0.1688, 415.443], [0.6274, 0.1269, 405.0], [0.6693, 0.0766, 394.557], [0.7019, 0.0185, 384.437], [0.7249, -0.0461, 374.89099999999996], [0.7379, -0.1161, 366.052], [0.7403, -0.1906, 357.95], [0.7324, -0.268, 350.538], [0.7141, -0.3472, 343.727], [0.686, -0.4268, 340.514]], "outline": [[0.6469, -0.4171], [0.6665, -0.3103], [0.6598, -0.202], [0.661, -0.1319], [0.7091, -0.0838], [0.7186, -0.0647], [0.7092, -0.0455], [0.4548, 0.2088], [0.4358, 0.2183], [0.4167, 0.2088], [0.3686, 0.1606], [0.2984, 0.1594], [0.1901, 0.166], [0.0834, 0.1465], [-0.0155, 0.102], [-0.1009, 0.035], [-0.1678, -0.0504], [-0.2124, -0.1492], [-0.2319, -0.2559], [-0.2254, -0.3642], [-0.1637, -0.4468], [-0.1517, -0.4553], [-0.1374, -0.4522], [0.0988, -0.3151], [0.121, -0.3097], [0.1411, -0.3207], [0.1797, -0.3592], [0.1909, -0.3795], [0.1865, -0.4022], [0.0595, -0.6496], [0.057, -0.6641], [0.0661, -0.6759], [0.1362, -0.7258], [0.2444, -0.7324], [0.3512, -0.7128], [0.4501, -0.6683], [0.5355, -0.6013], [0.6024, -0.5159]], "flags": {"1": {"outline": [[0.3536, -0.3608], [0.338, -0.3877], [0.338, -0.4188], [0.3534, -0.4456], [0.3803, -0.4612], [0.4116, -0.4612], [0.4383, -0.4457], [0.4539, -0.4188], [0.4538, -0.3877], [0.4383, -0.3609], [0.4116, -0.3454], [0.3804, -0.3454]]}, "0": {"outline": [[0.2207, -0.5505], [0.205, -0.5774], [0.205, -0.6084], [0.2207, -0.6354], [0.2475, -0.6508], [0.2787, -0.6509], [0.3056, -0.6353], [0.321, -0.6084], [0.3211, -0.5774], [0.3056, -0.5504], [0.2787, -0.5349], [0.2476, -0.5347]]}, "3": {"outline": [[-0.1318, -0.198], [-0.1473, -0.225], [-0.1474, -0.256], [-0.1318, -0.2828], [-0.1049, -0.2983], [-0.0739, -0.2985], [-0.0471, -0.2828], [-0.0314, -0.256], [-0.0314, -0.2248], [-0.0469, -0.198], [-0.0738, -0.1825], [-0.105, -0.1824]]}, "2": {"outline": [[0.0576, -0.065], [0.0421, -0.0921], [0.042, -0.1229], [0.0577, -0.1499], [0.0845, -0.1654], [0.1157, -0.1654], [0.1426, -0.1499], [0.1581, -0.123], [0.158, -0.092], [0.1427, -0.0651], [0.1157, -0.0496], [0.0847, -0.0495]]}}, "icon": [[0.1525, -0.3497], [0.39250000000000007, -0.10969999999999996]]}