{"inputs": [[0.4198, 0.1646, 425.51300000000003], [0.4339, 0.1584, 423.046], [0.4496, 0.1495, 419.036], [0.4665, 0.1387, 415.859], [0.4848, 0.1257, 413.21320000000003], [0.5034, 0.1113, 410.9121], [0.5223, 0.0952, 408.8324], [0.5413, 0.0781, 406.88509999999997], [0.5599, 0.0601, 405.0], [0.5783, 0.0411, 403.11490000000003], [0.5953, 0.0224, 401.1676], [0.6115, 0.0033, 399.0879], [0.626, -0.0156, 396.78679999999997], [0.6388, -0.0337, 394.1408], [0.6499, -0.0505, 390.9638], [0.6582, -0.0661, 386.9541], [0.6647, -0.0804, 384.4866]], "name": "snek_tail_14", "outputs": [[0.0102, -0.7345, 605.5129999999999], [-0.0037, -0.7283, 603.046], [-0.0193, -0.7196, 599.0360000000001], [-0.0362, -0.7087, 595.8589999999999], [-0.0543, -0.6957, 593.213], [-0.0731, -0.6811, 590.912], [-0.092, -0.6652, 588.832], [-0.1111, -0.648, 586.885], [-0.1299, -0.6301, 585.0], [-0.1479, -0.6111, 583.115], [-0.1653, -0.592, 581.168], [-0.1813, -0.5732, 579.088], [-0.1958, -0.5545, 576.787], [-0.2084, -0.5365, 574.1410000000001], [-0.2195, -0.5194, 570.9639999999999], [-0.2281, -0.5038, 566.954], [-0.2345, -0.4898, 564.487]], "outline": [[-0.0987, -0.5669], [-0.1108, -0.544], [-0.1033, -0.5191], [0.3402, 0.1515], [0.3585, 0.1651], [0.3792, 0.1553], [0.6552, -0.1209], [0.6655, -0.1415], [0.6515, -0.1598], [-0.019, -0.6036], [-0.044, -0.6109], [-0.0668, -0.5987]], "flags": {"1": {"outline": [[0.112, -0.473], [0.1276, -0.4461], [0.1277, -0.4149], [0.1118, -0.3881], [0.0849, -0.3725], [0.0539, -0.3727], [0.0271, -0.3882], [0.0116, -0.4149], [0.0115, -0.4459], [0.0271, -0.4728], [0.0541, -0.4884], [0.0852, -0.4885]]}, "0": {"outline": [[0.0194, -0.5655], [0.0349, -0.5386], [0.0351, -0.5076], [0.0195, -0.4808], [-0.0075, -0.4651], [-0.0387, -0.4652], [-0.0655, -0.4806], [-0.0809, -0.5077], [-0.081, -0.5389], [-0.0654, -0.5654], [-0.0384, -0.581], [-0.0074, -0.5812]]}, "3": {"outline": [[0.4978, -0.0872], [0.5131, -0.0606], [0.5134, -0.0293], [0.4977, -0.0025], [0.4707, 0.0133], [0.4397, 0.0132], [0.4127, -0.0024], [0.3974, -0.0292], [0.3975, -0.0603], [0.413, -0.0874], [0.4399, -0.1028], [0.4708, -0.1028]]}, "2": {"outline": [[0.4039, -0.1811], [0.4194, -0.154], [0.4196, -0.123], [0.404, -0.0961], [0.3773, -0.0806], [0.346, -0.0808], [0.3191, -0.0964], [0.3036, -0.1231], [0.3035, -0.1543], [0.3191, -0.1811], [0.3461, -0.1964], [0.377, -0.1966]]}}, "icon": [[0.10899999999999992, -0.38920000000000005], [0.3490000000000001, -0.14919999999999997]]}