{
"name": "snek_food_13",
"flags": {
	"0": { "outline": [[-0.08,-0.1],[-0.0826795,-0.09],[-0.09,-0.0826795],[-0.1,-0.08],[-0.11,-0.0826795],[-0.117321,-0.09],[-0.12,-0.1],[-0.117321,-0.11],[-0.11,-0.117321],[-0.1,-0.12],[-0.09,-0.117321],[-0.0826795,-0.11]] },
	"1": { "outline": [[-0.08,0.1],[-0.0826795,0.11],[-0.09,0.117321],[-0.1,0.12],[-0.11,0.117321],[-0.117321,0.11],[-0.12,0.1],[-0.117321,0.09],[-0.11,0.0826795],[-0.1,0.08],[-0.09,0.0826795],[-0.0826795,0.09]] },
	"2": { "outline": [[0.12,-0.1],[0.117321,-0.09],[0.11,-0.0826795],[0.1,-0.08],[0.09,-0.0826795],[0.0826795,-0.09],[0.08,-0.1],[0.0826795,-0.11],[0.09,-0.117321],[0.1,-0.12],[0.11,-0.117321],[0.117321,-0.11]] },
	"3": { "outline": [[0.12,0.1],[0.117321,0.11],[0.11,0.117321],[0.1,0.12],[0.09,0.117321],[0.0826795,0.11],[0.08,0.1],[0.0826795,0.09],[0.09,0.0826795],[0.1,0.08],[0.11,0.0826795],[0.117321,0.09]] }
},
"outline": [[0.233658,0],[0.208183,0.00981354],[0.220223,0.0196034],[0.246838,0.0293461],[0.238539,0.0390181],[0.221752,0.048596],[0.272473,0.0580569],[0.292912,0.067378],[0.264967,0.0765367],[0.298498,0.085511],[0.368385,0.0942793],[0.337597,0.102821],[0.278868,0.111114],[0.22698,0.11914],[0.17741,0.126879],[0.185832,0.134312],[0.193334,0.141421],[0.176854,0.14819],[0.163072,0.154602],[0.153141,0.160642],[0.136942,0.166294],[0.126068,0.171546],[0.11343,0.176384],[0.100696,0.180798],[0.0896332,0.184776],[0.0771256,0.188309],[0.0640958,0.191388],[0.0514811,0.194006],[0.0401532,0.196157],[0.0297871,0.197835],[0.0197148,0.199037],[0.00982665,0.199759],[-8.74228e-09,0.2],[-0.00982889,0.199759],[-0.0197668,0.199037],[-0.030264,0.197835],[-0.0416485,0.196157],[-0.0533988,0.194006],[-0.0653629,0.191388],[-0.0796394,0.188309],[-0.097111,0.184776],[-0.112592,0.180798],[-0.124331,0.176384],[-0.137969,0.171546],[-0.151772,0.166294],[-0.170181,0.160642],[-0.19118,0.154602],[-0.202874,0.14819],[-0.20326,0.141421],[-0.21131,0.134312],[-0.211962,0.126879],[-0.176066,0.11914],[-0.154308,0.111114],[-0.163601,0.102821],[-0.216175,0.0942793],[-0.302187,0.085511],[-0.353335,0.0765367],[-0.315338,0.067378],[-0.224956,0.0580569],[-0.249641,0.048596],[-0.303758,0.0390181],[-0.237573,0.0293461],[-0.244868,0.0196034],[-0.295701,0.0098135],[-0.278551,-1.74846e-08],[-0.319103,-0.00981353],[-0.388639,-0.0196035],[-0.446731,-0.0293461],[-0.404339,-0.0390181],[-0.322375,-0.0485961],[-0.319237,-0.058057],[-0.384875,-0.067378],[-0.393341,-0.0765367],[-0.332892,-0.0855111],[-0.35094,-0.0942794],[-0.410643,-0.102821],[-0.388883,-0.111114],[-0.341124,-0.11914],[-0.291556,-0.126879],[-0.254698,-0.134312],[-0.24279,-0.141421],[-0.206306,-0.14819],[-0.164226,-0.154602],[-0.135518,-0.160642],[-0.120708,-0.166294],[-0.117949,-0.171546],[-0.109445,-0.176384],[-0.101946,-0.180798],[-0.0913762,-0.184776],[-0.0754298,-0.188309],[-0.0625369,-0.191388],[-0.0516845,-0.194006],[-0.0405815,-0.196157],[-0.0301916,-0.197835],[-0.0199,-0.199037],[-0.00984609,-0.199759],[2.38498e-09,-0.2],[0.00984726,-0.199759],[0.0198042,-0.199037],[0.0297044,-0.197835],[0.0393481,-0.196157],[0.0485024,-0.194006],[0.0568205,-0.191388],[0.0653053,-0.188309],[0.0760981,-0.184776],[0.0924734,-0.180798],[0.109083,-0.176384],[0.116655,-0.171546],[0.12323,-0.166294],[0.148228,-0.160642],[0.170469,-0.154602],[0.190384,-0.14819],[0.236934,-0.141421],[0.265863,-0.134312],[0.266807,-0.126879],[0.302305,-0.11914],[0.320957,-0.111114],[0.318563,-0.102821],[0.34505,-0.0942793],[0.392723,-0.085511],[0.434409,-0.0765367],[0.429521,-0.0673779],[0.388514,-0.0580569],[0.375268,-0.048596],[0.408788,-0.039018],[0.331999,-0.029346],[0.223968,-0.0196034],[0.227097,-0.00981353]],
"inputs": [[-0.173205,0.218603,110.513],[-0.158671,0.224041,108.046],[-0.141421,0.228959,104.036],[-0.121752,0.233271,100.859],[-0.1,0.236905,98.2132],[-0.0765367,0.239797,95.9121],[-0.0517638,0.2419,93.8324],[-0.0261052,0.243176,91.8851],[1.49012e-08,0.243603,90],[0.0261052,0.243176,88.1149],[0.0517638,0.2419,86.1676],[0.0765367,0.239797,84.0879],[0.1,0.236905,81.7868],[0.121752,0.233271,79.1408],[0.141421,0.228959,75.9638],[0.158671,0.224041,71.9541],[0.173205,0.218603,69.4866]],
"outputs": [[0.173205,-0.225574,290.513],[0.158671,-0.231012,288.046],[0.141421,-0.235929,284.036],[0.121752,-0.240242,280.859],[0.1,-0.243875,278.213],[0.0765366,-0.246768,275.912],[0.0517638,-0.24887,273.832],[0.0261052,-0.250146,271.885],[0,-0.250574,270],[-0.0261053,-0.250146,268.115],[-0.0517638,-0.24887,266.168],[-0.0765367,-0.246768,264.088],[-0.1,-0.243875,261.787],[-0.121752,-0.240242,259.141],[-0.141421,-0.235929,255.964],[-0.158671,-0.231012,251.954],[-0.173205,-0.225574,249.487]],
"icon": [[-0.085223,-0.086131],[0.082777,0.081869]]
}