{"inputs": [[0.6733, -0.2189, 290.51300000000003], [0.659, -0.2244, 288.046], [0.6416, -0.2294, 284.036], [0.6218, -0.2336, 280.859], [0.6001, -0.2372, 278.21320000000003], [0.5766, -0.2401, 275.9121], [0.5521, -0.2421, 273.8324], [0.5264, -0.2436, 271.88509999999997], [0.5002, -0.244, 270.0], [0.4741, -0.2436, 268.11490000000003], [0.4485, -0.2421, 266.1676], [0.4236, -0.24, 264.0879], [0.4002, -0.2372, 261.78679999999997], [0.3783, -0.2336, 259.1408], [0.3587, -0.2292, 255.9638], [0.3415, -0.2243, 251.95409999999998], [0.3271, -0.219, 249.4866]], "name": "snek_torso_8", "outputs": [[0.3271, 0.2252, 470.513], [0.3416, 0.2306, 468.046], [0.3587, 0.2357, 464.036], [0.3785, 0.2399, 460.859], [0.4001, 0.2436, 458.213], [0.4237, 0.2464, 455.912], [0.4484, 0.2487, 453.832], [0.474, 0.25, 451.885], [0.5003, 0.2503, 450.0], [0.5262, 0.2499, 448.115], [0.5521, 0.2485, 446.168], [0.5768, 0.2464, 444.088], [0.6, 0.2436, 441.787], [0.622, 0.24, 439.141], [0.6415, 0.2357, 435.964], [0.6588, 0.2307, 431.954], [0.6732, 0.2252, 429.48699999999997]], "outline": [[0.6954, -0.2122], [0.305, -0.2122], [0.2817, -0.2042], [0.2738, -0.1811], [0.2738, 0.1806], [0.2817, 0.2036], [0.3048, 0.2116], [0.6955, 0.2116], [0.7189, 0.2036], [0.7265, 0.1806], [0.7266, -0.1811], [0.7187, -0.2042]], "flags": {"1": {"outline": [[0.5662, -0.1171], [0.5744, -0.1472], [0.5963, -0.1691], [0.6263, -0.1772], [0.6563, -0.1691], [0.6781, -0.1472], [0.6863, -0.1172], [0.6782, -0.0871], [0.6563, -0.0653], [0.6263, -0.0571], [0.5963, -0.0652], [0.5743, -0.0871]]}, "0": {"outline": [[0.5604, 0.1267], [0.5683, 0.0968], [0.5904, 0.0748], [0.6203, 0.0668], [0.6504, 0.0749], [0.6724, 0.0967], [0.6805, 0.1268], [0.6723, 0.1569], [0.6505, 0.1788], [0.6204, 0.1869], [0.5905, 0.1787], [0.5685, 0.1568]]}, "3": {"outline": [[0.3146, -0.1039], [0.3226, -0.134], [0.3446, -0.1557], [0.3744, -0.164], [0.4046, -0.1557], [0.4265, -0.134], [0.4344, -0.1039], [0.4265, -0.0738], [0.4046, -0.0519], [0.3746, -0.0439], [0.3446, -0.0518], [0.3226, -0.0739]]}, "2": {"outline": [[0.3128, 0.1309], [0.3207, 0.1008], [0.3427, 0.079], [0.3727, 0.071], [0.4026, 0.0789], [0.4247, 0.1008], [0.4326, 0.1311], [0.4247, 0.161], [0.4026, 0.183], [0.3726, 0.1911], [0.3426, 0.183], [0.3207, 0.161]]}}, "icon": [[0.3813999999999999, -0.1133], [0.6214, 0.1267]]}