{"inputs": [[0.6359, 0.2435, 403.01300000000003], [0.6463, 0.2325, 400.546], [0.6578, 0.2184, 396.536], [0.6693, 0.2016, 393.359], [0.6809, 0.1829, 390.71320000000003], [0.6926, 0.1623, 388.4121], [0.7038, 0.1404, 386.3324], [0.715, 0.1174, 384.38509999999997], [0.7253, 0.0932, 382.5], [0.7349, 0.0689, 380.61490000000003], [0.7434, 0.0448, 378.6676], [0.7509, 0.021, 376.5879], [0.7573, -0.0017, 374.28679999999997], [0.7624, -0.0234, 371.6408], [0.7658, -0.0431, 368.4638], [0.7678, -0.0608, 364.4541], [0.7684, -0.0762, 361.9866]], "name": "snek_torso_13", "outputs": [[0.3582, -0.2462, 583.0129999999999], [0.3476, -0.2348, 580.546], [0.3363, -0.221, 576.5360000000001], [0.3248, -0.2043, 573.3589999999999], [0.3131, -0.1859, 570.713], [0.3015, -0.1651, 568.412], [0.2899, -0.1431, 566.332], [0.2789, -0.12, 564.385], [0.2686, -0.0959, 562.5], [0.259, -0.0717, 560.615], [0.2504, -0.0472, 558.668], [0.243, -0.0237, 556.588], [0.2366, -0.0011, 554.287], [0.2316, 0.0206, 551.6410000000001], [0.228, 0.0403, 548.4639999999999], [0.2261, 0.0582, 544.454], [0.2257, 0.0736, 541.987]], "outline": [[0.6212, 0.2614], [0.7706, -0.0992], [0.7722, -0.1239], [0.7538, -0.14], [0.4198, -0.2784], [0.3954, -0.2799], [0.3793, -0.2616], [0.2297, 0.0993], [0.2282, 0.1241], [0.2464, 0.1398], [0.5805, 0.2784], [0.6049, 0.2798]], "flags": {"1": {"outline": [[0.5828, 0.1057], [0.6076, 0.1247], [0.6193, 0.1534], [0.6154, 0.1841], [0.5965, 0.2089], [0.5678, 0.2205], [0.537, 0.2166], [0.5123, 0.1976], [0.5006, 0.1691], [0.5045, 0.1382], [0.5234, 0.1136], [0.552, 0.1016]]}, "0": {"outline": [[0.3599, 0.0071], [0.3845, 0.0257], [0.3964, 0.0546], [0.3922, 0.0852], [0.3733, 0.11], [0.3447, 0.1219], [0.3138, 0.1179], [0.2892, 0.0988], [0.2772, 0.0704], [0.2812, 0.0394], [0.3003, 0.015], [0.3289, 0.003]]}, "3": {"outline": [[0.667, -0.1318], [0.6917, -0.113], [0.7033, -0.0842], [0.6996, -0.0536], [0.6804, -0.0288], [0.652, -0.017], [0.621, -0.0211], [0.5963, -0.0399], [0.5845, -0.0686], [0.5885, -0.0993], [0.6074, -0.124], [0.6362, -0.1359]]}, "2": {"outline": [[0.4508, -0.2234], [0.4755, -0.2046], [0.4872, -0.1758], [0.4831, -0.1451], [0.4644, -0.1205], [0.4358, -0.1085], [0.4046, -0.1128], [0.3801, -0.1314], [0.3682, -0.1604], [0.3723, -0.1912], [0.3911, -0.2158], [0.4198, -0.2276]]}}, "icon": [[0.37329999999999997, -0.1215], [0.6133000000000001, 0.1185]]}