{"inputs": [[0.7188, 0.173, 380.51300000000003], [0.7242, 0.1588, 378.046], [0.7294, 0.1414, 374.036], [0.7336, 0.1215, 370.859], [0.7372, 0.0998, 368.21320000000003], [0.7401, 0.0763, 365.9121], [0.7421, 0.0517, 363.8324], [0.7436, 0.0262, 361.88509999999997], [0.7439, -0.0001, 360.0], [0.7435, -0.0262, 358.11490000000003], [0.7421, -0.0517, 356.1676], [0.7399, -0.0766, 354.0879], [0.7371, -0.1, 351.78679999999997], [0.7335, -0.122, 349.1408], [0.7291, -0.1415, 345.9638], [0.7242, -0.1586, 341.9541], [0.7189, -0.1731, 339.4866]], "name": "snek_torso_12", "outputs": [[0.2748, -0.1732, 560.5129999999999], [0.2694, -0.1586, 558.046], [0.2643, -0.1415, 554.0360000000001], [0.26, -0.1217, 550.8589999999999], [0.2563, -0.1002, 548.213], [0.2535, -0.0765, 545.912], [0.2512, -0.0518, 543.832], [0.2499, -0.0262, 541.885], [0.2496, 0.0, 540.0], [0.25, 0.026, 538.115], [0.2514, 0.0519, 536.168], [0.2536, 0.0765, 534.088], [0.2563, 0.0998, 531.787], [0.26, 0.1218, 529.1410000000001], [0.2642, 0.1413, 525.9639999999999], [0.2693, 0.1586, 521.954], [0.2748, 0.173, 519.487]], "outline": [[0.7121, 0.1951], [0.7121, -0.1952], [0.7041, -0.2186], [0.681, -0.2265], [0.3194, -0.2265], [0.2963, -0.2185], [0.2884, -0.1955], [0.2883, 0.1952], [0.2964, 0.2187], [0.3193, 0.2262], [0.681, 0.2264], [0.7041, 0.2184]], "flags": {"1": {"outline": [[0.617, 0.066], [0.6472, 0.0741], [0.669, 0.0961], [0.6771, 0.126], [0.6692, 0.1561], [0.6471, 0.1778], [0.6171, 0.186], [0.5871, 0.1779], [0.5653, 0.156], [0.5571, 0.126], [0.5652, 0.096], [0.587, 0.074]]}, "0": {"outline": [[0.3733, 0.0602], [0.4032, 0.068], [0.4252, 0.0901], [0.4331, 0.12], [0.4251, 0.1501], [0.4032, 0.1721], [0.3731, 0.1802], [0.3431, 0.172], [0.3212, 0.1503], [0.313, 0.1202], [0.3213, 0.0903], [0.3432, 0.0683]]}, "3": {"outline": [[0.6039, -0.1856], [0.6339, -0.1777], [0.6557, -0.1556], [0.664, -0.1259], [0.6557, -0.0956], [0.634, -0.0738], [0.6038, -0.0658], [0.5738, -0.0737], [0.5519, -0.0957], [0.5438, -0.1256], [0.5518, -0.1556], [0.5739, -0.1777]]}, "2": {"outline": [[0.3691, -0.1875], [0.3991, -0.1796], [0.421, -0.1575], [0.4289, -0.1275], [0.4211, -0.0977], [0.3992, -0.0756], [0.3688, -0.0677], [0.339, -0.0755], [0.3169, -0.0977], [0.3089, -0.1277], [0.3169, -0.1577], [0.3389, -0.1796]]}}, "icon": [[0.37329999999999997, -0.11879999999999999], [0.6133000000000001, 0.1212]]}