{
"name": "snek_food_3",
"flags": {
	"0": { "outline": [[-0.08,-0.1],[-0.0826795,-0.09],[-0.09,-0.0826795],[-0.1,-0.08],[-0.11,-0.0826795],[-0.117321,-0.09],[-0.12,-0.1],[-0.117321,-0.11],[-0.11,-0.117321],[-0.1,-0.12],[-0.09,-0.117321],[-0.0826795,-0.11]] },
	"1": { "outline": [[-0.08,0.1],[-0.0826795,0.11],[-0.09,0.117321],[-0.1,0.12],[-0.11,0.117321],[-0.117321,0.11],[-0.12,0.1],[-0.117321,0.09],[-0.11,0.0826795],[-0.1,0.08],[-0.09,0.0826795],[-0.0826795,0.09]] },
	"2": { "outline": [[0.12,-0.1],[0.117321,-0.09],[0.11,-0.0826795],[0.1,-0.08],[0.09,-0.0826795],[0.0826795,-0.09],[0.08,-0.1],[0.0826795,-0.11],[0.09,-0.117321],[0.1,-0.12],[0.11,-0.117321],[0.117321,-0.11]] },
	"3": { "outline": [[0.12,0.1],[0.117321,0.11],[0.11,0.117321],[0.1,0.12],[0.09,0.117321],[0.0826795,0.11],[0.08,0.1],[0.0826795,0.09],[0.09,0.0826795],[0.1,0.08],[0.11,0.0826795],[0.117321,0.09]] }
},
"outline": [[0.2,0],[0.199759,0.00982793],[0.199037,0.0197183],[0.197835,0.0299214],[0.196157,0.0405102],[0.194006,0.0514872],[0.191388,0.0646482],[0.188309,0.0781722],[0.184776,0.0867587],[0.180798,0.0970517],[0.176384,0.115495],[0.171546,0.118523],[0.166294,0.113826],[0.160642,0.13583],[0.154602,0.154292],[0.14819,0.1527],[0.141421,0.154499],[0.134312,0.187549],[0.126879,0.219776],[0.11914,0.257515],[0.111114,0.272095],[0.102821,0.26298],[0.0942793,0.285899],[0.085511,0.279709],[0.0765367,0.201369],[0.067378,0.163278],[0.0580569,0.201644],[0.048596,0.312374],[0.039018,0.442576],[0.0293461,0.431135],[0.0196034,0.325376],[0.00981353,0.216891],[-8.74228e-09,0.190826],[-0.00981355,0.258624],[-0.0196034,0.296109],[-0.0293461,0.277214],[-0.0390181,0.353977],[-0.048596,0.427734],[-0.0580569,0.379113],[-0.067378,0.3545],[-0.0765367,0.346563],[-0.085511,0.331317],[-0.0942794,0.362486],[-0.102821,0.345818],[-0.111114,0.281716],[-0.11914,0.255222],[-0.126879,0.239424],[-0.134312,0.248602],[-0.141421,0.242016],[-0.14819,0.20206],[-0.154602,0.176224],[-0.160642,0.181767],[-0.166294,0.181152],[-0.171546,0.154691],[-0.176384,0.131505],[-0.180798,0.109556],[-0.184776,0.0918225],[-0.188309,0.0782711],[-0.191388,0.0627887],[-0.194006,0.0506841],[-0.196157,0.0404028],[-0.197835,0.0299078],[-0.199037,0.0198324],[-0.199759,0.00984954],[-0.2,-1.74846e-08],[-0.199759,-0.00983245],[-0.199037,-0.019776],[-0.197835,-0.0301335],[-0.196157,-0.0405869],[-0.194006,-0.050928],[-0.191388,-0.0639415],[-0.188309,-0.0824665],[-0.184776,-0.100995],[-0.180798,-0.113203],[-0.176384,-0.131687],[-0.171546,-0.143563],[-0.166294,-0.134897],[-0.160642,-0.140208],[-0.154602,-0.143378],[-0.14819,-0.155802],[-0.141421,-0.182887],[-0.134312,-0.195458],[-0.126879,-0.233503],[-0.11914,-0.303115],[-0.111114,-0.328304],[-0.102821,-0.276987],[-0.0942793,-0.251753],[-0.085511,-0.291643],[-0.0765366,-0.336654],[-0.067378,-0.360661],[-0.0580569,-0.36455],[-0.048596,-0.394488],[-0.0390181,-0.452254],[-0.0293461,-0.458366],[-0.0196034,-0.404692],[-0.00981347,-0.339216],[2.38498e-09,-0.305394],[0.00981356,-0.271502],[0.0196035,-0.269666],[0.0293461,-0.309194],[0.0390181,-0.393642],[0.0485961,-0.433344],[0.058057,-0.436417],[0.067378,-0.435453],[0.0765367,-0.408063],[0.0855111,-0.314706],[0.0942793,-0.255623],[0.102821,-0.241185],[0.111114,-0.236801],[0.11914,-0.224021],[0.126879,-0.199275],[0.134312,-0.184494],[0.141421,-0.166254],[0.14819,-0.170721],[0.154602,-0.178738],[0.160642,-0.160293],[0.166294,-0.141716],[0.171546,-0.127024],[0.176384,-0.114416],[0.180798,-0.102245],[0.184776,-0.0908545],[0.188309,-0.0768691],[0.191388,-0.0622614],[0.194006,-0.0503025],[0.196157,-0.0399595],[0.197835,-0.0297267],[0.199037,-0.0197216],[0.199759,-0.00983478]],
"inputs": [[-0.173205,0.218603,110.513],[-0.158671,0.224041,108.046],[-0.141421,0.228959,104.036],[-0.121752,0.233271,100.859],[-0.1,0.236905,98.2132],[-0.0765367,0.239797,95.9121],[-0.0517638,0.2419,93.8324],[-0.0261052,0.243176,91.8851],[1.49012e-08,0.243603,90],[0.0261052,0.243176,88.1149],[0.0517638,0.2419,86.1676],[0.0765367,0.239797,84.0879],[0.1,0.236905,81.7868],[0.121752,0.233271,79.1408],[0.141421,0.228959,75.9638],[0.158671,0.224041,71.9541],[0.173205,0.218603,69.4866]],
"outputs": [[0.173205,-0.225574,290.513],[0.158671,-0.231012,288.046],[0.141421,-0.235929,284.036],[0.121752,-0.240242,280.859],[0.1,-0.243875,278.213],[0.0765366,-0.246768,275.912],[0.0517638,-0.24887,273.832],[0.0261052,-0.250146,271.885],[0,-0.250574,270],[-0.0261053,-0.250146,268.115],[-0.0517638,-0.24887,266.168],[-0.0765367,-0.246768,264.088],[-0.1,-0.243875,261.787],[-0.121752,-0.240242,259.141],[-0.141421,-0.235929,255.964],[-0.158671,-0.231012,251.954],[-0.173205,-0.225574,249.487]],
"icon": [[-0.085223,-0.086131],[0.082777,0.081869]]
}