{"inputs": [[1.2556, -0.1431, 368.409], [1.2644, -0.2034, 364.55], [1.2652, -0.2651, 356.98699999999997], [1.2579, -0.3274, 349.629], [1.2426, -0.389, 342.457], [1.2193, -0.4487, 335.445], [1.1888, -0.506, 328.558], [1.152, -0.5595, 321.7573], [1.1083, -0.6082, 315.0], [1.0596, -0.6517, 308.2427], [1.0059, -0.689, 301.4418], [0.9489, -0.7195, 294.5549], [0.889, -0.7426, 287.54290000000003], [0.8274, -0.7578, 280.3713], [0.7653, -0.7651, 273.01279999999997], [0.7035, -0.7642, 265.4504], [0.6431, -0.7553, 261.59090000000003]], "name": "snek_head_0_10", "outputs": [[0.3141, -0.4266, 559.486], [0.2863, -0.347, 556.273], [0.2679, -0.2679, 549.462], [0.2601, -0.1904, 542.05], [0.2627, -0.116, 533.948], [0.2754, -0.0458, 525.1089999999999], [0.2982, 0.0189, 515.563], [0.3312, 0.0767, 505.443], [0.3731, 0.1272, 495.0], [0.4233, 0.169, 484.557], [0.4815, 0.2016, 474.437], [0.5461, 0.2247, 464.89099999999996], [0.6161, 0.2377, 456.052], [0.6906, 0.2401, 447.95], [0.7679, 0.2321, 440.538], [0.8471, 0.2139, 433.727], [0.9267, 0.1857, 430.514]], "outline": [[0.9172, 0.1467], [0.8102, 0.1662], [0.7019, 0.1596], [0.6318, 0.1608], [0.5839, 0.2089], [0.5647, 0.2184], [0.5454, 0.209], [0.2911, -0.0454], [0.2817, -0.0644], [0.2911, -0.0835], [0.3394, -0.1316], [0.3404, -0.2019], [0.334, -0.3102], [0.3534, -0.4169], [0.3979, -0.5157], [0.465, -0.6012], [0.5504, -0.6681], [0.6491, -0.7126], [0.7559, -0.7321], [0.8642, -0.7257], [0.9467, -0.6639], [0.9553, -0.6519], [0.9522, -0.6376], [0.8151, -0.4014], [0.8097, -0.3793], [0.8207, -0.3591], [0.8592, -0.3206], [0.8794, -0.3094], [0.9021, -0.3138], [1.1495, -0.4407], [1.164, -0.4433], [1.1758, -0.4341], [1.2258, -0.3641], [1.2324, -0.2558], [1.2128, -0.149], [1.1683, -0.0502], [1.1013, 0.0353], [1.0158, 0.1021]], "flags": {"1": {"outline": [[0.8608, -0.1465], [0.8876, -0.1622], [0.9188, -0.1623], [0.9454, -0.1468], [0.9612, -0.1199], [0.9613, -0.0887], [0.9456, -0.062], [0.9186, -0.0463], [0.8876, -0.0464], [0.8608, -0.062], [0.8455, -0.0887], [0.8453, -0.1199]]}, "0": {"outline": [[1.0504, -0.2795], [1.0774, -0.2953], [1.1083, -0.2953], [1.1353, -0.2795], [1.1507, -0.2528], [1.1509, -0.2216], [1.1353, -0.1946], [1.1083, -0.1793], [1.0773, -0.1791], [1.0503, -0.1946], [1.0348, -0.2215], [1.0346, -0.2526]]}, "3": {"outline": [[0.698, -0.6321], [0.725, -0.6475], [0.7559, -0.6476], [0.7828, -0.632], [0.7982, -0.6052], [0.7985, -0.5741], [0.7827, -0.5474], [0.756, -0.5316], [0.7247, -0.5316], [0.6981, -0.5472], [0.6824, -0.574], [0.6823, -0.6052]]}, "2": {"outline": [[0.565, -0.4427], [0.592, -0.4581], [0.6228, -0.4583], [0.6499, -0.4425], [0.6654, -0.4158], [0.6653, -0.3846], [0.6498, -0.3576], [0.6229, -0.3421], [0.5919, -0.3423], [0.565, -0.3576], [0.5496, -0.3845], [0.5495, -0.4155]]}}, "icon": [[0.6096999999999999, -0.3478], [0.8497, -0.10779999999999998]]}