{"inputs": [[0.6373, -0.1216, 268.01300000000003], [0.6219, -0.1212, 265.546], [0.6039, -0.1191, 261.536], [0.5842, -0.1156, 258.359], [0.5626, -0.1107, 255.7132], [0.5398, -0.1044, 253.4121], [0.5161, -0.0968, 251.3324], [0.4921, -0.0882, 249.3851], [0.4678, -0.0786, 247.5], [0.4437, -0.0681, 245.6149], [0.4206, -0.0574, 243.6676], [0.3985, -0.0459, 241.5879], [0.3778, -0.0341, 239.2868], [0.3592, -0.0223, 236.6408], [0.3426, -0.0109, 233.4638], [0.3287, 0.0003, 229.45409999999998], [0.3173, 0.0109, 226.9866]], "name": "snek_tail_7", "outputs": [[0.6716, 0.8658, 448.013], [0.6869, 0.8653, 445.546], [0.7047, 0.8633, 441.536], [0.7245, 0.8597, 438.359], [0.7462, 0.8547, 435.713], [0.7691, 0.8485, 433.412], [0.7926, 0.8409, 431.332], [0.8168, 0.8324, 429.385], [0.8409, 0.8229, 427.5], [0.8651, 0.8123, 425.615], [0.8883, 0.8012, 423.668], [0.9103, 0.79, 421.588], [0.9308, 0.7783, 419.287], [0.9495, 0.7665, 416.641], [0.9662, 0.755, 413.464], [0.9801, 0.7438, 409.454], [0.9915, 0.7333, 406.98699999999997]], "outline": [[0.8364, 0.7527], [0.8565, 0.7361], [0.859, 0.7103], [0.7059, -0.0791], [0.6942, -0.0987], [0.6712, -0.0975], [0.3106, 0.0521], [0.2933, 0.0672], [0.2992, 0.0894], [0.7488, 0.7559], [0.769, 0.7724], [0.7949, 0.7698]], "flags": {"1": {"outline": [[0.6776, 0.5852], [0.6736, 0.5543], [0.6855, 0.5256], [0.7103, 0.5068], [0.7411, 0.5028], [0.7697, 0.5148], [0.7886, 0.5394], [0.7927, 0.57], [0.7808, 0.5987], [0.7562, 0.6176], [0.7252, 0.6217], [0.6965, 0.6098]]}, "0": {"outline": [[0.7278, 0.7062], [0.7238, 0.6753], [0.7356, 0.6466], [0.7604, 0.6279], [0.7913, 0.6238], [0.8199, 0.6356], [0.8387, 0.6602], [0.8427, 0.691], [0.8308, 0.7199], [0.8063, 0.7386], [0.7754, 0.7426], [0.7466, 0.7308]]}, "3": {"outline": [[0.4689, 0.0812], [0.4649, 0.0506], [0.4767, 0.0217], [0.5014, 0.0028], [0.5323, -0.0013], [0.561, 0.0107], [0.5799, 0.0354], [0.5838, 0.0661], [0.5719, 0.0948], [0.5473, 0.1137], [0.5165, 0.1178], [0.488, 0.1059]]}, "2": {"outline": [[0.5197, 0.2038], [0.5157, 0.1729], [0.5276, 0.1442], [0.5523, 0.1253], [0.5829, 0.1213], [0.6117, 0.1333], [0.6306, 0.158], [0.6347, 0.1887], [0.6227, 0.2174], [0.5981, 0.2363], [0.5673, 0.2402], [0.5386, 0.2285]]}}, "icon": [[0.5274999999999999, 0.23209999999999997], [0.7675000000000001, 0.4721000000000001]]}