{"inputs": [[0.6572, -0.7528, 300.909], [0.6048, -0.784, 297.05], [0.5482, -0.8084, 289.48699999999997], [0.4878, -0.8255, 282.129], [0.425, -0.8349, 274.957], [0.3609, -0.8363, 267.945], [0.2963, -0.8301, 261.058], [0.2328, -0.8164, 254.2573], [0.1711, -0.7948, 247.5], [0.1122, -0.7664, 240.7427], [0.0573, -0.7311, 233.9418], [0.0073, -0.6901, 227.0549], [-0.037, -0.6435, 220.0429], [-0.0746, -0.5925, 212.8713], [-0.1052, -0.5379, 205.5128], [-0.128, -0.4804, 197.9504], [-0.1429, -0.4212, 194.0909]], "name": "snek_head_1_7", "outputs": [[0.035, 0.0084, 491.986], [0.0978, 0.0647, 488.773], [0.1639, 0.1119, 481.962], [0.2325, 0.1487, 474.55], [0.3022, 0.1749, 466.448], [0.3719, 0.19, 457.609], [0.4403, 0.1937, 448.063], [0.5064, 0.1853, 437.943], [0.5691, 0.1659, 427.5], [0.627, 0.1355, 417.057], [0.6794, 0.0943, 406.937], [0.7254, 0.0434, 397.39099999999996], [0.7642, -0.0163, 388.552], [0.7949, -0.0842, 380.45], [0.8172, -0.1587, 373.038], [0.8306, -0.2389, 366.227], [0.8351, -0.3232, 363.014]], "outline": [[0.7953, -0.3292], [0.7725, -0.223], [0.7249, -0.1255], [0.6992, -0.0603], [0.7252, 0.0025], [0.7267, 0.0238], [0.7106, 0.038], [0.3783, 0.1756], [0.3571, 0.1771], [0.3431, 0.161], [0.3171, 0.098], [0.2527, 0.0701], [0.1501, 0.0347], [0.059, -0.0241], [-0.0153, -0.1031], [-0.0686, -0.1977], [-0.0977, -0.3022], [-0.1011, -0.4105], [-0.0775, -0.5304], [-0.0048, -0.644], [0.119, -0.7205], [0.1333, -0.7236], [0.1455, -0.7153], [0.2786, -0.4566], [0.2937, -0.4418], [0.3102, -0.4416], [0.325, -0.4477], [0.337, -0.4595], [0.338, -0.4807], [0.2517, -0.7601], [0.2535, -0.7731], [0.2649, -0.7789], [0.3846, -0.8042], [0.5273, -0.7819], [0.6353, -0.7155], [0.7096, -0.6366], [0.7629, -0.542], [0.792, -0.4375]], "flags": {"1": {"outline": [[0.5028, -0.3894], [0.4986, -0.4202], [0.5105, -0.449], [0.535, -0.4678], [0.5659, -0.472], [0.5948, -0.46], [0.6135, -0.4354], [0.6176, -0.4046], [0.6056, -0.3759], [0.5811, -0.3571], [0.5505, -0.353], [0.5216, -0.3649]]}, "0": {"outline": [[0.4526, -0.6155], [0.4484, -0.6464], [0.4602, -0.675], [0.4851, -0.694], [0.5157, -0.6979], [0.5446, -0.6861], [0.5635, -0.6614], [0.5674, -0.6306], [0.5556, -0.602], [0.531, -0.5829], [0.5002, -0.5789], [0.4714, -0.5906]]}, "3": {"outline": [[-0.008, -0.4248], [-0.012, -0.4556], [-0.0002, -0.4843], [0.0245, -0.5031], [0.0552, -0.5071], [0.084, -0.4955], [0.1027, -0.4707], [0.107, -0.4399], [0.095, -0.4111], [0.0705, -0.3923], [0.0397, -0.3882], [0.0108, -0.4001]]}, "2": {"outline": [[0.1161, -0.2294], [0.1122, -0.2604], [0.1238, -0.2889], [0.1487, -0.3078], [0.1794, -0.3119], [0.2082, -0.2999], [0.2271, -0.2753], [0.2311, -0.2445], [0.2192, -0.2159], [0.1948, -0.1969], [0.1639, -0.1929], [0.1352, -0.2047]]}}, "icon": [[0.25769999999999993, -0.4193], [0.49770000000000003, -0.1793]]}