{"inputs": [[0.2229, 0.032, 155.513], [0.2293, 0.0461, 153.046], [0.238, 0.0618, 149.036], [0.2489, 0.0788, 145.85899999999998], [0.2617, 0.0967, 143.2132], [0.2763, 0.1153, 140.9121], [0.2923, 0.1343, 138.8324], [0.3095, 0.1534, 136.8851], [0.3276, 0.1721, 135.0], [0.3464, 0.1903, 133.1149], [0.3655, 0.2075, 131.1676], [0.3845, 0.2236, 129.0879], [0.4031, 0.2381, 126.7868], [0.4211, 0.251, 124.1408], [0.438, 0.2618, 120.9638], [0.4537, 0.2705, 116.9541], [0.4678, 0.2769, 114.4866]], "name": "snek_torso_2", "outputs": [[0.7819, -0.0372, 335.513], [0.7754, -0.0513, 333.046], [0.7668, -0.0669, 329.036], [0.7559, -0.0839, 325.859], [0.7431, -0.1018, 323.213], [0.7285, -0.1204, 320.912], [0.7125, -0.1395, 318.832], [0.6953, -0.1586, 316.885], [0.6771, -0.1774, 315.0], [0.6584, -0.1954, 313.115], [0.6393, -0.2127, 311.168], [0.6203, -0.2287, 309.088], [0.6017, -0.2432, 306.787], [0.5837, -0.2561, 304.141], [0.5668, -0.2669, 300.964], [0.5511, -0.2756, 296.954], [0.537, -0.282, 294.48699999999997]], "outline": [[0.2121, 0.0116], [0.4882, 0.2878], [0.5102, 0.2987], [0.5321, 0.2877], [0.7878, 0.032], [0.7987, 0.0101], [0.7878, -0.0118], [0.5116, -0.288], [0.4896, -0.2989], [0.4678, -0.288], [0.2121, -0.0323], [0.2012, -0.0104]], "flags": {"1": {"outline": [[0.3706, 0.0358], [0.3437, 0.0513], [0.3126, 0.0513], [0.2857, 0.0358], [0.2702, 0.0089], [0.2702, -0.0221], [0.2857, -0.0491], [0.3126, -0.0647], [0.3436, -0.0646], [0.3706, -0.0491], [0.3862, -0.0222], [0.3861, 0.0088]]}, "0": {"outline": [[0.5472, -0.1325], [0.5204, -0.117], [0.4893, -0.117], [0.4624, -0.1326], [0.4468, -0.1595], [0.4468, -0.1906], [0.4624, -0.2175], [0.4893, -0.233], [0.5203, -0.233], [0.5472, -0.2174], [0.5627, -0.1905], [0.5627, -0.1595]]}, "3": {"outline": [[0.558, 0.2044], [0.531, 0.2199], [0.5001, 0.2199], [0.4731, 0.2045], [0.4576, 0.1775], [0.4575, 0.1465], [0.4731, 0.1196], [0.5, 0.104], [0.5311, 0.104], [0.558, 0.1196], [0.5735, 0.1464], [0.5735, 0.1775]]}, "2": {"outline": [[0.7253, 0.0396], [0.6984, 0.0552], [0.6673, 0.0552], [0.6405, 0.0396], [0.625, 0.0128], [0.625, -0.0183], [0.6405, -0.0452], [0.6674, -0.0607], [0.6985, -0.0607], [0.7254, -0.0452], [0.7409, -0.0183], [0.7409, 0.0127]]}}, "icon": [[0.38409999999999994, -0.126], [0.6241, 0.11399999999999999]]}