{"inputs": [[0.489, 0.1828, 403.01300000000003], [0.4996, 0.1717, 400.546], [0.5107, 0.1574, 396.536], [0.5222, 0.141, 393.359], [0.5341, 0.122, 390.71320000000003], [0.5458, 0.1016, 388.4121], [0.5571, 0.0795, 386.3324], [0.5681, 0.0564, 384.38509999999997], [0.5784, 0.0326, 382.5], [0.5881, 0.008, 380.61490000000003], [0.5967, -0.0158, 378.6676], [0.6043, -0.0396, 376.5879], [0.6105, -0.0626, 374.28679999999997], [0.6154, -0.0842, 371.6408], [0.6192, -0.104, 368.4638], [0.6209, -0.1216, 364.4541], [0.6215, -0.1373, 361.9866]], "name": "snek_tail_13", "outputs": [[-0.2335, -0.4911, 583.0129999999999], [-0.244, -0.4801, 580.546], [-0.2551, -0.4661, 576.5360000000001], [-0.2665, -0.4495, 573.3589999999999], [-0.2783, -0.4306, 570.713], [-0.2901, -0.4099, 568.412], [-0.3014, -0.388, 566.332], [-0.3125, -0.3648, 564.385], [-0.323, -0.3411, 562.5], [-0.3324, -0.3166, 560.615], [-0.3411, -0.2923, 558.668], [-0.3487, -0.2688, 556.588], [-0.355, -0.246, 554.287], [-0.3597, -0.2245, 551.6410000000001], [-0.3634, -0.2045, 548.4639999999999], [-0.3654, -0.1868, 544.454], [-0.366, -0.1714, 541.987]], "outline": [[-0.27, -0.2946], [-0.2724, -0.2688], [-0.256, -0.2487], [0.4104, 0.2011], [0.4325, 0.2067], [0.4479, 0.1897], [0.5972, -0.1711], [0.5988, -0.194], [0.5789, -0.2056], [-0.2104, -0.359], [-0.2363, -0.3562], [-0.2527, -0.3362]], "flags": {"1": {"outline": [[-0.0394, -0.2885], [-0.0147, -0.2696], [-0.0027, -0.2408], [-0.0071, -0.21], [-0.026, -0.1853], [-0.0547, -0.1736], [-0.0854, -0.1777], [-0.1099, -0.1964], [-0.1219, -0.225], [-0.1178, -0.2558], [-0.0988, -0.2806], [-0.0701, -0.2926]]}, "0": {"outline": [[-0.1604, -0.3385], [-0.1358, -0.3196], [-0.1237, -0.291], [-0.1279, -0.2603], [-0.1468, -0.2354], [-0.1756, -0.2236], [-0.2063, -0.2276], [-0.2309, -0.2467], [-0.2429, -0.2755], [-0.2387, -0.306], [-0.2197, -0.3307], [-0.1911, -0.3428]]}, "3": {"outline": [[0.4647, -0.0797], [0.489, -0.061], [0.5012, -0.0322], [0.497, -0.0014], [0.4781, 0.0235], [0.4494, 0.0353], [0.4185, 0.0312], [0.3941, 0.0123], [0.3823, -0.0165], [0.3862, -0.0474], [0.4052, -0.072], [0.4337, -0.0838]]}, "2": {"outline": [[0.342, -0.1305], [0.3667, -0.1114], [0.3787, -0.0828], [0.3746, -0.052], [0.3558, -0.0275], [0.3269, -0.0157], [0.296, -0.0198], [0.2715, -0.0385], [0.2595, -0.0673], [0.2636, -0.0981], [0.2827, -0.1225], [0.3112, -0.1345]]}}, "icon": [[0.026699999999999904, -0.265], [0.2667000000000001, -0.02499999999999994]]}