{"inputs": [[0.3786, -0.1374, 178.013], [0.379, -0.1219, 175.546], [0.3811, -0.104, 171.536], [0.3846, -0.0842, 168.35899999999998], [0.3896, -0.0627, 165.7132], [0.3959, -0.0399, 163.4121], [0.4035, -0.0162, 161.3324], [0.4121, 0.0079, 159.3851], [0.4216, 0.0322, 157.5], [0.4321, 0.0562, 155.6149], [0.443, 0.0793, 153.6676], [0.4544, 0.1015, 151.5879], [0.4661, 0.1221, 149.2868], [0.4779, 0.1407, 146.6408], [0.4893, 0.1573, 143.4638], [0.5005, 0.1713, 139.45409999999998], [0.5111, 0.1827, 136.9866]], "name": "snek_tail_3", "outputs": [[1.3661, -0.1715, 358.013], [1.3656, -0.187, 355.546], [1.3636, -0.2048, 351.536], [1.36, -0.2246, 348.359], [1.355, -0.2462, 345.713], [1.3488, -0.269, 343.412], [1.3411, -0.2926, 341.332], [1.3326, -0.3168, 339.385], [1.323, -0.341, 337.5], [1.3126, -0.3651, 335.615], [1.3015, -0.3883, 333.668], [1.2902, -0.4104, 331.588], [1.2785, -0.4309, 329.287], [1.2668, -0.4496, 326.641], [1.2553, -0.4662, 323.464], [1.2441, -0.4802, 319.454], [1.2336, -0.4916, 316.98699999999997]], "outline": [[1.2529, -0.3364], [1.2364, -0.3565], [1.2106, -0.3591], [0.4213, -0.2059], [0.4015, -0.1942], [0.4027, -0.1713], [0.5523, 0.1895], [0.5675, 0.2066], [0.5897, 0.2008], [1.2562, -0.2489], [1.2726, -0.269], [1.2701, -0.2949]], "flags": {"1": {"outline": [[1.0854, -0.1777], [1.0546, -0.1737], [1.0259, -0.1856], [1.0071, -0.2103], [1.0031, -0.2411], [1.0149, -0.2697], [1.0395, -0.2887], [1.0702, -0.2927], [1.099, -0.2809], [1.1179, -0.2562], [1.122, -0.2253], [1.11, -0.1966]]}, "0": {"outline": [[1.2064, -0.2278], [1.1756, -0.2238], [1.1469, -0.2357], [1.1281, -0.2604], [1.1241, -0.2912], [1.1358, -0.3199], [1.1605, -0.3387], [1.1913, -0.3428], [1.2201, -0.3309], [1.2389, -0.3063], [1.2429, -0.2755], [1.2311, -0.2467]]}, "3": {"outline": [[0.5815, 0.031], [0.5508, 0.0351], [0.522, 0.0232], [0.5031, -0.0014], [0.499, -0.0323], [0.5109, -0.061], [0.5356, -0.0799], [0.5664, -0.084], [0.595, -0.072], [0.614, -0.0474], [0.618, -0.0166], [0.6061, 0.012]]}, "2": {"outline": [[0.7041, -0.0198], [0.6732, -0.0157], [0.6445, -0.0276], [0.6256, -0.0523], [0.6216, -0.083], [0.6335, -0.1118], [0.6582, -0.1306], [0.689, -0.1347], [0.7176, -0.1228], [0.7366, -0.0982], [0.7405, -0.0674], [0.7288, -0.0387]]}}, "icon": [[0.7324, -0.26750000000000007], [0.9724000000000002, -0.027499999999999997]]}