{
"name": "snek_food_5",
"flags": {
	"0": { "outline": [[-0.08,-0.1],[-0.0826795,-0.09],[-0.09,-0.0826795],[-0.1,-0.08],[-0.11,-0.0826795],[-0.117321,-0.09],[-0.12,-0.1],[-0.117321,-0.11],[-0.11,-0.117321],[-0.1,-0.12],[-0.09,-0.117321],[-0.0826795,-0.11]] },
	"1": { "outline": [[-0.08,0.1],[-0.0826795,0.11],[-0.09,0.117321],[-0.1,0.12],[-0.11,0.117321],[-0.117321,0.11],[-0.12,0.1],[-0.117321,0.09],[-0.11,0.0826795],[-0.1,0.08],[-0.09,0.0826795],[-0.0826795,0.09]] },
	"2": { "outline": [[0.12,-0.1],[0.117321,-0.09],[0.11,-0.0826795],[0.1,-0.08],[0.09,-0.0826795],[0.0826795,-0.09],[0.08,-0.1],[0.0826795,-0.11],[0.09,-0.117321],[0.1,-0.12],[0.11,-0.117321],[0.117321,-0.11]] },
	"3": { "outline": [[0.12,0.1],[0.117321,0.11],[0.11,0.117321],[0.1,0.12],[0.09,0.117321],[0.0826795,0.11],[0.08,0.1],[0.0826795,0.09],[0.09,0.0826795],[0.1,0.08],[0.11,0.0826795],[0.117321,0.09]] }
},
"outline": [[0.2,0],[0.199759,0.00982575],[0.199037,0.019685],[0.197835,0.0297682],[0.196157,0.0402747],[0.194006,0.0513136],[0.191388,0.0643997],[0.188309,0.0789505],[0.184776,0.0917225],[0.180798,0.106005],[0.176384,0.12865],[0.171546,0.144609],[0.166294,0.155783],[0.160642,0.181448],[0.154602,0.203849],[0.14819,0.201897],[0.141421,0.193841],[0.134312,0.228396],[0.126879,0.252081],[0.11914,0.272286],[0.111114,0.291822],[0.102821,0.289315],[0.0942793,0.312676],[0.085511,0.32031],[0.0765367,0.273978],[0.067378,0.264867],[0.0580569,0.279999],[0.048596,0.326189],[0.039018,0.396137],[0.0293461,0.425763],[0.0196034,0.398262],[0.00981353,0.308036],[-8.74228e-09,0.231486],[-0.00981355,0.272175],[-0.0196034,0.260864],[-0.0293461,0.180709],[-0.0390181,0.241967],[-0.048596,0.337177],[-0.0580569,0.363179],[-0.067378,0.351465],[-0.0765367,0.307352],[-0.085511,0.283869],[-0.0942794,0.356159],[-0.102821,0.347695],[-0.111114,0.270931],[-0.11914,0.230871],[-0.126879,0.195034],[-0.134312,0.205711],[-0.141421,0.219161],[-0.14819,0.182405],[-0.154602,0.15687],[-0.160642,0.173642],[-0.166294,0.182961],[-0.171546,0.160765],[-0.176384,0.137538],[-0.180798,0.114771],[-0.184776,0.0964941],[-0.188309,0.0823145],[-0.191388,0.0657217],[-0.194006,0.0522596],[-0.196157,0.0409574],[-0.197835,0.0300266],[-0.199037,0.0198293],[-0.199759,0.00984519],[-0.2,-1.74846e-08],[-0.199759,-0.00982989],[-0.199037,-0.019763],[-0.197835,-0.0300646],[-0.196157,-0.0403252],[-0.194006,-0.0502426],[-0.191388,-0.0622144],[-0.188309,-0.0794612],[-0.184776,-0.0978157],[-0.180798,-0.110327],[-0.176384,-0.124585],[-0.171546,-0.128557],[-0.166294,-0.115483],[-0.160642,-0.113774],[-0.154602,-0.112815],[-0.14819,-0.13441],[-0.141421,-0.170078],[-0.134312,-0.198606],[-0.126879,-0.252964],[-0.11914,-0.316394],[-0.111114,-0.316576],[-0.102821,-0.270269],[-0.0942793,-0.248869],[-0.085511,-0.254521],[-0.0765366,-0.266879],[-0.067378,-0.302574],[-0.0580569,-0.303805],[-0.048596,-0.282667],[-0.0390181,-0.341359],[-0.0293461,-0.399879],[-0.0196034,-0.399172],[-0.00981347,-0.406652],[2.38498e-09,-0.38094],[0.00981356,-0.305089],[0.0196035,-0.313261],[0.0293461,-0.380052],[0.0390181,-0.441962],[0.0485961,-0.462245],[0.058057,-0.46502],[0.067378,-0.452022],[0.0765367,-0.42188],[0.0855111,-0.346673],[0.0942793,-0.283528],[0.102821,-0.267725],[0.111114,-0.271708],[0.11914,-0.243089],[0.126879,-0.203797],[0.134312,-0.192219],[0.141421,-0.174065],[0.14819,-0.177746],[0.154602,-0.179469],[0.160642,-0.153507],[0.166294,-0.13577],[0.171546,-0.12204],[0.176384,-0.110436],[0.180798,-0.101053],[0.184776,-0.0915809],[0.188309,-0.0778804],[0.191388,-0.0630904],[0.194006,-0.0506163],[0.196157,-0.040029],[0.197835,-0.0297045],[0.199037,-0.0196915],[0.199759,-0.00982944]],
"inputs": [[-0.173205,0.218603,110.513],[-0.158671,0.224041,108.046],[-0.141421,0.228959,104.036],[-0.121752,0.233271,100.859],[-0.1,0.236905,98.2132],[-0.0765367,0.239797,95.9121],[-0.0517638,0.2419,93.8324],[-0.0261052,0.243176,91.8851],[1.49012e-08,0.243603,90],[0.0261052,0.243176,88.1149],[0.0517638,0.2419,86.1676],[0.0765367,0.239797,84.0879],[0.1,0.236905,81.7868],[0.121752,0.233271,79.1408],[0.141421,0.228959,75.9638],[0.158671,0.224041,71.9541],[0.173205,0.218603,69.4866]],
"outputs": [[0.173205,-0.225574,290.513],[0.158671,-0.231012,288.046],[0.141421,-0.235929,284.036],[0.121752,-0.240242,280.859],[0.1,-0.243875,278.213],[0.0765366,-0.246768,275.912],[0.0517638,-0.24887,273.832],[0.0261052,-0.250146,271.885],[0,-0.250574,270],[-0.0261053,-0.250146,268.115],[-0.0517638,-0.24887,266.168],[-0.0765367,-0.246768,264.088],[-0.1,-0.243875,261.787],[-0.121752,-0.240242,259.141],[-0.141421,-0.235929,255.964],[-0.158671,-0.231012,251.954],[-0.173205,-0.225574,249.487]],
"icon": [[-0.085223,-0.086131],[0.082777,0.081869]]
}