{"inputs": [[0.4404, -0.1734, 200.513], [0.4348, -0.159, 198.046], [0.4299, -0.1416, 194.036], [0.4256, -0.122, 190.85899999999998], [0.4219, -0.1002, 188.2132], [0.419, -0.0768, 185.9121], [0.417, -0.0519, 183.8324], [0.4157, -0.0264, 181.8851], [0.4152, -0.0003, 180.0], [0.4157, 0.0259, 178.1149], [0.4169, 0.0514, 176.1676], [0.419, 0.0763, 174.0879], [0.4219, 0.0998, 171.7868], [0.4257, 0.1215, 169.1408], [0.4299, 0.1412, 165.9638], [0.4349, 0.1584, 161.95409999999998], [0.4403, 0.173, 159.4866]], "name": "snek_tail_4", "outputs": [[1.3658, 0.1729, 380.513], [1.3712, 0.1584, 378.046], [1.3762, 0.1412, 374.036], [1.3804, 0.1216, 370.859], [1.3841, 0.0997, 368.213], [1.3871, 0.0762, 365.912], [1.389, 0.0515, 363.832], [1.3904, 0.0259, 361.885], [1.3908, -0.0001, 360.0], [1.3904, -0.0264, 358.115], [1.389, -0.0521, 356.168], [1.3871, -0.0768, 354.088], [1.3841, -0.1002, 351.787], [1.3804, -0.122, 349.141], [1.3762, -0.1417, 345.964], [1.3712, -0.1589, 341.954], [1.3658, -0.1735, 339.48699999999997]], "outline": [[1.3243, -0.0227], [1.3167, -0.0476], [1.2939, -0.0599], [0.506, -0.2204], [0.4833, -0.2172], [0.4756, -0.1955], [0.4758, 0.195], [0.4832, 0.2167], [0.506, 0.2198], [1.2938, 0.0594], [1.3167, 0.0471], [1.3243, 0.0222]], "flags": {"1": {"outline": [[1.1088, 0.0598], [1.0788, 0.0517], [1.0568, 0.0297], [1.0489, -0.0003], [1.057, -0.0303], [1.0789, -0.0522], [1.1089, -0.0603], [1.1388, -0.0523], [1.1608, -0.0303], [1.1689, -0.0003], [1.1608, 0.0298], [1.1388, 0.0518]]}, "0": {"outline": [[1.2398, 0.0598], [1.2098, 0.0517], [1.1878, 0.0297], [1.1799, -0.0003], [1.188, -0.0303], [1.2098, -0.0523], [1.2398, -0.0602], [1.2698, -0.0522], [1.2919, -0.0302], [1.2998, -0.0003], [1.2917, 0.0297], [1.2698, 0.0518]]}, "3": {"outline": [[0.5634, 0.0598], [0.5335, 0.0518], [0.5114, 0.0298], [0.5033, -0.0002], [0.5114, -0.0303], [0.5334, -0.0522], [0.5634, -0.0602], [0.5934, -0.0522], [0.6153, -0.0302], [0.6234, -0.0002], [0.6153, 0.0298], [0.5934, 0.0516]]}, "2": {"outline": [[0.6961, 0.0598], [0.666, 0.0517], [0.644, 0.0297], [0.636, -0.0003], [0.6441, -0.0302], [0.6661, -0.0523], [0.6961, -0.0602], [0.7261, -0.0522], [0.748, -0.0302], [0.7561, -0.0002], [0.7479, 0.0297], [0.7261, 0.0518]]}}, "icon": [[0.762, -0.12150000000000005], [1.0020000000000002, 0.11850000000000002]]}