{"inputs": [[0.3431, 0.7525, 480.909], [0.3954, 0.7837, 477.05], [0.452, 0.8081, 469.48699999999997], [0.5124, 0.8251, 462.129], [0.5753, 0.8346, 454.957], [0.6392, 0.836, 447.945], [0.7038, 0.8297, 441.058], [0.7675, 0.8162, 434.2573], [0.8292, 0.7944, 427.5], [0.8879, 0.766, 420.7427], [0.9429, 0.7307, 413.9418], [0.993, 0.6898, 407.0549], [1.0373, 0.6432, 400.04290000000003], [1.0749, 0.5922, 392.8713], [1.1054, 0.5376, 385.51279999999997], [1.1281, 0.4802, 377.9504], [1.1431, 0.421, 374.09090000000003]], "name": "snek_head_1_15", "outputs": [[0.9653, -0.0086, 671.986], [0.9024, -0.0649, 668.773], [0.8364, -0.1122, 661.962], [0.7677, -0.149, 654.55], [0.698, -0.1752, 646.448], [0.6283, -0.1902, 637.6089999999999], [0.5598, -0.1938, 628.063], [0.4938, -0.1856, 617.943], [0.431, -0.1663, 607.5], [0.3733, -0.1359, 597.057], [0.3209, -0.0946, 586.937], [0.2748, -0.0436, 577.391], [0.2359, 0.016, 568.552], [0.2053, 0.084, 560.45], [0.1831, 0.1584, 553.038], [0.1695, 0.2385, 546.227], [0.1651, 0.3228, 543.014]], "outline": [[0.2049, 0.3291], [0.2278, 0.2227], [0.2753, 0.1251], [0.301, 0.06], [0.2748, -0.0027], [0.2734, -0.0241], [0.2896, -0.0384], [0.6218, -0.1759], [0.6431, -0.1773], [0.657, -0.1614], [0.6831, -0.0983], [0.7477, -0.0704], [0.8502, -0.035], [0.9412, 0.0237], [1.0156, 0.1027], [1.0689, 0.1975], [1.098, 0.302], [1.1012, 0.4102], [1.0778, 0.53], [1.0051, 0.6436], [0.8812, 0.7203], [0.8669, 0.7232], [0.8546, 0.715], [0.7215, 0.4563], [0.7066, 0.4414], [0.6899, 0.4413], [0.6753, 0.4474], [0.6631, 0.4592], [0.6621, 0.4804], [0.7485, 0.7597], [0.7467, 0.7727], [0.7354, 0.7785], [0.6157, 0.8039], [0.4729, 0.7815], [0.3648, 0.7153], [0.2907, 0.6363], [0.2372, 0.5417], [0.2083, 0.4371]], "flags": {"1": {"outline": [[0.4972, 0.389], [0.5016, 0.4198], [0.4896, 0.4488], [0.4652, 0.4673], [0.4343, 0.4716], [0.4056, 0.4598], [0.3867, 0.4352], [0.3824, 0.4041], [0.3946, 0.3755], [0.4193, 0.3567], [0.4497, 0.3529], [0.4786, 0.3645]]}, "0": {"outline": [[0.5475, 0.6152], [0.5518, 0.6462], [0.5401, 0.6748], [0.5151, 0.6937], [0.4845, 0.6976], [0.4557, 0.6858], [0.4367, 0.6612], [0.4328, 0.6304], [0.4445, 0.6015], [0.4693, 0.5826], [0.5, 0.5785], [0.5288, 0.5902]]}, "3": {"outline": [[1.0083, 0.4245], [1.0121, 0.4554], [1.0004, 0.484], [0.9756, 0.5029], [0.9451, 0.5068], [0.9161, 0.4951], [0.8976, 0.4704], [0.8931, 0.4396], [0.9051, 0.4108], [0.9299, 0.3922], [0.9606, 0.3878], [0.9893, 0.3998]]}, "2": {"outline": [[0.8842, 0.2291], [0.8881, 0.2601], [0.8765, 0.2885], [0.8514, 0.3076], [0.8209, 0.3117], [0.7921, 0.2996], [0.773, 0.275], [0.7691, 0.2441], [0.781, 0.2155], [0.8056, 0.1965], [0.8362, 0.1926], [0.8649, 0.2044]]}}, "icon": [[0.5025999999999999, 0.17909999999999998], [0.7426, 0.4191]]}