{"inputs": [[-0.2525, -0.1573, 210.909], [-0.2838, -0.1049, 207.05], [-0.3082, -0.0482, 199.487], [-0.3252, 0.0121, 192.12900000000002], [-0.3346, 0.0749, 184.957], [-0.3361, 0.1391, 177.945], [-0.3299, 0.2036, 171.058], [-0.3161, 0.2672, 164.2573], [-0.2946, 0.3289, 157.5], [-0.2661, 0.3877, 150.7427], [-0.2309, 0.4426, 143.9418], [-0.1898, 0.4926, 137.0549], [-0.1433, 0.5369, 130.0429], [-0.0923, 0.5745, 122.87129999999999], [-0.0376, 0.6051, 115.5128], [0.0198, 0.628, 107.9504], [0.079, 0.6429, 104.0909]], "name": "snek_head_2_3", "outputs": [[0.5086, 0.4648, 401.986], [0.5649, 0.4022, 398.773], [0.6121, 0.336, 391.962], [0.649, 0.2675, 384.55], [0.6752, 0.1978, 376.448], [0.6902, 0.1281, 367.609], [0.6938, 0.0597, 358.063], [0.6856, -0.0065, 347.943], [0.6662, -0.0691, 337.5], [0.6357, -0.1271, 327.057], [0.5946, -0.1795, 316.937], [0.5437, -0.2254, 307.39099999999996], [0.4839, -0.2642, 298.552], [0.4161, -0.2949, 290.45], [0.3415, -0.3172, 283.038], [0.2613, -0.3307, 276.227], [0.1771, -0.3352, 273.014]], "outline": [[0.1711, -0.2953], [0.2772, -0.2725], [0.3747, -0.225], [0.44, -0.1992], [0.5029, -0.2253], [0.5241, -0.2267], [0.5382, -0.2107], [0.6758, 0.1216], [0.6773, 0.1429], [0.6613, 0.1569], [0.5983, 0.1829], [0.5703, 0.2473], [0.535, 0.3499], [0.4761, 0.441], [0.3971, 0.5153], [0.3026, 0.5686], [0.1981, 0.5977], [0.0897, 0.6011], [-0.0468, 0.5656], [-0.1583, 0.482], [-0.2441, 0.3231], [-0.2475, 0.3088], [-0.2389, 0.2968], [0.0329, 0.1956], [0.0506, 0.1871], [0.056, 0.1829], [0.0551, 0.1809], [0.0484, 0.1816], [0.0302, 0.1879], [-0.2425, 0.2901], [-0.2555, 0.2881], [-0.2613, 0.2768], [-0.2982, 0.1417], [-0.285, -0.0073], [-0.2153, -0.1353], [-0.1363, -0.2096], [-0.0418, -0.2629], [0.0627, -0.292]], "flags": {"1": {"outline": [[0.1108, -0.0028], [0.08, 0.0013], [0.0513, -0.0105], [0.0324, -0.0351], [0.0283, -0.066], [0.0403, -0.0947], [0.0649, -0.1136], [0.0956, -0.1177], [0.1243, -0.1057], [0.1432, -0.0811], [0.1473, -0.0504], [0.1354, -0.0217]]}, "0": {"outline": [[-0.1153, 0.0474], [-0.1461, 0.0516], [-0.1748, 0.0397], [-0.1937, 0.0149], [-0.1977, -0.0158], [-0.1858, -0.0446], [-0.1612, -0.0635], [-0.1304, -0.0675], [-0.1018, -0.0557], [-0.0828, -0.031], [-0.0787, -0.0002], [-0.0905, 0.0286]]}, "3": {"outline": [[0.0755, 0.508], [0.0446, 0.512], [0.016, 0.5001], [-0.0029, 0.4755], [-0.007, 0.4447], [0.0048, 0.416], [0.0295, 0.3972], [0.0604, 0.393], [0.0891, 0.4049], [0.108, 0.4296], [0.112, 0.4603], [0.1001, 0.4891]]}, "2": {"outline": [[0.2709, 0.3838], [0.24, 0.3878], [0.2114, 0.376], [0.1925, 0.3513], [0.1884, 0.3205], [0.2003, 0.2918], [0.225, 0.2729], [0.2557, 0.2688], [0.2844, 0.2807], [0.3033, 0.3053], [0.3073, 0.3361], [0.2955, 0.3648]]}}, "icon": [[0.08100000000000002, 0.0022999999999999826], [0.32100000000000006, 0.24230000000000002]]}