{"inputs": [[0.3629, 0.1213, 448.01300000000003], [0.3783, 0.121, 445.546], [0.3962, 0.1188, 441.536], [0.4159, 0.1153, 438.359], [0.4378, 0.1103, 435.71320000000003], [0.4605, 0.1041, 433.4121], [0.4841, 0.0964, 431.3324], [0.5082, 0.0879, 429.38509999999997], [0.5323, 0.0784, 427.5], [0.5566, 0.0679, 425.61490000000003], [0.5794, 0.0571, 423.6676], [0.6017, 0.0457, 421.5879], [0.6223, 0.0338, 419.28679999999997], [0.6411, 0.0219, 416.6408], [0.6578, 0.0107, 413.4638], [0.6714, -0.0006, 409.4541], [0.6829, -0.0113, 406.9866]], "name": "snek_tail_15", "outputs": [[0.3285, -0.8661, 628.0129999999999], [0.3133, -0.8657, 625.546], [0.2956, -0.8636, 621.5360000000001], [0.2758, -0.86, 618.3589999999999], [0.2541, -0.8549, 615.713], [0.2311, -0.8486, 613.412], [0.2076, -0.8412, 611.332], [0.1833, -0.8326, 609.385], [0.1591, -0.8232, 607.5], [0.1352, -0.8126, 605.615], [0.1118, -0.8016, 603.668], [0.0899, -0.7903, 601.588], [0.0693, -0.7786, 599.287], [0.0508, -0.7668, 596.6410000000001], [0.034, -0.7553, 593.4639999999999], [0.0201, -0.7441, 589.454], [0.0088, -0.7336, 586.987]], "outline": [[0.1638, -0.7529], [0.1438, -0.7364], [0.1412, -0.7105], [0.2943, 0.0788], [0.306, 0.0983], [0.3289, 0.0972], [0.6896, -0.0524], [0.707, -0.0674], [0.7011, -0.0897], [0.2514, -0.7563], [0.2311, -0.7726], [0.2054, -0.7701]], "flags": {"1": {"outline": [[0.3225, -0.5855], [0.3266, -0.5547], [0.3148, -0.5258], [0.2898, -0.5072], [0.259, -0.503], [0.2304, -0.5151], [0.2116, -0.5397], [0.2075, -0.5703], [0.2193, -0.5989], [0.244, -0.6178], [0.2749, -0.6219], [0.3037, -0.6101]]}, "0": {"outline": [[0.2723, -0.7064], [0.2764, -0.6756], [0.2647, -0.6469], [0.24, -0.6281], [0.2091, -0.624], [0.1803, -0.636], [0.1614, -0.6605], [0.1576, -0.6914], [0.1694, -0.7203], [0.194, -0.7388], [0.2249, -0.7429], [0.2536, -0.7312]]}, "3": {"outline": [[0.5313, -0.0815], [0.5352, -0.051], [0.5235, -0.022], [0.4988, -0.0032], [0.4678, 0.001], [0.4392, -0.0109], [0.4202, -0.0357], [0.4163, -0.0663], [0.4283, -0.095], [0.453, -0.1141], [0.4838, -0.118], [0.5123, -0.1062]]}, "2": {"outline": [[0.4805, -0.2041], [0.4844, -0.1732], [0.4727, -0.1445], [0.448, -0.1256], [0.4174, -0.1215], [0.3886, -0.1336], [0.3697, -0.1583], [0.3656, -0.1889], [0.3775, -0.2178], [0.4021, -0.2366], [0.4329, -0.2404], [0.4615, -0.2288]]}}, "icon": [[0.23259999999999992, -0.47250000000000003], [0.47260000000000013, -0.23249999999999996]]}