{"inputs": [[0.6431, 0.7553, 458.409], [0.7033, 0.7641, 454.55], [0.765, 0.765, 446.98699999999997], [0.8273, 0.7576, 439.629], [0.889, 0.7423, 432.457], [0.9486, 0.7191, 425.445], [1.0059, 0.6886, 418.558], [1.0595, 0.6517, 411.7573], [1.1082, 0.608, 405.0], [1.1516, 0.5593, 398.2427], [1.1889, 0.5056, 391.4418], [1.2195, 0.4487, 384.5549], [1.2426, 0.3887, 377.54290000000003], [1.2578, 0.3272, 370.3713], [1.2651, 0.265, 363.01279999999997], [1.2641, 0.2033, 355.4504], [1.2553, 0.1429, 351.59090000000003]], "name": "snek_head_1_14", "outputs": [[0.9266, -0.186, 649.486], [0.847, -0.2139, 646.273], [0.7679, -0.2324, 639.462], [0.6904, -0.2401, 632.05], [0.6159, -0.2376, 623.948], [0.5458, -0.2248, 615.1089999999999], [0.4811, -0.2019, 605.563], [0.4233, -0.1691, 595.443], [0.3727, -0.1272, 585.0], [0.331, -0.077, 574.557], [0.2984, -0.0188, 564.437], [0.2753, 0.0459, 554.891], [0.2622, 0.1159, 546.052], [0.2599, 0.1904, 537.95], [0.2679, 0.2676, 530.538], [0.286, 0.3469, 523.727], [0.3142, 0.4264, 520.514]], "outline": [[0.3534, 0.417], [0.3338, 0.3099], [0.3403, 0.2016], [0.3392, 0.1316], [0.291, 0.0837], [0.2815, 0.0645], [0.291, 0.0451], [0.5453, -0.2091], [0.5644, -0.2185], [0.5833, -0.2092], [0.6316, -0.1609], [0.702, -0.1598], [0.8102, -0.1663], [0.9168, -0.1469], [1.0157, -0.1024], [1.1012, -0.0352], [1.1681, 0.0502], [1.2125, 0.1489], [1.2367, 0.2686], [1.213, 0.4014], [1.1279, 0.5196], [1.1158, 0.5278], [1.1013, 0.5249], [0.8793, 0.3368], [0.8599, 0.3288], [0.8444, 0.3351], [0.8332, 0.3463], [0.8265, 0.3619], [0.8337, 0.3818], [1.0204, 0.6068], [1.0237, 0.6195], [1.0155, 0.6292], [0.9146, 0.6985], [0.7741, 0.7324], [0.6489, 0.7126], [0.5502, 0.668], [0.4646, 0.6011], [0.3978, 0.5155]], "flags": {"1": {"outline": [[0.6464, 0.3605], [0.6622, 0.3873], [0.6622, 0.4186], [0.6467, 0.4451], [0.6199, 0.4609], [0.5888, 0.461], [0.5619, 0.4455], [0.5461, 0.4184], [0.5464, 0.3873], [0.562, 0.3605], [0.5886, 0.3453], [0.6198, 0.345]]}, "0": {"outline": [[0.7794, 0.5502], [0.7952, 0.5772], [0.7953, 0.6081], [0.7795, 0.6351], [0.7527, 0.6505], [0.7216, 0.6506], [0.6946, 0.6351], [0.6792, 0.6082], [0.679, 0.577], [0.6946, 0.55], [0.7214, 0.5345], [0.7525, 0.5343]]}, "3": {"outline": [[1.1321, 0.1977], [1.1475, 0.2248], [1.1476, 0.2557], [1.1319, 0.2826], [1.1052, 0.2979], [1.074, 0.2982], [1.0474, 0.2825], [1.0315, 0.2557], [1.0315, 0.2245], [1.0473, 0.1979], [1.074, 0.1821], [1.1051, 0.1821]]}, "2": {"outline": [[0.9427, 0.0647], [0.9582, 0.0918], [0.9583, 0.1225], [0.9424, 0.1497], [0.9158, 0.1652], [0.8846, 0.165], [0.8575, 0.1496], [0.8421, 0.1226], [0.8422, 0.0916], [0.8576, 0.0646], [0.8844, 0.0493], [0.9154, 0.0492]]}}, "icon": [[0.6077999999999999, 0.1094], [0.8478, 0.3494]]}