{"inputs": [[1.1434, -0.4213, 345.909], [1.1284, -0.4804, 342.05], [1.1056, -0.5377, 334.48699999999997], [1.075, -0.5925, 327.129], [1.0373, -0.6435, 319.957], [0.9929, -0.6898, 312.945], [0.9428, -0.7311, 306.058], [0.8883, -0.7664, 299.2573], [0.8293, -0.7947, 292.5], [0.7677, -0.8162, 285.7427], [0.7038, -0.8301, 278.9418], [0.6395, -0.8365, 272.0549], [0.5753, -0.8349, 265.04290000000003], [0.5125, -0.8254, 257.8713], [0.4524, -0.8084, 250.5128], [0.3956, -0.7839, 242.9504], [0.3432, -0.7525, 239.0909]], "name": "snek_head_9", "outputs": [[0.1651, -0.323, 536.986], [0.1698, -0.2388, 533.773], [0.1831, -0.1587, 526.962], [0.2056, -0.0841, 519.55], [0.2364, -0.0163, 511.448], [0.275, 0.0437, 502.609], [0.3208, 0.0947, 493.063], [0.3735, 0.1355, 482.943], [0.4315, 0.1661, 472.5], [0.4939, 0.1855, 462.057], [0.5601, 0.1934, 451.937], [0.6286, 0.19, 442.39099999999996], [0.6983, 0.1752, 433.552], [0.768, 0.1489, 425.45], [0.8364, 0.1119, 418.038], [0.9026, 0.0648, 411.227], [0.9654, 0.0083, 408.014]], "outline": [[0.9416, -0.0241], [0.8503, 0.0349], [0.7477, 0.0702], [0.6834, 0.0981], [0.6575, 0.1609], [0.6434, 0.177], [0.622, 0.1757], [0.2897, 0.038], [0.2737, 0.0241], [0.2751, 0.0028], [0.3013, -0.0601], [0.2754, -0.1254], [0.228, -0.223], [0.2051, -0.329], [0.2084, -0.4374], [0.2377, -0.542], [0.291, -0.6365], [0.3651, -0.7154], [0.4563, -0.7743], [0.5588, -0.8098], [0.6587, -0.7843], [0.6712, -0.7765], [0.6738, -0.7621], [0.6376, -0.4914], [0.641, -0.4689], [0.6589, -0.4545], [0.7092, -0.4336], [0.7322, -0.431], [0.7515, -0.4438], [0.9315, -0.6557], [0.9439, -0.6636], [0.9583, -0.6597], [1.0313, -0.6141], [1.0788, -0.5166], [1.1016, -0.4104], [1.0983, -0.3021], [1.0691, -0.1975], [1.0157, -0.103]], "flags": {"1": {"outline": [[0.7773, -0.2734], [0.7961, -0.2982], [0.8249, -0.3102], [0.8554, -0.3061], [0.8803, -0.2873], [0.8923, -0.2584], [0.888, -0.2278], [0.8691, -0.203], [0.8404, -0.1912], [0.8097, -0.1953], [0.7853, -0.2141], [0.7732, -0.2429]]}, "0": {"outline": [[0.9016, -0.4688], [0.9205, -0.4937], [0.9491, -0.5056], [0.9801, -0.5013], [1.0045, -0.4825], [1.0166, -0.4538], [1.0125, -0.4229], [0.9935, -0.3984], [0.9649, -0.3864], [0.934, -0.3903], [0.9094, -0.4093], [0.8973, -0.4379]]}, "3": {"outline": [[0.4411, -0.6597], [0.4601, -0.6843], [0.4887, -0.6962], [0.5195, -0.6921], [0.544, -0.6732], [0.5561, -0.6446], [0.5518, -0.6139], [0.5331, -0.5891], [0.5042, -0.5771], [0.4737, -0.5813], [0.4489, -0.6001], [0.4369, -0.6289]]}, "2": {"outline": [[0.3907, -0.4338], [0.4098, -0.4584], [0.4381, -0.4704], [0.4692, -0.4662], [0.4938, -0.4474], [0.5056, -0.4185], [0.5016, -0.3877], [0.4827, -0.3631], [0.454, -0.3514], [0.4233, -0.3552], [0.3987, -0.3742], [0.3868, -0.4028]]}}, "icon": [[0.5050999999999999, -0.4183], [0.7451, -0.1783]]}