{
"name": "snek_food_2",
"flags": {
	"0": { "outline": [[-0.08,-0.1],[-0.0826795,-0.09],[-0.09,-0.0826795],[-0.1,-0.08],[-0.11,-0.0826795],[-0.117321,-0.09],[-0.12,-0.1],[-0.117321,-0.11],[-0.11,-0.117321],[-0.1,-0.12],[-0.09,-0.117321],[-0.0826795,-0.11]] },
	"1": { "outline": [[-0.08,0.1],[-0.0826795,0.11],[-0.09,0.117321],[-0.1,0.12],[-0.11,0.117321],[-0.117321,0.11],[-0.12,0.1],[-0.117321,0.09],[-0.11,0.0826795],[-0.1,0.08],[-0.09,0.0826795],[-0.0826795,0.09]] },
	"2": { "outline": [[0.12,-0.1],[0.117321,-0.09],[0.11,-0.0826795],[0.1,-0.08],[0.09,-0.0826795],[0.0826795,-0.09],[0.08,-0.1],[0.0826795,-0.11],[0.09,-0.117321],[0.1,-0.12],[0.11,-0.117321],[0.117321,-0.11]] },
	"3": { "outline": [[0.12,0.1],[0.117321,0.11],[0.11,0.117321],[0.1,0.12],[0.09,0.117321],[0.0826795,0.11],[0.08,0.1],[0.0826795,0.09],[0.09,0.0826795],[0.1,0.08],[0.11,0.0826795],[0.117321,0.09]] }
},
"outline": [[0.2,0],[0.199759,0.00982406],[0.199037,0.0196937],[0.197835,0.0297988],[0.196157,0.0401324],[0.194006,0.0506447],[0.191388,0.0627937],[0.188309,0.0748481],[0.184776,0.0823438],[0.180798,0.0915211],[0.176384,0.106977],[0.171546,0.108176],[0.166294,0.10235],[0.160642,0.118045],[0.154602,0.130453],[0.14819,0.13329],[0.141421,0.142154],[0.134312,0.166659],[0.126879,0.19403],[0.11914,0.228779],[0.111114,0.239144],[0.102821,0.234466],[0.0942793,0.252943],[0.085511,0.247335],[0.0765367,0.188976],[0.067378,0.157547],[0.0580569,0.192322],[0.048596,0.285974],[0.039018,0.390649],[0.0293461,0.369323],[0.0196034,0.271209],[0.00981353,0.191698],[-8.74228e-09,0.193658],[-0.00981355,0.246752],[-0.0196034,0.291406],[-0.0293461,0.30802],[-0.0390181,0.369126],[-0.048596,0.408725],[-0.0580569,0.346881],[-0.067378,0.325603],[-0.0765367,0.332791],[-0.085511,0.320861],[-0.0942794,0.321832],[-0.102821,0.303328],[-0.111114,0.260007],[-0.11914,0.243672],[-0.126879,0.236752],[-0.134312,0.23821],[-0.141421,0.222348],[-0.14819,0.190677],[-0.154602,0.169341],[-0.160642,0.164651],[-0.166294,0.157522],[-0.171546,0.135739],[-0.176384,0.118017],[-0.180798,0.101217],[-0.184776,0.0864234],[-0.188309,0.0739478],[-0.191388,0.0603862],[-0.194006,0.0495741],[-0.196157,0.0398497],[-0.197835,0.0296986],[-0.199037,0.019763],[-0.199759,0.00984028],[-0.2,-1.74846e-08],[-0.199759,-0.00982841],[-0.199037,-0.0197405],[-0.197835,-0.0299734],[-0.196157,-0.0403099],[-0.194006,-0.0505749],[-0.191388,-0.0629131],[-0.188309,-0.0793549],[-0.184776,-0.0954225],[-0.180798,-0.106597],[-0.176384,-0.124248],[-0.171546,-0.139836],[-0.166294,-0.139442],[-0.160642,-0.14856],[-0.154602,-0.154738],[-0.14819,-0.16289],[-0.141421,-0.182692],[-0.134312,-0.187784],[-0.126879,-0.207659],[-0.11914,-0.25619],[-0.111114,-0.282437],[-0.102821,-0.251267],[-0.0942793,-0.237154],[-0.085511,-0.281673],[-0.0765366,-0.328767],[-0.067378,-0.339374],[-0.0580569,-0.34249],[-0.048596,-0.383369],[-0.0390181,-0.422984],[-0.0293461,-0.416077],[-0.0196034,-0.367642],[-0.00981347,-0.296805],[2.38498e-09,-0.269669],[0.00981356,-0.262844],[0.0196035,-0.251475],[0.0293461,-0.259938],[0.0390181,-0.317663],[0.0485961,-0.345785],[0.058057,-0.343667],[0.067378,-0.345836],[0.0765367,-0.330587],[0.0855111,-0.266801],[0.0942793,-0.229567],[0.102821,-0.21575],[0.111114,-0.206248],[0.11914,-0.203676],[0.126879,-0.190396],[0.134312,-0.176972],[0.141421,-0.16424],[0.14819,-0.164497],[0.154602,-0.167245],[0.160642,-0.154332],[0.166294,-0.13786],[0.171546,-0.123631],[0.176384,-0.111487],[0.180798,-0.0992158],[0.184776,-0.0875668],[0.188309,-0.074454],[0.191388,-0.0611225],[0.194006,-0.0499029],[0.196157,-0.0397817],[0.197835,-0.0296497],[0.199037,-0.0196951],[0.199759,-0.00982991]],
"inputs": [[-0.173205,0.218603,110.513],[-0.158671,0.224041,108.046],[-0.141421,0.228959,104.036],[-0.121752,0.233271,100.859],[-0.1,0.236905,98.2132],[-0.0765367,0.239797,95.9121],[-0.0517638,0.2419,93.8324],[-0.0261052,0.243176,91.8851],[1.49012e-08,0.243603,90],[0.0261052,0.243176,88.1149],[0.0517638,0.2419,86.1676],[0.0765367,0.239797,84.0879],[0.1,0.236905,81.7868],[0.121752,0.233271,79.1408],[0.141421,0.228959,75.9638],[0.158671,0.224041,71.9541],[0.173205,0.218603,69.4866]],
"outputs": [[0.173205,-0.225574,290.513],[0.158671,-0.231012,288.046],[0.141421,-0.235929,284.036],[0.121752,-0.240242,280.859],[0.1,-0.243875,278.213],[0.0765366,-0.246768,275.912],[0.0517638,-0.24887,273.832],[0.0261052,-0.250146,271.885],[0,-0.250574,270],[-0.0261053,-0.250146,268.115],[-0.0517638,-0.24887,266.168],[-0.0765367,-0.246768,264.088],[-0.1,-0.243875,261.787],[-0.121752,-0.240242,259.141],[-0.141421,-0.235929,255.964],[-0.158671,-0.231012,251.954],[-0.173205,-0.225574,249.487]],
"icon": [[-0.085223,-0.086131],[0.082777,0.081869]]
}