{"inputs": [[0.6648, 0.0801, 335.51300000000003], [0.6586, 0.0661, 333.046], [0.6497, 0.0503, 329.036], [0.6389, 0.0334, 325.859], [0.6261, 0.0152, 323.21320000000003], [0.6116, -0.0034, 320.9121], [0.5955, -0.0223, 318.8324], [0.5784, -0.0413, 316.88509999999997], [0.5603, -0.06, 315.0], [0.5413, -0.0783, 313.11490000000003], [0.5226, -0.0955, 311.1676], [0.5035, -0.1116, 309.0879], [0.4846, -0.1261, 306.78679999999997], [0.4666, -0.1388, 304.1408], [0.4498, -0.1499, 300.9638], [0.4341, -0.1583, 296.9541], [0.4199, -0.1648, 294.4866]], "name": "snek_tail_10", "outputs": [[-0.2342, 0.4897, 515.5129999999999], [-0.228, 0.5036, 513.046], [-0.2194, 0.5193, 509.036], [-0.2084, 0.5362, 505.859], [-0.1955, 0.5543, 503.213], [-0.1809, 0.5731, 500.912], [-0.165, 0.5919, 498.832], [-0.1478, 0.6111, 496.885], [-0.1299, 0.6297, 495.0], [-0.1108, 0.6479, 493.115], [-0.0917, 0.6652, 491.168], [-0.0729, 0.6812, 489.088], [-0.0543, 0.6957, 486.787], [-0.0362, 0.7084, 484.141], [-0.0192, 0.7194, 480.964], [-0.0035, 0.7281, 476.954], [0.0105, 0.7345, 474.48699999999997]], "outline": [[-0.0667, 0.5987], [-0.0437, 0.6108], [-0.0189, 0.6033], [0.6517, 0.1598], [0.6654, 0.1414], [0.6555, 0.1207], [0.3793, -0.1553], [0.3588, -0.1655], [0.3405, -0.1515], [-0.1033, 0.5189], [-0.1107, 0.544], [-0.0984, 0.5668]], "flags": {"1": {"outline": [[0.0272, 0.3879], [0.0542, 0.3723], [0.0854, 0.3723], [0.1121, 0.3881], [0.1277, 0.415], [0.1275, 0.446], [0.112, 0.4729], [0.0853, 0.4883], [0.0543, 0.4884], [0.0274, 0.4729], [0.0118, 0.4458], [0.0118, 0.4147]]}, "0": {"outline": [[-0.0653, 0.4806], [-0.0383, 0.4651], [-0.0073, 0.4649], [0.0194, 0.4806], [0.0352, 0.5076], [0.0351, 0.5386], [0.0196, 0.5654], [-0.0074, 0.5808], [-0.0386, 0.5809], [-0.0652, 0.5654], [-0.0807, 0.5384], [-0.0809, 0.5073]]}, "3": {"outline": [[0.413, 0.0021], [0.4397, -0.0132], [0.4709, -0.0134], [0.4978, 0.0022], [0.5135, 0.0292], [0.5134, 0.0603], [0.4978, 0.0872], [0.471, 0.1026], [0.4399, 0.1025], [0.4129, 0.087], [0.3974, 0.0601], [0.3974, 0.0292]]}, "2": {"outline": [[0.3192, 0.0961], [0.3462, 0.0805], [0.3773, 0.0804], [0.4042, 0.096], [0.4196, 0.1228], [0.4195, 0.154], [0.4039, 0.1809], [0.3772, 0.1964], [0.346, 0.1964], [0.3191, 0.1809], [0.3038, 0.1539], [0.3037, 0.1229]]}}, "icon": [[0.1110999999999999, 0.15089999999999992], [0.3511000000000001, 0.3909]]}