{"inputs": [[-0.1431, 0.4209, 165.909], [-0.1283, 0.48, 162.05], [-0.1054, 0.5374, 154.487], [-0.0748, 0.5921, 147.12900000000002], [-0.0371, 0.6431, 139.957], [0.0072, 0.6896, 132.945], [0.0572, 0.7308, 126.058], [0.112, 0.766, 119.2573], [0.1708, 0.7945, 112.5], [0.2326, 0.8159, 105.7427], [0.2963, 0.8298, 98.9418], [0.3607, 0.8361, 92.0549], [0.4249, 0.8345, 85.0429], [0.4876, 0.8251, 77.87129999999999], [0.5479, 0.808, 70.5128], [0.6047, 0.7836, 62.9504], [0.657, 0.7523, 59.0909]], "name": "snek_head_0_1", "outputs": [[0.8349, 0.3227, 356.986], [0.8305, 0.2385, 353.773], [0.817, 0.1584, 346.962], [0.7947, 0.0838, 339.55], [0.7639, 0.016, 331.448], [0.7252, -0.0439, 322.609], [0.6793, -0.0948, 313.063], [0.6268, -0.1358, 302.943], [0.5688, -0.1663, 292.5], [0.5062, -0.1858, 282.057], [0.4401, -0.1938, 271.937], [0.3717, -0.1903, 262.39099999999996], [0.302, -0.1754, 253.552], [0.2323, -0.1492, 245.45], [0.1637, -0.1122, 238.038], [0.0975, -0.0651, 231.227], [0.0348, -0.0087, 228.014]], "outline": [[0.0588, 0.0238], [0.1499, -0.0351], [0.2524, -0.0705], [0.3168, -0.0984], [0.3429, -0.1613], [0.3569, -0.1774], [0.3782, -0.1759], [0.7104, -0.0383], [0.7266, -0.0243], [0.7251, -0.003], [0.699, 0.0599], [0.7248, 0.1252], [0.7723, 0.2227], [0.795, 0.3288], [0.7918, 0.4372], [0.7626, 0.5417], [0.7093, 0.6362], [0.635, 0.7152], [0.5439, 0.7741], [0.4413, 0.8095], [0.3414, 0.7841], [0.329, 0.7763], [0.3264, 0.7619], [0.3627, 0.4912], [0.3591, 0.4685], [0.3413, 0.4541], [0.291, 0.4332], [0.2679, 0.4306], [0.2486, 0.4435], [0.0688, 0.6555], [0.0562, 0.6634], [0.0419, 0.6596], [-0.031, 0.6138], [-0.0785, 0.5163], [-0.1013, 0.4102], [-0.098, 0.3018], [-0.0689, 0.1973], [-0.0156, 0.1028]], "flags": {"1": {"outline": [[0.223, 0.2733], [0.2041, 0.298], [0.1754, 0.3099], [0.1446, 0.3058], [0.1199, 0.2869], [0.1081, 0.2582], [0.1121, 0.2274], [0.131, 0.2028], [0.1597, 0.1909], [0.1905, 0.1949], [0.2151, 0.2139], [0.227, 0.2425]]}, "0": {"outline": [[0.0986, 0.4686], [0.0797, 0.4933], [0.051, 0.5052], [0.0202, 0.5011], [-0.0044, 0.4822], [-0.0163, 0.4535], [-0.0123, 0.4227], [0.0066, 0.3981], [0.0353, 0.3862], [0.0661, 0.3902], [0.0908, 0.4091], [0.1027, 0.4378]]}, "3": {"outline": [[0.5592, 0.6594], [0.5402, 0.684], [0.5115, 0.6959], [0.4808, 0.6919], [0.4561, 0.673], [0.4442, 0.6443], [0.4483, 0.6135], [0.4672, 0.5888], [0.4959, 0.5769], [0.5267, 0.581], [0.5513, 0.5999], [0.5632, 0.6286]]}, "2": {"outline": [[0.6095, 0.4334], [0.5905, 0.4581], [0.5619, 0.47], [0.5311, 0.4659], [0.5064, 0.447], [0.4945, 0.4183], [0.4986, 0.3875], [0.5175, 0.3629], [0.5462, 0.351], [0.577, 0.355], [0.6016, 0.3739], [0.6135, 0.4026]]}}, "icon": [[0.2551999999999999, 0.178], [0.4952, 0.418]]}