{"inputs": [[0.683, 0.0109, 313.01300000000003], [0.6719, 0.0004, 310.546], [0.6576, -0.0108, 306.536], [0.6412, -0.0223, 303.359], [0.6224, -0.0342, 300.71320000000003], [0.6019, -0.0458, 298.4121], [0.5798, -0.0571, 296.3324], [0.5567, -0.0681, 294.38509999999997], [0.5328, -0.0785, 292.5], [0.5083, -0.0881, 290.61490000000003], [0.4844, -0.0969, 288.6676], [0.4606, -0.1044, 286.5879], [0.4376, -0.1106, 284.28679999999997], [0.4161, -0.1154, 281.6408], [0.3963, -0.1192, 278.4638], [0.3786, -0.121, 274.4541], [0.363, -0.1216, 271.9866]], "name": "snek_tail_9", "outputs": [[0.0091, 0.7334, 493.013], [0.0202, 0.7439, 490.546], [0.0342, 0.7551, 486.536], [0.0508, 0.7665, 483.359], [0.0696, 0.7783, 480.713], [0.0903, 0.7901, 478.412], [0.1122, 0.8014, 476.332], [0.1354, 0.8125, 474.385], [0.1591, 0.8228, 472.5], [0.1837, 0.8324, 470.615], [0.208, 0.841, 468.668], [0.2314, 0.8486, 466.588], [0.2542, 0.8549, 464.287], [0.2758, 0.8597, 461.641], [0.2957, 0.8634, 458.464], [0.3135, 0.8654, 454.454], [0.3289, 0.8659, 451.98699999999997]], "outline": [[0.2056, 0.77], [0.2315, 0.7724], [0.2515, 0.756], [0.7014, 0.0896], [0.707, 0.0674], [0.6899, 0.052], [0.3291, -0.0972], [0.3063, -0.0988], [0.2947, -0.0789], [0.1413, 0.7103], [0.144, 0.7363], [0.1641, 0.7527]], "flags": {"1": {"outline": [[0.2117, 0.5393], [0.2307, 0.5146], [0.2595, 0.5027], [0.2902, 0.507], [0.3149, 0.5259], [0.3266, 0.5546], [0.3226, 0.5854], [0.3038, 0.6099], [0.2752, 0.6218], [0.2444, 0.6178], [0.2196, 0.5987], [0.2077, 0.57]]}, "0": {"outline": [[0.1617, 0.6604], [0.1807, 0.6357], [0.2093, 0.6237], [0.24, 0.628], [0.2649, 0.6469], [0.2767, 0.6755], [0.2726, 0.7062], [0.2536, 0.7308], [0.2248, 0.7428], [0.1943, 0.7387], [0.1696, 0.7197], [0.1575, 0.691]]}, "3": {"outline": [[0.4205, 0.0353], [0.4393, 0.0109], [0.4681, -0.0012], [0.4989, 0.0029], [0.5237, 0.0218], [0.5355, 0.0506], [0.5314, 0.0814], [0.5125, 0.1059], [0.4838, 0.1177], [0.4529, 0.1137], [0.4283, 0.0948], [0.4165, 0.0663]]}, "2": {"outline": [[0.3698, 0.158], [0.3888, 0.1333], [0.4175, 0.1213], [0.4483, 0.1254], [0.4728, 0.1442], [0.4846, 0.1731], [0.4805, 0.2039], [0.4618, 0.2285], [0.4329, 0.2404], [0.4022, 0.2364], [0.3777, 0.2173], [0.3657, 0.1887]]}}, "icon": [[0.2352999999999999, 0.23319999999999996], [0.4753000000000001, 0.47320000000000007]]}