{"inputs": [[0.3353, -0.0804, 155.513], [0.3416, -0.0663, 153.046], [0.3504, -0.0506, 149.036], [0.3612, -0.0336, 145.85899999999998], [0.3741, -0.0157, 143.2132], [0.3886, 0.003, 140.9121], [0.4047, 0.022, 138.8324], [0.4219, 0.041, 136.8851], [0.44, 0.0598, 135.0], [0.4588, 0.0779, 133.1149], [0.4778, 0.0951, 131.1676], [0.4968, 0.1112, 129.0879], [0.5155, 0.1258, 126.7868], [0.5335, 0.1385, 124.1408], [0.5504, 0.1494, 120.9638], [0.5661, 0.1581, 116.9541], [0.5802, 0.1646, 114.4866]], "name": "snek_tail_2", "outputs": [[1.2346, -0.4899, 335.513], [1.2282, -0.504, 333.046], [1.2195, -0.5197, 329.036], [1.2086, -0.5366, 325.859], [1.1958, -0.5546, 323.213], [1.1813, -0.5733, 320.912], [1.1652, -0.5922, 318.832], [1.148, -0.6113, 316.885], [1.1299, -0.63, 315.0], [1.1111, -0.6482, 313.115], [1.092, -0.6654, 311.168], [1.0731, -0.6815, 309.088], [1.0544, -0.696, 306.787], [1.0364, -0.7088, 304.141], [1.0195, -0.7197, 300.964], [1.0038, -0.7284, 296.954], [0.9897, -0.7349, 294.48699999999997]], "outline": [[1.0669, -0.5989], [1.044, -0.6111], [1.0191, -0.6037], [0.3486, -0.1601], [0.3347, -0.1417], [0.3446, -0.121], [0.6209, 0.1551], [0.6415, 0.1651], [0.6598, 0.1512], [1.1035, -0.5193], [1.1109, -0.5442], [1.0987, -0.5671]], "flags": {"1": {"outline": [[0.9729, -0.3882], [0.946, -0.3727], [0.9149, -0.3727], [0.8881, -0.3883], [0.8726, -0.4152], [0.8726, -0.4462], [0.888, -0.4731], [0.9149, -0.4886], [0.946, -0.4887], [0.9729, -0.4731], [0.9885, -0.4462], [0.9884, -0.4151]]}, "0": {"outline": [[1.0655, -0.4808], [1.0386, -0.4653], [1.0075, -0.4653], [0.9807, -0.4809], [0.9652, -0.5078], [0.9651, -0.5388], [0.9807, -0.5657], [1.0076, -0.5812], [1.0387, -0.5812], [1.0655, -0.5657], [1.081, -0.5388], [1.0811, -0.5077]]}, "3": {"outline": [[0.5872, -0.0025], [0.5604, 0.013], [0.5293, 0.013], [0.5024, -0.0025], [0.4868, -0.0294], [0.4868, -0.0605], [0.5024, -0.0874], [0.5293, -0.103], [0.5603, -0.1029], [0.5872, -0.0874], [0.6027, -0.0605], [0.6027, -0.0295]]}, "2": {"outline": [[0.681, -0.0964], [0.6541, -0.0808], [0.623, -0.0808], [0.5961, -0.0964], [0.5806, -0.1232], [0.5806, -0.1543], [0.5962, -0.1812], [0.6231, -0.1967], [0.6541, -0.1967], [0.6811, -0.1812], [0.6965, -0.1543], [0.6966, -0.1233]]}}, "icon": [[0.6491999999999999, -0.39110000000000006], [0.8892, -0.1511]]}