{"inputs": [[0.2317, -0.0765, 178.013], [0.2322, -0.0611, 175.546], [0.2342, -0.0432, 171.536], [0.2378, -0.0233, 168.35899999999998], [0.2428, -0.0019, 165.7132], [0.2492, 0.0209, 163.4121], [0.2567, 0.0445, 161.3324], [0.2652, 0.0688, 159.3851], [0.2748, 0.093, 157.5], [0.2852, 0.117, 155.6149], [0.2963, 0.1402, 153.6676], [0.3077, 0.1623, 151.5879], [0.3193, 0.1828, 149.2868], [0.331, 0.2017, 146.6408], [0.3425, 0.2181, 143.4638], [0.3537, 0.2321, 139.45409999999998], [0.3642, 0.2434, 136.9866]], "name": "snek_torso_3", "outputs": [[0.7746, 0.0735, 358.013], [0.774, 0.0579, 355.546], [0.772, 0.0402, 351.536], [0.7685, 0.0204, 348.359], [0.7635, -0.0011, 345.713], [0.7571, -0.0238, 343.412], [0.7497, -0.0476, 341.332], [0.7411, -0.0718, 339.385], [0.7315, -0.0962, 337.5], [0.7211, -0.12, 335.615], [0.71, -0.1433, 333.668], [0.6986, -0.1653, 331.588], [0.687, -0.1858, 329.287], [0.6753, -0.2046, 326.641], [0.6638, -0.2211, 323.464], [0.6526, -0.2351, 319.454], [0.6421, -0.2464, 316.98699999999997]], "outline": [[0.2295, -0.0995], [0.3789, 0.2613], [0.3951, 0.2798], [0.4195, 0.278], [0.7536, 0.1397], [0.772, 0.1236], [0.7704, 0.0992], [0.6209, -0.2617], [0.6047, -0.2802], [0.5804, -0.2784], [0.2463, -0.1401], [0.2279, -0.124]], "flags": {"1": {"outline": [[0.3667, -0.0165], [0.3359, -0.0125], [0.3072, -0.0244], [0.2883, -0.049], [0.2842, -0.0798], [0.2961, -0.1084], [0.3208, -0.1274], [0.3516, -0.1315], [0.3802, -0.1196], [0.3992, -0.0949], [0.4033, -0.0641], [0.3914, -0.0355]]}, "0": {"outline": [[0.5943, -0.1044], [0.5636, -0.1003], [0.5348, -0.1122], [0.516, -0.1369], [0.5118, -0.1678], [0.5237, -0.1965], [0.5484, -0.2154], [0.5792, -0.2194], [0.6079, -0.2075], [0.6268, -0.1828], [0.6308, -0.1521], [0.6189, -0.1234]]}, "3": {"outline": [[0.4753, 0.211], [0.4444, 0.215], [0.4159, 0.2031], [0.3968, 0.1786], [0.3929, 0.1477], [0.4046, 0.119], [0.4293, 0.1002], [0.4602, 0.096], [0.4889, 0.1079], [0.5078, 0.1326], [0.5118, 0.1633], [0.4999, 0.1921]]}, "2": {"outline": [[0.6929, 0.1228], [0.6621, 0.1269], [0.6334, 0.115], [0.6146, 0.0903], [0.6105, 0.0596], [0.6224, 0.0309], [0.6471, 0.012], [0.6778, 0.0079], [0.7066, 0.0198], [0.7255, 0.0444], [0.7295, 0.0752], [0.7177, 0.1039]]}}, "icon": [[0.38599999999999995, -0.124], [0.626, 0.11599999999999999]]}