{"inputs": [[0.7438, -0.136, 313.01300000000003], [0.7327, -0.1465, 310.546], [0.7186, -0.1578, 306.536], [0.7019, -0.1693, 303.359], [0.6832, -0.1809, 300.71320000000003], [0.6626, -0.1926, 298.4121], [0.6407, -0.2038, 296.3324], [0.6176, -0.215, 294.38509999999997], [0.5935, -0.2254, 292.5], [0.5692, -0.235, 290.61490000000003], [0.545, -0.2434, 288.6676], [0.5212, -0.251, 286.5879], [0.4985, -0.2574, 284.28679999999997], [0.4769, -0.2624, 281.6408], [0.4571, -0.2659, 278.4638], [0.4394, -0.2679, 274.4541], [0.424, -0.2685, 271.9866]], "name": "snek_torso_9", "outputs": [[0.254, 0.1418, 493.013], [0.2654, 0.1524, 490.546], [0.2792, 0.1636, 486.536], [0.2959, 0.1751, 483.359], [0.3144, 0.1868, 480.713], [0.3352, 0.1984, 478.412], [0.3571, 0.21, 476.332], [0.3803, 0.221, 474.385], [0.4044, 0.2313, 472.5], [0.4285, 0.2409, 470.615], [0.453, 0.2495, 468.668], [0.4766, 0.257, 466.588], [0.4991, 0.2633, 464.287], [0.5208, 0.2684, 461.641], [0.5405, 0.2719, 458.464], [0.5584, 0.2739, 454.454], [0.5738, 0.2743, 451.98699999999997]], "outline": [[0.7617, -0.1213], [0.401, -0.2707], [0.3764, -0.2722], [0.3603, -0.2539], [0.2219, 0.0802], [0.2204, 0.1045], [0.2386, 0.1207], [0.5996, 0.2703], [0.6243, 0.2718], [0.6401, 0.2535], [0.7786, -0.0806], [0.7801, -0.105]], "flags": {"1": {"outline": [[0.6059, -0.0829], [0.625, -0.1076], [0.6536, -0.1194], [0.6844, -0.1154], [0.7091, -0.0965], [0.7208, -0.0679], [0.7169, -0.037], [0.6979, -0.0123], [0.6693, -0.0006], [0.6385, -0.0045], [0.6139, -0.0234], [0.6019, -0.0521]]}, "0": {"outline": [[0.5073, 0.1401], [0.526, 0.1155], [0.5548, 0.1037], [0.5855, 0.1077], [0.6102, 0.1267], [0.6222, 0.1553], [0.6182, 0.1862], [0.5991, 0.2108], [0.5706, 0.2227], [0.5397, 0.2187], [0.5152, 0.1997], [0.5032, 0.171]]}, "3": {"outline": [[0.3684, -0.167], [0.3873, -0.1917], [0.416, -0.2034], [0.4467, -0.1996], [0.4714, -0.1804], [0.4833, -0.152], [0.4791, -0.1211], [0.4603, -0.0964], [0.4317, -0.0845], [0.4009, -0.0886], [0.3762, -0.1074], [0.3643, -0.1362]]}, "2": {"outline": [[0.2769, 0.0492], [0.2957, 0.0245], [0.3244, 0.0127], [0.3552, 0.0168], [0.3798, 0.0356], [0.3918, 0.0643], [0.3875, 0.0953], [0.3688, 0.1199], [0.3399, 0.1317], [0.3091, 0.1277], [0.2845, 0.1088], [0.2727, 0.0801]]}}, "icon": [[0.3786999999999999, -0.1133], [0.6187, 0.1267]]}