{"inputs": [[0.5764, -0.2685, 268.01300000000003], [0.5611, -0.2681, 265.546], [0.5431, -0.2661, 261.536], [0.5232, -0.2624, 258.359], [0.5018, -0.2574, 255.7132], [0.479, -0.2511, 253.4121], [0.4555, -0.2436, 251.3324], [0.4312, -0.2351, 249.3851], [0.4069, -0.2255, 247.5], [0.3829, -0.2151, 245.6149], [0.3598, -0.2039, 243.6676], [0.3376, -0.1925, 241.5879], [0.3171, -0.1809, 239.2868], [0.2982, -0.1692, 236.6408], [0.2818, -0.1577, 233.4638], [0.2678, -0.1465, 229.45409999999998], [0.2565, -0.1361, 226.9866]], "name": "snek_torso_7", "outputs": [[0.4265, 0.2743, 448.013], [0.442, 0.2737, 445.546], [0.4597, 0.2719, 441.536], [0.4796, 0.2682, 438.359], [0.501, 0.2633, 435.713], [0.5239, 0.2569, 433.412], [0.5476, 0.2495, 431.332], [0.5717, 0.2409, 429.385], [0.5961, 0.2312, 427.5], [0.6199, 0.2209, 425.615], [0.6433, 0.2097, 423.668], [0.6653, 0.1983, 421.588], [0.6857, 0.1868, 419.287], [0.7046, 0.1751, 416.641], [0.721, 0.1636, 413.464], [0.7351, 0.1524, 409.454], [0.7463, 0.1418, 406.98699999999997]], "outline": [[0.5994, -0.2708], [0.2387, -0.1214], [0.2202, -0.1051], [0.2218, -0.0807], [0.3602, 0.2534], [0.3763, 0.2717], [0.4007, 0.2702], [0.7617, 0.1207], [0.7802, 0.1044], [0.7784, 0.0802], [0.6401, -0.254], [0.624, -0.2723]], "flags": {"1": {"outline": [[0.5164, -0.1335], [0.5125, -0.1644], [0.5243, -0.193], [0.5489, -0.212], [0.5798, -0.216], [0.6083, -0.2041], [0.6273, -0.1795], [0.6314, -0.1486], [0.6195, -0.1201], [0.5949, -0.1011], [0.5641, -0.0971], [0.5354, -0.1089]]}, "0": {"outline": [[0.6044, 0.094], [0.6002, 0.0633], [0.6122, 0.0345], [0.6368, 0.0157], [0.6677, 0.0117], [0.6964, 0.0234], [0.7153, 0.0481], [0.7193, 0.079], [0.7075, 0.1076], [0.6828, 0.1266], [0.6521, 0.1305], [0.6234, 0.1187]]}, "3": {"outline": [[0.289, -0.025], [0.2849, -0.0559], [0.2969, -0.0844], [0.3213, -0.1034], [0.3523, -0.1073], [0.3809, -0.0957], [0.3997, -0.0709], [0.4039, -0.04], [0.3921, -0.0114], [0.3674, 0.0075], [0.3367, 0.0116], [0.3079, -0.0004]]}, "2": {"outline": [[0.3772, 0.1926], [0.373, 0.1618], [0.385, 0.1332], [0.4096, 0.1144], [0.4403, 0.1102], [0.4691, 0.122], [0.488, 0.1469], [0.4921, 0.1776], [0.4801, 0.2064], [0.4555, 0.2253], [0.4247, 0.2293], [0.396, 0.2174]]}}, "icon": [[0.38389999999999996, -0.1143], [0.6239, 0.1257]]}