{"inputs": [[0.3171, -0.0112, 133.013], [0.3284, -0.0006, 130.546], [0.3425, 0.0105, 126.536], [0.359, 0.0221, 123.359], [0.3777, 0.0337, 120.7132], [0.3983, 0.0454, 118.4121], [0.4204, 0.0568, 116.3324], [0.4436, 0.0678, 114.3851], [0.4675, 0.0782, 112.5], [0.4918, 0.0878, 110.6149], [0.516, 0.0964, 108.6676], [0.5397, 0.104, 106.5879], [0.5625, 0.1103, 104.2868], [0.584, 0.1152, 101.6408], [0.6038, 0.1188, 98.4638], [0.6216, 0.1208, 94.4541], [0.6371, 0.1214, 91.9866]], "name": "snek_tail_1", "outputs": [[0.9913, -0.7337, 313.013], [0.98, -0.7443, 310.546], [0.9659, -0.7554, 306.536], [0.9494, -0.7669, 303.359], [0.9307, -0.7786, 300.713], [0.9101, -0.7903, 298.412], [0.888, -0.8017, 296.332], [0.8648, -0.8127, 294.385], [0.8409, -0.8231, 292.5], [0.8166, -0.8327, 290.615], [0.7924, -0.8413, 288.668], [0.7687, -0.8489, 286.588], [0.7459, -0.8552, 284.287], [0.7244, -0.8601, 281.641], [0.7046, -0.8637, 278.464], [0.6868, -0.8657, 274.454], [0.6713, -0.8663, 271.98699999999997]], "outline": [[0.7946, -0.7702], [0.7688, -0.7727], [0.7486, -0.7564], [0.2989, -0.0899], [0.2931, -0.0676], [0.3102, -0.0523], [0.6711, 0.0971], [0.694, 0.0984], [0.7056, 0.0786], [0.8589, -0.7107], [0.8562, -0.7365], [0.8362, -0.753]], "flags": {"1": {"outline": [[0.7884, -0.5396], [0.7695, -0.515], [0.7408, -0.5031], [0.71, -0.5072], [0.6854, -0.5261], [0.6735, -0.5548], [0.6775, -0.5855], [0.6964, -0.6102], [0.7251, -0.6221], [0.7559, -0.618], [0.7806, -0.5991], [0.7924, -0.5704]]}, "0": {"outline": [[0.8385, -0.6606], [0.8196, -0.636], [0.7909, -0.6241], [0.7601, -0.6282], [0.7355, -0.6471], [0.7236, -0.6758], [0.7277, -0.7066], [0.7466, -0.7312], [0.7753, -0.7431], [0.806, -0.739], [0.8307, -0.7201], [0.8426, -0.6914]]}, "3": {"outline": [[0.5797, -0.0357], [0.5608, -0.0111], [0.5321, 0.0008], [0.5013, -0.0032], [0.4766, -0.0221], [0.4647, -0.0508], [0.4688, -0.0816], [0.4877, -0.1063], [0.5164, -0.1181], [0.5472, -0.1141], [0.5718, -0.0952], [0.5837, -0.0665]]}, "2": {"outline": [[0.6304, -0.1583], [0.6115, -0.1336], [0.5828, -0.1217], [0.552, -0.1258], [0.5274, -0.1447], [0.5155, -0.1734], [0.5196, -0.2042], [0.5385, -0.2288], [0.5672, -0.2407], [0.598, -0.2367], [0.6226, -0.2177], [0.6345, -0.1891]]}}, "icon": [[0.5249999999999999, -0.4734], [0.765, -0.23339999999999994]]}