{
"name": "snek_food_11",
"flags": {
	"0": { "outline": [[-0.08,-0.1],[-0.0826795,-0.09],[-0.09,-0.0826795],[-0.1,-0.08],[-0.11,-0.0826795],[-0.117321,-0.09],[-0.12,-0.1],[-0.117321,-0.11],[-0.11,-0.117321],[-0.1,-0.12],[-0.09,-0.117321],[-0.0826795,-0.11]] },
	"1": { "outline": [[-0.08,0.1],[-0.0826795,0.11],[-0.09,0.117321],[-0.1,0.12],[-0.11,0.117321],[-0.117321,0.11],[-0.12,0.1],[-0.117321,0.09],[-0.11,0.0826795],[-0.1,0.08],[-0.09,0.0826795],[-0.0826795,0.09]] },
	"2": { "outline": [[0.12,-0.1],[0.117321,-0.09],[0.11,-0.0826795],[0.1,-0.08],[0.09,-0.0826795],[0.0826795,-0.09],[0.08,-0.1],[0.0826795,-0.11],[0.09,-0.117321],[0.1,-0.12],[0.11,-0.117321],[0.117321,-0.11]] },
	"3": { "outline": [[0.12,0.1],[0.117321,0.11],[0.11,0.117321],[0.1,0.12],[0.09,0.117321],[0.0826795,0.11],[0.08,0.1],[0.0826795,0.09],[0.09,0.0826795],[0.1,0.08],[0.11,0.0826795],[0.117321,0.09]] }
},
"outline": [[0.204125,0],[0.189792,0.00981354],[0.185321,0.0196034],[0.199896,0.0293461],[0.208625,0.0390181],[0.210707,0.048596],[0.263571,0.0580569],[0.309902,0.067378],[0.334813,0.0765367],[0.383124,0.085511],[0.454528,0.0942793],[0.458742,0.102821],[0.419514,0.111114],[0.338807,0.11914],[0.267067,0.126879],[0.25191,0.134312],[0.232677,0.141421],[0.207266,0.14819],[0.180929,0.154602],[0.159167,0.160642],[0.142827,0.166294],[0.131738,0.171546],[0.117519,0.176384],[0.104992,0.180798],[0.0947933,0.184776],[0.0817792,0.188309],[0.066283,0.191388],[0.0516982,0.194006],[0.0397877,0.196157],[0.0297696,0.197835],[0.0197844,0.199037],[0.00983746,0.199759],[-8.74228e-09,0.2],[-0.0098305,0.199759],[-0.0197332,0.199037],[-0.029949,0.197835],[-0.040767,0.196157],[-0.0519755,0.194006],[-0.0649181,0.191388],[-0.0795003,0.188309],[-0.0943243,0.184776],[-0.107572,0.180798],[-0.123364,0.176384],[-0.138373,0.171546],[-0.148555,0.166294],[-0.160248,0.160642],[-0.166644,0.154602],[-0.170941,0.14819],[-0.180405,0.141421],[-0.18491,0.134312],[-0.176946,0.126879],[-0.156148,0.11914],[-0.160372,0.111114],[-0.191809,0.102821],[-0.255677,0.0942793],[-0.351471,0.085511],[-0.41907,0.0765367],[-0.403606,0.067378],[-0.330031,0.0580569],[-0.349887,0.048596],[-0.374224,0.0390181],[-0.273979,0.0293461],[-0.241665,0.0196034],[-0.258994,0.0098135],[-0.238107,-1.74846e-08],[-0.297513,-0.00981353],[-0.375052,-0.0196035],[-0.425614,-0.0293461],[-0.371094,-0.0390181],[-0.278769,-0.0485961],[-0.257367,-0.058057],[-0.319271,-0.067378],[-0.348605,-0.0765367],[-0.305702,-0.0855111],[-0.304439,-0.0942794],[-0.340955,-0.102821],[-0.323803,-0.111114],[-0.276326,-0.11914],[-0.236262,-0.126879],[-0.225966,-0.134312],[-0.229981,-0.141421],[-0.20865,-0.14819],[-0.174983,-0.154602],[-0.140936,-0.160642],[-0.117209,-0.166294],[-0.116502,-0.171546],[-0.109004,-0.176384],[-0.0980188,-0.180798],[-0.0864174,-0.184776],[-0.0727689,-0.188309],[-0.0608413,-0.191388],[-0.049927,-0.194006],[-0.0397088,-0.196157],[-0.0300007,-0.197835],[-0.0198947,-0.199037],[-0.00985409,-0.199759],[2.38498e-09,-0.2],[0.00985124,-0.199759],[0.0198459,-0.199037],[0.0299357,-0.197835],[0.0397284,-0.196157],[0.0489566,-0.194006],[0.0576188,-0.191388],[0.0660642,-0.188309],[0.07708,-0.184776],[0.0958555,-0.180798],[0.113345,-0.176384],[0.12237,-0.171546],[0.133644,-0.166294],[0.156006,-0.160642],[0.172969,-0.154602],[0.196136,-0.14819],[0.244745,-0.141421],[0.275299,-0.134312],[0.268129,-0.126879],[0.285671,-0.11914],[0.301023,-0.111114],[0.295417,-0.102821],[0.318987,-0.0942793],[0.38146,-0.085511],[0.44463,-0.0765367],[0.451598,-0.0673779],[0.418213,-0.0580569],[0.395232,-0.048596],[0.417622,-0.039018],[0.325202,-0.029346],[0.192484,-0.0196034],[0.182057,-0.00981353]],
"inputs": [[-0.173205,0.218603,110.513],[-0.158671,0.224041,108.046],[-0.141421,0.228959,104.036],[-0.121752,0.233271,100.859],[-0.1,0.236905,98.2132],[-0.0765367,0.239797,95.9121],[-0.0517638,0.2419,93.8324],[-0.0261052,0.243176,91.8851],[1.49012e-08,0.243603,90],[0.0261052,0.243176,88.1149],[0.0517638,0.2419,86.1676],[0.0765367,0.239797,84.0879],[0.1,0.236905,81.7868],[0.121752,0.233271,79.1408],[0.141421,0.228959,75.9638],[0.158671,0.224041,71.9541],[0.173205,0.218603,69.4866]],
"outputs": [[0.173205,-0.225574,290.513],[0.158671,-0.231012,288.046],[0.141421,-0.235929,284.036],[0.121752,-0.240242,280.859],[0.1,-0.243875,278.213],[0.0765366,-0.246768,275.912],[0.0517638,-0.24887,273.832],[0.0261052,-0.250146,271.885],[0,-0.250574,270],[-0.0261053,-0.250146,268.115],[-0.0517638,-0.24887,266.168],[-0.0765367,-0.246768,264.088],[-0.1,-0.243875,261.787],[-0.121752,-0.240242,259.141],[-0.141421,-0.235929,255.964],[-0.158671,-0.231012,251.954],[-0.173205,-0.225574,249.487]],
"icon": [[-0.085223,-0.086131],[0.082777,0.081869]]
}