{"inputs": [[0.5804, -0.1649, 245.513], [0.5663, -0.1586, 243.046], [0.5505, -0.1498, 239.036], [0.5336, -0.139, 235.85899999999998], [0.5155, -0.1262, 233.2132], [0.4969, -0.1117, 230.9121], [0.4779, -0.0956, 228.8324], [0.459, -0.0784, 226.8851], [0.4402, -0.0603, 225.0], [0.422, -0.0414, 223.1149], [0.4048, -0.0226, 221.1676], [0.3887, -0.0035, 219.0879], [0.3741, 0.0153, 216.7868], [0.3615, 0.0333, 214.1408], [0.3505, 0.0502, 210.9638], [0.3419, 0.0659, 206.95409999999998], [0.3354, 0.08, 204.4866]], "name": "snek_tail_6", "outputs": [[0.9899, 0.7343, 425.513], [1.0039, 0.7279, 423.046], [1.0196, 0.7193, 419.036], [1.0365, 0.7084, 415.859], [1.0546, 0.6955, 413.213], [1.0734, 0.681, 410.912], [1.0922, 0.6649, 408.832], [1.1113, 0.6478, 406.885], [1.1299, 0.6298, 405.0], [1.1482, 0.6108, 403.115], [1.1654, 0.5916, 401.168], [1.1815, 0.5729, 399.088], [1.1959, 0.5542, 396.787], [1.2087, 0.5362, 394.141], [1.2197, 0.5192, 390.964], [1.2283, 0.5035, 386.954], [1.2348, 0.4894, 384.48699999999997]], "outline": [[1.0989, 0.5667], [1.1111, 0.5437], [1.1036, 0.5189], [0.66, -0.1518], [0.6417, -0.1655], [0.6209, -0.1556], [0.345, 0.1206], [0.3348, 0.1412], [0.3488, 0.1595], [1.0192, 0.6032], [1.0442, 0.6107], [1.0671, 0.5984]], "flags": {"1": {"outline": [[0.8881, 0.4727], [0.8726, 0.4457], [0.8726, 0.4146], [0.8883, 0.3878], [0.9152, 0.3723], [0.9462, 0.3724], [0.9731, 0.3879], [0.9886, 0.4146], [0.9886, 0.4457], [0.9731, 0.4726], [0.946, 0.4882], [0.915, 0.4882]]}, "0": {"outline": [[0.9808, 0.5653], [0.9653, 0.5383], [0.9652, 0.5072], [0.9809, 0.4805], [1.0079, 0.4649], [1.0388, 0.4648], [1.0656, 0.4804], [1.0811, 0.5073], [1.0812, 0.5385], [1.0657, 0.5652], [1.0387, 0.5807], [1.0076, 0.5808]]}, "3": {"outline": [[0.5024, 0.087], [0.487, 0.0602], [0.4869, 0.029], [0.5024, 0.0021], [0.5294, -0.0135], [0.5605, -0.0134], [0.5874, 0.0022], [0.6028, 0.029], [0.6028, 0.0601], [0.5873, 0.087], [0.5604, 0.1025], [0.5295, 0.1025]]}, "2": {"outline": [[0.5963, 0.1808], [0.5807, 0.1538], [0.5807, 0.1227], [0.5963, 0.0958], [0.6231, 0.0804], [0.6543, 0.0804], [0.6812, 0.096], [0.6967, 0.1228], [0.6966, 0.1539], [0.6811, 0.1808], [0.6542, 0.1962], [0.6232, 0.1964]]}}, "icon": [[0.6510999999999999, 0.14889999999999992], [0.8911000000000001, 0.3889]]}