{"inputs": [[0.2563, 0.1356, 133.013], [0.2676, 0.1462, 130.546], [0.2817, 0.1574, 126.536], [0.2982, 0.1689, 123.359], [0.3169, 0.1806, 120.7132], [0.3375, 0.1922, 118.4121], [0.3596, 0.2036, 116.3324], [0.3828, 0.2146, 114.3851], [0.4067, 0.225, 112.5], [0.431, 0.2346, 110.6149], [0.4552, 0.2432, 108.6676], [0.4789, 0.2508, 106.5879], [0.5017, 0.2571, 104.2868], [0.5232, 0.2621, 101.6408], [0.543, 0.2656, 98.4638], [0.5608, 0.2677, 94.4541], [0.5763, 0.2682, 91.9866]], "name": "snek_torso_1", "outputs": [[0.7463, -0.1422, 313.013], [0.7349, -0.1528, 310.546], [0.7209, -0.1639, 306.536], [0.7044, -0.1754, 303.359], [0.6857, -0.1871, 300.713], [0.6651, -0.1987, 298.412], [0.643, -0.2102, 296.332], [0.6198, -0.2212, 294.385], [0.5958, -0.2316, 292.5], [0.5716, -0.2411, 290.615], [0.5474, -0.2498, 288.668], [0.5237, -0.2573, 286.588], [0.5009, -0.2636, 284.287], [0.4794, -0.2686, 281.641], [0.4596, -0.2721, 278.464], [0.4418, -0.2742, 274.454], [0.4263, -0.2747, 271.98699999999997]], "outline": [[0.2385, 0.1209], [0.5993, 0.2704], [0.6238, 0.2721], [0.6398, 0.2536], [0.7782, -0.0805], [0.7799, -0.1049], [0.7614, -0.121], [0.4006, -0.2705], [0.3761, -0.2722], [0.3601, -0.2537], [0.2217, 0.0804], [0.22, 0.1048]], "flags": {"1": {"outline": [[0.3942, 0.0826], [0.3753, 0.1072], [0.3466, 0.1191], [0.3158, 0.1151], [0.2912, 0.0962], [0.2793, 0.0675], [0.2833, 0.0367], [0.3022, 0.012], [0.3309, 0.0002], [0.3617, 0.0042], [0.3864, 0.0231], [0.3982, 0.0518]]}, "0": {"outline": [[0.493, -0.1405], [0.4741, -0.1159], [0.4454, -0.104], [0.4146, -0.1081], [0.3899, -0.127], [0.378, -0.1557], [0.3821, -0.1865], [0.401, -0.2111], [0.4297, -0.223], [0.4605, -0.2189], [0.4851, -0.2], [0.497, -0.1713]]}, "3": {"outline": [[0.6319, 0.1667], [0.6129, 0.1913], [0.5843, 0.2032], [0.5535, 0.1992], [0.5288, 0.1802], [0.5169, 0.1516], [0.521, 0.1208], [0.5399, 0.0961], [0.5686, 0.0842], [0.5994, 0.0883], [0.624, 0.1072], [0.6359, 0.1359]]}, "2": {"outline": [[0.7234, -0.0496], [0.7045, -0.0249], [0.6758, -0.013], [0.645, -0.0171], [0.6204, -0.036], [0.6085, -0.0647], [0.6126, -0.0955], [0.6315, -0.1201], [0.6602, -0.132], [0.691, -0.128], [0.7156, -0.1091], [0.7275, -0.0804]]}}, "icon": [[0.3814999999999999, -0.1271], [0.6214999999999999, 0.1129]]}