{
"name": "snek_food_4",
"flags": {
	"0": { "outline": [[-0.08,-0.1],[-0.0826795,-0.09],[-0.09,-0.0826795],[-0.1,-0.08],[-0.11,-0.0826795],[-0.117321,-0.09],[-0.12,-0.1],[-0.117321,-0.11],[-0.11,-0.117321],[-0.1,-0.12],[-0.09,-0.117321],[-0.0826795,-0.11]] },
	"1": { "outline": [[-0.08,0.1],[-0.0826795,0.11],[-0.09,0.117321],[-0.1,0.12],[-0.11,0.117321],[-0.117321,0.11],[-0.12,0.1],[-0.117321,0.09],[-0.11,0.0826795],[-0.1,0.08],[-0.09,0.0826795],[-0.0826795,0.09]] },
	"2": { "outline": [[0.12,-0.1],[0.117321,-0.09],[0.11,-0.0826795],[0.1,-0.08],[0.09,-0.0826795],[0.0826795,-0.09],[0.08,-0.1],[0.0826795,-0.11],[0.09,-0.117321],[0.1,-0.12],[0.11,-0.117321],[0.117321,-0.11]] },
	"3": { "outline": [[0.12,0.1],[0.117321,0.11],[0.11,0.117321],[0.1,0.12],[0.09,0.117321],[0.0826795,0.11],[0.08,0.1],[0.0826795,0.09],[0.09,0.0826795],[0.1,0.08],[0.11,0.0826795],[0.117321,0.09]] }
},
"outline": [[0.2,0],[0.199759,0.00982854],[0.199037,0.0197139],[0.197835,0.0299044],[0.196157,0.0405574],[0.194006,0.051741],[0.191388,0.0652498],[0.188309,0.0797504],[0.184776,0.090489],[0.180798,0.102808],[0.176384,0.124001],[0.171546,0.13304],[0.166294,0.13538],[0.160642,0.161431],[0.154602,0.184031],[0.14819,0.18041],[0.141421,0.175136],[0.134312,0.212105],[0.126879,0.242615],[0.11914,0.274094],[0.111114,0.292345],[0.102821,0.284029],[0.0942793,0.308705],[0.085511,0.307842],[0.0765367,0.234554],[0.067378,0.20559],[0.0580569,0.235705],[0.048596,0.326696],[0.039018,0.442303],[0.0293461,0.451827],[0.0196034,0.375667],[0.00981353,0.26346],[-8.74228e-09,0.205187],[-0.00981355,0.267662],[-0.0196034,0.281735],[-0.0293461,0.222526],[-0.0390181,0.298495],[-0.048596,0.394778],[-0.0580569,0.382657],[-0.067378,0.362025],[-0.0765367,0.332977],[-0.085511,0.313339],[-0.0942794,0.373919],[-0.102821,0.361685],[-0.111114,0.284459],[-0.11914,0.248474],[-0.126879,0.220984],[-0.134312,0.234034],[-0.141421,0.239664],[-0.14819,0.19793],[-0.154602,0.170602],[-0.160642,0.185042],[-0.166294,0.191184],[-0.171546,0.164641],[-0.176384,0.139226],[-0.180798,0.114859],[-0.184776,0.0957576],[-0.188309,0.0815831],[-0.191388,0.0649351],[-0.194006,0.0517629],[-0.196157,0.040841],[-0.197835,0.0300376],[-0.199037,0.0198578],[-0.199759,0.00985126],[-0.2,-1.74846e-08],[-0.199759,-0.00983283],[-0.199037,-0.0197828],[-0.197835,-0.03016],[-0.196157,-0.0405714],[-0.194006,-0.0507632],[-0.191388,-0.0635949],[-0.188309,-0.0823545],[-0.184776,-0.101719],[-0.180798,-0.114445],[-0.176384,-0.131405],[-0.171546,-0.13832],[-0.166294,-0.124449],[-0.160642,-0.125294],[-0.154602,-0.125557],[-0.14819,-0.143417],[-0.141421,-0.1767],[-0.134312,-0.198852],[-0.126879,-0.251042],[-0.11914,-0.326603],[-0.111114,-0.341095],[-0.102821,-0.283608],[-0.0942793,-0.255334],[-0.085511,-0.278701],[-0.0765366,-0.308867],[-0.067378,-0.343272],[-0.0580569,-0.346507],[-0.048596,-0.350666],[-0.0390181,-0.4159],[-0.0293461,-0.448245],[-0.0196034,-0.413975],[-0.00981347,-0.381149],[2.38498e-09,-0.348252],[0.00981356,-0.286119],[0.0196035,-0.292859],[0.0293461,-0.356787],[0.0390181,-0.443],[0.0485961,-0.479643],[0.058057,-0.484987],[0.067378,-0.477821],[0.0765367,-0.44417],[0.0855111,-0.346076],[0.0942793,-0.276464],[0.102821,-0.261527],[0.111114,-0.262835],[0.11914,-0.23921],[0.126879,-0.203878],[0.134312,-0.189926],[0.141421,-0.169376],[0.14819,-0.17524],[0.154602,-0.182954],[0.160642,-0.159269],[0.166294,-0.140326],[0.171546,-0.125989],[0.176384,-0.113671],[0.180798,-0.102725],[0.184776,-0.0922747],[0.188309,-0.078129],[0.191388,-0.0629986],[0.194006,-0.050562],[0.196157,-0.040042],[0.197835,-0.0297435],[0.199037,-0.0197192],[0.199759,-0.00983445]],
"inputs": [[-0.173205,0.218603,110.513],[-0.158671,0.224041,108.046],[-0.141421,0.228959,104.036],[-0.121752,0.233271,100.859],[-0.1,0.236905,98.2132],[-0.0765367,0.239797,95.9121],[-0.0517638,0.2419,93.8324],[-0.0261052,0.243176,91.8851],[1.49012e-08,0.243603,90],[0.0261052,0.243176,88.1149],[0.0517638,0.2419,86.1676],[0.0765367,0.239797,84.0879],[0.1,0.236905,81.7868],[0.121752,0.233271,79.1408],[0.141421,0.228959,75.9638],[0.158671,0.224041,71.9541],[0.173205,0.218603,69.4866]],
"outputs": [[0.173205,-0.225574,290.513],[0.158671,-0.231012,288.046],[0.141421,-0.235929,284.036],[0.121752,-0.240242,280.859],[0.1,-0.243875,278.213],[0.0765366,-0.246768,275.912],[0.0517638,-0.24887,273.832],[0.0261052,-0.250146,271.885],[0,-0.250574,270],[-0.0261053,-0.250146,268.115],[-0.0517638,-0.24887,266.168],[-0.0765367,-0.246768,264.088],[-0.1,-0.243875,261.787],[-0.121752,-0.240242,259.141],[-0.141421,-0.235929,255.964],[-0.158671,-0.231012,251.954],[-0.173205,-0.225574,249.487]],
"icon": [[-0.085223,-0.086131],[0.082777,0.081869]]
}