{"inputs": [[0.4679, -0.2773, 245.513], [0.4539, -0.271, 243.046], [0.4381, -0.2623, 239.036], [0.4211, -0.2513, 235.85899999999998], [0.4032, -0.2385, 233.2132], [0.3846, -0.2239, 230.9121], [0.3657, -0.208, 228.8324], [0.3465, -0.1908, 226.8851], [0.3278, -0.1727, 225.0], [0.3096, -0.1539, 223.1149], [0.2925, -0.1347, 221.1676], [0.2764, -0.1157, 219.0879], [0.2619, -0.0971, 216.7868], [0.2489, -0.0791, 214.1408], [0.2381, -0.0622, 210.9638], [0.2295, -0.0465, 206.95409999999998], [0.223, -0.0325, 204.4866]], "name": "snek_torso_6", "outputs": [[0.5371, 0.2816, 425.513], [0.5512, 0.2751, 423.046], [0.5669, 0.2666, 419.036], [0.5839, 0.2556, 415.859], [0.6017, 0.2429, 413.213], [0.6204, 0.2282, 410.912], [0.6395, 0.2123, 408.832], [0.6585, 0.1951, 406.885], [0.6773, 0.1769, 405.0], [0.6954, 0.1582, 403.115], [0.7127, 0.1389, 401.168], [0.7287, 0.12, 399.088], [0.7431, 0.1015, 396.787], [0.7561, 0.0835, 394.141], [0.7669, 0.0666, 390.964], [0.7756, 0.0508, 386.954], [0.7819, 0.0368, 384.48699999999997]], "outline": [[0.4883, -0.2882], [0.2122, -0.0121], [0.2013, 0.01], [0.2122, 0.0319], [0.4679, 0.2876], [0.4898, 0.2984], [0.5117, 0.2877], [0.788, 0.0114], [0.7989, -0.0108], [0.788, -0.0324], [0.5323, -0.2882], [0.5104, -0.299]], "flags": {"1": {"outline": [[0.4641, -0.1296], [0.4487, -0.1566], [0.4487, -0.1876], [0.4641, -0.2145], [0.4911, -0.2301], [0.522, -0.23], [0.549, -0.2145], [0.5646, -0.1876], [0.5645, -0.1567], [0.549, -0.1297], [0.5221, -0.1142], [0.4911, -0.1141]]}, "0": {"outline": [[0.6325, 0.0469], [0.6169, 0.0202], [0.6169, -0.011], [0.6325, -0.0378], [0.6595, -0.0534], [0.6905, -0.0535], [0.7174, -0.0379], [0.7329, -0.0109], [0.7329, 0.02], [0.7174, 0.047], [0.6905, 0.0624], [0.6595, 0.0625]]}, "3": {"outline": [[0.2956, 0.0577], [0.28, 0.0307], [0.2801, -0.0002], [0.2954, -0.0271], [0.3225, -0.0426], [0.3534, -0.0428], [0.3803, -0.0271], [0.396, -0.0002], [0.396, 0.0308], [0.3804, 0.0577], [0.3536, 0.0732], [0.3224, 0.0732]]}, "2": {"outline": [[0.4603, 0.225], [0.4447, 0.1981], [0.4448, 0.1671], [0.4603, 0.1403], [0.4871, 0.1247], [0.5182, 0.1246], [0.5452, 0.1403], [0.5607, 0.1671], [0.5607, 0.1983], [0.5452, 0.2252], [0.5182, 0.2407], [0.4872, 0.2407]]}}, "icon": [[0.38589999999999997, -0.1162], [0.6259, 0.1238]]}