{"inputs": [[0.2813, -0.1734, 200.513], [0.2759, -0.159, 198.046], [0.2709, -0.1417, 194.036], [0.2666, -0.1219, 190.85899999999998], [0.2631, -0.1002, 188.2132], [0.2602, -0.0767, 185.9121], [0.2581, -0.052, 183.8324], [0.2567, -0.0263, 181.8851], [0.2563, -0.0003, 180.0], [0.2567, 0.0258, 178.1149], [0.2581, 0.0515, 176.1676], [0.2602, 0.0763, 174.0879], [0.2631, 0.0997, 171.7868], [0.2666, 0.1216, 169.1408], [0.271, 0.1412, 165.9638], [0.276, 0.1584, 161.95409999999998], [0.2813, 0.1729, 159.4866]], "name": "snek_torso_4", "outputs": [[0.7255, 0.1729, 380.513], [0.7309, 0.1583, 378.046], [0.7359, 0.1412, 374.036], [0.7402, 0.1215, 370.859], [0.7438, 0.0998, 368.213], [0.7466, 0.0763, 365.912], [0.7489, 0.0515, 363.832], [0.7502, 0.0259, 361.885], [0.7506, -0.0003, 360.0], [0.7501, -0.0263, 358.115], [0.7488, -0.0521, 356.168], [0.7467, -0.0768, 354.088], [0.7438, -0.1001, 351.787], [0.7402, -0.122, 349.141], [0.7359, -0.1416, 345.964], [0.7309, -0.1589, 341.954], [0.7255, -0.1733, 339.48699999999997]], "outline": [[0.2881, -0.1955], [0.2881, 0.195], [0.296, 0.2183], [0.3192, 0.226], [0.6808, 0.2261], [0.7039, 0.2182], [0.7118, 0.1951], [0.7118, -0.1956], [0.7039, -0.2189], [0.6808, -0.2265], [0.3192, -0.2266], [0.296, -0.2187]], "flags": {"1": {"outline": [[0.3831, -0.0663], [0.3531, -0.0744], [0.3312, -0.0964], [0.3231, -0.1263], [0.3311, -0.1564], [0.3531, -0.1782], [0.3831, -0.1863], [0.4132, -0.1783], [0.435, -0.1564], [0.4431, -0.1263], [0.4351, -0.0963], [0.4132, -0.0744]]}, "0": {"outline": [[0.627, -0.0604], [0.5971, -0.0684], [0.575, -0.0904], [0.5671, -0.1204], [0.5751, -0.1506], [0.597, -0.1725], [0.6271, -0.1805], [0.6571, -0.1724], [0.679, -0.1505], [0.6871, -0.1204], [0.679, -0.0905], [0.657, -0.0686]]}, "3": {"outline": [[0.3964, 0.1854], [0.3663, 0.1773], [0.3445, 0.1554], [0.3363, 0.1255], [0.3445, 0.0954], [0.3663, 0.0734], [0.3963, 0.0655], [0.4264, 0.0734], [0.4484, 0.0954], [0.4564, 0.1254], [0.4484, 0.1553], [0.4263, 0.1774]]}, "2": {"outline": [[0.6312, 0.1872], [0.6011, 0.1792], [0.5792, 0.1572], [0.5713, 0.1272], [0.5792, 0.0973], [0.6012, 0.0753], [0.6313, 0.0673], [0.6612, 0.0753], [0.6832, 0.0973], [0.6913, 0.1273], [0.6832, 0.1573], [0.6613, 0.1793]]}}, "icon": [[0.38699999999999996, -0.1214], [0.627, 0.1186]]}