{"inputs": [[0.7772, -0.0324, 335.51300000000003], [0.771, -0.0463, 333.046], [0.7623, -0.0622, 329.036], [0.7513, -0.0792, 325.859], [0.7384, -0.0971, 323.21320000000003], [0.7239, -0.1158, 320.9121], [0.7079, -0.1345, 318.8324], [0.6909, -0.1537, 316.88509999999997], [0.6726, -0.1725, 315.0], [0.6538, -0.1907, 313.11490000000003], [0.6347, -0.2077, 311.1676], [0.6156, -0.2238, 309.0879], [0.5971, -0.2384, 306.78679999999997], [0.579, -0.2513, 304.1408], [0.5621, -0.2621, 300.9638], [0.5465, -0.2707, 296.9541], [0.5325, -0.2772, 294.4866]], "name": "snek_torso_10", "outputs": [[0.2184, 0.0368, 515.5129999999999], [0.2249, 0.051, 513.046], [0.2334, 0.0666, 509.036], [0.2444, 0.0836, 505.859], [0.257, 0.1015, 503.213], [0.2718, 0.1202, 500.912], [0.2876, 0.1393, 498.832], [0.3048, 0.1583, 496.885], [0.3231, 0.1771, 495.0], [0.3417, 0.1952, 493.115], [0.361, 0.2125, 491.168], [0.38, 0.2284, 489.088], [0.3984, 0.2429, 486.787], [0.4165, 0.2559, 484.141], [0.4333, 0.2667, 480.964], [0.4491, 0.2753, 476.954], [0.4632, 0.2816, 474.48699999999997]], "outline": [[0.7881, -0.012], [0.5121, -0.288], [0.4899, -0.2988], [0.468, -0.2881], [0.2123, -0.0324], [0.2016, -0.0105], [0.2123, 0.0114], [0.4885, 0.2878], [0.5108, 0.2986], [0.5324, 0.2878], [0.7882, 0.0321], [0.7989, 0.0101]], "flags": {"1": {"outline": [[0.6295, -0.0361], [0.6566, -0.0516], [0.6876, -0.0516], [0.7145, -0.0361], [0.7301, -0.0092], [0.7299, 0.0217], [0.7145, 0.0488], [0.6875, 0.0643], [0.6566, 0.0642], [0.6296, 0.0488], [0.6141, 0.0219], [0.614, -0.0092]]}, "0": {"outline": [[0.4531, 0.1322], [0.4798, 0.1166], [0.5109, 0.1167], [0.5377, 0.1322], [0.5533, 0.1592], [0.5534, 0.1902], [0.5379, 0.2172], [0.5108, 0.2326], [0.48, 0.2327], [0.4529, 0.2172], [0.4376, 0.1903], [0.4375, 0.1592]]}, "3": {"outline": [[0.4423, -0.2047], [0.4692, -0.2203], [0.5002, -0.2201], [0.5271, -0.2049], [0.5426, -0.1777], [0.5427, -0.1469], [0.527, -0.1199], [0.5002, -0.1043], [0.4692, -0.1043], [0.4423, -0.1198], [0.4267, -0.1467], [0.4267, -0.1778]]}, "2": {"outline": [[0.275, -0.04], [0.3018, -0.0556], [0.3329, -0.0555], [0.3597, -0.0399], [0.3753, -0.0132], [0.3754, 0.0179], [0.3595, 0.0449], [0.3329, 0.0605], [0.3016, 0.0604], [0.2747, 0.0449], [0.2592, 0.018], [0.2593, -0.013]]}}, "icon": [[0.3761999999999999, -0.1144], [0.6162000000000001, 0.1256]]}