{"inputs": [[0.5323, 0.2769, 425.51300000000003], [0.5461, 0.2707, 423.046], [0.5622, 0.2621, 419.036], [0.5792, 0.251, 415.859], [0.5971, 0.2382, 413.21320000000003], [0.6158, 0.2236, 410.9121], [0.6345, 0.2077, 408.8324], [0.6537, 0.1907, 406.88509999999997], [0.6724, 0.1723, 405.0], [0.6906, 0.1535, 403.11490000000003], [0.7077, 0.1345, 401.1676], [0.7237, 0.1154, 399.0879], [0.7383, 0.0968, 396.78679999999997], [0.7513, 0.0787, 394.1408], [0.762, 0.0618, 390.9638], [0.7706, 0.0463, 386.9541], [0.7771, 0.0323, 384.4866]], "name": "snek_torso_14", "outputs": [[0.4632, -0.2818, 605.5129999999999], [0.449, -0.2753, 603.046], [0.4333, -0.2669, 599.0360000000001], [0.4163, -0.2558, 595.8589999999999], [0.3984, -0.2433, 593.213], [0.3797, -0.2285, 590.912], [0.3606, -0.2127, 588.832], [0.3416, -0.1955, 586.885], [0.3229, -0.1772, 585.0], [0.3047, -0.1585, 583.115], [0.2874, -0.1392, 581.168], [0.2716, -0.1203, 579.088], [0.257, -0.1019, 576.787], [0.2441, -0.0837, 574.1410000000001], [0.2332, -0.0669, 570.9639999999999], [0.2246, -0.0511, 566.954], [0.2184, -0.037, 564.487]], "outline": [[0.5119, 0.2878], [0.7879, 0.0119], [0.7988, -0.0104], [0.788, -0.0323], [0.5324, -0.2879], [0.5104, -0.2987], [0.4885, -0.2879], [0.2122, -0.0117], [0.2013, 0.0106], [0.2122, 0.0321], [0.4678, 0.288], [0.4898, 0.2986]], "flags": {"1": {"outline": [[0.536, 0.1293], [0.5516, 0.1563], [0.5515, 0.1873], [0.5361, 0.2142], [0.5092, 0.2299], [0.4782, 0.2296], [0.4512, 0.2142], [0.4357, 0.1872], [0.4358, 0.1564], [0.4512, 0.1294], [0.4781, 0.1139], [0.5091, 0.1137]]}, "0": {"outline": [[0.3678, -0.0471], [0.3834, -0.0205], [0.3833, 0.0107], [0.3678, 0.0374], [0.3408, 0.0531], [0.3098, 0.0531], [0.2828, 0.0376], [0.2674, 0.0106], [0.2672, -0.0203], [0.2827, -0.0474], [0.3097, -0.0626], [0.3407, -0.0628]]}, "3": {"outline": [[0.7047, -0.0579], [0.7203, -0.0311], [0.72, 0.0], [0.7049, 0.0268], [0.6776, 0.0424], [0.6469, 0.0424], [0.6198, 0.0268], [0.6042, -0.0001], [0.6043, -0.0311], [0.6197, -0.0579], [0.6466, -0.0735], [0.6778, -0.0735]]}, "2": {"outline": [[0.54, -0.2253], [0.5556, -0.1985], [0.5554, -0.1674], [0.5399, -0.1406], [0.5132, -0.125], [0.4822, -0.1249], [0.455, -0.1408], [0.4395, -0.1673], [0.4396, -0.1987], [0.4551, -0.2256], [0.4819, -0.2411], [0.513, -0.241]]}}, "icon": [[0.37429999999999997, -0.124], [0.6143000000000001, 0.11599999999999999]]}