{"inputs": [[0.326795, 0.059686, 110.513], [0.341329, 0.0651241, 108.046], [0.358579, 0.0700413, 104.036], [0.378248, 0.0743537, 100.859], [0.4, 0.0779873, 98.2132], [0.423463, 0.08088, 95.9121], [0.448236, 0.0829823, 93.8324], [0.473895, 0.0842582, 91.8851], [0.5, 0.084686, 90], [0.526105, 0.0842582, 88.1149], [0.551764, 0.0829823, 86.1676], [0.576537, 0.08088, 84.0879], [0.6, 0.0779873, 81.7868], [0.621752, 0.0743537, 79.1408], [0.641421, 0.0700413, 75.9638], [0.658671, 0.0651241, 71.9541], [0.673205, 0.059686, 69.4866]], "name": "snek_tail_0", "outputs": [[0.673205, -0.865848, 290.513], [0.658671, -0.871286, 288.046], [0.641421, -0.876203, 284.036], [0.621752, -0.880516, 280.859], [0.6, -0.884149, 278.213], [0.576537, -0.887042, 275.912], [0.551764, -0.889144, 273.832], [0.526105, -0.89042, 271.885], [0.5, -0.890848, 270], [0.473895, -0.89042, 268.115], [0.448236, -0.889144, 266.168], [0.423463, -0.887042, 264.088], [0.4, -0.884149, 261.787], [0.378248, -0.880516, 259.141], [0.358579, -0.876203, 255.964], [0.341329, -0.871286, 251.954], [0.326795, -0.865848, 249.487]], "outline": [[0.477505, -0.824316], [0.452709, -0.816722], [0.44032, -0.793939], [0.279907, -0.00606099], [0.283018, 0.0167216], [0.304722, 0.0243158], [0.695278, 0.0243158], [0.716982, 0.0167216], [0.720093, -0.00606099], [0.55968, -0.793939], [0.547291, -0.816722], [0.522495, -0.824316]], "flags": {"1": {"outline": [[0.56, -0.608882], [0.551962, -0.578882], [0.53, -0.55692], [0.5, -0.548882], [0.47, -0.55692], [0.448038, -0.578882], [0.44, -0.608882], [0.448038, -0.638882], [0.47, -0.660844], [0.5, -0.668882], [0.53, -0.660844], [0.551962, -0.638882]]}, "0": {"outline": [[0.56, -0.739865], [0.551962, -0.709865], [0.53, -0.687903], [0.5, -0.679865], [0.47, -0.687903], [0.448038, -0.709865], [0.44, -0.739865], [0.448038, -0.769865], [0.47, -0.791827], [0.5, -0.799865], [0.53, -0.791827], [0.551962, -0.769865]]}, "3": {"outline": [[0.56, -0.063439], [0.551962, -0.033439], [0.53, -0.0114775], [0.5, -0.003439], [0.47, -0.0114775], [0.448038, -0.033439], [0.44, -0.063439], [0.448038, -0.093439], [0.47, -0.115401], [0.5, -0.123439], [0.53, -0.115401], [0.551962, -0.093439]]}, "2": {"outline": [[0.56, -0.1961], [0.551962, -0.1661], [0.53, -0.144138], [0.5, -0.1361], [0.47, -0.144138], [0.448038, -0.1661], [0.44, -0.1961], [0.448038, -0.2261], [0.47, -0.248062], [0.5, -0.2561], [0.53, -0.248062], [0.551962, -0.2261]]}}, "icon": [[0.378777, -0.50199], [0.618777, -0.26199]]}