{
"name": "snek_food_12",
"flags": {
	"0": { "outline": [[-0.08,-0.1],[-0.0826795,-0.09],[-0.09,-0.0826795],[-0.1,-0.08],[-0.11,-0.0826795],[-0.117321,-0.09],[-0.12,-0.1],[-0.117321,-0.11],[-0.11,-0.117321],[-0.1,-0.12],[-0.09,-0.117321],[-0.0826795,-0.11]] },
	"1": { "outline": [[-0.08,0.1],[-0.0826795,0.11],[-0.09,0.117321],[-0.1,0.12],[-0.11,0.117321],[-0.117321,0.11],[-0.12,0.1],[-0.117321,0.09],[-0.11,0.0826795],[-0.1,0.08],[-0.09,0.0826795],[-0.0826795,0.09]] },
	"2": { "outline": [[0.12,-0.1],[0.117321,-0.09],[0.11,-0.0826795],[0.1,-0.08],[0.09,-0.0826795],[0.0826795,-0.09],[0.08,-0.1],[0.0826795,-0.11],[0.09,-0.117321],[0.1,-0.12],[0.11,-0.117321],[0.117321,-0.11]] },
	"3": { "outline": [[0.12,0.1],[0.117321,0.11],[0.11,0.117321],[0.1,0.12],[0.09,0.117321],[0.0826795,0.11],[0.08,0.1],[0.0826795,0.09],[0.09,0.0826795],[0.1,0.08],[0.11,0.0826795],[0.117321,0.09]] }
},
"outline": [[0.213827,0],[0.193885,0.00981354],[0.198663,0.0196034],[0.219796,0.0293461],[0.219277,0.0390181],[0.211095,0.048596],[0.267422,0.0580569],[0.304883,0.067378],[0.306537,0.0765367],[0.354379,0.085511],[0.433191,0.0942793],[0.420994,0.102821],[0.368875,0.111114],[0.294099,0.11914],[0.226617,0.126879],[0.225272,0.134312],[0.220635,0.141421],[0.197409,0.14819],[0.175726,0.154602],[0.158957,0.160642],[0.141999,0.166294],[0.131211,0.171546],[0.117329,0.176384],[0.104482,0.180798],[0.0940363,0.184776],[0.080933,0.188309],[0.0660336,0.191388],[0.051882,0.194006],[0.040013,0.196157],[0.0297997,0.197835],[0.0197612,0.199037],[0.00983407,0.199759],[-8.74228e-09,0.2],[-0.0098314,0.199759],[-0.0197652,0.199037],[-0.0301985,0.197835],[-0.0414501,0.196157],[-0.0530746,0.194006],[-0.0658162,0.191388],[-0.0807816,0.188309],[-0.0977028,0.184776],[-0.112603,0.180798],[-0.126356,0.176384],[-0.140978,0.171546],[-0.153658,0.166294],[-0.169566,0.160642],[-0.183976,0.154602],[-0.190965,0.14819],[-0.194258,0.141421],[-0.20098,0.134312],[-0.196314,0.126879],[-0.160399,0.11914],[-0.145599,0.111114],[-0.167116,0.102821],[-0.231736,0.0942793],[-0.33414,0.085511],[-0.400724,0.0765367],[-0.368635,0.067378],[-0.278526,0.0580569],[-0.305034,0.048596],[-0.347712,0.0390181],[-0.254648,0.0293461],[-0.238268,0.0196034],[-0.274461,0.0098135],[-0.256944,-1.74846e-08],[-0.315459,-0.00981353],[-0.397309,-0.0196035],[-0.456151,-0.0293461],[-0.403894,-0.0390181],[-0.30846,-0.0485961],[-0.292587,-0.058057],[-0.359644,-0.067378],[-0.380268,-0.0765367],[-0.325818,-0.0855111],[-0.337017,-0.0942794],[-0.394852,-0.102821],[-0.378372,-0.111114],[-0.326671,-0.11914],[-0.277691,-0.126879],[-0.251386,-0.134312],[-0.246881,-0.141421],[-0.215147,-0.14819],[-0.172845,-0.154602],[-0.137938,-0.160642],[-0.117877,-0.166294],[-0.118074,-0.171546],[-0.110619,-0.176384],[-0.101385,-0.180798],[-0.0900956,-0.184776],[-0.0746601,-0.188309],[-0.0619726,-0.191388],[-0.050985,-0.194006],[-0.0402178,-0.196157],[-0.0301577,-0.197835],[-0.0199261,-0.199037],[-0.00985383,-0.199759],[2.38498e-09,-0.2],[0.00985331,-0.199759],[0.0198493,-0.199037],[0.0298589,-0.197835],[0.0395265,-0.196157],[0.0485686,-0.194006],[0.0567905,-0.191388],[0.064948,-0.188309],[0.0758662,-0.184776],[0.0945561,-0.180798],[0.11273,-0.176384],[0.120836,-0.171546],[0.129467,-0.166294],[0.154978,-0.160642],[0.176257,-0.154602],[0.199412,-0.14819],[0.252183,-0.141421],[0.283732,-0.134312],[0.277587,-0.126879],[0.306794,-0.11914],[0.325235,-0.111114],[0.319693,-0.102821],[0.346482,-0.0942793],[0.406485,-0.085511],[0.462656,-0.0765367],[0.46286,-0.0673779],[0.422902,-0.0580569],[0.404248,-0.048596],[0.435235,-0.039018],[0.340157,-0.029346],[0.204577,-0.0196034],[0.1982,-0.00981353]],
"inputs": [[-0.173205,0.218603,110.513],[-0.158671,0.224041,108.046],[-0.141421,0.228959,104.036],[-0.121752,0.233271,100.859],[-0.1,0.236905,98.2132],[-0.0765367,0.239797,95.9121],[-0.0517638,0.2419,93.8324],[-0.0261052,0.243176,91.8851],[1.49012e-08,0.243603,90],[0.0261052,0.243176,88.1149],[0.0517638,0.2419,86.1676],[0.0765367,0.239797,84.0879],[0.1,0.236905,81.7868],[0.121752,0.233271,79.1408],[0.141421,0.228959,75.9638],[0.158671,0.224041,71.9541],[0.173205,0.218603,69.4866]],
"outputs": [[0.173205,-0.225574,290.513],[0.158671,-0.231012,288.046],[0.141421,-0.235929,284.036],[0.121752,-0.240242,280.859],[0.1,-0.243875,278.213],[0.0765366,-0.246768,275.912],[0.0517638,-0.24887,273.832],[0.0261052,-0.250146,271.885],[0,-0.250574,270],[-0.0261053,-0.250146,268.115],[-0.0517638,-0.24887,266.168],[-0.0765367,-0.246768,264.088],[-0.1,-0.243875,261.787],[-0.121752,-0.240242,259.141],[-0.141421,-0.235929,255.964],[-0.158671,-0.231012,251.954],[-0.173205,-0.225574,249.487]],
"icon": [[-0.085223,-0.086131],[0.082777,0.081869]]
}