{"inputs": [[0.3643, -0.2439, 223.013], [0.3538, -0.2327, 220.546], [0.3425, -0.2186, 216.536], [0.331, -0.202, 213.35899999999998], [0.3194, -0.1833, 210.7132], [0.3078, -0.1627, 208.4121], [0.2964, -0.1407, 206.3324], [0.2852, -0.1175, 204.3851], [0.2749, -0.0936, 202.5], [0.2653, -0.0693, 200.6149], [0.2568, -0.045, 198.6676], [0.2492, -0.0213, 196.5879], [0.2429, 0.0014, 194.2868], [0.2378, 0.023, 191.6408], [0.2343, 0.0428, 188.4638], [0.2324, 0.0606, 184.45409999999998], [0.2317, 0.076, 181.9866]], "name": "snek_torso_5", "outputs": [[0.6421, 0.246, 403.013], [0.6527, 0.2346, 400.546], [0.6639, 0.2207, 396.536], [0.6754, 0.2041, 393.359], [0.687, 0.1855, 390.713], [0.6986, 0.1648, 388.412], [0.7102, 0.1428, 386.332], [0.7212, 0.1196, 384.385], [0.7316, 0.0956, 382.5], [0.7411, 0.0714, 380.615], [0.7497, 0.047, 378.668], [0.7573, 0.0234, 376.588], [0.7635, 0.0008, 374.287], [0.7686, -0.0208, 371.641], [0.7721, -0.0406, 368.464], [0.7741, -0.0585, 364.454], [0.7746, -0.0739, 361.98699999999997]], "outline": [[0.379, -0.2618], [0.2296, 0.099], [0.2279, 0.1236], [0.2464, 0.1396], [0.5805, 0.278], [0.6048, 0.2796], [0.621, 0.2613], [0.7705, -0.0997], [0.7721, -0.1243], [0.7537, -0.1401], [0.4196, -0.2786], [0.3952, -0.2802]], "flags": {"1": {"outline": [[0.4173, -0.106], [0.3927, -0.125], [0.3809, -0.1537], [0.3848, -0.1844], [0.4038, -0.2092], [0.4324, -0.2209], [0.4632, -0.2169], [0.488, -0.198], [0.4997, -0.1694], [0.4957, -0.1385], [0.4768, -0.1139], [0.4482, -0.102]]}, "0": {"outline": [[0.6404, -0.0073], [0.6158, -0.0261], [0.6038, -0.0549], [0.608, -0.0856], [0.627, -0.1104], [0.6556, -0.1223], [0.6864, -0.1182], [0.7111, -0.0992], [0.7229, -0.0706], [0.7189, -0.0397], [0.7, -0.0152], [0.6713, -0.0033]]}, "3": {"outline": [[0.3333, 0.1316], [0.3086, 0.1126], [0.2968, 0.084], [0.3007, 0.0533], [0.3198, 0.0286], [0.3483, 0.0166], [0.3791, 0.0208], [0.4039, 0.0396], [0.4158, 0.0683], [0.4117, 0.0991], [0.3928, 0.1237], [0.364, 0.1356]]}, "2": {"outline": [[0.5495, 0.2231], [0.5248, 0.2042], [0.513, 0.1755], [0.5171, 0.1448], [0.5359, 0.1202], [0.5646, 0.1082], [0.5955, 0.1124], [0.6201, 0.1312], [0.632, 0.16], [0.628, 0.1908], [0.609, 0.2154], [0.5804, 0.2273]]}}, "icon": [[0.38699999999999996, -0.1187], [0.627, 0.12129999999999999]]}