{"inputs": [[0.9213, 0.6431, 435.909], [0.9803, 0.6282, 432.05], [1.0377, 0.6054, 424.48699999999997], [1.0924, 0.5747, 417.129], [1.1435, 0.537, 409.957], [1.1897, 0.4927, 402.945], [1.231, 0.4426, 396.058], [1.2664, 0.388, 389.2573], [1.2946, 0.329, 382.5], [1.3161, 0.2674, 375.7427], [1.33, 0.2035, 368.9418], [1.3365, 0.1392, 362.0549], [1.3349, 0.075, 355.04290000000003], [1.3254, 0.0123, 347.8713], [1.3083, -0.0479, 340.51279999999997], [1.2838, -0.1046, 332.9504], [1.2525, -0.157, 329.09090000000003]], "name": "snek_head_2_13", "outputs": [[0.823, -0.3351, 626.986], [0.7388, -0.3304, 623.773], [0.6586, -0.3172, 616.962], [0.5841, -0.2947, 609.55], [0.5162, -0.2638, 601.448], [0.4563, -0.2252, 592.6089999999999], [0.4053, -0.1793, 583.063], [0.3645, -0.1269, 572.943], [0.3338, -0.0688, 562.5], [0.3145, -0.0064, 552.057], [0.3066, 0.0598, 541.937], [0.31, 0.1284, 532.391], [0.3247, 0.1981, 523.552], [0.3511, 0.2678, 515.45], [0.388, 0.3361, 508.038], [0.4351, 0.4024, 501.227], [0.4916, 0.4651, 498.014]], "outline": [[0.5242, 0.4414], [0.4651, 0.3499], [0.4297, 0.2474], [0.4019, 0.1831], [0.339, 0.1573], [0.3229, 0.1432], [0.3242, 0.1217], [0.4619, -0.2105], [0.4759, -0.2265], [0.497, -0.2251], [0.5601, -0.199], [0.6255, -0.2249], [0.723, -0.2723], [0.8289, -0.2952], [0.9373, -0.2919], [1.042, -0.2626], [1.1365, -0.2093], [1.2153, -0.1351], [1.2868, -0.0133], [1.3066, 0.1243], [1.2547, 0.2975], [1.2471, 0.3101], [1.2325, 0.3125], [0.9688, 0.1919], [0.9503, 0.1854], [0.9433, 0.1844], [0.9428, 0.1864], [0.9479, 0.1908], [0.9654, 0.1991], [1.2303, 0.3198], [1.2381, 0.3303], [1.2342, 0.3424], [1.1649, 0.464], [1.0503, 0.5601], [0.9103, 0.6014], [0.8021, 0.598], [0.6974, 0.5689], [0.6029, 0.5154]], "flags": {"1": {"outline": [[0.7733, 0.2771], [0.7981, 0.2958], [0.8101, 0.3247], [0.8059, 0.3551], [0.7872, 0.38], [0.7585, 0.392], [0.7277, 0.3879], [0.7028, 0.3689], [0.6911, 0.3401], [0.6953, 0.3094], [0.7141, 0.2851], [0.7428, 0.2729]]}, "0": {"outline": [[0.9687, 0.4014], [0.9937, 0.4203], [1.0056, 0.4488], [1.0013, 0.4798], [0.9825, 0.5043], [0.9538, 0.5163], [0.9229, 0.5123], [0.8984, 0.4933], [0.8863, 0.4646], [0.8903, 0.4337], [0.9092, 0.4091], [0.9378, 0.397]]}, "3": {"outline": [[1.1597, -0.0592], [1.1843, -0.0401], [1.1962, -0.0116], [1.192, 0.0193], [1.1732, 0.0437], [1.1445, 0.0559], [1.1139, 0.0515], [1.089, 0.0329], [1.077, 0.004], [1.0814, -0.0266], [1.1001, -0.0514], [1.1288, -0.0633]]}, "2": {"outline": [[0.9338, -0.1096], [0.9585, -0.0905], [0.9703, -0.0622], [0.9661, -0.031], [0.9474, -0.0065], [0.9185, 0.0053], [0.8876, 0.0014], [0.863, -0.0176], [0.8513, -0.0463], [0.8552, -0.0771], [0.8741, -0.1015], [0.9027, -0.1135]]}}, "icon": [[0.6782999999999999, 0.004799999999999999], [0.9183, 0.2448]]}