{"inputs": [[1.1354, 0.433, 413.409], [1.1842, 0.3966, 409.55], [1.2285, 0.3536, 401.98699999999997], [1.2673, 0.3043, 394.629], [1.3001, 0.2499, 387.457], [1.3258, 0.1913, 380.445], [1.3448, 0.1292, 373.558], [1.3566, 0.0652, 366.7573], [1.3601, -0.0001, 360.0], [1.3564, -0.0653, 353.2427], [1.3448, -0.1296, 346.4418], [1.3261, -0.1915, 339.5549], [1.3001, -0.2502, 332.54290000000003], [1.2673, -0.3045, 325.3713], [1.2285, -0.3536, 318.01279999999997], [1.1842, -0.3966, 310.4504], [1.1352, -0.433, 306.59090000000003]], "name": "snek_head_1_12", "outputs": [[0.6702, -0.4332, 604.486], [0.5942, -0.3966, 601.273], [0.5252, -0.3537, 594.462], [0.465, -0.3044, 587.05], [0.4141, -0.2499, 578.948], [0.3735, -0.1913, 570.1089999999999], [0.3439, -0.1294, 560.563], [0.3263, -0.0653, 550.443], [0.3202, 0.0001, 540.0], [0.3262, 0.0651, 529.557], [0.3443, 0.1293, 519.437], [0.3737, 0.1914, 509.89099999999996], [0.4139, 0.2501, 501.052], [0.465, 0.3044, 492.95], [0.5252, 0.3534, 485.538], [0.5941, 0.3966, 478.727], [0.6703, 0.4329, 475.514]], "outline": [[0.6913, 0.3986], [0.6017, 0.3367], [0.5298, 0.2555], [0.4795, 0.2067], [0.4115, 0.207], [0.3912, 0.2001], [0.3842, 0.1798], [0.3843, -0.1799], [0.3911, -0.2], [0.4112, -0.2068], [0.4794, -0.2068], [0.5299, -0.2558], [0.6019, -0.3369], [0.691, -0.3986], [0.7924, -0.437], [0.9003, -0.45], [1.008, -0.4369], [1.1092, -0.3985], [1.211, -0.3309], [1.2881, -0.2203], [1.3115, -0.0765], [1.3088, -0.0622], [1.2965, -0.054], [1.0065, -0.0301], [0.9871, -0.0219], [0.9806, -0.0066], [0.9806, 0.0093], [0.9869, 0.025], [1.0061, 0.0341], [1.2972, 0.0611], [1.3085, 0.0678], [1.3096, 0.0805], [1.2872, 0.2008], [1.2119, 0.3241], [1.1093, 0.3986], [1.008, 0.4369], [0.9002, 0.4501], [0.7924, 0.4368]], "flags": {"1": {"outline": [[0.8586, 0.1514], [0.8887, 0.1592], [0.9108, 0.1813], [0.9186, 0.211], [0.9108, 0.2412], [0.8889, 0.2633], [0.8589, 0.2712], [0.8286, 0.2632], [0.8068, 0.2411], [0.7989, 0.2111], [0.807, 0.1815], [0.8288, 0.1592]]}, "0": {"outline": [[1.0867, 0.1915], [1.117, 0.1994], [1.1389, 0.2212], [1.1468, 0.2515], [1.1388, 0.2813], [1.1169, 0.3034], [1.0868, 0.3115], [1.0569, 0.3033], [1.0347, 0.2814], [1.0266, 0.2514], [1.0347, 0.2214], [1.0565, 0.1993]]}, "3": {"outline": [[1.0869, -0.3071], [1.1169, -0.2989], [1.1388, -0.2771], [1.1468, -0.247], [1.1388, -0.2172], [1.1169, -0.195], [1.0869, -0.1873], [1.0568, -0.195], [1.0347, -0.2171], [1.027, -0.247], [1.0348, -0.2771], [1.0568, -0.2991]]}, "2": {"outline": [[0.8589, -0.2672], [0.889, -0.259], [0.9108, -0.2374], [0.9188, -0.207], [0.9109, -0.1772], [0.8887, -0.1552], [0.8587, -0.147], [0.8287, -0.1551], [0.8069, -0.1772], [0.7987, -0.2071], [0.8069, -0.2369], [0.8287, -0.2589]]}}, "icon": [[0.7034, -0.11879999999999999], [0.9434000000000001, 0.12120000000000002]]}