{"inputs": [[0.326795, 0.218603, 110.513], [0.341329, 0.224041, 108.046], [0.358579, 0.228959, 104.036], [0.378248, 0.233271, 100.859], [0.4, 0.236905, 98.2132], [0.423463, 0.239797, 95.9121], [0.448236, 0.2419, 93.8324], [0.473895, 0.243176, 91.8851], [0.5, 0.243603, 90], [0.526105, 0.243176, 88.1149], [0.551764, 0.2419, 86.1676], [0.576537, 0.239797, 84.0879], [0.6, 0.236905, 81.7868], [0.621752, 0.233271, 79.1408], [0.641421, 0.228959, 75.9638], [0.658671, 0.224041, 71.9541], [0.673205, 0.218603, 69.4866]], "name": "snek_torso_0", "outputs": [[0.673205, -0.225574, 290.513], [0.658671, -0.231012, 288.046], [0.641421, -0.235929, 284.036], [0.621752, -0.240242, 280.859], [0.6, -0.243875, 278.213], [0.576537, -0.246768, 275.912], [0.551764, -0.24887, 273.832], [0.526105, -0.250146, 271.885], [0.5, -0.250574, 270], [0.473895, -0.250146, 268.115], [0.448236, -0.24887, 266.168], [0.423463, -0.246768, 264.088], [0.4, -0.243875, 261.787], [0.378248, -0.240242, 259.141], [0.358579, -0.235929, 255.964], [0.341329, -0.231012, 251.954], [0.326795, -0.225574, 249.487]], "outline": [[0.304722, 0.211809], [0.695278, 0.211809], [0.718528, 0.204059], [0.726278, 0.180809], [0.726278, -0.180809], [0.718528, -0.204059], [0.695278, -0.211809], [0.304722, -0.211809], [0.281472, -0.204059], [0.273722, -0.180809], [0.273722, 0.180809], [0.281472, 0.204059]], "flags": {"1": {"outline": [[0.433925, 0.116831], [0.425887, 0.146831], [0.403925, 0.168793], [0.373925, 0.176831], [0.343925, 0.168793], [0.321964, 0.146831], [0.313925, 0.116831], [0.321964, 0.0868312], [0.343925, 0.0648697], [0.373925, 0.0568313], [0.403925, 0.0648697], [0.425887, 0.0868313]]}, "0": {"outline": [[0.439783, -0.127113], [0.431745, -0.0971126], [0.409783, -0.0751511], [0.379783, -0.0671126], [0.349783, -0.0751511], [0.327822, -0.0971126], [0.319783, -0.127113], [0.327822, -0.157113], [0.349783, -0.179074], [0.379783, -0.187113], [0.409783, -0.179074], [0.431745, -0.157113]]}, "3": {"outline": [[0.685669, 0.103564], [0.677631, 0.133564], [0.655669, 0.155526], [0.625669, 0.163564], [0.595669, 0.155526], [0.573708, 0.133564], [0.565669, 0.103564], [0.573708, 0.0735642], [0.595669, 0.0516027], [0.625669, 0.0435642], [0.655669, 0.0516027], [0.677631, 0.0735642]]}, "2": {"outline": [[0.687518, -0.131271], [0.67948, -0.101271], [0.657518, -0.0793094], [0.627518, -0.0712709], [0.597518, -0.0793094], [0.575557, -0.101271], [0.567518, -0.131271], [0.575557, -0.161271], [0.597518, -0.183232], [0.627518, -0.191271], [0.657518, -0.183232], [0.67948, -0.161271]]}}, "icon": [[0.378777, -0.127131], [0.618777, 0.112869]]}