{
"name": "snek_food_1",
"flags": {
	"0": { "outline": [[-0.08,-0.1],[-0.0826795,-0.09],[-0.09,-0.0826795],[-0.1,-0.08],[-0.11,-0.0826795],[-0.117321,-0.09],[-0.12,-0.1],[-0.117321,-0.11],[-0.11,-0.117321],[-0.1,-0.12],[-0.09,-0.117321],[-0.0826795,-0.11]] },
	"1": { "outline": [[-0.08,0.1],[-0.0826795,0.11],[-0.09,0.117321],[-0.1,0.12],[-0.11,0.117321],[-0.117321,0.11],[-0.12,0.1],[-0.117321,0.09],[-0.11,0.0826795],[-0.1,0.08],[-0.09,0.0826795],[-0.0826795,0.09]] },
	"2": { "outline": [[0.12,-0.1],[0.117321,-0.09],[0.11,-0.0826795],[0.1,-0.08],[0.09,-0.0826795],[0.0826795,-0.09],[0.08,-0.1],[0.0826795,-0.11],[0.09,-0.117321],[0.1,-0.12],[0.11,-0.117321],[0.117321,-0.11]] },
	"3": { "outline": [[0.12,0.1],[0.117321,0.11],[0.11,0.117321],[0.1,0.12],[0.09,0.117321],[0.0826795,0.11],[0.08,0.1],[0.0826795,0.09],[0.09,0.0826795],[0.1,0.08],[0.11,0.0826795],[0.117321,0.09]] }
},
"outline": [[0.2,0],[0.199759,0.00981851],[0.199037,0.0196493],[0.197835,0.0295789],[0.196157,0.0395645],[0.194006,0.0495466],[0.191388,0.0603348],[0.188309,0.0708929],[0.184776,0.0787682],[0.180798,0.0877796],[0.176384,0.100198],[0.171546,0.104117],[0.166294,0.103694],[0.160642,0.11395],[0.154602,0.121922],[0.14819,0.128688],[0.141421,0.140027],[0.134312,0.154686],[0.126879,0.172173],[0.11914,0.194801],[0.111114,0.202008],[0.102821,0.203711],[0.0942793,0.215831],[0.085511,0.215289],[0.0765367,0.190726],[0.067378,0.177039],[0.0580569,0.197689],[0.048596,0.2469],[0.039018,0.299432],[0.0293461,0.284134],[0.0196034,0.228835],[0.00981353,0.191504],[-8.74228e-09,0.203032],[-0.00981355,0.228733],[-0.0196034,0.258539],[-0.0293461,0.283467],[-0.0390181,0.315738],[-0.048596,0.326061],[-0.0580569,0.282792],[-0.067378,0.270348],[-0.0765367,0.27877],[-0.085511,0.269834],[-0.0942794,0.256619],[-0.102821,0.241843],[-0.111114,0.219794],[-0.11914,0.210655],[-0.126879,0.206561],[-0.134312,0.201335],[-0.141421,0.185081],[-0.14819,0.165613],[-0.154602,0.150847],[-0.160642,0.140626],[-0.166294,0.130664],[-0.171546,0.116027],[-0.176384,0.104153],[-0.180798,0.0925846],[-0.184776,0.0810988],[-0.188309,0.0700902],[-0.191388,0.0586974],[-0.194006,0.0488522],[-0.196157,0.0393639],[-0.197835,0.0294915],[-0.199037,0.0196767],[-0.199759,0.00982671],[-0.2,-1.74846e-08],[-0.199759,-0.00982154],[-0.199037,-0.0196798],[-0.197835,-0.0296955],[-0.196157,-0.039753],[-0.194006,-0.0497245],[-0.191388,-0.0607193],[-0.188309,-0.0737699],[-0.184776,-0.0864298],[-0.180798,-0.0964168],[-0.176384,-0.11055],[-0.171546,-0.125395],[-0.166294,-0.131822],[-0.160642,-0.141985],[-0.154602,-0.149847],[-0.14819,-0.156492],[-0.141421,-0.169616],[-0.134312,-0.172844],[-0.126879,-0.180209],[-0.11914,-0.203352],[-0.111114,-0.221082],[-0.102821,-0.21292],[-0.0942793,-0.211352],[-0.085511,-0.242982],[-0.0765366,-0.275029],[-0.067378,-0.277128],[-0.0580569,-0.279369],[-0.048596,-0.309318],[-0.0390181,-0.327747],[-0.0293461,-0.3227],[-0.0196034,-0.298556],[-0.00981347,-0.254241],[2.38498e-09,-0.239786],[0.00981356,-0.245408],[0.0196035,-0.232446],[0.0293461,-0.223018],[0.0390181,-0.244934],[0.0485961,-0.254918],[0.058057,-0.249404],[0.067378,-0.250354],[0.0765367,-0.24538],[0.0855111,-0.218639],[0.0942793,-0.20318],[0.102821,-0.191963],[0.111114,-0.181648],[0.11914,-0.182271],[0.126879,-0.175929],[0.134312,-0.165697],[0.141421,-0.157995],[0.14819,-0.153547],[0.154602,-0.149378],[0.160642,-0.140192],[0.166294,-0.127417],[0.171546,-0.11521],[0.176384,-0.104468],[0.180798,-0.0934814],[0.184776,-0.0826699],[0.188309,-0.0712022],[0.191388,-0.0597131],[0.194006,-0.0493496],[0.196157,-0.0394764],[0.197835,-0.0295172],[0.199037,-0.0196497],[0.199759,-0.00982171]],
"inputs": [[-0.173205,0.218603,110.513],[-0.158671,0.224041,108.046],[-0.141421,0.228959,104.036],[-0.121752,0.233271,100.859],[-0.1,0.236905,98.2132],[-0.0765367,0.239797,95.9121],[-0.0517638,0.2419,93.8324],[-0.0261052,0.243176,91.8851],[1.49012e-08,0.243603,90],[0.0261052,0.243176,88.1149],[0.0517638,0.2419,86.1676],[0.0765367,0.239797,84.0879],[0.1,0.236905,81.7868],[0.121752,0.233271,79.1408],[0.141421,0.228959,75.9638],[0.158671,0.224041,71.9541],[0.173205,0.218603,69.4866]],
"outputs": [[0.173205,-0.225574,290.513],[0.158671,-0.231012,288.046],[0.141421,-0.235929,284.036],[0.121752,-0.240242,280.859],[0.1,-0.243875,278.213],[0.0765366,-0.246768,275.912],[0.0517638,-0.24887,273.832],[0.0261052,-0.250146,271.885],[0,-0.250574,270],[-0.0261053,-0.250146,268.115],[-0.0517638,-0.24887,266.168],[-0.0765367,-0.246768,264.088],[-0.1,-0.243875,261.787],[-0.121752,-0.240242,259.141],[-0.141421,-0.235929,255.964],[-0.158671,-0.231012,251.954],[-0.173205,-0.225574,249.487]],
"icon": [[-0.085223,-0.086131],[0.082777,0.081869]]
}