{
"name": "snek_food_8",
"flags": {
	"0": { "outline": [[-0.08,-0.1],[-0.0826795,-0.09],[-0.09,-0.0826795],[-0.1,-0.08],[-0.11,-0.0826795],[-0.117321,-0.09],[-0.12,-0.1],[-0.117321,-0.11],[-0.11,-0.117321],[-0.1,-0.12],[-0.09,-0.117321],[-0.0826795,-0.11]] },
	"1": { "outline": [[-0.08,0.1],[-0.0826795,0.11],[-0.09,0.117321],[-0.1,0.12],[-0.11,0.117321],[-0.117321,0.11],[-0.12,0.1],[-0.117321,0.09],[-0.11,0.0826795],[-0.1,0.08],[-0.09,0.0826795],[-0.0826795,0.09]] },
	"2": { "outline": [[0.12,-0.1],[0.117321,-0.09],[0.11,-0.0826795],[0.1,-0.08],[0.09,-0.0826795],[0.0826795,-0.09],[0.08,-0.1],[0.0826795,-0.11],[0.09,-0.117321],[0.1,-0.12],[0.11,-0.117321],[0.117321,-0.11]] },
	"3": { "outline": [[0.12,0.1],[0.117321,0.11],[0.11,0.117321],[0.1,0.12],[0.09,0.117321],[0.0826795,0.11],[0.08,0.1],[0.0826795,0.09],[0.09,0.0826795],[0.1,0.08],[0.11,0.0826795],[0.117321,0.09]] }
},
"outline": [[0.2,0],[0.199759,0.00981354],[0.199037,0.0196034],[0.197835,0.0293461],[0.196157,0.0390181],[0.194006,0.048596],[0.191388,0.0580569],[0.188309,0.067378],[0.184776,0.0765367],[0.180798,0.085511],[0.176384,0.0942793],[0.171546,0.102821],[0.166294,0.111114],[0.160642,0.11914],[0.154602,0.126879],[0.14819,0.134312],[0.141421,0.141421],[0.134312,0.14819],[0.126879,0.154602],[0.11914,0.160642],[0.111114,0.166294],[0.102821,0.171546],[0.0942793,0.176384],[0.085511,0.180798],[0.0765367,0.184776],[0.067378,0.188309],[0.0580569,0.191388],[0.048596,0.194006],[0.039018,0.196157],[0.0293461,0.197835],[0.0196034,0.199037],[0.00981353,0.199759],[-8.74228e-09,0.2],[-0.00981355,0.199759],[-0.0196034,0.199037],[-0.0293461,0.197835],[-0.0390181,0.196157],[-0.048596,0.194006],[-0.0580569,0.191388],[-0.067378,0.188309],[-0.0765367,0.184776],[-0.085511,0.180798],[-0.0942794,0.176384],[-0.102821,0.171546],[-0.111114,0.166294],[-0.11914,0.160642],[-0.126879,0.154602],[-0.134312,0.14819],[-0.141421,0.141421],[-0.14819,0.134312],[-0.154602,0.126879],[-0.160642,0.11914],[-0.166294,0.111114],[-0.171546,0.102821],[-0.176384,0.0942793],[-0.180798,0.085511],[-0.184776,0.0765367],[-0.188309,0.067378],[-0.191388,0.0580569],[-0.194006,0.048596],[-0.196157,0.0390181],[-0.197835,0.0293461],[-0.199037,0.0196034],[-0.199759,0.0098135],[-0.2,-1.74846e-08],[-0.199759,-0.00981353],[-0.199037,-0.0196035],[-0.197835,-0.0293461],[-0.196157,-0.0390181],[-0.194006,-0.0485961],[-0.191388,-0.058057],[-0.188309,-0.067378],[-0.184776,-0.0765367],[-0.180798,-0.0855111],[-0.176384,-0.0942794],[-0.171546,-0.102821],[-0.166294,-0.111114],[-0.160642,-0.11914],[-0.154602,-0.126879],[-0.14819,-0.134312],[-0.141421,-0.141421],[-0.134312,-0.14819],[-0.126879,-0.154602],[-0.11914,-0.160642],[-0.111114,-0.166294],[-0.102821,-0.171546],[-0.0942793,-0.176384],[-0.085511,-0.180798],[-0.0765366,-0.184776],[-0.067378,-0.188309],[-0.0580569,-0.191388],[-0.048596,-0.194006],[-0.0390181,-0.196157],[-0.0293461,-0.197835],[-0.0196034,-0.199037],[-0.00981347,-0.199759],[2.38498e-09,-0.2],[0.00981356,-0.199759],[0.0196035,-0.199037],[0.0293461,-0.197835],[0.0390181,-0.196157],[0.0485961,-0.194006],[0.058057,-0.191388],[0.067378,-0.188309],[0.0765367,-0.184776],[0.0855111,-0.180798],[0.0942793,-0.176384],[0.102821,-0.171546],[0.111114,-0.166294],[0.11914,-0.160642],[0.126879,-0.154602],[0.134312,-0.14819],[0.141421,-0.141421],[0.14819,-0.134312],[0.154602,-0.126879],[0.160642,-0.11914],[0.166294,-0.111114],[0.171546,-0.102821],[0.176384,-0.0942793],[0.180798,-0.085511],[0.184776,-0.0765367],[0.188309,-0.0673779],[0.191388,-0.0580569],[0.194006,-0.048596],[0.196157,-0.039018],[0.197835,-0.029346],[0.199037,-0.0196034],[0.199759,-0.00981353]],
"inputs": [[-0.173205,0.218603,110.513],[-0.158671,0.224041,108.046],[-0.141421,0.228959,104.036],[-0.121752,0.233271,100.859],[-0.1,0.236905,98.2132],[-0.0765367,0.239797,95.9121],[-0.0517638,0.2419,93.8324],[-0.0261052,0.243176,91.8851],[1.49012e-08,0.243603,90],[0.0261052,0.243176,88.1149],[0.0517638,0.2419,86.1676],[0.0765367,0.239797,84.0879],[0.1,0.236905,81.7868],[0.121752,0.233271,79.1408],[0.141421,0.228959,75.9638],[0.158671,0.224041,71.9541],[0.173205,0.218603,69.4866]],
"outputs": [[0.173205,-0.225574,290.513],[0.158671,-0.231012,288.046],[0.141421,-0.235929,284.036],[0.121752,-0.240242,280.859],[0.1,-0.243875,278.213],[0.0765366,-0.246768,275.912],[0.0517638,-0.24887,273.832],[0.0261052,-0.250146,271.885],[0,-0.250574,270],[-0.0261053,-0.250146,268.115],[-0.0517638,-0.24887,266.168],[-0.0765367,-0.246768,264.088],[-0.1,-0.243875,261.787],[-0.121752,-0.240242,259.141],[-0.141421,-0.235929,255.964],[-0.158671,-0.231012,251.954],[-0.173205,-0.225574,249.487]],
"icon": [[-0.085223,-0.086131],[0.082777,0.081869]]
}