{
"name": "snek_food_6",
"flags": {
	"0": { "outline": [[-0.08,-0.1],[-0.0826795,-0.09],[-0.09,-0.0826795],[-0.1,-0.08],[-0.11,-0.0826795],[-0.117321,-0.09],[-0.12,-0.1],[-0.117321,-0.11],[-0.11,-0.117321],[-0.1,-0.12],[-0.09,-0.117321],[-0.0826795,-0.11]] },
	"1": { "outline": [[-0.08,0.1],[-0.0826795,0.11],[-0.09,0.117321],[-0.1,0.12],[-0.11,0.117321],[-0.117321,0.11],[-0.12,0.1],[-0.117321,0.09],[-0.11,0.0826795],[-0.1,0.08],[-0.09,0.0826795],[-0.0826795,0.09]] },
	"2": { "outline": [[0.12,-0.1],[0.117321,-0.09],[0.11,-0.0826795],[0.1,-0.08],[0.09,-0.0826795],[0.0826795,-0.09],[0.08,-0.1],[0.0826795,-0.11],[0.09,-0.117321],[0.1,-0.12],[0.11,-0.117321],[0.117321,-0.11]] },
	"3": { "outline": [[0.12,0.1],[0.117321,0.11],[0.11,0.117321],[0.1,0.12],[0.09,0.117321],[0.0826795,0.11],[0.08,0.1],[0.0826795,0.09],[0.09,0.0826795],[0.1,0.08],[0.11,0.0826795],[0.117321,0.09]] }
},
"outline": [[0.2,0],[0.199759,0.00982097],[0.199037,0.0196465],[0.197835,0.0295822],[0.196157,0.0397995],[0.194006,0.0503992],[0.191388,0.0624423],[0.188309,0.0759487],[0.184776,0.0893637],[0.180798,0.104183],[0.176384,0.125581],[0.171546,0.145068],[0.166294,0.161686],[0.160642,0.18256],[0.154602,0.200537],[0.14819,0.202865],[0.141421,0.197793],[0.134312,0.224426],[0.126879,0.239718],[0.11914,0.249668],[0.111114,0.267043],[0.102821,0.27171],[0.0942793,0.290812],[0.085511,0.304754],[0.0765367,0.291661],[0.067378,0.301216],[0.0580569,0.303132],[0.048596,0.305511],[0.039018,0.324973],[0.0293461,0.361725],[0.0196034,0.374285],[0.00981353,0.320597],[-8.74228e-09,0.25116],[-0.00981355,0.265915],[-0.0196034,0.241562],[-0.0293461,0.171541],[-0.0390181,0.21072],[-0.048596,0.280657],[-0.0580569,0.324347],[-0.067378,0.32131],[-0.0765367,0.277338],[-0.085511,0.253759],[-0.0942794,0.312885],[-0.102821,0.305982],[-0.111114,0.244755],[-0.11914,0.209235],[-0.126879,0.173976],[-0.134312,0.177552],[-0.141421,0.190027],[-0.14819,0.162881],[-0.154602,0.14197],[-0.160642,0.15316],[-0.166294,0.16008],[-0.171546,0.144329],[-0.176384,0.126548],[-0.180798,0.108591],[-0.184776,0.0930301],[-0.188309,0.079666],[-0.191388,0.0645341],[-0.194006,0.0518022],[-0.196157,0.040634],[-0.197835,0.0298667],[-0.199037,0.0197587],[-0.199759,0.00983413],[-0.2,-1.74846e-08],[-0.199759,-0.00982479],[-0.199037,-0.0197221],[-0.197835,-0.0298759],[-0.196157,-0.0399399],[-0.194006,-0.0496057],[-0.191388,-0.0604707],[-0.188309,-0.0751048],[-0.184776,-0.0909263],[-0.180798,-0.102529],[-0.176384,-0.114205],[-0.171546,-0.118615],[-0.166294,-0.111986],[-0.160642,-0.111177],[-0.154602,-0.111515],[-0.14819,-0.132637],[-0.141421,-0.164577],[-0.134312,-0.192237],[-0.126879,-0.235181],[-0.11914,-0.27497],[-0.111114,-0.265851],[-0.102821,-0.241766],[-0.0942793,-0.233075],[-0.085511,-0.229176],[-0.0765366,-0.23009],[-0.067378,-0.257225],[-0.0580569,-0.256584],[-0.048596,-0.225231],[-0.0390181,-0.266155],[-0.0293461,-0.333364],[-0.0196034,-0.359835],[-0.00981347,-0.392174],[2.38498e-09,-0.376507],[0.00981356,-0.310344],[0.0196035,-0.313129],[0.0293461,-0.360146],[0.0390181,-0.385996],[0.0485961,-0.386658],[0.058057,-0.384117],[0.067378,-0.369267],[0.0765367,-0.350127],[0.0855111,-0.312009],[0.0942793,-0.269031],[0.102821,-0.253284],[0.111114,-0.255616],[0.11914,-0.230642],[0.126879,-0.196792],[0.134312,-0.187898],[0.141421,-0.175286],[0.14819,-0.174432],[0.154602,-0.168279],[0.160642,-0.144736],[0.166294,-0.12945],[0.171546,-0.116583],[0.176384,-0.105859],[0.180798,-0.0975306],[0.184776,-0.088594],[0.188309,-0.0758842],[0.191388,-0.0622949],[0.194006,-0.0503466],[0.196157,-0.0398801],[0.197835,-0.0296183],[0.199037,-0.0196526],[0.199759,-0.00982236]],
"inputs": [[-0.173205,0.218603,110.513],[-0.158671,0.224041,108.046],[-0.141421,0.228959,104.036],[-0.121752,0.233271,100.859],[-0.1,0.236905,98.2132],[-0.0765367,0.239797,95.9121],[-0.0517638,0.2419,93.8324],[-0.0261052,0.243176,91.8851],[1.49012e-08,0.243603,90],[0.0261052,0.243176,88.1149],[0.0517638,0.2419,86.1676],[0.0765367,0.239797,84.0879],[0.1,0.236905,81.7868],[0.121752,0.233271,79.1408],[0.141421,0.228959,75.9638],[0.158671,0.224041,71.9541],[0.173205,0.218603,69.4866]],
"outputs": [[0.173205,-0.225574,290.513],[0.158671,-0.231012,288.046],[0.141421,-0.235929,284.036],[0.121752,-0.240242,280.859],[0.1,-0.243875,278.213],[0.0765366,-0.246768,275.912],[0.0517638,-0.24887,273.832],[0.0261052,-0.250146,271.885],[0,-0.250574,270],[-0.0261053,-0.250146,268.115],[-0.0517638,-0.24887,266.168],[-0.0765367,-0.246768,264.088],[-0.1,-0.243875,261.787],[-0.121752,-0.240242,259.141],[-0.141421,-0.235929,255.964],[-0.158671,-0.231012,251.954],[-0.173205,-0.225574,249.487]],
"icon": [[-0.085223,-0.086131],[0.082777,0.081869]]
}