{"inputs": [[-0.1351, -0.4333, 233.409], [-0.184, -0.3969, 229.55], [-0.2283, -0.3539, 221.987], [-0.2671, -0.3047, 214.62900000000002], [-0.2998, -0.2502, 207.457], [-0.3257, -0.1915, 200.445], [-0.3447, -0.1295, 193.558], [-0.3563, -0.0655, 186.7573], [-0.36, -0.0003, 180.0], [-0.3562, 0.065, 173.2427], [-0.3447, 0.1292, 166.4418], [-0.3259, 0.1911, 159.5549], [-0.2998, 0.2498, 152.5429], [-0.2671, 0.3041, 145.3713], [-0.2283, 0.3533, 138.0128], [-0.184, 0.3964, 130.4504], [-0.135, 0.4328, 126.5909]], "name": "snek_head_1_4", "outputs": [[0.33, 0.4327, 424.486], [0.406, 0.3964, 421.273], [0.4749, 0.3533, 414.462], [0.5352, 0.3041, 407.05], [0.5861, 0.2497, 398.948], [0.6267, 0.1911, 390.109], [0.6562, 0.1293, 380.563], [0.6739, 0.065, 370.443], [0.6799, -0.0003, 360.0], [0.674, -0.0655, 349.557], [0.656, -0.1297, 339.437], [0.6266, -0.1916, 329.89099999999996], [0.5862, -0.2503, 321.052], [0.5353, -0.3046, 312.95], [0.4749, -0.3538, 305.538], [0.406, -0.3969, 298.727], [0.3299, -0.4333, 295.514]], "outline": [[0.3091, -0.3987], [0.3984, -0.3371], [0.4703, -0.2559], [0.5207, -0.207], [0.5888, -0.2071], [0.609, -0.2003], [0.6159, -0.1801], [0.6158, 0.1796], [0.6091, 0.1998], [0.5889, 0.2066], [0.5208, 0.2065], [0.4703, 0.2553], [0.3984, 0.3366], [0.3091, 0.3982], [0.2077, 0.4366], [0.1, 0.4497], [-0.0077, 0.4366], [-0.1091, 0.3983], [-0.2108, 0.3305], [-0.288, 0.2199], [-0.3112, 0.0763], [-0.3087, 0.0618], [-0.2964, 0.0538], [-0.0064, 0.0298], [0.0131, 0.0215], [0.0196, 0.0064], [0.0197, -0.0097], [0.0133, -0.0252], [-0.006, -0.0342], [-0.2971, -0.0615], [-0.3084, -0.0682], [-0.3094, -0.0809], [-0.2869, -0.2011], [-0.2117, -0.3245], [-0.1091, -0.3988], [-0.0077, -0.4372], [0.1, -0.4503], [0.2077, -0.4372]], "flags": {"1": {"outline": [[0.1414, -0.1516], [0.1114, -0.1596], [0.0894, -0.1815], [0.0814, -0.2114], [0.0894, -0.2415], [0.1115, -0.2635], [0.1414, -0.2715], [0.1714, -0.2635], [0.1933, -0.2415], [0.2013, -0.2115], [0.1934, -0.1816], [0.1714, -0.1596]]}, "0": {"outline": [[-0.0867, -0.1917], [-0.1167, -0.1996], [-0.1387, -0.2216], [-0.1466, -0.2518], [-0.1386, -0.2816], [-0.1166, -0.3037], [-0.0866, -0.3117], [-0.0566, -0.3037], [-0.0347, -0.2818], [-0.0266, -0.2517], [-0.0346, -0.2217], [-0.0565, -0.1996]]}, "3": {"outline": [[-0.0866, 0.3068], [-0.1167, 0.2987], [-0.1386, 0.2768], [-0.1466, 0.2468], [-0.1386, 0.2168], [-0.1168, 0.1948], [-0.0867, 0.1869], [-0.0566, 0.1948], [-0.0346, 0.2168], [-0.0266, 0.2468], [-0.0347, 0.2767], [-0.0567, 0.2988]]}, "2": {"outline": [[0.1414, 0.2669], [0.1113, 0.2587], [0.0894, 0.2369], [0.0814, 0.2068], [0.0894, 0.1768], [0.1114, 0.1548], [0.1414, 0.1468], [0.1714, 0.1548], [0.1933, 0.1768], [0.2014, 0.2067], [0.1933, 0.2367], [0.1714, 0.2587]]}}, "icon": [[0.05689999999999998, -0.12150000000000001], [0.29690000000000005, 0.11850000000000002]]}