{"inputs": [[0.5599, 0.1731, 380.51300000000003], [0.5654, 0.1588, 378.046], [0.5702, 0.1413, 374.036], [0.5745, 0.1218, 370.859], [0.5783, 0.0997, 368.21320000000003], [0.5813, 0.0764, 365.9121], [0.5832, 0.0516, 363.8324], [0.5846, 0.0261, 361.88509999999997], [0.585, 0.0001, 360.0], [0.5845, -0.0263, 358.11490000000003], [0.5834, -0.0516, 356.1676], [0.5813, -0.0765, 354.0879], [0.5782, -0.1001, 351.78679999999997], [0.5745, -0.1219, 349.1408], [0.5704, -0.1417, 345.9638], [0.5652, -0.1586, 341.9541], [0.5598, -0.1733, 339.4866]], "name": "snek_tail_12", "outputs": [[-0.3655, -0.173, 560.5129999999999], [-0.371, -0.1588, 558.046], [-0.3759, -0.1416, 554.0360000000001], [-0.3801, -0.1219, 550.8589999999999], [-0.3838, -0.0999, 548.213], [-0.3868, -0.0763, 545.912], [-0.3888, -0.0518, 543.832], [-0.3902, -0.0261, 541.885], [-0.3908, -0.0002, 540.0], [-0.3901, 0.0261, 538.115], [-0.3889, 0.0519, 536.168], [-0.3869, 0.0765, 534.088], [-0.384, 0.0999, 531.787], [-0.3801, 0.1216, 529.1410000000001], [-0.3759, 0.1415, 525.9639999999999], [-0.371, 0.1586, 521.954], [-0.3656, 0.1731, 519.487]], "outline": [[-0.3241, 0.0225], [-0.3164, 0.0473], [-0.2936, 0.0596], [0.4942, 0.2201], [0.5168, 0.2168], [0.5245, 0.1952], [0.5244, -0.1952], [0.5171, -0.217], [0.4943, -0.2201], [-0.2936, -0.0598], [-0.3165, -0.0473], [-0.324, -0.0225]], "flags": {"1": {"outline": [[-0.1087, -0.0601], [-0.0786, -0.0521], [-0.0565, -0.0301], [-0.0488, 0.0001], [-0.0568, 0.0301], [-0.0789, 0.0519], [-0.1088, 0.0599], [-0.1386, 0.052], [-0.1606, 0.0301], [-0.1686, 0.0001], [-0.1605, -0.0301], [-0.1386, -0.0521]]}, "0": {"outline": [[-0.2396, -0.06], [-0.2096, -0.0519], [-0.1875, -0.0301], [-0.1797, -0.0002], [-0.1876, 0.0301], [-0.2097, 0.052], [-0.2396, 0.06], [-0.2696, 0.0518], [-0.2917, 0.0298], [-0.2995, 0.0], [-0.2914, -0.0301], [-0.2696, -0.0522]]}, "3": {"outline": [[0.4369, -0.0601], [0.4666, -0.0521], [0.4888, -0.0302], [0.4968, -0.0001], [0.4888, 0.0301], [0.4668, 0.052], [0.4367, 0.06], [0.4069, 0.0519], [0.385, 0.0298], [0.3768, -0.0002], [0.3849, -0.0302], [0.4067, -0.052]]}, "2": {"outline": [[0.3041, -0.0601], [0.3343, -0.0519], [0.3563, -0.03], [0.3643, 0.0], [0.3563, 0.0298], [0.3341, 0.0518], [0.304, 0.0598], [0.2742, 0.0519], [0.2521, 0.0299], [0.2441, -0.0001], [0.2524, -0.03], [0.2742, -0.052]]}}, "icon": [[-0.0018000000000000793, -0.11870000000000006], [0.2382000000000001, 0.12130000000000005]]}