{"inputs": [[-0.2553, 0.1427, 188.409], [-0.2642, 0.203, 184.55], [-0.265, 0.2648, 176.987], [-0.2577, 0.327, 169.62900000000002], [-0.2424, 0.3886, 162.457], [-0.2192, 0.4485, 155.445], [-0.1888, 0.5057, 148.558], [-0.1517, 0.5592, 141.7573], [-0.1082, 0.608, 135.0], [-0.0593, 0.6514, 128.2427], [-0.0058, 0.6886, 121.4418], [0.0513, 0.7191, 114.5549], [0.1112, 0.7422, 107.5429], [0.1727, 0.7575, 100.37129999999999], [0.235, 0.7648, 93.0128], [0.2968, 0.764, 85.4504], [0.3571, 0.7551, 81.5909]], "name": "snek_head_1_2", "outputs": [[0.6859, 0.4262, 379.486], [0.714, 0.3468, 376.273], [0.7322, 0.2676, 369.462], [0.7401, 0.1901, 362.05], [0.7376, 0.1157, 353.948], [0.7248, 0.0456, 345.109], [0.7019, -0.019, 335.563], [0.6691, -0.077, 325.443], [0.6272, -0.1274, 315.0], [0.5768, -0.1693, 304.557], [0.5188, -0.202, 294.437], [0.4542, -0.225, 284.89099999999996], [0.3841, -0.2379, 276.052], [0.3097, -0.2403, 267.95], [0.2322, -0.2324, 260.538], [0.153, -0.2142, 253.727], [0.0735, -0.1861, 250.514]], "outline": [[0.0832, -0.1469], [0.1899, -0.1665], [0.2982, -0.1599], [0.3684, -0.1611], [0.4165, -0.2092], [0.4356, -0.2187], [0.4547, -0.2092], [0.709, 0.0451], [0.7186, 0.0642], [0.7091, 0.0833], [0.6609, 0.1314], [0.6597, 0.2016], [0.6663, 0.3099], [0.6467, 0.4166], [0.6022, 0.5155], [0.5353, 0.6009], [0.4499, 0.6678], [0.351, 0.7124], [0.2313, 0.7363], [0.0984, 0.7127], [-0.0195, 0.6276], [-0.028, 0.6156], [-0.0249, 0.6012], [0.1631, 0.3792], [0.1711, 0.3595], [0.165, 0.3442], [0.1536, 0.3328], [0.1382, 0.3264], [0.1182, 0.3337], [-0.107, 0.5202], [-0.1197, 0.5234], [-0.1294, 0.5151], [-0.1985, 0.4143], [-0.2325, 0.2738], [-0.2126, 0.1488], [-0.168, 0.0499], [-0.1011, -0.0355], [-0.0157, -0.1024]], "flags": {"1": {"outline": [[0.1394, 0.1464], [0.1125, 0.162], [0.0815, 0.162], [0.0546, 0.1465], [0.039, 0.1196], [0.0391, 0.0885], [0.0546, 0.0616], [0.0814, 0.0461], [0.1125, 0.0461], [0.1394, 0.0616], [0.1549, 0.0885], [0.1549, 0.1195]]}, "0": {"outline": [[-0.0502, 0.2793], [-0.0771, 0.2949], [-0.1082, 0.2949], [-0.1351, 0.2793], [-0.1506, 0.2524], [-0.1506, 0.2213], [-0.1351, 0.1944], [-0.1082, 0.1789], [-0.0772, 0.1789], [-0.0502, 0.1944], [-0.0347, 0.2213], [-0.0346, 0.2524]]}, "3": {"outline": [[0.3023, 0.6318], [0.2753, 0.6473], [0.2443, 0.6473], [0.2174, 0.6318], [0.2018, 0.6049], [0.2018, 0.5739], [0.2174, 0.547], [0.2443, 0.5314], [0.2754, 0.5314], [0.3023, 0.5469], [0.3178, 0.5738], [0.3178, 0.6049]]}, "2": {"outline": [[0.4353, 0.4423], [0.4083, 0.4578], [0.3773, 0.4579], [0.3504, 0.4423], [0.3348, 0.4154], [0.3348, 0.3843], [0.3504, 0.3574], [0.3772, 0.3419], [0.4083, 0.3419], [0.4352, 0.3574], [0.4507, 0.3843], [0.4507, 0.4153]]}}, "icon": [[0.15059999999999996, 0.10750000000000001], [0.3906, 0.34750000000000003]]}