{
"name": "snek_food_7",
"flags": {
	"0": { "outline": [[-0.08,-0.1],[-0.0826795,-0.09],[-0.09,-0.0826795],[-0.1,-0.08],[-0.11,-0.0826795],[-0.117321,-0.09],[-0.12,-0.1],[-0.117321,-0.11],[-0.11,-0.117321],[-0.1,-0.12],[-0.09,-0.117321],[-0.0826795,-0.11]] },
	"1": { "outline": [[-0.08,0.1],[-0.0826795,0.11],[-0.09,0.117321],[-0.1,0.12],[-0.11,0.117321],[-0.117321,0.11],[-0.12,0.1],[-0.117321,0.09],[-0.11,0.0826795],[-0.1,0.08],[-0.09,0.0826795],[-0.0826795,0.09]] },
	"2": { "outline": [[0.12,-0.1],[0.117321,-0.09],[0.11,-0.0826795],[0.1,-0.08],[0.09,-0.0826795],[0.0826795,-0.09],[0.08,-0.1],[0.0826795,-0.11],[0.09,-0.117321],[0.1,-0.12],[0.11,-0.117321],[0.117321,-0.11]] },
	"3": { "outline": [[0.12,0.1],[0.117321,0.11],[0.11,0.117321],[0.1,0.12],[0.09,0.117321],[0.0826795,0.11],[0.08,0.1],[0.0826795,0.09],[0.09,0.0826795],[0.1,0.08],[0.11,0.0826795],[0.117321,0.09]] }
},
"outline": [[0.2,0],[0.199759,0.00981633],[0.199037,0.019616],[0.197835,0.0294257],[0.196157,0.0393291],[0.194006,0.049373],[0.191388,0.0600864],[0.188309,0.0716712],[0.184776,0.083732],[0.180798,0.0967331],[0.176384,0.113352],[0.171546,0.130203],[0.166294,0.145651],[0.160642,0.159569],[0.154602,0.17148],[0.14819,0.177885],[0.141421,0.179369],[0.134312,0.195534],[0.126879,0.204479],[0.11914,0.209571],[0.111114,0.221736],[0.102821,0.230046],[0.0942793,0.242609],[0.085511,0.25589],[0.0765367,0.263335],[0.067378,0.278628],[0.0580569,0.276044],[0.048596,0.260715],[0.039018,0.252992],[0.0293461,0.278762],[0.0196034,0.30172],[0.00981353,0.282649],[-8.74228e-09,0.243692],[-0.00981355,0.242283],[-0.0196034,0.223294],[-0.0293461,0.186961],[-0.0390181,0.203728],[-0.048596,0.235503],[-0.0580569,0.266858],[-0.067378,0.267312],[-0.0765367,0.239558],[-0.085511,0.222386],[-0.0942794,0.250292],[-0.102821,0.24372],[-0.111114,0.209009],[-0.11914,0.186304],[-0.126879,0.162171],[-0.134312,0.158444],[-0.141421,0.162226],[-0.14819,0.145958],[-0.154602,0.131492],[-0.160642,0.132501],[-0.166294,0.132473],[-0.171546,0.122101],[-0.176384,0.110185],[-0.180798,0.0977989],[-0.184776,0.0857704],[-0.188309,0.0741336],[-0.191388,0.0616305],[-0.194006,0.0504277],[-0.196157,0.0399185],[-0.197835,0.0296103],[-0.199037,0.0196736],[-0.199759,0.00982236],[-0.2,-1.74846e-08],[-0.199759,-0.00981898],[-0.199037,-0.0196668],[-0.197835,-0.0296265],[-0.196157,-0.0394913],[-0.194006,-0.0490392],[-0.191388,-0.0589923],[-0.188309,-0.0707647],[-0.184776,-0.0832505],[-0.180798,-0.09354],[-0.176384,-0.103448],[-0.171546,-0.110389],[-0.166294,-0.112408],[-0.160642,-0.115551],[-0.154602,-0.119284],[-0.14819,-0.1351],[-0.141421,-0.156807],[-0.134312,-0.175992],[-0.126879,-0.19967],[-0.11914,-0.216632],[-0.111114,-0.209354],[-0.102821,-0.206202],[-0.0942793,-0.208468],[-0.085511,-0.205861],[-0.0765366,-0.205254],[-0.067378,-0.21904],[-0.0580569,-0.218625],[-0.048596,-0.197498],[-0.0390181,-0.216852],[-0.0293461,-0.264213],[-0.0196034,-0.293036],[-0.00981347,-0.321677],[2.38498e-09,-0.315332],[0.00981356,-0.278996],[0.0196035,-0.276042],[0.0293461,-0.293876],[0.0390181,-0.293253],[0.0485961,-0.28382],[0.058057,-0.278006],[0.067378,-0.266922],[0.0765367,-0.259196],[0.0855111,-0.250606],[0.0942793,-0.231085],[0.102821,-0.218504],[0.111114,-0.216556],[0.11914,-0.201339],[0.126879,-0.180452],[0.134312,-0.173423],[0.141421,-0.165806],[0.14819,-0.160572],[0.154602,-0.150109],[0.160642,-0.133406],[0.166294,-0.12147],[0.171546,-0.110226],[0.176384,-0.100488],[0.180798,-0.0922898],[0.184776,-0.0833962],[0.188309,-0.0722135],[0.191388,-0.0605421],[0.194006,-0.0496633],[0.196157,-0.039546],[0.197835,-0.029495],[0.199037,-0.0196196],[0.199759,-0.00981637]],
"inputs": [[-0.173205,0.218603,110.513],[-0.158671,0.224041,108.046],[-0.141421,0.228959,104.036],[-0.121752,0.233271,100.859],[-0.1,0.236905,98.2132],[-0.0765367,0.239797,95.9121],[-0.0517638,0.2419,93.8324],[-0.0261052,0.243176,91.8851],[1.49012e-08,0.243603,90],[0.0261052,0.243176,88.1149],[0.0517638,0.2419,86.1676],[0.0765367,0.239797,84.0879],[0.1,0.236905,81.7868],[0.121752,0.233271,79.1408],[0.141421,0.228959,75.9638],[0.158671,0.224041,71.9541],[0.173205,0.218603,69.4866]],
"outputs": [[0.173205,-0.225574,290.513],[0.158671,-0.231012,288.046],[0.141421,-0.235929,284.036],[0.121752,-0.240242,280.859],[0.1,-0.243875,278.213],[0.0765366,-0.246768,275.912],[0.0517638,-0.24887,273.832],[0.0261052,-0.250146,271.885],[0,-0.250574,270],[-0.0261053,-0.250146,268.115],[-0.0517638,-0.24887,266.168],[-0.0765367,-0.246768,264.088],[-0.1,-0.243875,261.787],[-0.121752,-0.240242,259.141],[-0.141421,-0.235929,255.964],[-0.158671,-0.231012,251.954],[-0.173205,-0.225574,249.487]],
"icon": [[-0.085223,-0.086131],[0.082777,0.081869]]
}