{"inputs": [[0.9333, -0.6354, 323.409], [0.8968, -0.6843, 319.55], [0.8538, -0.7285, 311.98699999999997], [0.8046, -0.7674, 304.629], [0.7502, -0.8001, 297.457], [0.6915, -0.8259, 290.445], [0.6294, -0.8449, 283.558], [0.5655, -0.8566, 276.7573], [0.5002, -0.8602, 270.0], [0.435, -0.8565, 263.2427], [0.3707, -0.8449, 256.4418], [0.3088, -0.8262, 249.5549], [0.2501, -0.8001, 242.5429], [0.1958, -0.7673, 235.3713], [0.1467, -0.7286, 228.0128], [0.1036, -0.6842, 220.4504], [0.0672, -0.6352, 216.5909]], "name": "snek_head_0_8", "outputs": [[0.0671, -0.1702, 514.486], [0.1036, -0.0942, 511.273], [0.1466, -0.0253, 504.462], [0.1959, 0.035, 497.05], [0.2503, 0.0858, 488.948], [0.3089, 0.1265, 480.109], [0.3707, 0.1561, 470.563], [0.435, 0.1736, 460.443], [0.5003, 0.1797, 450.0], [0.5654, 0.1737, 439.557], [0.6296, 0.1557, 429.437], [0.6916, 0.1263, 419.89099999999996], [0.7503, 0.086, 411.052], [0.8046, 0.035, 402.95], [0.8537, -0.0253, 395.538], [0.8968, -0.0942, 388.727], [0.9332, -0.1704, 385.514]], "outline": [[0.8988, -0.1912], [0.837, -0.1018], [0.7558, -0.0299], [0.7071, 0.0205], [0.7071, 0.0884], [0.7003, 0.1087], [0.68, 0.1157], [0.3203, 0.1156], [0.3002, 0.1089], [0.2934, 0.0887], [0.2935, 0.0205], [0.2446, -0.0299], [0.1634, -0.1019], [0.1017, -0.1911], [0.0633, -0.2925], [0.0503, -0.4003], [0.0634, -0.508], [0.1017, -0.6093], [0.1634, -0.6986], [0.2445, -0.7706], [0.3466, -0.7853], [0.3611, -0.7829], [0.369, -0.7706], [0.4391, -0.5066], [0.4509, -0.4871], [0.4729, -0.4807], [0.5274, -0.4806], [0.5497, -0.487], [0.5626, -0.5062], [0.6478, -0.7709], [0.6562, -0.7829], [0.671, -0.7848], [0.7559, -0.7706], [0.8371, -0.6987], [0.8988, -0.6093], [0.9372, -0.508], [0.9503, -0.4002], [0.9371, -0.2925]], "flags": {"1": {"outline": [[0.6516, -0.3587], [0.6595, -0.3888], [0.6815, -0.4109], [0.7113, -0.4188], [0.7415, -0.4109], [0.7636, -0.3888], [0.7714, -0.3589], [0.7634, -0.3288], [0.7414, -0.3069], [0.7115, -0.2989], [0.6817, -0.3069], [0.6595, -0.3289]]}, "0": {"outline": [[0.6917, -0.5868], [0.6996, -0.617], [0.7215, -0.6389], [0.7518, -0.6469], [0.7815, -0.6388], [0.8037, -0.6169], [0.8117, -0.5868], [0.8035, -0.5569], [0.7817, -0.5349], [0.7517, -0.5267], [0.7217, -0.5348], [0.6995, -0.5566]]}, "3": {"outline": [[0.1932, -0.5869], [0.2013, -0.6169], [0.2232, -0.6389], [0.2532, -0.6468], [0.2831, -0.6388], [0.3052, -0.617], [0.313, -0.587], [0.3052, -0.5569], [0.2831, -0.5348], [0.2533, -0.5269], [0.2232, -0.5348], [0.2011, -0.5569]]}, "2": {"outline": [[0.2331, -0.3589], [0.2413, -0.389], [0.2629, -0.4109], [0.2932, -0.4189], [0.3231, -0.4109], [0.3451, -0.3888], [0.3532, -0.3588], [0.3451, -0.3288], [0.3231, -0.307], [0.2933, -0.2988], [0.2633, -0.3069], [0.2413, -0.3288]]}}, "icon": [[0.3814999999999999, -0.4434], [0.6214999999999999, -0.2034]]}