{"inputs": [[0.5112, -0.1831, 223.013], [0.5006, -0.1719, 220.546], [0.4894, -0.1577, 216.536], [0.4779, -0.1412, 213.35899999999998], [0.4661, -0.1225, 210.7132], [0.4545, -0.102, 208.4121], [0.4431, -0.0798, 206.3324], [0.4322, -0.0567, 204.3851], [0.4217, -0.0328, 202.5], [0.4122, -0.0084, 200.6149], [0.4035, 0.0156, 198.6676], [0.3959, 0.0394, 196.5879], [0.3896, 0.0623, 194.2868], [0.3848, 0.0838, 191.6408], [0.3812, 0.1036, 188.4638], [0.3792, 0.1214, 184.45409999999998], [0.3786, 0.1369, 181.9866]], "name": "snek_tail_5", "outputs": [[1.2337, 0.491, 403.013], [1.2442, 0.4797, 400.546], [1.2554, 0.4657, 396.536], [1.2668, 0.4492, 393.359], [1.2786, 0.4304, 390.713], [1.2904, 0.4098, 388.412], [1.3016, 0.3877, 386.332], [1.3127, 0.3646, 384.385], [1.323, 0.3408, 382.5], [1.3327, 0.3163, 380.615], [1.3412, 0.292, 378.668], [1.3489, 0.2685, 376.588], [1.3551, 0.2457, 374.287], [1.36, 0.2242, 371.641], [1.3637, 0.2043, 368.464], [1.3656, 0.1865, 364.454], [1.3662, 0.171, 361.98699999999997]], "outline": [[1.2702, 0.2944], [1.2727, 0.2685], [1.2563, 0.2484], [0.5898, -0.2014], [0.5676, -0.2071], [0.5522, -0.19], [0.403, 0.1708], [0.4015, 0.1937], [0.4214, 0.2053], [1.2106, 0.3586], [1.2365, 0.356], [1.253, 0.3359]], "flags": {"1": {"outline": [[1.0395, 0.2882], [1.0149, 0.2692], [1.003, 0.2405], [1.0072, 0.2097], [1.0261, 0.1851], [1.0548, 0.1733], [1.0856, 0.1773], [1.1101, 0.1961], [1.122, 0.2248], [1.118, 0.2556], [1.099, 0.2804], [1.0703, 0.2923]]}, "0": {"outline": [[1.1606, 0.3383], [1.1359, 0.3193], [1.124, 0.2906], [1.1282, 0.2599], [1.1472, 0.2352], [1.1757, 0.2233], [1.2065, 0.2274], [1.2311, 0.2463], [1.2431, 0.2751], [1.239, 0.3057], [1.22, 0.3304], [1.1913, 0.3424]]}, "3": {"outline": [[0.5356, 0.0795], [0.5111, 0.0606], [0.4991, 0.0318], [0.5031, 0.001], [0.5221, -0.0237], [0.5508, -0.0355], [0.5816, -0.0314], [0.6062, -0.0125], [0.618, 0.0162], [0.614, 0.047], [0.5951, 0.0716], [0.5665, 0.0834]]}, "2": {"outline": [[0.6582, 0.1302], [0.6335, 0.1112], [0.6216, 0.0825], [0.6257, 0.0517], [0.6446, 0.0272], [0.6734, 0.0152], [0.7042, 0.0194], [0.7288, 0.0382], [0.7406, 0.067], [0.7366, 0.0978], [0.7176, 0.1223], [0.689, 0.1343]]}}, "icon": [[0.7333999999999999, 0.024699999999999958], [0.9734000000000002, 0.26470000000000005]]}