{
"name": "snek_food_9",
"flags": {
	"0": { "outline": [[-0.08,-0.1],[-0.0826795,-0.09],[-0.09,-0.0826795],[-0.1,-0.08],[-0.11,-0.0826795],[-0.117321,-0.09],[-0.12,-0.1],[-0.117321,-0.11],[-0.11,-0.117321],[-0.1,-0.12],[-0.09,-0.117321],[-0.0826795,-0.11]] },
	"1": { "outline": [[-0.08,0.1],[-0.0826795,0.11],[-0.09,0.117321],[-0.1,0.12],[-0.11,0.117321],[-0.117321,0.11],[-0.12,0.1],[-0.117321,0.09],[-0.11,0.0826795],[-0.1,0.08],[-0.09,0.0826795],[-0.0826795,0.09]] },
	"2": { "outline": [[0.12,-0.1],[0.117321,-0.09],[0.11,-0.0826795],[0.1,-0.08],[0.09,-0.0826795],[0.0826795,-0.09],[0.08,-0.1],[0.0826795,-0.11],[0.09,-0.117321],[0.1,-0.12],[0.11,-0.117321],[0.117321,-0.11]] },
	"3": { "outline": [[0.12,0.1],[0.117321,0.11],[0.11,0.117321],[0.1,0.12],[0.09,0.117321],[0.0826795,0.11],[0.08,0.1],[0.0826795,0.09],[0.09,0.0826795],[0.1,0.08],[0.11,0.0826795],[0.117321,0.09]] }
},
"outline": [[0.211072,0],[0.203954,0.00981354],[0.195149,0.0196034],[0.20038,0.0293461],[0.210419,0.0390181],[0.216641,0.048596],[0.23749,0.0580569],[0.259548,0.067378],[0.275102,0.0765367],[0.288345,0.085511],[0.310387,0.0942793],[0.314691,0.102821],[0.29982,0.111114],[0.264108,0.11914],[0.230697,0.126879],[0.208936,0.134312],[0.186032,0.141421],[0.171832,0.14819],[0.154477,0.154602],[0.138154,0.160642],[0.126669,0.166294],[0.116028,0.171546],[0.104809,0.176384],[0.0942657,0.180798],[0.0841644,0.184776],[0.0733845,0.188309],[0.061407,0.191388],[0.0498203,0.194006],[0.0393274,0.196157],[0.0295553,0.197835],[0.0196999,0.199037],[0.00982526,0.199759],[-8.74228e-09,0.2],[-0.00982003,0.199759],[-0.0196387,0.199037],[-0.0294236,0.197835],[-0.0393159,0.196157],[-0.049442,0.194006],[-0.060518,0.191388],[-0.0717945,0.188309],[-0.0819872,0.184776],[-0.0918251,0.180798],[-0.105846,0.176384],[-0.117954,0.171546],[-0.124925,0.166294],[-0.131746,0.160642],[-0.134051,0.154602],[-0.140883,0.14819],[-0.155577,0.141421],[-0.15905,0.134312],[-0.157474,0.126879],[-0.1697,0.11914],[-0.195554,0.111114],[-0.21839,0.102821],[-0.245545,0.0942793],[-0.278774,0.085511],[-0.306722,0.0765367],[-0.31678,0.067378],[-0.296085,0.0580569],[-0.297304,0.048596],[-0.298845,0.0390181],[-0.256096,0.0293461],[-0.239269,0.0196034],[-0.23879,0.0098135],[-0.220784,-1.74846e-08],[-0.238804,-0.00981353],[-0.266873,-0.0196035],[-0.285071,-0.0293461],[-0.257807,-0.0390181],[-0.218771,-0.0485961],[-0.210661,-0.058057],[-0.239453,-0.067378],[-0.255983,-0.0765367],[-0.237873,-0.0855111],[-0.224347,-0.0942794],[-0.215254,-0.102821],[-0.195143,-0.111114],[-0.17395,-0.11914],[-0.159237,-0.126879],[-0.162571,-0.134312],[-0.167085,-0.141421],[-0.161325,-0.14819],[-0.150715,-0.154602],[-0.134819,-0.160642],[-0.117313,-0.166294],[-0.108983,-0.171546],[-0.099806,-0.176384],[-0.0889704,-0.180798],[-0.0786862,-0.184776],[-0.0688126,-0.188309],[-0.0587565,-0.191388],[-0.0486402,-0.194006],[-0.0391034,-0.196157],[-0.0295619,-0.197835],[-0.0197104,-0.199037],[-0.00983068,-0.199759],[2.38498e-09,-0.2],[0.00982728,-0.199759],[0.0196999,-0.199037],[0.0296587,-0.197835],[0.0395722,-0.196157],[0.0493462,-0.194006],[0.0590892,-0.191388],[0.0686811,-0.188309],[0.0790278,-0.184776],[0.0916606,-0.180798],[0.103097,-0.176384],[0.112733,-0.171546],[0.124578,-0.166294],[0.136296,-0.160642],[0.14441,-0.154602],[0.158082,-0.14819],[0.177933,-0.141421],[0.195261,-0.134312],[0.199784,-0.126879],[0.202611,-0.11914],[0.209944,-0.111114],[0.211876,-0.102821],[0.223353,-0.0942793],[0.254094,-0.085511],[0.289561,-0.0765367],[0.299706,-0.0673779],[0.288399,-0.0580569],[0.274386,-0.048596],[0.279194,-0.039018],[0.246473,-0.029346],[0.199087,-0.0196034],[0.197665,-0.00981353]],
"inputs": [[-0.173205,0.218603,110.513],[-0.158671,0.224041,108.046],[-0.141421,0.228959,104.036],[-0.121752,0.233271,100.859],[-0.1,0.236905,98.2132],[-0.0765367,0.239797,95.9121],[-0.0517638,0.2419,93.8324],[-0.0261052,0.243176,91.8851],[1.49012e-08,0.243603,90],[0.0261052,0.243176,88.1149],[0.0517638,0.2419,86.1676],[0.0765367,0.239797,84.0879],[0.1,0.236905,81.7868],[0.121752,0.233271,79.1408],[0.141421,0.228959,75.9638],[0.158671,0.224041,71.9541],[0.173205,0.218603,69.4866]],
"outputs": [[0.173205,-0.225574,290.513],[0.158671,-0.231012,288.046],[0.141421,-0.235929,284.036],[0.121752,-0.240242,280.859],[0.1,-0.243875,278.213],[0.0765366,-0.246768,275.912],[0.0517638,-0.24887,273.832],[0.0261052,-0.250146,271.885],[0,-0.250574,270],[-0.0261053,-0.250146,268.115],[-0.0517638,-0.24887,266.168],[-0.0765367,-0.246768,264.088],[-0.1,-0.243875,261.787],[-0.121752,-0.240242,259.141],[-0.141421,-0.235929,255.964],[-0.158671,-0.231012,251.954],[-0.173205,-0.225574,249.487]],
"icon": [[-0.085223,-0.086131],[0.082777,0.081869]]
}