{"inputs": [[1.2528, 0.1569, 390.909], [1.284, 0.1046, 387.05], [1.3084, 0.0479, 379.48699999999997], [1.3254, -0.0125, 372.129], [1.3349, -0.0753, 364.957], [1.3362, -0.1393, 357.945], [1.33, -0.2039, 351.058], [1.3164, -0.2675, 344.2573], [1.2947, -0.3292, 337.5], [1.2663, -0.388, 330.7427], [1.231, -0.443, 323.9418], [1.19, -0.493, 317.0549], [1.1435, -0.5373, 310.04290000000003], [1.0924, -0.5749, 302.8713], [1.0378, -0.6054, 295.51279999999997], [0.9804, -0.6282, 287.9504], [0.9212, -0.6431, 284.09090000000003]], "name": "snek_head_2_11", "outputs": [[0.4915, -0.4653, 581.986], [0.4353, -0.4024, 578.773], [0.388, -0.3364, 571.962], [0.3512, -0.2678, 564.55], [0.3251, -0.198, 556.448], [0.31, -0.1283, 547.6089999999999], [0.3063, -0.0598, 538.063], [0.3146, 0.0062, 527.943], [0.334, 0.0689, 517.5], [0.3644, 0.1267, 507.057], [0.4057, 0.1791, 496.937], [0.4566, 0.2252, 487.39099999999996], [0.5162, 0.264, 478.552], [0.5842, 0.2947, 470.45], [0.6586, 0.3169, 463.038], [0.7388, 0.3304, 456.227], [0.8231, 0.3348, 453.014]], "outline": [[0.8293, 0.2951], [0.7229, 0.2722], [0.6254, 0.2247], [0.5602, 0.1989], [0.4975, 0.2251], [0.4761, 0.2265], [0.4619, 0.2104], [0.3243, -0.1219], [0.3229, -0.1431], [0.3389, -0.1571], [0.4019, -0.1831], [0.4298, -0.2477], [0.4653, -0.3502], [0.524, -0.4413], [0.603, -0.5156], [0.6977, -0.5689], [0.8022, -0.598], [0.9104, -0.6013], [1.0471, -0.5658], [1.1584, -0.4824], [1.2442, -0.3232], [1.2477, -0.309], [1.2391, -0.297], [0.9673, -0.1958], [0.9496, -0.1873], [0.944, -0.1831], [0.9451, -0.1813], [0.9518, -0.1818], [0.97, -0.1882], [1.2427, -0.2903], [1.2556, -0.2884], [1.2614, -0.277], [1.2984, -0.142], [1.2853, 0.007], [1.2155, 0.1351], [1.1366, 0.2093], [1.042, 0.2627], [0.9374, 0.2917]], "flags": {"1": {"outline": [[0.8893, 0.0027], [0.9201, -0.0016], [0.949, 0.0103], [0.9676, 0.0348], [0.9719, 0.0657], [0.9601, 0.0945], [0.9354, 0.1132], [0.9044, 0.1174], [0.8758, 0.1054], [0.857, 0.0807], [0.8531, 0.0502], [0.8648, 0.0213]]}, "0": {"outline": [[1.1154, -0.0476], [1.1464, -0.0519], [1.175, -0.0401], [1.1939, -0.0152], [1.1979, 0.0154], [1.1861, 0.0443], [1.1614, 0.0633], [1.1306, 0.0671], [1.1018, 0.0554], [1.0828, 0.0308], [1.0788, 0.0], [1.0905, -0.0288]]}, "3": {"outline": [[0.9248, -0.5083], [0.9556, -0.5122], [0.9842, -0.5004], [1.0031, -0.4757], [1.0071, -0.4451], [0.9954, -0.4162], [0.9706, -0.3976], [0.9399, -0.3932], [0.911, -0.4052], [0.8924, -0.4298], [0.8881, -0.4606], [0.9, -0.4894]]}, "2": {"outline": [[0.7294, -0.3842], [0.7603, -0.3881], [0.7888, -0.3765], [0.8078, -0.3515], [0.8119, -0.3209], [0.7998, -0.2921], [0.7752, -0.2731], [0.7444, -0.2691], [0.7158, -0.2811], [0.6968, -0.3056], [0.6929, -0.3363], [0.7047, -0.365]]}}, "icon": [[0.6792999999999999, -0.24259999999999998], [0.9193, -0.0025999999999999773]]}