{"inputs": [[0.4238, 0.2681, 448.01300000000003], [0.4389, 0.2677, 445.546], [0.4571, 0.2659, 441.536], [0.4771, 0.2622, 438.359], [0.4985, 0.2572, 435.71320000000003], [0.5214, 0.2508, 433.4121], [0.5447, 0.2433, 431.3324], [0.569, 0.235, 429.38509999999997], [0.5933, 0.2251, 427.5], [0.6173, 0.2147, 425.61490000000003], [0.6404, 0.2037, 423.6676], [0.6625, 0.1922, 421.5879], [0.6831, 0.1806, 419.28679999999997], [0.702, 0.1688, 416.6408], [0.7184, 0.1573, 413.4638], [0.7322, 0.1463, 409.4541], [0.7436, 0.1358, 406.9866]], "name": "snek_torso_15", "outputs": [[0.5738, -0.2745, 628.0129999999999], [0.5582, -0.2739, 625.546], [0.5405, -0.2722, 621.5360000000001], [0.5205, -0.2684, 618.3589999999999], [0.4992, -0.2637, 615.713], [0.4763, -0.2572, 613.412], [0.4526, -0.2499, 611.332], [0.4284, -0.2413, 609.385], [0.4041, -0.2315, 607.5], [0.3802, -0.2212, 605.615], [0.3568, -0.21, 603.668], [0.335, -0.1986, 601.588], [0.3144, -0.1872, 599.287], [0.2956, -0.1753, 596.6410000000001], [0.2791, -0.164, 593.4639999999999], [0.2651, -0.1527, 589.454], [0.2539, -0.142, 586.987]], "outline": [[0.4008, 0.2704], [0.7614, 0.1211], [0.78, 0.1047], [0.7784, 0.0803], [0.6401, -0.2536], [0.6239, -0.272], [0.5995, -0.2704], [0.2385, -0.121], [0.2199, -0.1046], [0.2218, -0.0805], [0.36, 0.2537], [0.3763, 0.2719]], "flags": {"1": {"outline": [[0.4837, 0.1332], [0.4878, 0.1641], [0.4759, 0.1927], [0.4513, 0.2117], [0.4205, 0.2159], [0.3919, 0.2037], [0.3729, 0.1792], [0.3689, 0.1483], [0.3808, 0.1199], [0.4053, 0.1008], [0.4361, 0.0968], [0.4648, 0.1085]]}, "0": {"outline": [[0.3958, -0.0942], [0.4001, -0.0636], [0.388, -0.0348], [0.3635, -0.0161], [0.3325, -0.0119], [0.3039, -0.0238], [0.2849, -0.0484], [0.281, -0.0793], [0.2926, -0.1079], [0.3173, -0.127], [0.3481, -0.1307], [0.3768, -0.119]]}, "3": {"outline": [[0.7112, 0.0248], [0.7154, 0.0555], [0.7032, 0.0841], [0.679, 0.1031], [0.6478, 0.1071], [0.6194, 0.0953], [0.6004, 0.0706], [0.5963, 0.0397], [0.6082, 0.0111], [0.6327, -0.0077], [0.6635, -0.0119], [0.6923, 0.0001]]}, "2": {"outline": [[0.6231, -0.1929], [0.6273, -0.1622], [0.6152, -0.1335], [0.5906, -0.1147], [0.56, -0.1105], [0.5313, -0.1223], [0.5123, -0.1474], [0.5081, -0.1778], [0.5202, -0.2067], [0.5448, -0.2257], [0.5755, -0.2297], [0.6042, -0.2177]]}}, "icon": [[0.3761999999999999, -0.12589999999999998], [0.6162000000000001, 0.1141]]}