{"inputs": [[0.6216, 0.137, 358.01300000000003], [0.6212, 0.1217, 355.546], [0.619, 0.1037, 351.536], [0.6155, 0.084, 348.359], [0.6106, 0.0622, 345.71320000000003], [0.6044, 0.0395, 343.4121], [0.5967, 0.0159, 341.3324], [0.5882, -0.0082, 339.38509999999997], [0.5786, -0.0324, 337.5], [0.5681, -0.0566, 335.61490000000003], [0.5574, -0.0796, 333.6676], [0.5459, -0.1018, 331.5879], [0.534, -0.1224, 329.28679999999997], [0.5222, -0.1411, 326.6408], [0.5109, -0.1578, 323.4638], [0.4996, -0.1715, 319.4541], [0.489, -0.183, 316.9866]], "name": "snek_tail_11", "outputs": [[-0.3658, 0.1714, 538.0129999999999], [-0.3654, 0.1866, 535.546], [-0.3634, 0.2044, 531.5360000000001], [-0.3597, 0.2242, 528.3589999999999], [-0.3547, 0.2459, 525.713], [-0.3484, 0.2689, 523.412], [-0.3409, 0.2923, 521.332], [-0.3324, 0.3166, 519.385], [-0.323, 0.3407, 517.5], [-0.3123, 0.3648, 515.615], [-0.3013, 0.3881, 513.668], [-0.29, 0.4101, 511.588], [-0.2784, 0.4306, 509.287], [-0.2665, 0.4492, 506.641], [-0.255, 0.4659, 503.464], [-0.2439, 0.4799, 499.454], [-0.2334, 0.4912, 496.98699999999997]], "outline": [[-0.2527, 0.3362], [-0.2361, 0.3562], [-0.2103, 0.3588], [0.5789, 0.2056], [0.5986, 0.1939], [0.5974, 0.171], [0.4479, -0.1897], [0.4328, -0.207], [0.4106, -0.2011], [-0.256, 0.2485], [-0.2724, 0.2688], [-0.2698, 0.2946]], "flags": {"1": {"outline": [[-0.0853, 0.1774], [-0.0544, 0.1733], [-0.0256, 0.1852], [-0.0069, 0.2101], [-0.0028, 0.2409], [-0.0149, 0.2695], [-0.0395, 0.2884], [-0.07, 0.2924], [-0.0987, 0.2806], [-0.1176, 0.256], [-0.1217, 0.225], [-0.1098, 0.1963]]}, "0": {"outline": [[-0.2062, 0.2276], [-0.1754, 0.2236], [-0.1466, 0.2353], [-0.128, 0.26], [-0.1237, 0.291], [-0.1357, 0.3196], [-0.1603, 0.3385], [-0.1911, 0.3424], [-0.22, 0.3305], [-0.2386, 0.306], [-0.2426, 0.2751], [-0.2309, 0.2463]]}, "3": {"outline": [[0.4188, -0.0314], [0.4493, -0.0353], [0.4782, -0.0236], [0.4971, 0.0011], [0.5012, 0.0321], [0.4893, 0.0608], [0.4645, 0.0797], [0.4339, 0.0836], [0.4052, 0.0716], [0.3862, 0.047], [0.3822, 0.0162], [0.394, -0.0123]]}, "2": {"outline": [[0.2961, 0.0195], [0.3271, 0.0155], [0.3558, 0.0273], [0.3747, 0.052], [0.3787, 0.0826], [0.3666, 0.1114], [0.3419, 0.1303], [0.3113, 0.1344], [0.2825, 0.1225], [0.2636, 0.0979], [0.2598, 0.0671], [0.2716, 0.0384]]}}, "icon": [[0.027799999999999908, 0.027299999999999935], [0.2678000000000001, 0.26730000000000004]]}