{
"name": "snek_food_10",
"flags": {
	"0": { "outline": [[-0.08,-0.1],[-0.0826795,-0.09],[-0.09,-0.0826795],[-0.1,-0.08],[-0.11,-0.0826795],[-0.117321,-0.09],[-0.12,-0.1],[-0.117321,-0.11],[-0.11,-0.117321],[-0.1,-0.12],[-0.09,-0.117321],[-0.0826795,-0.11]] },
	"1": { "outline": [[-0.08,0.1],[-0.0826795,0.11],[-0.09,0.117321],[-0.1,0.12],[-0.11,0.117321],[-0.117321,0.11],[-0.12,0.1],[-0.117321,0.09],[-0.11,0.0826795],[-0.1,0.08],[-0.09,0.0826795],[-0.0826795,0.09]] },
	"2": { "outline": [[0.12,-0.1],[0.117321,-0.09],[0.11,-0.0826795],[0.1,-0.08],[0.09,-0.0826795],[0.0826795,-0.09],[0.08,-0.1],[0.0826795,-0.11],[0.09,-0.117321],[0.1,-0.12],[0.11,-0.117321],[0.117321,-0.11]] },
	"3": { "outline": [[0.12,0.1],[0.117321,0.11],[0.11,0.117321],[0.1,0.12],[0.09,0.117321],[0.0826795,0.11],[0.08,0.1],[0.0826795,0.09],[0.09,0.0826795],[0.1,0.08],[0.11,0.0826795],[0.117321,0.09]] }
},
"outline": [[0.206908,0],[0.196311,0.00981354],[0.186109,0.0196034],[0.195611,0.0293461],[0.209212,0.0390181],[0.217232,0.048596],[0.257668,0.0580569],[0.29865,0.067378],[0.327984,0.0765367],[0.362333,0.085511],[0.412447,0.0942793],[0.422297,0.102821],[0.396437,0.111114],[0.330999,0.11914],[0.272172,0.126879],[0.247849,0.134312],[0.220542,0.141421],[0.198827,0.14819],[0.174025,0.154602],[0.152225,0.160642],[0.13781,0.166294],[0.126473,0.171546],[0.113175,0.176384],[0.101391,0.180798],[0.0911138,0.184776],[0.0789317,0.188309],[0.0645459,0.191388],[0.0509488,0.194006],[0.0395607,0.196157],[0.0296933,0.197835],[0.0197654,0.199037],[0.00983435,0.199759],[-8.74228e-09,0.2],[-0.00982629,0.199759],[-0.0196855,0.199037],[-0.0296462,0.197835],[-0.039946,0.196157],[-0.0506195,0.194006],[-0.0629785,0.191388],[-0.0761935,0.188309],[-0.0884317,0.184776],[-0.0997651,0.180798],[-0.11608,0.176384],[-0.130376,0.171546],[-0.138167,0.166294],[-0.146261,0.160642],[-0.14779,0.154602],[-0.152543,0.14819],[-0.167324,0.141421],[-0.170233,0.134312],[-0.163209,0.126879],[-0.16314,0.11914],[-0.185885,0.111114],[-0.218549,0.102821],[-0.268203,0.0942793],[-0.336922,0.085511],[-0.389601,0.0765367],[-0.391672,0.067378],[-0.343796,0.0580569],[-0.352768,0.048596],[-0.361441,0.0390181],[-0.279809,0.0293461],[-0.248026,0.0196034],[-0.251872,0.0098135],[-0.228512,-1.74846e-08],[-0.271182,-0.00981353],[-0.328537,-0.0196035],[-0.364632,-0.0293461],[-0.318467,-0.0390181],[-0.24653,-0.0485961],[-0.229263,-0.058057],[-0.279184,-0.067378],[-0.307826,-0.0765367],[-0.277419,-0.0855111],[-0.265628,-0.0942794],[-0.274118,-0.102821],[-0.252905,-0.111114],[-0.216592,-0.11914],[-0.189546,-0.126879],[-0.191424,-0.134312],[-0.199668,-0.141421],[-0.188664,-0.14819],[-0.167748,-0.154602],[-0.141327,-0.160642],[-0.118122,-0.166294],[-0.113503,-0.171546],[-0.105078,-0.176384],[-0.0933871,-0.180798],[-0.082127,-0.184776],[-0.0706267,-0.188309],[-0.0596697,-0.191388],[-0.0490502,-0.194006],[-0.0393041,-0.196157],[-0.0297856,-0.197835],[-0.0198157,-0.199037],[-0.00984571,-0.199759],[2.38498e-09,-0.2],[0.00984143,-0.199759],[0.0197906,-0.199037],[0.0298729,-0.197835],[0.039795,-0.196157],[0.0493655,-0.194006],[0.0587058,-0.191388],[0.0678214,-0.188309],[0.0787353,-0.184776],[0.0951725,-0.180798],[0.110011,-0.176384],[0.119741,-0.171546],[0.132537,-0.166294],[0.149589,-0.160642],[0.161269,-0.154602],[0.180889,-0.14819],[0.21669,-0.141421],[0.242361,-0.134312],[0.240271,-0.126879],[0.247277,-0.11914],[0.258268,-0.111114],[0.255736,-0.102821],[0.273767,-0.0942793],[0.325897,-0.085511],[0.382651,-0.0765367],[0.39393,-0.0673779],[0.370452,-0.0580569],[0.347968,-0.048596],[0.360173,-0.039018],[0.291537,-0.029346],[0.192678,-0.0196034],[0.185239,-0.00981353]],
"inputs": [[-0.173205,0.218603,110.513],[-0.158671,0.224041,108.046],[-0.141421,0.228959,104.036],[-0.121752,0.233271,100.859],[-0.1,0.236905,98.2132],[-0.0765367,0.239797,95.9121],[-0.0517638,0.2419,93.8324],[-0.0261052,0.243176,91.8851],[1.49012e-08,0.243603,90],[0.0261052,0.243176,88.1149],[0.0517638,0.2419,86.1676],[0.0765367,0.239797,84.0879],[0.1,0.236905,81.7868],[0.121752,0.233271,79.1408],[0.141421,0.228959,75.9638],[0.158671,0.224041,71.9541],[0.173205,0.218603,69.4866]],
"outputs": [[0.173205,-0.225574,290.513],[0.158671,-0.231012,288.046],[0.141421,-0.235929,284.036],[0.121752,-0.240242,280.859],[0.1,-0.243875,278.213],[0.0765366,-0.246768,275.912],[0.0517638,-0.24887,273.832],[0.0261052,-0.250146,271.885],[0,-0.250574,270],[-0.0261053,-0.250146,268.115],[-0.0517638,-0.24887,266.168],[-0.0765367,-0.246768,264.088],[-0.1,-0.243875,261.787],[-0.121752,-0.240242,259.141],[-0.141421,-0.235929,255.964],[-0.158671,-0.231012,251.954],[-0.173205,-0.225574,249.487]],
"icon": [[-0.085223,-0.086131],[0.082777,0.081869]]
}