{
"name": "snek_food_15",
"flags": {
	"0": { "outline": [[-0.08,-0.1],[-0.0826795,-0.09],[-0.09,-0.0826795],[-0.1,-0.08],[-0.11,-0.0826795],[-0.117321,-0.09],[-0.12,-0.1],[-0.117321,-0.11],[-0.11,-0.117321],[-0.1,-0.12],[-0.09,-0.117321],[-0.0826795,-0.11]] },
	"1": { "outline": [[-0.08,0.1],[-0.0826795,0.11],[-0.09,0.117321],[-0.1,0.12],[-0.11,0.117321],[-0.117321,0.11],[-0.12,0.1],[-0.117321,0.09],[-0.11,0.0826795],[-0.1,0.08],[-0.09,0.0826795],[-0.0826795,0.09]] },
	"2": { "outline": [[0.12,-0.1],[0.117321,-0.09],[0.11,-0.0826795],[0.1,-0.08],[0.09,-0.0826795],[0.0826795,-0.09],[0.08,-0.1],[0.0826795,-0.11],[0.09,-0.117321],[0.1,-0.12],[0.11,-0.117321],[0.117321,-0.11]] },
	"3": { "outline": [[0.12,0.1],[0.117321,0.11],[0.11,0.117321],[0.1,0.12],[0.09,0.117321],[0.0826795,0.11],[0.08,0.1],[0.0826795,0.09],[0.09,0.0826795],[0.1,0.08],[0.11,0.0826795],[0.117321,0.09]] }
},
"outline": [[0.240605,0],[0.222345,0.00981354],[0.230051,0.0196034],[0.247323,0.0293461],[0.240333,0.0390181],[0.227686,0.048596],[0.246392,0.0580569],[0.242558,0.067378],[0.205256,0.0765367],[0.203718,0.085511],[0.224244,0.0942793],[0.193546,0.102821],[0.159175,0.111114],[0.152282,0.11914],[0.141039,0.126879],[0.142858,0.134312],[0.14669,0.141421],[0.14142,0.14819],[0.13662,0.154602],[0.132128,0.160642],[0.120784,0.166294],[0.110357,0.171546],[0.10072,0.176384],[0.0899701,0.180798],[0.0790042,0.184776],[0.0687309,0.188309],[0.0592198,0.191388],[0.0496031,0.194006],[0.0396929,0.196157],[0.0295728,0.197835],[0.0196303,0.199037],[0.00981445,0.199759],[-8.74228e-09,0.2],[-0.00981842,0.199759],[-0.0196724,0.199037],[-0.0297386,0.197835],[-0.0401974,0.196157],[-0.0508652,0.194006],[-0.0609628,0.191388],[-0.0719336,0.188309],[-0.0847739,0.184776],[-0.0968451,0.180798],[-0.106812,0.176384],[-0.11755,0.171546],[-0.128142,0.166294],[-0.14168,0.160642],[-0.158586,0.154602],[-0.172816,0.14819],[-0.178432,0.141421],[-0.185449,0.134312],[-0.192489,0.126879],[-0.189618,0.11914],[-0.189491,0.111114],[-0.190182,0.102821],[-0.206043,0.0942793],[-0.22949,0.085511],[-0.240987,0.0765367],[-0.228512,0.067378],[-0.191009,0.0580569],[-0.197059,0.048596],[-0.22838,0.0390181],[-0.219689,0.0293461],[-0.242473,0.0196034],[-0.275496,0.0098135],[-0.261228,-1.74846e-08],[-0.260394,-0.00981353],[-0.28046,-0.0196035],[-0.306188,-0.0293461],[-0.291053,-0.0390181],[-0.262378,-0.0485961],[-0.272531,-0.058057],[-0.305058,-0.067378],[-0.300719,-0.0765367],[-0.265063,-0.0855111],[-0.270848,-0.0942794],[-0.284942,-0.102821],[-0.260222,-0.111114],[-0.238748,-0.11914],[-0.214532,-0.126879],[-0.191303,-0.134312],[-0.179894,-0.141421],[-0.158981,-0.14819],[-0.139958,-0.154602],[-0.129402,-0.160642],[-0.120812,-0.166294],[-0.11043,-0.171546],[-0.100247,-0.176384],[-0.0928979,-0.180798],[-0.0836449,-0.184776],[-0.0714735,-0.188309],[-0.0604521,-0.191388],[-0.0503976,-0.194006],[-0.0399761,-0.196157],[-0.0297528,-0.197835],[-0.0197157,-0.199037],[-0.00982269,-0.199759],[2.38498e-09,-0.2],[0.0098233,-0.199759],[0.0196583,-0.199037],[0.0294274,-0.197835],[0.0391919,-0.196157],[0.0488919,-0.194006],[0.0582908,-0.191388],[0.0679221,-0.188309],[0.0780458,-0.184776],[0.0882785,-0.180798],[0.0988352,-0.176384],[0.107018,-0.171546],[0.114164,-0.166294],[0.128518,-0.160642],[0.14191,-0.154602],[0.152329,-0.14819],[0.170121,-0.141421],[0.185825,-0.134312],[0.198461,-0.126879],[0.219245,-0.11914],[0.229878,-0.111114],[0.235022,-0.102821],[0.249417,-0.0942793],[0.265357,-0.085511],[0.27934,-0.0765367],[0.277629,-0.0673779],[0.2587,-0.0580569],[0.254422,-0.048596],[0.27036,-0.039018],[0.25327,-0.029346],[0.230572,-0.0196034],[0.242705,-0.00981353]],
"inputs": [[-0.173205,0.218603,110.513],[-0.158671,0.224041,108.046],[-0.141421,0.228959,104.036],[-0.121752,0.233271,100.859],[-0.1,0.236905,98.2132],[-0.0765367,0.239797,95.9121],[-0.0517638,0.2419,93.8324],[-0.0261052,0.243176,91.8851],[1.49012e-08,0.243603,90],[0.0261052,0.243176,88.1149],[0.0517638,0.2419,86.1676],[0.0765367,0.239797,84.0879],[0.1,0.236905,81.7868],[0.121752,0.233271,79.1408],[0.141421,0.228959,75.9638],[0.158671,0.224041,71.9541],[0.173205,0.218603,69.4866]],
"outputs": [[0.173205,-0.225574,290.513],[0.158671,-0.231012,288.046],[0.141421,-0.235929,284.036],[0.121752,-0.240242,280.859],[0.1,-0.243875,278.213],[0.0765366,-0.246768,275.912],[0.0517638,-0.24887,273.832],[0.0261052,-0.250146,271.885],[0,-0.250574,270],[-0.0261053,-0.250146,268.115],[-0.0517638,-0.24887,266.168],[-0.0765367,-0.246768,264.088],[-0.1,-0.243875,261.787],[-0.121752,-0.240242,259.141],[-0.141421,-0.235929,255.964],[-0.158671,-0.231012,251.954],[-0.173205,-0.225574,249.487]],
"icon": [[-0.085223,-0.086131],[0.082777,0.081869]]
}