{"inputs": [[-0.519615, 0.248595, 150.199], [-0.476012, 0.324728, 146.667], [-0.424264, 0.39357, 139.399], [-0.365257, 0.453942, 131.835], [-0.3, 0.504813, 123.963], [-0.22961, 0.545311, 115.792], [-0.155291, 0.574743, 107.36], [-0.0783157, 0.592606, 98.7321], [2.62268e-08, 0.598595, 90], [0.0783157, 0.592606, 81.2679], [0.155291, 0.574743, 72.6404], [0.22961, 0.545311, 64.2079], [0.3, 0.504813, 56.0368], [0.365257, 0.453942, 48.1646], [0.424264, 0.39357, 40.6013], [0.476012, 0.324728, 33.3333], [0.519615, 0.248595, 29.8008]], "name": "turret_0", "outputs": [[0.866025, -0.549176, 278.512], [0.793353, -0.560052, 277.425], [0.707107, -0.569887, 275.711], [0.608761, -0.578511, 274.388], [0.5, -0.585779, 273.304], [0.382683, -0.591564, 272.372], [0.258819, -0.595769, 271.535], [0.130526, -0.59832, 270.754], [1.19249e-08, -0.599176, 270], [-0.130526, -0.59832, 269.246], [-0.258819, -0.595769, 268.465], [-0.382684, -0.591564, 267.628], [-0.5, -0.585779, 266.696], [-0.608761, -0.578511, 265.612], [-0.707107, -0.569887, 264.289], [-0.793353, -0.560052, 262.575], [-0.866025, -0.549176, 261.488]], "outline": [[0.390654, 0.811125], [0.390654, 1.50225], [0.209346, 1.50225], [0.209346, 0.811125], [0.154953, 0.811125], [0.154953, 0.55848], [-7.15493e-09, 0.6], [-0.154953, 0.55848], [-0.154953, 0.811125], [-0.209346, 0.811125], [-0.209346, 1.50225], [-0.390654, 1.50225], [-0.390654, 0.811125], [-0.445047, 0.811125], [-0.445047, 0.374568], [-0.519615, 0.3], [-0.6, 7.34788e-17], [-0.519615, -0.3], [-0.3, -0.519615], [2.62268e-08, -0.6], [0.3, -0.519615], [0.519615, -0.3], [0.6, 5.24537e-08], [0.519615, 0.3], [0.445047, 0.374568], [0.445047, 0.811125]], "flags": {"1": {"outline": [[0.212183, 0.586756], [0.390086, 0.586756], [0.390086, 0.764659], [0.212183, 0.764659]]}, "0": {"outline": [[0.4, 0], [0.34641, 0.2], [0.2, 0.34641], [-1.74846e-08, 0.4], [-0.2, 0.34641], [-0.34641, 0.2], [-0.4, -3.49691e-08], [-0.34641, -0.2], [-0.2, -0.34641], [4.76995e-09, -0.4], [0.2, -0.34641], [0.34641, -0.2]]}, "3": {"outline": [[-0.299803, -0.58976], [0.299803, -0.58976], [0.299803, -0.409695], [-0.299803, -0.409695]]}, "2": {"outline": [[-0.387168, 0.580418], [-0.209265, 0.580418], [-0.209265, 0.758321], [-0.387168, 0.758321]]}}, "icon": [[-0.075, -0.566319], [0.075, -0.416319]]}