{"inputs": [[0.0311, 0.5752, 442.699], [0.1182, 0.564, 439.16700000000003], [0.2015, 0.5426, 431.899], [0.2797, 0.5112, 424.33500000000004], [0.3518, 0.4703, 416.46299999999997], [0.4162, 0.421, 408.29200000000003], [0.4717, 0.3633, 399.86], [0.5179, 0.299, 391.2321], [0.5532, 0.2289, 382.5], [0.5778, 0.1544, 373.7679], [0.5905, 0.0766, 365.1404], [0.5919, -0.0034, 356.7079], [0.5812, -0.0839, 348.53679999999997], [0.5591, -0.1637, 340.6646], [0.5261, -0.2413, 333.10130000000004], [0.4824, -0.3155, 325.8333], [0.4288, -0.3852, 322.3008]], "name": "turret_13", "outputs": [[-0.1759, -1.0101, 571.012], [-0.2137, -0.9472, 569.925], [-0.2557, -0.8713, 568.211], [-0.3014, -0.7839, 566.8879999999999], [-0.3496, -0.6862, 565.804], [-0.3998, -0.5799, 564.8720000000001], [-0.4512, -0.467, 564.0350000000001], [-0.5026, -0.3497, 563.254], [-0.5535, -0.2292, 562.5], [-0.6025, -0.1085, 561.746], [-0.6492, 0.0112, 560.9649999999999], [-0.6929, 0.1272, 560.1279999999999], [-0.7324, 0.2378, 559.196], [-0.7673, 0.3412, 558.1120000000001], [-0.7968, 0.4351, 556.789], [-0.8209, 0.5185, 555.075], [-0.8385, 0.5899, 553.988]], "outline": [[0.8989, -0.0506], [1.5376, 0.2141], [1.4683, 0.3816], [0.8295, 0.117], [0.809, 0.1674], [0.5754, 0.0706], [0.5545, 0.2298], [0.4569, 0.357], [0.6902, 0.4535], [0.6694, 0.5038], [1.308, 0.7683], [1.2387, 0.9357], [0.6, 0.6713], [0.5792, 0.7215], [0.1758, 0.5547], [0.0786, 0.595], [-0.2293, 0.5544], [-0.4758, 0.3653], [-0.5949, 0.0782], [-0.5543, -0.2296], [-0.365, -0.4759], [-0.0782, -0.5947], [0.2298, -0.5544], [0.4764, -0.3652], [0.5166, -0.2678], [0.9198, -0.1007]], "flags": {"1": {"outline": [[0.6234, 0.0284], [0.6914, -0.136], [0.8558, -0.0677], [0.7878, 0.0964]]}, "0": {"outline": [[0.1533, -0.3696], [0.3176, -0.2436], [0.3967, -0.052], [0.3698, 0.1529], [0.244, 0.3173], [0.0525, 0.3965], [-0.1527, 0.3696], [-0.317, 0.2437], [-0.3964, 0.0522], [-0.3693, -0.1531], [-0.2435, -0.3173], [-0.0521, -0.3967]]}, "3": {"outline": [[-0.6593, 0.0512], [-0.4301, -0.5026], [-0.2636, -0.4336], [-0.4931, 0.12]]}, "2": {"outline": [[0.3883, 0.5798], [0.4564, 0.4156], [0.6208, 0.4834], [0.5526, 0.6478]]}}, "icon": [[-0.5289, -0.2632], [-0.3789, -0.11320000000000001]]}