{"inputs": [[-0.4286, -0.3851, 217.699], [-0.4823, -0.3157, 214.167], [-0.526, -0.2415, 206.899], [-0.5592, -0.1639, 199.335], [-0.5813, -0.0842, 191.463], [-0.5918, -0.0037, 183.292], [-0.5905, 0.0763, 174.86], [-0.5776, 0.1543, 166.2321], [-0.5531, 0.2289, 157.5], [-0.5177, 0.2989, 148.7679], [-0.4717, 0.3632, 140.1404], [-0.416, 0.4206, 131.7079], [-0.3516, 0.4701, 123.5368], [-0.2797, 0.5109, 115.66460000000001], [-0.2014, 0.5424, 108.10130000000001], [-0.1179, 0.5639, 100.83330000000001], [-0.0309, 0.575, 97.3008]], "name": "turret_3", "outputs": [[0.8387, 0.5897, 346.012], [0.8209, 0.5184, 344.925], [0.797, 0.435, 343.211], [0.7674, 0.3409, 341.888], [0.7325, 0.2376, 340.804], [0.6929, 0.127, 339.872], [0.6494, 0.011, 339.035], [0.6027, -0.1086, 338.254], [0.5535, -0.2295, 337.5], [0.5028, -0.3498, 336.746], [0.4513, -0.4673, 335.965], [0.4, -0.5801, 335.128], [0.3498, -0.6863, 334.196], [0.3014, -0.7841, 333.112], [0.2559, -0.8715, 331.789], [0.2138, -0.9474, 330.075], [0.1759, -1.0104, 328.988]], "outline": [[-0.5999, 0.6712], [-1.2385, 0.9356], [-1.3079, 0.7681], [-0.6692, 0.5036], [-0.6902, 0.4534], [-0.4567, 0.3566], [-0.5545, 0.2294], [-0.5753, 0.0704], [-0.8087, 0.167], [-0.8296, 0.1168], [-1.468, 0.3813], [-1.5375, 0.2138], [-0.899, -0.0507], [-0.9197, -0.101], [-0.5165, -0.2681], [-0.4761, -0.3654], [-0.2296, -0.5545], [0.0783, -0.5951], [0.3652, -0.4762], [0.5543, -0.2298], [0.5948, 0.0781], [0.476, 0.365], [0.2295, 0.5542], [-0.0784, 0.5947], [-0.1758, 0.5543], [-0.5791, 0.7214]], "flags": {"1": {"outline": [[-0.461, 0.4203], [-0.3928, 0.5847], [-0.5573, 0.6528], [-0.6253, 0.4885]]}, "0": {"outline": [[0.153, 0.3694], [-0.0523, 0.3965], [-0.2436, 0.3171], [-0.3696, 0.1529], [-0.3967, -0.0523], [-0.3174, -0.2436], [-0.1532, -0.3697], [0.0521, -0.3968], [0.2434, -0.3176], [0.3694, -0.1533], [0.3965, 0.052], [0.3173, 0.2433]]}, "3": {"outline": [[0.4301, -0.5028], [0.6595, 0.051], [0.4931, 0.12], [0.2638, -0.4339]]}, "2": {"outline": [[-0.6845, -0.1358], [-0.6164, 0.0286], [-0.7808, 0.0967], [-0.8488, -0.0676]]}}, "icon": [[0.3789, -0.2632], [0.5289, -0.1132]]}