{"inputs": [[0.5198, -0.249, 330.199], [0.4762, -0.3251, 326.66700000000003], [0.4245, -0.3939, 319.399], [0.3655, -0.4542, 311.83500000000004], [0.3002, -0.5052, 303.96299999999997], [0.2299, -0.5457, 295.79200000000003], [0.1554, -0.575, 287.36], [0.0784, -0.593, 278.7321], [0.0001, -0.5989, 270.0], [-0.0781, -0.593, 261.2679], [-0.155, -0.575, 252.6404], [-0.2293, -0.5456, 244.2079], [-0.2997, -0.505, 236.0368], [-0.3649, -0.4542, 228.1646], [-0.424, -0.3939, 220.6013], [-0.4758, -0.325, 213.3333], [-0.5195, -0.2489, 209.80079999999998]], "name": "turret_8", "outputs": [[-0.8657, 0.5489, 458.512], [-0.7931, 0.5598, 457.425], [-0.7069, 0.5696, 455.711], [-0.6087, 0.5783, 454.388], [-0.4999, 0.5855, 453.304], [-0.3824, 0.5912, 452.372], [-0.2586, 0.5954, 451.535], [-0.1304, 0.598, 450.754], [0.0003, 0.5989, 450.0], [0.1307, 0.5981, 449.246], [0.2591, 0.5954, 448.465], [0.3829, 0.5913, 447.628], [0.5002, 0.5856, 446.696], [0.6091, 0.5782, 445.612], [0.7072, 0.5696, 444.289], [0.7934, 0.5598, 442.575], [0.8662, 0.5488, 441.488]], "outline": [[-0.3905, -0.8113], [-0.3904, -1.5026], [-0.2091, -1.5026], [-0.2091, -0.8112], [-0.1547, -0.8115], [-0.1546, -0.5587], [0.0003, -0.6004], [0.1552, -0.5588], [0.1552, -0.8114], [0.2095, -0.8114], [0.2096, -1.5025], [0.3908, -1.5026], [0.3908, -0.8114], [0.4452, -0.8114], [0.4454, -0.3748], [0.5198, -0.3004], [0.6002, -0.0004], [0.5199, 0.2997], [0.3001, 0.5194], [0.0002, 0.5998], [-0.2997, 0.5193], [-0.5193, 0.2998], [-0.5999, -0.0003], [-0.5195, -0.3004], [-0.4449, -0.3749], [-0.4448, -0.8113]], "flags": {"1": {"outline": [[-0.212, -0.587], [-0.3899, -0.5869], [-0.3898, -0.7649], [-0.2121, -0.7649]]}, "0": {"outline": [[-0.3998, -0.0003], [-0.3464, -0.2003], [-0.1996, -0.3468], [0.0001, -0.4003], [0.2001, -0.3469], [0.3466, -0.2003], [0.4002, -0.0004], [0.3467, 0.1995], [0.2002, 0.3461], [0.0002, 0.3996], [-0.1997, 0.3462], [-0.3463, 0.1998]]}, "3": {"outline": [[0.2999, 0.5895], [-0.2994, 0.5895], [-0.2995, 0.4094], [0.2999, 0.4095]]}, "2": {"outline": [[0.3874, -0.5808], [0.2095, -0.5808], [0.2094, -0.7586], [0.3872, -0.7586]]}}, "icon": [[-0.07500000000000001, 0.41609999999999997], [0.07500000000000001, 0.5660999999999999]]}