{"inputs": [[0.2489, 0.5196, 420.199], [0.3251, 0.4759, 416.66700000000003], [0.3939, 0.4242, 409.399], [0.4541, 0.3653, 401.83500000000004], [0.5051, 0.2999, 393.96299999999997], [0.5457, 0.2297, 385.79200000000003], [0.5749, 0.1552, 377.36], [0.593, 0.0781, 368.7321], [0.5988, -0.0002, 360.0], [0.593, -0.0784, 351.2679], [0.5749, -0.1552, 342.6404], [0.5456, -0.2296, 334.2079], [0.5049, -0.2999, 326.03679999999997], [0.454, -0.3652, 318.1646], [0.3938, -0.4242, 310.60130000000004], [0.325, -0.4761, 303.3333], [0.2488, -0.5199, 299.8008]], "name": "turret_12", "outputs": [[-0.549, -0.8659, 548.512], [-0.5598, -0.7933, 547.425], [-0.5696, -0.7071, 545.711], [-0.5784, -0.6089, 544.3879999999999], [-0.5855, -0.5002, 543.304], [-0.5912, -0.3827, 542.3720000000001], [-0.5955, -0.2588, 541.5350000000001], [-0.5981, -0.1307, 540.754], [-0.599, 0.0001, 540.0], [-0.5981, 0.1304, 539.246], [-0.5954, 0.2588, 538.4649999999999], [-0.5914, 0.3827, 537.6279999999999], [-0.5856, 0.5, 536.696], [-0.5782, 0.6089, 535.6120000000001], [-0.5696, 0.7069, 534.289], [-0.5599, 0.7932, 532.575], [-0.5489, 0.8659, 531.488]], "outline": [[0.8112, -0.3907], [1.5026, -0.3906], [1.5026, -0.2093], [0.8112, -0.2093], [0.8115, -0.1549], [0.5587, -0.1549], [0.6003, 0.0001], [0.5588, 0.155], [0.8113, 0.1549], [0.8113, 0.2093], [1.5025, 0.2093], [1.5026, 0.3905], [0.8113, 0.3906], [0.8113, 0.445], [0.3748, 0.4452], [0.3004, 0.5196], [0.0004, 0.6], [-0.2997, 0.5196], [-0.5196, 0.2999], [-0.5999, 0.0], [-0.5193, -0.3], [-0.2998, -0.5195], [0.0002, -0.6001], [0.3004, -0.5197], [0.3749, -0.4451], [0.8113, -0.445]], "flags": {"1": {"outline": [[0.5869, -0.2123], [0.5868, -0.3902], [0.7648, -0.39], [0.7648, -0.2124]]}, "0": {"outline": [[0.0003, -0.4001], [0.2003, -0.3466], [0.3467, -0.1998], [0.4002, -0.0002], [0.3469, 0.1998], [0.2003, 0.3463], [0.0004, 0.3999], [-0.1995, 0.3465], [-0.3462, 0.2], [-0.3997, -0.0001], [-0.3463, -0.2], [-0.1999, -0.3465]]}, "3": {"outline": [[-0.5895, 0.2996], [-0.5896, -0.2997], [-0.4094, -0.2997], [-0.4096, 0.2996]]}, "2": {"outline": [[0.5807, 0.3871], [0.5808, 0.2093], [0.7586, 0.2091], [0.7585, 0.387]]}}, "icon": [[-0.5663, -0.07519999999999999], [-0.4163, 0.0748]]}