{"inputs": [[-0.1914, 0.5433, 465.199], [-0.1067, 0.5663, 461.66700000000003], [-0.0215, 0.5784, 454.399], [0.0627, 0.5793, 446.83500000000004], [0.145, 0.5691, 438.96299999999997], [0.2234, 0.5482, 430.79200000000003], [0.2967, 0.5161, 422.36], [0.364, 0.4744, 413.7321], [0.4234, 0.4231, 405.0], [0.4747, 0.3637, 396.2679], [0.5162, 0.2967, 387.6404], [0.5481, 0.2233, 379.2079], [0.569, 0.1449, 371.03679999999997], [0.5791, 0.0627, 363.1646], [0.5783, -0.0217, 355.60130000000004], [0.5664, -0.1069, 348.3333], [0.5435, -0.1918, 344.8008]], "name": "turret_14", "outputs": [[0.224, -1.0006, 593.512], [0.165, -0.9569, 592.425], [0.0971, -0.9029, 590.711], [0.0215, -0.8396, 589.3879999999999], [-0.0604, -0.7678, 588.304], [-0.1475, -0.6888, 587.3720000000001], [-0.2382, -0.6042, 586.5350000000001], [-0.3306, -0.5155, 585.754], [-0.4237, -0.4236, 585.0], [-0.5152, -0.3309, 584.246], [-0.6041, -0.2381, 583.4649999999999], [-0.6889, -0.1477, 582.6279999999999], [-0.7677, -0.0606, 581.696], [-0.8395, 0.0215, 580.6120000000001], [-0.9027, 0.097, 579.289], [-0.9569, 0.1648, 577.575], [-1.0005, 0.2241, 576.488]], "outline": [[0.8498, 0.2972], [1.3386, 0.7862], [1.2105, 0.9144], [0.7215, 0.4255], [0.6833, 0.4642], [0.5045, 0.2854], [0.4243, 0.4245], [0.2855, 0.5046], [0.4641, 0.6831], [0.4256, 0.7216], [0.9144, 1.2103], [0.7863, 1.3385], [0.2974, 0.8498], [0.259, 0.8882], [-0.0499, 0.5797], [-0.1551, 0.5797], [-0.4241, 0.4244], [-0.5794, 0.1554], [-0.5796, -0.1555], [-0.4243, -0.4243], [-0.1551, -0.5794], [0.1553, -0.5794], [0.4244, -0.4243], [0.5798, -0.1551], [0.5797, -0.0498], [0.8883, 0.2589]], "flags": {"1": {"outline": [[0.565, 0.2648], [0.6908, 0.1389], [0.8165, 0.2649], [0.6909, 0.3905]]}, "0": {"outline": [[0.283, -0.2829], [0.3866, -0.1036], [0.3864, 0.1037], [0.2831, 0.2827], [0.104, 0.3865], [-0.1033, 0.3864], [-0.2826, 0.283], [-0.3862, 0.1038], [-0.3863, -0.1035], [-0.2826, -0.2828], [-0.1036, -0.3864], [0.1036, -0.3865]]}, "3": {"outline": [[-0.6288, -0.2051], [-0.2051, -0.629], [-0.0777, -0.5015], [-0.5015, -0.0779]]}, "2": {"outline": [[0.1368, 0.6842], [0.2626, 0.5586], [0.3885, 0.6841], [0.2626, 0.8099]]}}, "icon": [[-0.4224, -0.4226], [-0.2724, -0.2726]]}