{"inputs": [[-0.2487, -0.5199, 240.199], [-0.3248, -0.4763, 236.667], [-0.3936, -0.4245, 229.399], [-0.454, -0.3655, 221.835], [-0.5049, -0.3003, 213.963], [-0.5454, -0.2299, 205.792], [-0.5748, -0.1555, 197.36], [-0.5927, -0.0785, 188.7321], [-0.5986, -0.0002, 180.0], [-0.5927, 0.078, 171.2679], [-0.5748, 0.155, 162.6404], [-0.5453, 0.2293, 154.2079], [-0.5048, 0.2997, 146.0368], [-0.454, 0.3649, 138.1646], [-0.3937, 0.424, 130.6013], [-0.3248, 0.4758, 123.33330000000001], [-0.2486, 0.5194, 119.8008]], "name": "turret_4", "outputs": [[0.5491, 0.8657, 368.512], [0.56, 0.793, 367.425], [0.5698, 0.7068, 365.711], [0.5785, 0.6086, 364.388], [0.5858, 0.4998, 363.304], [0.5915, 0.3824, 362.372], [0.5957, 0.2586, 361.535], [0.5983, 0.1303, 360.754], [0.5991, -0.0003, 360.0], [0.5983, -0.1308, 359.246], [0.5957, -0.2591, 358.465], [0.5915, -0.3829, 357.628], [0.5858, -0.5002, 356.696], [0.5785, -0.6091, 355.612], [0.5699, -0.7073, 354.289], [0.56, -0.7935, 352.575], [0.5491, -0.8662, 351.488]], "outline": [[-0.8111, 0.3905], [-1.5023, 0.3904], [-1.5023, 0.2091], [-0.811, 0.2091], [-0.8112, 0.1547], [-0.5585, 0.1546], [-0.6001, -0.0003], [-0.5585, -0.1552], [-0.8111, -0.1552], [-0.8112, -0.2096], [-1.5022, -0.2096], [-1.5023, -0.3909], [-0.8112, -0.3909], [-0.8111, -0.4453], [-0.3746, -0.4454], [-0.3001, -0.5198], [0.0, -0.6002], [0.3, -0.5199], [0.5196, -0.3002], [0.6, -0.0002], [0.5196, 0.2997], [0.3, 0.5193], [-0.0001, 0.5998], [-0.3001, 0.5194], [-0.3746, 0.4448], [-0.8111, 0.4448]], "flags": {"1": {"outline": [[-0.5868, 0.2118], [-0.5867, 0.3898], [-0.7647, 0.3898], [-0.7647, 0.212]]}, "0": {"outline": [[-0.0001, 0.3998], [-0.2001, 0.3463], [-0.3465, 0.1997], [-0.4, -0.0002], [-0.3465, -0.2002], [-0.2001, -0.3466], [-0.0001, -0.4002], [0.1999, -0.3467], [0.3464, -0.2003], [0.3999, -0.0003], [0.3464, 0.1997], [0.2, 0.3462]]}, "3": {"outline": [[0.5897, -0.3], [0.5897, 0.2994], [0.4096, 0.2995], [0.4097, -0.3]]}, "2": {"outline": [[-0.5805, -0.3875], [-0.5805, -0.2095], [-0.7584, -0.2095], [-0.7584, -0.3873]]}}, "icon": [[0.4163, -0.07520000000000002], [0.5663, 0.07479999999999998]]}