{"inputs": [[0.1916, -0.5436, 285.199], [0.107, -0.5666, 281.66700000000003], [0.0218, -0.5786, 274.399], [-0.0626, -0.5796, 266.83500000000004], [-0.1448, -0.5695, 258.96299999999997], [-0.2232, -0.5484, 250.792], [-0.2966, -0.5165, 242.36], [-0.3637, -0.4747, 233.7321], [-0.4232, -0.4235, 225.0], [-0.4744, -0.3641, 216.2679], [-0.5161, -0.2969, 207.6404], [-0.5478, -0.2236, 199.2079], [-0.5689, -0.1451, 191.0368], [-0.5791, -0.0631, 183.1646], [-0.5782, 0.0213, 175.6013], [-0.5662, 0.1066, 168.3333], [-0.5432, 0.1914, 164.80079999999998]], "name": "turret_6", "outputs": [[-0.2239, 1.0003, 413.512], [-0.1648, 0.9566, 412.425], [-0.0969, 0.9026, 410.711], [-0.0214, 0.8393, 409.388], [0.0607, 0.7675, 408.304], [0.1478, 0.6885, 407.372], [0.2383, 0.6039, 406.535], [0.3308, 0.5151, 405.754], [0.4238, 0.4233, 405.0], [0.5155, 0.3305, 404.246], [0.6044, 0.2379, 403.465], [0.689, 0.1474, 402.628], [0.7679, 0.0604, 401.696], [0.8397, -0.0218, 400.612], [0.903, -0.0973, 399.289], [0.957, -0.1652, 397.575], [1.0007, -0.2244, 396.488]], "outline": [[-0.8497, -0.2975], [-1.3384, -0.7864], [-1.2102, -0.9146], [-0.7214, -0.4257], [-0.6831, -0.4644], [-0.5043, -0.2857], [-0.4242, -0.4247], [-0.2852, -0.5048], [-0.4639, -0.6834], [-0.4255, -0.7219], [-0.9141, -1.2106], [-0.786, -1.3388], [-0.2973, -0.8501], [-0.2588, -0.8885], [0.05, -0.5799], [0.1553, -0.5799], [0.4243, -0.4246], [0.5797, -0.1556], [0.5796, 0.155], [0.4244, 0.424], [0.1554, 0.5792], [-0.1551, 0.5792], [-0.4243, 0.424], [-0.5796, 0.155], [-0.5795, 0.0495], [-0.8881, -0.2591]], "flags": {"1": {"outline": [[-0.5648, -0.2652], [-0.6906, -0.1393], [-0.8164, -0.2652], [-0.6907, -0.3909]]}, "0": {"outline": [[-0.2828, 0.2825], [-0.3864, 0.1033], [-0.3863, -0.104], [-0.2828, -0.2831], [-0.1036, -0.3867], [0.1035, -0.3867], [0.2828, -0.2832], [0.3864, -0.104], [0.3865, 0.1032], [0.2829, 0.2824], [0.1037, 0.386], [-0.1035, 0.3861]]}, "3": {"outline": [[0.629, 0.2048], [0.2052, 0.6286], [0.0778, 0.5013], [0.5018, 0.0775]]}, "2": {"outline": [[-0.1366, -0.6846], [-0.2624, -0.5588], [-0.3882, -0.6845], [-0.2625, -0.8102]]}}, "icon": [[0.2724, 0.2722], [0.4224, 0.4222]]}