{"inputs": [[0.5755, -0.0312, 352.699], [0.5643, -0.1182, 349.16700000000003], [0.5429, -0.2015, 341.899], [0.5114, -0.2798, 334.33500000000004], [0.4706, -0.3519, 326.46299999999997], [0.4212, -0.4162, 318.29200000000003], [0.3636, -0.4718, 309.86], [0.2993, -0.5179, 301.2321], [0.2292, -0.5533, 292.5], [0.1547, -0.5778, 283.7679], [0.0768, -0.5906, 275.1404], [-0.0031, -0.5919, 266.7079], [-0.0837, -0.5813, 258.53679999999997], [-0.1634, -0.5593, 250.6646], [-0.241, -0.5262, 243.1013], [-0.3153, -0.4824, 235.8333], [-0.3848, -0.4288, 232.30079999999998]], "name": "turret_9", "outputs": [[-1.0099, 0.1758, 481.012], [-0.947, 0.2136, 479.925], [-0.8711, 0.2557, 478.211], [-0.7837, 0.3013, 476.888], [-0.686, 0.3496, 475.804], [-0.5796, 0.3998, 474.872], [-0.4668, 0.4511, 474.035], [-0.3494, 0.5025, 473.254], [-0.229, 0.5534, 472.5], [-0.1082, 0.6025, 471.746], [0.0115, 0.6492, 470.965], [0.1274, 0.6928, 470.128], [0.238, 0.7324, 469.196], [0.3414, 0.7672, 468.112], [0.4353, 0.7968, 466.789], [0.5187, 0.8208, 465.075], [0.5902, 0.8385, 463.988]], "outline": [[-0.0504, -0.899], [0.2143, -1.5377], [0.3818, -1.4683], [0.1172, -0.8295], [0.1676, -0.809], [0.0709, -0.5754], [0.23, -0.5546], [0.3572, -0.4569], [0.4538, -0.6903], [0.504, -0.6695], [0.7686, -1.308], [0.936, -1.2387], [0.6715, -0.6001], [0.7218, -0.5793], [0.5549, -0.1759], [0.5951, -0.0787], [0.5546, 0.2293], [0.3656, 0.4758], [0.0784, 0.5947], [-0.2294, 0.5542], [-0.4757, 0.365], [-0.5945, 0.0782], [-0.5542, -0.2299], [-0.365, -0.4764], [-0.2676, -0.5167], [-0.1005, -0.9198]], "flags": {"1": {"outline": [[0.0287, -0.6235], [-0.1357, -0.6915], [-0.0675, -0.8559], [0.0967, -0.7879]]}, "0": {"outline": [[-0.3693, -0.1533], [-0.2434, -0.3177], [-0.0517, -0.3968], [0.1532, -0.3698], [0.3176, -0.244], [0.3968, -0.0525], [0.3698, 0.1527], [0.2439, 0.3169], [0.0525, 0.3963], [-0.1528, 0.3692], [-0.317, 0.2434], [-0.3964, 0.052]]}, "3": {"outline": [[0.0514, 0.6593], [-0.5023, 0.43], [-0.4334, 0.2636], [0.1203, 0.493]]}, "2": {"outline": [[0.5801, -0.3884], [0.4158, -0.4565], [0.4837, -0.6208], [0.648, -0.5527]]}}, "icon": [[-0.263, 0.3787], [-0.11299999999999999, 0.5287]]}