{"inputs": [[0.4289, 0.3848, 397.699], [0.4825, 0.3153, 394.16700000000003], [0.5263, 0.2412, 386.899], [0.5594, 0.1637, 379.33500000000004], [0.5815, 0.0838, 371.46299999999997], [0.5921, 0.0034, 363.29200000000003], [0.5906, -0.0766, 354.86], [0.5778, -0.1547, 346.2321], [0.5532, -0.2293, 337.5], [0.5179, -0.2993, 328.7679], [0.4718, -0.3634, 320.1404], [0.4163, -0.4209, 311.7079], [0.3518, -0.4703, 303.53679999999997], [0.2798, -0.5111, 295.6646], [0.2016, -0.5426, 288.10130000000004], [0.1181, -0.5642, 280.8333], [0.031, -0.5755, 277.3008]], "name": "turret_11", "outputs": [[-0.8385, -0.5899, 526.012], [-0.8207, -0.5187, 524.925], [-0.7968, -0.4353, 523.211], [-0.7673, -0.3412, 521.8879999999999], [-0.7323, -0.238, 520.804], [-0.6926, -0.1273, 519.8720000000001], [-0.6491, -0.0112, 519.0350000000001], [-0.6025, 0.1081, 518.254], [-0.5533, 0.2293, 517.5], [-0.5026, 0.3494, 516.746], [-0.451, 0.467, 515.9649999999999], [-0.3999, 0.5799, 515.1279999999999], [-0.3496, 0.6861, 514.196], [-0.3011, 0.7838, 513.1120000000001], [-0.2557, 0.8711, 511.789], [-0.2137, 0.9471, 510.075], [-0.1757, 1.0101, 508.988]], "outline": [[0.6, -0.6714], [1.2388, -0.9359], [1.3082, -0.7684], [0.6694, -0.5038], [0.6905, -0.4536], [0.4569, -0.3569], [0.5547, -0.2296], [0.5756, -0.0706], [0.8089, -0.1673], [0.8297, -0.1171], [1.4683, -0.3816], [1.5377, -0.2142], [0.8991, 0.0504], [0.9199, 0.1007], [0.5167, 0.2679], [0.4764, 0.3651], [0.23, 0.5542], [-0.078, 0.5948], [-0.3652, 0.4759], [-0.5542, 0.2296], [-0.5945, -0.0784], [-0.4757, -0.3652], [-0.2294, -0.5545], [0.0787, -0.5951], [0.1761, -0.5547], [0.5793, -0.7216]], "flags": {"1": {"outline": [[0.4611, -0.4207], [0.3929, -0.585], [0.5574, -0.653], [0.6254, -0.4889]]}, "0": {"outline": [[-0.1528, -0.3697], [0.0525, -0.3968], [0.2439, -0.3172], [0.3697, -0.1533], [0.397, 0.0519], [0.3176, 0.2433], [0.1535, 0.3693], [-0.0517, 0.3965], [-0.2432, 0.3173], [-0.3692, 0.1529], [-0.3964, -0.0522], [-0.3172, -0.2436]]}, "3": {"outline": [[-0.4299, 0.5024], [-0.6593, -0.0512], [-0.4929, -0.1202], [-0.2637, 0.4336]]}, "2": {"outline": [[0.6847, 0.1354], [0.6167, -0.0289], [0.7809, -0.0971], [0.8489, 0.0673]]}}, "icon": [[-0.5289, 0.11280000000000004], [-0.3789, 0.26280000000000003]]}