{"inputs": [[-0.5752, 0.0308, 172.699], [-0.5641, 0.1178, 169.167], [-0.5426, 0.2012, 161.899], [-0.5112, 0.2796, 154.335], [-0.4704, 0.3515, 146.463], [-0.4209, 0.4159, 138.292], [-0.3635, 0.4715, 129.86], [-0.2992, 0.5175, 121.2321], [-0.2291, 0.553, 112.5], [-0.1545, 0.5774, 103.7679], [-0.0765, 0.5904, 95.1404], [0.0034, 0.5916, 86.7079], [0.0839, 0.5811, 78.5368], [0.1637, 0.5591, 70.66460000000001], [0.2413, 0.5259, 63.1013], [0.3155, 0.4821, 55.8333], [0.3849, 0.4285, 52.300799999999995]], "name": "turret_1", "outputs": [[1.0102, -0.176, 301.012], [0.9472, -0.2139, 299.925], [0.8713, -0.256, 298.211], [0.7838, -0.3016, 296.888], [0.6861, -0.3499, 295.804], [0.5799, -0.4001, 294.872], [0.4671, -0.4514, 294.035], [0.3495, -0.5029, 293.254], [0.2292, -0.5536, 292.5], [0.1083, -0.6028, 291.746], [-0.0112, -0.6495, 290.965], [-0.1272, -0.693, 290.128], [-0.2378, -0.7326, 289.196], [-0.3411, -0.7675, 288.112], [-0.4352, -0.7972, 286.789], [-0.5187, -0.8211, 285.075], [-0.59, -0.8388, 283.988]], "outline": [[0.0505, 0.8988], [-0.214, 1.5373], [-0.3815, 1.468], [-0.117, 0.8294], [-0.1673, 0.8086], [-0.0706, 0.5752], [-0.2297, 0.5543], [-0.3569, 0.4566], [-0.4536, 0.69], [-0.5039, 0.6692], [-0.7683, 1.3077], [-0.9359, 1.2384], [-0.6714, 0.5998], [-0.7216, 0.579], [-0.5546, 0.1757], [-0.5949, 0.0783], [-0.5544, -0.2297], [-0.3653, -0.4761], [-0.0784, -0.5949], [0.2296, -0.5544], [0.476, -0.3653], [0.5948, -0.0784], [0.5543, 0.2296], [0.3652, 0.476], [0.2678, 0.5163], [0.1007, 0.9196]], "flags": {"1": {"outline": [[-0.0286, 0.6232], [0.1358, 0.6913], [0.0677, 0.8557], [-0.0966, 0.7876]]}, "0": {"outline": [[0.3695, 0.153], [0.2435, 0.3173], [0.0522, 0.3965], [-0.1531, 0.3695], [-0.3174, 0.2435], [-0.3966, 0.0522], [-0.3696, -0.1531], [-0.2436, -0.3174], [-0.0523, -0.3966], [0.153, -0.3696], [0.3173, -0.2436], [0.3965, -0.0523]]}, "3": {"outline": [[-0.0513, -0.6596], [0.5026, -0.4302], [0.4337, -0.2638], [-0.1202, -0.4933]]}, "2": {"outline": [[-0.5799, 0.388], [-0.4155, 0.4561], [-0.4836, 0.6205], [-0.6479, 0.5524]]}}, "icon": [[0.113, -0.529], [0.263, -0.379]]}