{"inputs": [[0.385, -0.4289, 307.699], [0.3156, -0.4826, 304.16700000000003], [0.2415, -0.5263, 296.899], [0.1639, -0.5595, 289.33500000000004], [0.0841, -0.5816, 281.46299999999997], [0.0036, -0.5921, 273.29200000000003], [-0.0764, -0.5907, 264.86], [-0.1544, -0.5778, 256.2321], [-0.229, -0.5533, 247.5], [-0.299, -0.518, 238.7679], [-0.3632, -0.4719, 230.1404], [-0.4206, -0.4163, 221.7079], [-0.4701, -0.3518, 213.5368], [-0.5109, -0.28, 205.6646], [-0.5424, -0.2016, 198.1013], [-0.5639, -0.1182, 190.8333], [-0.5751, -0.0311, 187.30079999999998]], "name": "turret_7", "outputs": [[-0.5897, 0.8384, 436.012], [-0.5184, 0.8207, 434.925], [-0.435, 0.7968, 433.211], [-0.341, 0.7672, 431.888], [-0.2377, 0.7323, 430.804], [-0.127, 0.6926, 429.872], [-0.011, 0.6491, 429.035], [0.1084, 0.6024, 428.254], [0.2295, 0.5532, 427.5], [0.3497, 0.5026, 426.746], [0.4673, 0.451, 425.965], [0.5801, 0.3998, 425.128], [0.6863, 0.3496, 424.196], [0.7841, 0.3011, 423.112], [0.8714, 0.2556, 421.789], [0.9473, 0.2136, 420.075], [1.0104, 0.1756, 418.988]], "outline": [[-0.6712, -0.6001], [-0.9356, -1.2388], [-0.7681, -1.3082], [-0.5036, -0.6694], [-0.4534, -0.6905], [-0.3566, -0.457], [-0.2294, -0.5548], [-0.0704, -0.5756], [-0.1671, -0.809], [-0.1169, -0.8298], [-0.3813, -1.4683], [-0.2139, -1.5377], [0.0506, -0.8992], [0.1009, -0.92], [0.2681, -0.5167], [0.3653, -0.4764], [0.5544, -0.23], [0.5951, 0.078], [0.4761, 0.365], [0.2298, 0.5541], [-0.0781, 0.5945], [-0.365, 0.4757], [-0.5543, 0.2293], [-0.5948, -0.0787], [-0.5544, -0.1761], [-0.7214, -0.5793]], "flags": {"1": {"outline": [[-0.4204, -0.4612], [-0.5848, -0.393], [-0.6528, -0.5575], [-0.4886, -0.6255]]}, "0": {"outline": [[-0.3694, 0.1527], [-0.3966, -0.0525], [-0.3171, -0.244], [-0.153, -0.3698], [0.0522, -0.397], [0.2436, -0.3177], [0.3696, -0.1535], [0.3967, 0.0517], [0.3175, 0.2432], [0.1532, 0.3691], [-0.052, 0.3963], [-0.2434, 0.3171]]}, "3": {"outline": [[0.5027, 0.4299], [-0.051, 0.6592], [-0.12, 0.4929], [0.4339, 0.2636]]}, "2": {"outline": [[0.1357, -0.6848], [-0.0286, -0.6167], [-0.0968, -0.781], [0.0675, -0.849]]}}, "icon": [[0.11299999999999999, 0.3787], [0.263, 0.5287]]}