{"inputs": [[0.5436, 0.1914, 375.199], [0.5665, 0.1067, 371.66700000000003], [0.5786, 0.0215, 364.399], [0.5795, -0.0628, 356.83500000000004], [0.5694, -0.1451, 348.96299999999997], [0.5484, -0.2234, 340.79200000000003], [0.5164, -0.2968, 332.36], [0.4747, -0.364, 323.7321], [0.4234, -0.4235, 315.0], [0.364, -0.4747, 306.2679], [0.2969, -0.5163, 297.6404], [0.2236, -0.5481, 289.2079], [0.1451, -0.5691, 281.03679999999997], [0.063, -0.5793, 273.1646], [-0.0213, -0.5784, 265.60130000000004], [-0.1067, -0.5664, 258.3333], [-0.1915, -0.5435, 254.80079999999998]], "name": "turret_10", "outputs": [[-1.0004, -0.2241, 503.512], [-0.9567, -0.1651, 502.425], [-0.9027, -0.0972, 500.711], [-0.8394, -0.0216, 499.388], [-0.7676, 0.0604, 498.304], [-0.6885, 0.1475, 497.372], [-0.6039, 0.2381, 496.535], [-0.5152, 0.3305, 495.754], [-0.4234, 0.4236, 495.0], [-0.3306, 0.5152, 494.246], [-0.2379, 0.6041, 493.465], [-0.1475, 0.6888, 492.628], [-0.0604, 0.7677, 491.696], [0.0218, 0.8394, 490.612], [0.0972, 0.9027, 489.289], [0.1651, 0.9568, 487.575], [0.2243, 1.0005, 486.488]], "outline": [[0.2974, -0.8499], [0.7864, -1.3387], [0.9146, -1.2105], [0.4257, -0.7216], [0.4644, -0.6833], [0.2856, -0.5045], [0.4247, -0.4244], [0.5048, -0.2855], [0.6834, -0.4641], [0.7218, -0.4257], [1.2106, -0.9144], [1.3387, -0.7863], [0.85, -0.2975], [0.8885, -0.259], [0.5799, 0.0498], [0.5799, 0.155], [0.4246, 0.424], [0.1556, 0.5794], [-0.1552, 0.5794], [-0.4241, 0.4242], [-0.5792, 0.1551], [-0.5792, -0.1553], [-0.4241, -0.4245], [-0.155, -0.5799], [-0.0495, -0.5798], [0.2591, -0.8883]], "flags": {"1": {"outline": [[0.2651, -0.5651], [0.1392, -0.6908], [0.2651, -0.8166], [0.3908, -0.691]]}, "0": {"outline": [[-0.2826, -0.283], [-0.1033, -0.3867], [0.104, -0.3864], [0.283, -0.2831], [0.3867, -0.1039], [0.3866, 0.1033], [0.2832, 0.2825], [0.104, 0.3861], [-0.1032, 0.3862], [-0.2825, 0.2826], [-0.3861, 0.1035], [-0.3862, -0.1037]]}, "3": {"outline": [[-0.2049, 0.6287], [-0.6287, 0.205], [-0.5013, 0.0776], [-0.0776, 0.5015]]}, "2": {"outline": [[0.6845, -0.1369], [0.5588, -0.2627], [0.6844, -0.3885], [0.8101, -0.2627]]}}, "icon": [[-0.4224, 0.2722], [-0.2724, 0.42219999999999996]]}