{"inputs": [[-0.5433, -0.1917, 195.199], [-0.5663, -0.1071, 191.667], [-0.5783, -0.0218, 184.399], [-0.5793, 0.0626, 176.835], [-0.5692, 0.1447, 168.963], [-0.5481, 0.2231, 160.792], [-0.5163, 0.2965, 152.36], [-0.4745, 0.3636, 143.7321], [-0.4233, 0.4232, 135.0], [-0.3638, 0.4743, 126.2679], [-0.2967, 0.5161, 117.6404], [-0.2233, 0.5478, 109.2079], [-0.1449, 0.5689, 101.0368], [-0.0628, 0.5791, 93.16460000000001], [0.0216, 0.5782, 85.60130000000001], [0.1069, 0.5661, 78.33330000000001], [0.1916, 0.5431, 74.8008]], "name": "turret_2", "outputs": [[1.0006, 0.2239, 323.512], [0.9569, 0.1648, 322.425], [0.9029, 0.0969, 320.711], [0.8395, 0.0213, 319.388], [0.7677, -0.0608, 318.304], [0.6888, -0.1478, 317.372], [0.6042, -0.2383, 316.535], [0.5153, -0.3309, 315.754], [0.4236, -0.4238, 315.0], [0.3307, -0.5155, 314.246], [0.2382, -0.6044, 313.465], [0.1476, -0.689, 312.628], [0.0606, -0.7679, 311.696], [-0.0215, -0.8397, 310.612], [-0.097, -0.9031, 309.289], [-0.165, -0.9571, 307.575], [-0.2241, -1.0008, 306.488]], "outline": [[-0.2973, 0.8497], [-0.7861, 1.3383], [-0.9143, 1.2102], [-0.4255, 0.7214], [-0.4641, 0.683], [-0.2854, 0.5043], [-0.4244, 0.4242], [-0.5045, 0.2852], [-0.6832, 0.4638], [-0.7217, 0.4254], [-1.2103, 0.9141], [-1.3386, 0.7859], [-0.8499, 0.2972], [-0.8883, 0.2587], [-0.5797, -0.05], [-0.5796, -0.1554], [-0.4243, -0.4244], [-0.1553, -0.5797], [0.1552, -0.5797], [0.4242, -0.4244], [0.5795, -0.1554], [0.5795, 0.1551], [0.4242, 0.4242], [0.1552, 0.5795], [0.0498, 0.5794], [-0.2589, 0.8881]], "flags": {"1": {"outline": [[-0.265, 0.5648], [-0.1391, 0.6906], [-0.265, 0.8164], [-0.3907, 0.6906]]}, "0": {"outline": [[0.2828, 0.2827], [0.1035, 0.3863], [-0.1036, 0.3862], [-0.2829, 0.2827], [-0.3865, 0.1035], [-0.3864, -0.1036], [-0.2829, -0.2829], [-0.1036, -0.3865], [0.1034, -0.3865], [0.2827, -0.283], [0.3863, -0.1037], [0.3863, 0.1034]]}, "3": {"outline": [[0.205, -0.6291], [0.6289, -0.2052], [0.5016, -0.0778], [0.0777, -0.5018]]}, "2": {"outline": [[-0.6843, 0.1365], [-0.5585, 0.2623], [-0.6843, 0.3882], [-0.81, 0.2624]]}}, "icon": [[0.2724, -0.4225], [0.4224, -0.27249999999999996]]}