{"inputs": [[-0.0309, -0.5755, 262.699], [-0.1179, -0.5644, 259.16700000000003], [-0.2012, -0.5429, 251.899], [-0.2796, -0.5115, 244.335], [-0.3516, -0.4707, 236.463], [-0.416, -0.4212, 228.292], [-0.4716, -0.3637, 219.86], [-0.5176, -0.2994, 211.2321], [-0.553, -0.2293, 202.5], [-0.5775, -0.1548, 193.7679], [-0.5904, -0.0768, 185.1404], [-0.5916, 0.0031, 176.7079], [-0.5811, 0.0837, 168.5368], [-0.5591, 0.1633, 160.6646], [-0.526, 0.241, 153.1013], [-0.4822, 0.3152, 145.8333], [-0.4285, 0.3847, 142.30079999999998]], "name": "turret_5", "outputs": [[0.176, 1.0099, 391.012], [0.2139, 0.9469, 389.925], [0.2559, 0.871, 388.211], [0.3015, 0.7836, 386.888], [0.3499, 0.6859, 385.804], [0.4001, 0.5796, 384.872], [0.4513, 0.4668, 384.035], [0.5028, 0.3493, 383.254], [0.5536, 0.2289, 382.5], [0.6028, 0.1081, 381.746], [0.6495, -0.0115, 380.965], [0.693, -0.1274, 380.128], [0.7326, -0.238, 379.196], [0.7675, -0.3414, 378.112], [0.7971, -0.4354, 376.789], [0.821, -0.5188, 375.075], [0.8387, -0.5902, 373.988]], "outline": [[-0.8988, 0.0503], [-1.5374, -0.2143], [-1.468, -0.3818], [-0.8293, -0.1172], [-0.8087, -0.1676], [-0.5752, -0.0709], [-0.5544, -0.23], [-0.4566, -0.3572], [-0.69, -0.4538], [-0.6693, -0.5041], [-1.3077, -0.7686], [-1.2384, -0.9361], [-0.5999, -0.6716], [-0.579, -0.7218], [-0.1757, -0.5549], [-0.0784, -0.5951], [0.2296, -0.5546], [0.4761, -0.3656], [0.5949, -0.0786], [0.5544, 0.2294], [0.3653, 0.4757], [0.0784, 0.5945], [-0.2297, 0.5541], [-0.4761, 0.365], [-0.5164, 0.2675], [-0.9196, 0.1005]], "flags": {"1": {"outline": [[-0.6232, -0.0289], [-0.6913, 0.1356], [-0.8557, 0.0674], [-0.7877, -0.0968]]}, "0": {"outline": [[-0.1531, 0.3693], [-0.3174, 0.2433], [-0.3966, 0.0518], [-0.3695, -0.1533], [-0.2436, -0.3176], [-0.0523, -0.3968], [0.153, -0.3698], [0.3173, -0.2439], [0.3966, -0.0525], [0.3695, 0.1527], [0.2436, 0.317], [0.0522, 0.3963]]}, "3": {"outline": [[0.6596, -0.0515], [0.4302, 0.5022], [0.2638, 0.4334], [0.4933, -0.1204]]}, "2": {"outline": [[-0.3881, -0.5802], [-0.4562, -0.4158], [-0.6205, -0.4838], [-0.5525, -0.6481]]}}, "icon": [[0.3789, 0.1128], [0.5289, 0.2628]]}