{"inputs": [[-0.3848, 0.4286, 487.699], [-0.3153, 0.4823, 484.16700000000003], [-0.2413, 0.5261, 476.899], [-0.1638, 0.5591, 469.33500000000004], [-0.0839, 0.5812, 461.46299999999997], [-0.0034, 0.5919, 453.29200000000003], [0.0766, 0.5903, 444.86], [0.1547, 0.5775, 436.2321], [0.2292, 0.5529, 427.5], [0.2993, 0.5176, 418.7679], [0.3633, 0.4716, 410.1404], [0.4209, 0.416, 401.7079], [0.4702, 0.3516, 393.53679999999997], [0.511, 0.2795, 385.6646], [0.5425, 0.2012, 378.10130000000004], [0.5641, 0.1179, 370.8333], [0.5755, 0.0307, 367.3008]], "name": "turret_15", "outputs": [[0.5898, -0.8388, 616.012], [0.5186, -0.821, 614.925], [0.4352, -0.7971, 613.211], [0.3411, -0.7675, 611.8879999999999], [0.238, -0.7325, 610.804], [0.1273, -0.6929, 609.8720000000001], [0.0111, -0.6494, 609.0350000000001], [-0.1082, -0.6028, 608.254], [-0.2294, -0.5535, 607.5], [-0.3494, -0.5029, 606.746], [-0.467, -0.4512, 605.9649999999999], [-0.58, -0.4001, 605.1279999999999], [-0.6861, -0.3498, 604.196], [-0.7839, -0.3014, 603.1120000000001], [-0.8712, -0.2559, 601.789], [-0.9472, -0.214, 600.075], [-1.0102, -0.1759, 598.988]], "outline": [[0.6713, 0.5997], [0.9358, 1.2386], [0.7684, 1.308], [0.5037, 0.6692], [0.4536, 0.6903], [0.3568, 0.4567], [0.2295, 0.5545], [0.0706, 0.5754], [0.1673, 0.8087], [0.117, 0.8295], [0.3816, 1.468], [0.2142, 1.5375], [-0.0505, 0.8989], [-0.1007, 0.9197], [-0.268, 0.5164], [-0.3652, 0.4762], [-0.5543, 0.2297], [-0.5948, -0.0782], [-0.476, -0.3655], [-0.2297, -0.5544], [0.0784, -0.5947], [0.3652, -0.4759], [0.5544, -0.2296], [0.595, 0.0785], [0.5546, 0.1758], [0.7216, 0.5791]], "flags": {"1": {"outline": [[0.4206, 0.4608], [0.585, 0.3926], [0.6529, 0.5571], [0.4888, 0.6251]]}, "0": {"outline": [[0.3697, -0.1531], [0.3968, 0.0522], [0.3173, 0.2436], [0.1533, 0.3695], [-0.0519, 0.3968], [-0.2434, 0.3174], [-0.3694, 0.1533], [-0.3966, -0.0519], [-0.3173, -0.2435], [-0.1529, -0.3695], [0.0521, -0.3967], [0.2436, -0.3175]]}, "3": {"outline": [[-0.5025, -0.4302], [0.0512, -0.6597], [0.1201, -0.4931], [-0.4336, -0.2639]]}, "2": {"outline": [[-0.1355, 0.6844], [0.0288, 0.6165], [0.0971, 0.7806], [-0.0674, 0.8487]]}}, "icon": [[-0.263, -0.5290999999999999], [-0.11299999999999999, -0.3791]]}