{
"name": "car1",
"flags": {
	"0": { "outline": [[0.112392,0.0188512],[0.107111,0.027996],[0.101567,0.048852],[0.101567,0.070236],[0.107111,0.091092],[0.116351,0.107196],[0.0997189,0.082644],[0.0936469,0.060468],[0.0965509,0.02694],[0.0693589,0.035388],[-0.00192106,0.047268],[-0.021721,0.064956],[-0.0291131,0.096636],[-0.0283211,0.121716],[-0.013801,0.139668],[-0.0132731,0.171876],[-0.00852108,0.195636],[-0.00192106,0.212796],[-0.00403303,0.228636],[0.0342469,0.225468],[0.088367,0.232068],[0.140923,0.255665]] },
	"1": { "outline": [[0.151991,-0.01662],[0.172583,-0.022164],[0.194231,-0.022164],[0.215087,-0.01662],[0.233831,-0.00579599],[0.248879,0.00925199],[0.259703,0.027996],[0.265247,0.048852],[0.265247,0.070236],[0.259703,0.091092],[0.250463,0.107196],[0.267095,0.082644],[0.27126,0.0674325],[0.298031,0.305022],[0.276599,0.303348],[0.236207,0.294108],[0.153047,0.261108],[0.140923,0.255665],[0.112392,0.0188512],[0.117935,0.00925199],[0.133247,-0.00579599]] },
	"2": { "outline": [[0.816743,-0.022164],[0.796151,-0.01662],[0.777407,-0.00579599],[0.762095,0.00925199],[0.751271,0.027996],[0.745727,0.048852],[0.745727,0.070236],[0.751271,0.091092],[0.760511,0.107196],[0.743879,0.082644],[0.737807,0.060468],[0.737807,0.0375],[0.744143,0.010836],[0.711762,0.0140922],[0.736369,0.210955],[0.747047,0.204876],[0.759719,0.206196],[0.856607,0.192996],[0.875544,0.188806],[0.845682,-0.0202259],[0.838391,-0.022164]] },
	"3": { "outline": [[0.845682,-0.0202259],[0.859247,-0.01662],[0.877991,-0.00579599],[0.893039,0.00925199],[0.903863,0.027996],[0.909407,0.048852],[0.909407,0.070236],[0.903863,0.091092],[0.894623,0.107196],[0.911255,0.082644],[0.917327,0.060468],[0.917327,0.0375],[0.910727,0.010044],[0.952967,0.014796],[1.01237,0.029316],[1.01052,0.043308],[1.01448,0.063108],[1.01448,0.099276],[1.00788,0.130428],[0.987287,0.156036],[0.948479,0.172668],[0.875544,0.188806]] }
},
"outline": [[1.01448,0.099276],[1.00788,0.130428],[0.987287,0.156036],[0.948479,0.172668],[0.856607,0.192996],[0.759719,0.206196],[0.747047,0.204876],[0.710879,0.225468],[0.644087,0.264276],[0.581519,0.294108],[0.541919,0.302556],[0.473279,0.308628],[0.361079,0.309948],[0.276599,0.303348],[0.236207,0.294108],[0.153047,0.261108],[0.088367,0.232068],[0.0342469,0.225468],[-0.00403303,0.228636],[-0.00192106,0.212796],[-0.00852108,0.195636],[-0.0132731,0.171876],[-0.013801,0.139668],[-0.0283211,0.121716],[-0.0291131,0.096636],[-0.021721,0.064956],[-0.00192106,0.047268],[0.0693589,0.035388],[0.0965509,0.02694],[0.0936469,0.060468],[0.0997189,0.082644],[0.116351,0.107196],[0.107111,0.091092],[0.101567,0.070236],[0.101567,0.048852],[0.107111,0.027996],[0.117935,0.00925199],[0.133247,-0.00579599],[0.151991,-0.01662],[0.172583,-0.022164],[0.194231,-0.022164],[0.215087,-0.01662],[0.233831,-0.00579599],[0.248879,0.00925199],[0.259703,0.027996],[0.265247,0.048852],[0.265247,0.070236],[0.259703,0.091092],[0.250463,0.107196],[0.267095,0.082644],[0.273167,0.060468],[0.273167,0.0375],[0.269735,0.015588],[0.322799,0.016908],[0.696887,0.015588],[0.744143,0.010836],[0.737807,0.0375],[0.737807,0.060468],[0.743879,0.082644],[0.760511,0.107196],[0.751271,0.091092],[0.745727,0.070236],[0.745727,0.048852],[0.751271,0.027996],[0.762095,0.00925199],[0.777407,-0.00579599],[0.796151,-0.01662],[0.816743,-0.022164],[0.838391,-0.022164],[0.859247,-0.01662],[0.877991,-0.00579599],[0.893039,0.00925199],[0.903863,0.027996],[0.909407,0.048852],[0.909407,0.070236],[0.903863,0.091092],[0.894623,0.107196],[0.911255,0.082644],[0.917327,0.060468],[0.917327,0.0375],[0.910727,0.010044],[0.952967,0.014796],[1.01237,0.029316],[1.01052,0.043308],[1.01448,0.063108]],
"inputs": [[0.1,0.4,102.549],[0.187704,0.419522,101.03],[0.276232,0.434352,97.949],[0.365469,0.444344,94.7991],[0.45511,0.44937,91.6046],[0.54489,0.44937,88.3954],[0.634531,0.444344,85.201],[0.723768,0.434352,82.051],[0.812296,0.419522,78.9698],[0.9,0.4,77.451]],
"outputs": [[0.1,-0.13,270],[0.2,-0.13,270],[0.3,-0.13,270],[0.4,-0.13,270],[0.5,-0.13,270],[0.6,-0.13,270],[0.7,-0.13,270],[0.8,-0.13,270],[0.9,-0.13,270]],
"icon": [[0.38,0.03],[0.62,0.27]]
}
