{
"name": "feather1",
"flags": {
	"0": { "outline": [[0.0345486,0.00611501],[0.0183086,0.027865],[-0.0272214,0.016265],[-0.0802914,-0.00693501],[-0.122921,-0.032455],[-0.137131,-0.013025],[-0.0875415,0.019165],[-0.0344715,0.042945],[0.0139585,0.058315],[0.0258486,0.098915],[0.0481785,0.138355],[0.0792086,0.169965],[0.122709,0.199545],[0.134817,0.20498],[0.107399,-0.0225852],[0.0626785,-0.011285]] },
	"1": { "outline": [[0.124849,-0.0269943],[0.107399,-0.0225852],[0.134817,0.20498],[0.188951,0.22928],[0.163721,0.20173],[0.146031,0.16925],[0.175611,0.19825],[0.224331,0.23508],[0.293299,0.26303],[0.26117,-0.0221188],[0.235547,-0.0225022],[0.187216,-0.0132222],[0.128329,0.0095457],[0.150949,-0.0107543],[0.184879,-0.0327943]] },
	"2": { "outline": [[0.812618,0.053385],[0.750849,0.051355],[0.717059,0.0564718],[0.744765,0.278123],[0.801309,0.263925],[0.861049,0.238985],[0.880828,0.225798],[0.857266,0.060864]] },
	"3": { "outline": [[0.913249,0.204185],[0.950949,0.172285],[0.977338,0.138935],[0.981979,0.118055],[0.973278,0.099785],[0.929779,0.079485],[0.869749,0.062955],[0.857266,0.060864],[0.880828,0.225798]] }
},
"outline": [[0.0139585,0.058315],[0.0258486,0.098915],[0.0481785,0.138355],[0.0792086,0.169965],[0.122709,0.199545],[0.188951,0.22928],[0.163721,0.20173],[0.146031,0.16925],[0.175611,0.19825],[0.224331,0.23508],[0.303379,0.267115],[0.400819,0.286255],[0.502319,0.297855],[0.586129,0.303655],[0.545819,0.282485],[0.508699,0.254355],[0.585549,0.279585],[0.654279,0.292055],[0.735479,0.280455],[0.801309,0.263925],[0.861049,0.238985],[0.913249,0.204185],[0.950949,0.172285],[0.977338,0.138935],[0.981979,0.118055],[0.973278,0.099785],[0.929779,0.079485],[0.869749,0.062955],[0.812618,0.053385],[0.750849,0.051355],[0.674246,0.062955],[0.626976,0.082675],[0.660616,0.055415],[0.701216,0.033955],[0.628716,0.018585],[0.540019,0.00988498],[0.466649,0.010755],[0.428397,0.0128778],[0.354157,0.0233178],[0.284557,0.0528978],[0.325157,0.0157778],[0.387136,-0.0115364],[0.311871,-0.0213602],[0.235547,-0.0225022],[0.187216,-0.0132222],[0.128329,0.0095457],[0.150949,-0.0107543],[0.184879,-0.0327943],[0.124849,-0.0269943],[0.0626785,-0.011285],[0.0345486,0.00611501],[0.0183086,0.027865],[-0.0272214,0.016265],[-0.0802914,-0.00693501],[-0.122921,-0.032455],[-0.137131,-0.013025],[-0.0875415,0.019165],[-0.0344715,0.042945]],
"inputs": [[0.1,0.35,108.497],[0.186326,0.378879,106.344],[0.274397,0.401142,101.902],[0.364014,0.416332,97.2406],[0.454565,0.424032,92.4305],[0.545435,0.424032,87.5695],[0.635986,0.416332,82.7594],[0.725603,0.401142,78.0975],[0.813674,0.378879,73.6562],[0.9,0.35,71.5031]],
"outputs": [[0.1,-0.1,251.503],[0.186326,-0.128879,253.656],[0.274397,-0.151142,258.098],[0.364014,-0.166332,262.759],[0.454565,-0.174032,267.569],[0.545435,-0.174032,272.43],[0.635986,-0.166332,277.241],[0.725603,-0.151142,281.902],[0.813674,-0.128879,286.344],[0.9,-0.1,288.497]],
"icon": [[0.38,0.03],[0.62,0.27]]
}
