{
"name": "sneaker1",
"flags": {
	"0": { "outline": [[0.0330251,0.0248925],[0.0302301,0.0442425],[0.0338851,0.101647],[0.0394751,0.125297],[0.0510851,0.133038],[0.0553851,0.194742],[0.0674251,0.255587],[0.0861301,0.308047],[0.113435,0.364592],[0.121175,0.374698],[0.129775,0.374698],[0.14633,0.355992],[0.151962,0.347284],[0.110952,0.006899],[0.0796801,0.0083375],[0.0446351,0.0141425]] },
	"1": { "outline": [[0.151962,0.347284],[0.167185,0.323742],[0.192125,0.290847],[0.235125,0.267843],[0.291025,0.265047],[0.293603,0.265731],[0.264212,0.00488247],[0.18718,0.00339249],[0.110952,0.006899]] },
	"2": { "outline": [[0.851408,0.0198585],[0.83863,0.0162925],[0.71823,0.0040375],[0.710474,0.00379009],[0.738046,0.224367],[0.79176,0.209147],[0.865935,0.189797],[0.875298,0.187087]] },
	"3": { "outline": [[0.963975,0.0678925],[0.93108,0.0420925],[0.851408,0.0198585],[0.875298,0.187087],[0.906785,0.177972],[0.938175,0.160987],[0.954085,0.144647],[0.96333,0.143142],[0.97408,0.127447],[0.976875,0.0915425]] }
},
"outline": [[0.0510851,0.133038],[0.0553851,0.194742],[0.0674251,0.255587],[0.0861301,0.308047],[0.113435,0.364592],[0.121175,0.374698],[0.129775,0.374698],[0.14633,0.355992],[0.167185,0.323742],[0.192125,0.290847],[0.235125,0.267843],[0.291025,0.265047],[0.334025,0.276442],[0.36563,0.290847],[0.349075,0.308692],[0.34628,0.336643],[0.358535,0.359647],[0.371865,0.388027],[0.38541,0.394692],[0.41336,0.386522],[0.46281,0.355347],[0.515485,0.317722],[0.582135,0.283322],[0.661685,0.248922],[0.72726,0.227422],[0.79176,0.209147],[0.865935,0.189797],[0.906785,0.177972],[0.938175,0.160987],[0.954085,0.144647],[0.96333,0.143142],[0.97408,0.127447],[0.976875,0.0915425],[0.963975,0.0678925],[0.93108,0.0420925],[0.83863,0.0162925],[0.71823,0.0040375],[0.583425,-0.000262499],[0.424325,0.00554249],[0.298335,0.00554249],[0.18718,0.00339249],[0.0796801,0.0083375],[0.0446351,0.0141425],[0.0330251,0.0248925],[0.0302301,0.0442425],[0.0338851,0.101647],[0.0394751,0.125297]],
"inputs": [[0.1,0.45,108.497],[0.186326,0.478879,106.344],[0.274397,0.501142,101.902],[0.364014,0.516332,97.2406],[0.454565,0.524032,92.4305],[0.545435,0.524032,87.5695],[0.635986,0.516332,82.7594],[0.725603,0.501142,78.0975],[0.813674,0.478879,73.6562],[0.9,0.45,71.5031]],
"outputs": [[0.1,-0.1,270],[0.2,-0.1,270],[0.3,-0.1,270],[0.4,-0.1,270],[0.5,-0.1,270],[0.6,-0.1,270],[0.7,-0.1,270],[0.8,-0.1,270],[0.9,-0.1,270]],
"icon": [[0.38,0.03],[0.62,0.27]]
}
